2025-09-05 09:15:27 INFO  [background-preinit] o.h.validator.internal.util.Version [,] - HV000001: Hibernate Validator 8.0.2.Final
2025-09-05 09:15:27 DEBUG [background-preinit] o.h.v.i.x.config.ValidationXmlParser [,] - Trying to load META-INF/validation.xml for XML based Validator configuration.
2025-09-05 09:15:27 DEBUG [background-preinit] o.h.v.i.x.c.ResourceLoaderHelper [,] - Trying to load META-INF/validation.xml via TCCL
2025-09-05 09:15:27 DEBUG [background-preinit] o.h.v.i.x.c.ResourceLoaderHelper [,] - Trying to load META-INF/validation.xml via Hibernate Validator's class loader
2025-09-05 09:15:27 DEBUG [background-preinit] o.h.v.i.x.config.ValidationXmlParser [,] - No META-INF/validation.xml found. Using annotation based configuration only.
2025-09-05 09:15:27 DEBUG [background-preinit] o.h.v.i.e.r.TraversableResolvers [,] - Found jakarta.persistence.Persistence on classpath containing 'getPersistenceUtil'. Assuming JPA 2 environment. Trying to instantiate JPA aware TraversableResolver
2025-09-05 09:15:27 DEBUG [background-preinit] o.h.v.i.e.r.TraversableResolvers [,] - Instantiated JPA aware TraversableResolver of type org.hibernate.validator.internal.engine.resolver.JPATraversableResolver.
2025-09-05 09:15:27 DEBUG [background-preinit] o.h.v.m.ResourceBundleMessageInterpolator [,] - Loaded expression factory via original TCCL
2025-09-05 09:15:27 DEBUG [background-preinit] o.h.v.i.e.ValidatorFactoryConfigurationHelper [,] - HV000252: Using org.hibernate.validator.internal.engine.DefaultPropertyNodeNameProvider as property node name provider.
2025-09-05 09:15:27 DEBUG [background-preinit] o.h.v.i.e.ValidatorFactoryConfigurationHelper [,] - HV000234: Using org.hibernate.validator.messageinterpolation.ResourceBundleMessageInterpolator as ValidatorFactory-scoped message interpolator.
2025-09-05 09:15:27 DEBUG [background-preinit] o.h.v.i.e.ValidatorFactoryConfigurationHelper [,] - HV000234: Using org.hibernate.validator.internal.engine.resolver.JPATraversableResolver as ValidatorFactory-scoped traversable resolver.
2025-09-05 09:15:27 DEBUG [background-preinit] o.h.v.i.e.ValidatorFactoryConfigurationHelper [,] - HV000234: Using org.hibernate.validator.internal.util.ExecutableParameterNameProvider as ValidatorFactory-scoped parameter name provider.
2025-09-05 09:15:27 DEBUG [background-preinit] o.h.v.i.e.ValidatorFactoryConfigurationHelper [,] - HV000234: Using org.hibernate.validator.internal.engine.DefaultClockProvider as ValidatorFactory-scoped clock provider.
2025-09-05 09:15:27 DEBUG [background-preinit] o.h.v.i.e.ValidatorFactoryConfigurationHelper [,] - HV000234: Using org.hibernate.validator.internal.engine.scripting.DefaultScriptEvaluatorFactory as ValidatorFactory-scoped script evaluator factory.
2025-09-05 09:15:30 DEBUG [restartedMain] o.h.jpa.internal.util.LogHelper [,] - PersistenceUnitInfo [
	name: default
	persistence provider classname: null
	classloader: org.springframework.boot.devtools.restart.classloader.RestartClassLoader@6efdff23
	excludeUnlistedClasses: true
	JTA datasource: null
	Non JTA datasource: HikariDataSource (null)
	Transaction type: RESOURCE_LOCAL
	PU root URL: file:/home/phuc-khang/banking%20system/java-banking-phase2/backend/loan-service/target/classes/
	Shared Cache Mode: UNSPECIFIED
	Validation Mode: AUTO
	Jar files URLs []
	Managed classes names [
		com.example.loan_service.entity.Loan
		com.example.loan_service.entity.LoanRejectionReason
		com.example.loan_service.entity.Repayment]
	Mapping files names []
	Properties []
2025-09-05 09:15:30 DEBUG [restartedMain] o.h.i.internal.IntegratorServiceImpl [,] - Adding Integrator [org.hibernate.boot.beanvalidation.BeanValidationIntegrator].
2025-09-05 09:15:30 DEBUG [restartedMain] o.h.i.internal.IntegratorServiceImpl [,] - Adding Integrator [org.hibernate.cache.internal.CollectionCacheInvalidator].
2025-09-05 09:15:30 DEBUG [restartedMain] o.h.i.internal.IntegratorServiceImpl [,] - Adding Integrator [org.hibernate.envers.boot.internal.EnversIntegrator].
2025-09-05 09:15:30 INFO  [restartedMain] org.hibernate.Version [,] - HHH000412: Hibernate ORM core version 6.5.3.Final
2025-09-05 09:15:30 DEBUG [restartedMain] org.hibernate.cfg.Environment [,] - HHH000206: 'hibernate.properties' not found
2025-09-05 09:15:30 DEBUG [restartedMain] org.hibernate.orm.idgen.factory [,] - Registering IdentifierGenerator strategy [uuid2] -> [org.hibernate.id.UUIDGenerator]
2025-09-05 09:15:30 DEBUG [restartedMain] org.hibernate.orm.idgen.factory [,] - Registering IdentifierGenerator strategy [guid] -> [org.hibernate.id.GUIDGenerator]
2025-09-05 09:15:30 DEBUG [restartedMain] org.hibernate.orm.idgen.factory [,] - Registering IdentifierGenerator strategy [uuid] -> [org.hibernate.id.UUIDHexGenerator]
2025-09-05 09:15:30 DEBUG [restartedMain] org.hibernate.orm.idgen.factory [,] - Registering IdentifierGenerator strategy [uuid.hex] -> [org.hibernate.id.UUIDHexGenerator]
2025-09-05 09:15:30 DEBUG [restartedMain] org.hibernate.orm.idgen.factory [,] - Registering IdentifierGenerator strategy [assigned] -> [org.hibernate.id.Assigned]
2025-09-05 09:15:30 DEBUG [restartedMain] org.hibernate.orm.idgen.factory [,] - Registering IdentifierGenerator strategy [identity] -> [org.hibernate.id.IdentityGenerator]
2025-09-05 09:15:30 DEBUG [restartedMain] org.hibernate.orm.idgen.factory [,] - Registering IdentifierGenerator strategy [select] -> [org.hibernate.id.SelectGenerator]
2025-09-05 09:15:30 DEBUG [restartedMain] org.hibernate.orm.idgen.factory [,] - Registering IdentifierGenerator strategy [sequence] -> [org.hibernate.id.enhanced.SequenceStyleGenerator]
2025-09-05 09:15:30 DEBUG [restartedMain] org.hibernate.orm.idgen.factory [,] - Registering IdentifierGenerator strategy [increment] -> [org.hibernate.id.IncrementGenerator]
2025-09-05 09:15:30 DEBUG [restartedMain] org.hibernate.orm.idgen.factory [,] - Registering IdentifierGenerator strategy [foreign] -> [org.hibernate.id.ForeignGenerator]
2025-09-05 09:15:30 DEBUG [restartedMain] org.hibernate.orm.idgen.factory [,] - Registering IdentifierGenerator strategy [enhanced-sequence] -> [org.hibernate.id.enhanced.SequenceStyleGenerator]
2025-09-05 09:15:30 DEBUG [restartedMain] org.hibernate.orm.idgen.factory [,] - Registering IdentifierGenerator strategy [enhanced-table] -> [org.hibernate.id.enhanced.TableGenerator]
2025-09-05 09:15:30 DEBUG [restartedMain] o.h.c.i.RegionFactoryInitiator [,] - Cannot default RegionFactory based on registered strategies as `[]` RegionFactory strategies were registered
2025-09-05 09:15:30 INFO  [restartedMain] o.h.c.i.RegionFactoryInitiator [,] - HHH000026: Second-level cache disabled
2025-09-05 09:15:30 DEBUG [restartedMain] o.hibernate.type.BasicTypeRegistry [,] - Adding type registration boolean -> org.hibernate.type.BasicTypeReference@21a805ae
2025-09-05 09:15:30 DEBUG [restartedMain] o.hibernate.type.BasicTypeRegistry [,] - Adding type registration boolean -> org.hibernate.type.BasicTypeReference@21a805ae
2025-09-05 09:15:30 DEBUG [restartedMain] o.hibernate.type.BasicTypeRegistry [,] - Adding type registration java.lang.Boolean -> org.hibernate.type.BasicTypeReference@21a805ae
2025-09-05 09:15:30 DEBUG [restartedMain] o.hibernate.type.BasicTypeRegistry [,] - Adding type registration numeric_boolean -> org.hibernate.type.BasicTypeReference@662c70fc
2025-09-05 09:15:30 DEBUG [restartedMain] o.hibernate.type.BasicTypeRegistry [,] - Adding type registration org.hibernate.type.NumericBooleanConverter -> org.hibernate.type.BasicTypeReference@662c70fc
2025-09-05 09:15:30 DEBUG [restartedMain] o.hibernate.type.BasicTypeRegistry [,] - Adding type registration true_false -> org.hibernate.type.BasicTypeReference@26576b07
2025-09-05 09:15:30 DEBUG [restartedMain] o.hibernate.type.BasicTypeRegistry [,] - Adding type registration org.hibernate.type.TrueFalseConverter -> org.hibernate.type.BasicTypeReference@26576b07
2025-09-05 09:15:30 DEBUG [restartedMain] o.hibernate.type.BasicTypeRegistry [,] - Adding type registration yes_no -> org.hibernate.type.BasicTypeReference@e460a9a
2025-09-05 09:15:30 DEBUG [restartedMain] o.hibernate.type.BasicTypeRegistry [,] - Adding type registration org.hibernate.type.YesNoConverter -> org.hibernate.type.BasicTypeReference@e460a9a
2025-09-05 09:15:30 DEBUG [restartedMain] o.hibernate.type.BasicTypeRegistry [,] - Adding type registration byte -> org.hibernate.type.BasicTypeReference@6fa2fb89
2025-09-05 09:15:30 DEBUG [restartedMain] o.hibernate.type.BasicTypeRegistry [,] - Adding type registration byte -> org.hibernate.type.BasicTypeReference@6fa2fb89
2025-09-05 09:15:30 DEBUG [restartedMain] o.hibernate.type.BasicTypeRegistry [,] - Adding type registration java.lang.Byte -> org.hibernate.type.BasicTypeReference@6fa2fb89
2025-09-05 09:15:30 DEBUG [restartedMain] o.hibernate.type.BasicTypeRegistry [,] - Adding type registration binary -> org.hibernate.type.BasicTypeReference@6a8ccd11
2025-09-05 09:15:30 DEBUG [restartedMain] o.hibernate.type.BasicTypeRegistry [,] - Adding type registration byte[] -> org.hibernate.type.BasicTypeReference@6a8ccd11
2025-09-05 09:15:30 DEBUG [restartedMain] o.hibernate.type.BasicTypeRegistry [,] - Adding type registration [B -> org.hibernate.type.BasicTypeReference@6a8ccd11
2025-09-05 09:15:30 DEBUG [restartedMain] o.hibernate.type.BasicTypeRegistry [,] - Adding type registration binary_wrapper -> org.hibernate.type.BasicTypeReference@779e8c14
2025-09-05 09:15:30 DEBUG [restartedMain] o.hibernate.type.BasicTypeRegistry [,] - Adding type registration wrapper-binary -> org.hibernate.type.BasicTypeReference@779e8c14
2025-09-05 09:15:30 DEBUG [restartedMain] o.hibernate.type.BasicTypeRegistry [,] - Adding type registration image -> org.hibernate.type.BasicTypeReference@49b25aa7
2025-09-05 09:15:30 DEBUG [restartedMain] o.hibernate.type.BasicTypeRegistry [,] - Adding type registration blob -> org.hibernate.type.BasicTypeReference@31b48eab
2025-09-05 09:15:30 DEBUG [restartedMain] o.hibernate.type.BasicTypeRegistry [,] - Adding type registration java.sql.Blob -> org.hibernate.type.BasicTypeReference@31b48eab
2025-09-05 09:15:30 DEBUG [restartedMain] o.hibernate.type.BasicTypeRegistry [,] - Adding type registration materialized_blob -> org.hibernate.type.BasicTypeReference@3ddc39c9
2025-09-05 09:15:30 DEBUG [restartedMain] o.hibernate.type.BasicTypeRegistry [,] - Adding type registration materialized_blob_wrapper -> org.hibernate.type.BasicTypeReference@3e21ec4a
2025-09-05 09:15:30 DEBUG [restartedMain] o.hibernate.type.BasicTypeRegistry [,] - Adding type registration short -> org.hibernate.type.BasicTypeReference@651dee4b
2025-09-05 09:15:30 DEBUG [restartedMain] o.hibernate.type.BasicTypeRegistry [,] - Adding type registration short -> org.hibernate.type.BasicTypeReference@651dee4b
2025-09-05 09:15:30 DEBUG [restartedMain] o.hibernate.type.BasicTypeRegistry [,] - Adding type registration java.lang.Short -> org.hibernate.type.BasicTypeReference@651dee4b
2025-09-05 09:15:30 DEBUG [restartedMain] o.hibernate.type.BasicTypeRegistry [,] - Adding type registration integer -> org.hibernate.type.BasicTypeReference@70c9f595
2025-09-05 09:15:30 DEBUG [restartedMain] o.hibernate.type.BasicTypeRegistry [,] - Adding type registration int -> org.hibernate.type.BasicTypeReference@70c9f595
2025-09-05 09:15:30 DEBUG [restartedMain] o.hibernate.type.BasicTypeRegistry [,] - Adding type registration java.lang.Integer -> org.hibernate.type.BasicTypeReference@70c9f595
2025-09-05 09:15:30 DEBUG [restartedMain] o.hibernate.type.BasicTypeRegistry [,] - Adding type registration long -> org.hibernate.type.BasicTypeReference@2c079834
2025-09-05 09:15:30 DEBUG [restartedMain] o.hibernate.type.BasicTypeRegistry [,] - Adding type registration long -> org.hibernate.type.BasicTypeReference@2c079834
2025-09-05 09:15:30 DEBUG [restartedMain] o.hibernate.type.BasicTypeRegistry [,] - Adding type registration java.lang.Long -> org.hibernate.type.BasicTypeReference@2c079834
2025-09-05 09:15:30 DEBUG [restartedMain] o.hibernate.type.BasicTypeRegistry [,] - Adding type registration float -> org.hibernate.type.BasicTypeReference@1d757242
2025-09-05 09:15:30 DEBUG [restartedMain] o.hibernate.type.BasicTypeRegistry [,] - Adding type registration float -> org.hibernate.type.BasicTypeReference@1d757242
2025-09-05 09:15:30 DEBUG [restartedMain] o.hibernate.type.BasicTypeRegistry [,] - Adding type registration java.lang.Float -> org.hibernate.type.BasicTypeReference@1d757242
2025-09-05 09:15:30 DEBUG [restartedMain] o.hibernate.type.BasicTypeRegistry [,] - Adding type registration double -> org.hibernate.type.BasicTypeReference@1790b811
2025-09-05 09:15:30 DEBUG [restartedMain] o.hibernate.type.BasicTypeRegistry [,] - Adding type registration double -> org.hibernate.type.BasicTypeReference@1790b811
2025-09-05 09:15:30 DEBUG [restartedMain] o.hibernate.type.BasicTypeRegistry [,] - Adding type registration java.lang.Double -> org.hibernate.type.BasicTypeReference@1790b811
2025-09-05 09:15:30 DEBUG [restartedMain] o.hibernate.type.BasicTypeRegistry [,] - Adding type registration big_integer -> org.hibernate.type.BasicTypeReference@28ca822b
2025-09-05 09:15:30 DEBUG [restartedMain] o.hibernate.type.BasicTypeRegistry [,] - Adding type registration java.math.BigInteger -> org.hibernate.type.BasicTypeReference@28ca822b
2025-09-05 09:15:30 DEBUG [restartedMain] o.hibernate.type.BasicTypeRegistry [,] - Adding type registration big_decimal -> org.hibernate.type.BasicTypeReference@389c793e
2025-09-05 09:15:30 DEBUG [restartedMain] o.hibernate.type.BasicTypeRegistry [,] - Adding type registration java.math.BigDecimal -> org.hibernate.type.BasicTypeReference@389c793e
2025-09-05 09:15:30 DEBUG [restartedMain] o.hibernate.type.BasicTypeRegistry [,] - Adding type registration character -> org.hibernate.type.BasicTypeReference@e4deb0d
2025-09-05 09:15:30 DEBUG [restartedMain] o.hibernate.type.BasicTypeRegistry [,] - Adding type registration char -> org.hibernate.type.BasicTypeReference@e4deb0d
2025-09-05 09:15:30 DEBUG [restartedMain] o.hibernate.type.BasicTypeRegistry [,] - Adding type registration java.lang.Character -> org.hibernate.type.BasicTypeReference@e4deb0d
2025-09-05 09:15:30 DEBUG [restartedMain] o.hibernate.type.BasicTypeRegistry [,] - Adding type registration character_nchar -> org.hibernate.type.BasicTypeReference@1c8f9ae5
2025-09-05 09:15:30 DEBUG [restartedMain] o.hibernate.type.BasicTypeRegistry [,] - Adding type registration string -> org.hibernate.type.BasicTypeReference@60289885
2025-09-05 09:15:30 DEBUG [restartedMain] o.hibernate.type.BasicTypeRegistry [,] - Adding type registration java.lang.String -> org.hibernate.type.BasicTypeReference@60289885
2025-09-05 09:15:30 DEBUG [restartedMain] o.hibernate.type.BasicTypeRegistry [,] - Adding type registration nstring -> org.hibernate.type.BasicTypeReference@3b264837
2025-09-05 09:15:30 DEBUG [restartedMain] o.hibernate.type.BasicTypeRegistry [,] - Adding type registration characters -> org.hibernate.type.BasicTypeReference@5ad2d9dd
2025-09-05 09:15:30 DEBUG [restartedMain] o.hibernate.type.BasicTypeRegistry [,] - Adding type registration char[] -> org.hibernate.type.BasicTypeReference@5ad2d9dd
2025-09-05 09:15:30 DEBUG [restartedMain] o.hibernate.type.BasicTypeRegistry [,] - Adding type registration [C -> org.hibernate.type.BasicTypeReference@5ad2d9dd
2025-09-05 09:15:30 DEBUG [restartedMain] o.hibernate.type.BasicTypeRegistry [,] - Adding type registration wrapper-characters -> org.hibernate.type.BasicTypeReference@3aea28d0
2025-09-05 09:15:30 DEBUG [restartedMain] o.hibernate.type.BasicTypeRegistry [,] - Adding type registration text -> org.hibernate.type.BasicTypeReference@1e2263b8
2025-09-05 09:15:30 DEBUG [restartedMain] o.hibernate.type.BasicTypeRegistry [,] - Adding type registration ntext -> org.hibernate.type.BasicTypeReference@174ce7bb
2025-09-05 09:15:30 DEBUG [restartedMain] o.hibernate.type.BasicTypeRegistry [,] - Adding type registration clob -> org.hibernate.type.BasicTypeReference@5b1cd8be
2025-09-05 09:15:30 DEBUG [restartedMain] o.hibernate.type.BasicTypeRegistry [,] - Adding type registration java.sql.Clob -> org.hibernate.type.BasicTypeReference@5b1cd8be
2025-09-05 09:15:30 DEBUG [restartedMain] o.hibernate.type.BasicTypeRegistry [,] - Adding type registration nclob -> org.hibernate.type.BasicTypeReference@305bc7a5
2025-09-05 09:15:30 DEBUG [restartedMain] o.hibernate.type.BasicTypeRegistry [,] - Adding type registration java.sql.NClob -> org.hibernate.type.BasicTypeReference@305bc7a5
2025-09-05 09:15:30 DEBUG [restartedMain] o.hibernate.type.BasicTypeRegistry [,] - Adding type registration materialized_clob -> org.hibernate.type.BasicTypeReference@3de95db5
2025-09-05 09:15:30 DEBUG [restartedMain] o.hibernate.type.BasicTypeRegistry [,] - Adding type registration materialized_clob_char_array -> org.hibernate.type.BasicTypeReference@4d68048c
2025-09-05 09:15:30 DEBUG [restartedMain] o.hibernate.type.BasicTypeRegistry [,] - Adding type registration materialized_clob_character_array -> org.hibernate.type.BasicTypeReference@708cfcb7
2025-09-05 09:15:30 DEBUG [restartedMain] o.hibernate.type.BasicTypeRegistry [,] - Adding type registration materialized_nclob -> org.hibernate.type.BasicTypeReference@1e047bec
2025-09-05 09:15:30 DEBUG [restartedMain] o.hibernate.type.BasicTypeRegistry [,] - Adding type registration materialized_nclob_character_array -> org.hibernate.type.BasicTypeReference@69f7996c
2025-09-05 09:15:30 DEBUG [restartedMain] o.hibernate.type.BasicTypeRegistry [,] - Adding type registration materialized_nclob_char_array -> org.hibernate.type.BasicTypeReference@64b6bcba
2025-09-05 09:15:30 DEBUG [restartedMain] o.hibernate.type.BasicTypeRegistry [,] - Adding type registration Duration -> org.hibernate.type.BasicTypeReference@73c89ddf
2025-09-05 09:15:30 DEBUG [restartedMain] o.hibernate.type.BasicTypeRegistry [,] - Adding type registration java.time.Duration -> org.hibernate.type.BasicTypeReference@73c89ddf
2025-09-05 09:15:30 DEBUG [restartedMain] o.hibernate.type.BasicTypeRegistry [,] - Adding type registration LocalDateTime -> org.hibernate.type.BasicTypeReference@4eae5351
2025-09-05 09:15:30 DEBUG [restartedMain] o.hibernate.type.BasicTypeRegistry [,] - Adding type registration java.time.LocalDateTime -> org.hibernate.type.BasicTypeReference@4eae5351
2025-09-05 09:15:30 DEBUG [restartedMain] o.hibernate.type.BasicTypeRegistry [,] - Adding type registration LocalDate -> org.hibernate.type.BasicTypeReference@1b478f11
2025-09-05 09:15:30 DEBUG [restartedMain] o.hibernate.type.BasicTypeRegistry [,] - Adding type registration java.time.LocalDate -> org.hibernate.type.BasicTypeReference@1b478f11
2025-09-05 09:15:30 DEBUG [restartedMain] o.hibernate.type.BasicTypeRegistry [,] - Adding type registration LocalTime -> org.hibernate.type.BasicTypeReference@4ac5b3af
2025-09-05 09:15:30 DEBUG [restartedMain] o.hibernate.type.BasicTypeRegistry [,] - Adding type registration java.time.LocalTime -> org.hibernate.type.BasicTypeReference@4ac5b3af
2025-09-05 09:15:30 DEBUG [restartedMain] o.hibernate.type.BasicTypeRegistry [,] - Adding type registration OffsetDateTime -> org.hibernate.type.BasicTypeReference@7dd4e94d
2025-09-05 09:15:30 DEBUG [restartedMain] o.hibernate.type.BasicTypeRegistry [,] - Adding type registration java.time.OffsetDateTime -> org.hibernate.type.BasicTypeReference@7dd4e94d
2025-09-05 09:15:30 DEBUG [restartedMain] o.hibernate.type.BasicTypeRegistry [,] - Adding type registration OffsetDateTimeWithTimezone -> org.hibernate.type.BasicTypeReference@415c197d
2025-09-05 09:15:30 DEBUG [restartedMain] o.hibernate.type.BasicTypeRegistry [,] - Adding type registration OffsetDateTimeWithoutTimezone -> org.hibernate.type.BasicTypeReference@66442940
2025-09-05 09:15:30 DEBUG [restartedMain] o.hibernate.type.BasicTypeRegistry [,] - Adding type registration OffsetTime -> org.hibernate.type.BasicTypeReference@1fbb6ec
2025-09-05 09:15:30 DEBUG [restartedMain] o.hibernate.type.BasicTypeRegistry [,] - Adding type registration java.time.OffsetTime -> org.hibernate.type.BasicTypeReference@1fbb6ec
2025-09-05 09:15:30 DEBUG [restartedMain] o.hibernate.type.BasicTypeRegistry [,] - Adding type registration OffsetTimeUtc -> org.hibernate.type.BasicTypeReference@5b3fb91f
2025-09-05 09:15:30 DEBUG [restartedMain] o.hibernate.type.BasicTypeRegistry [,] - Adding type registration OffsetTimeWithTimezone -> org.hibernate.type.BasicTypeReference@7a09c4f4
2025-09-05 09:15:30 DEBUG [restartedMain] o.hibernate.type.BasicTypeRegistry [,] - Adding type registration OffsetTimeWithoutTimezone -> org.hibernate.type.BasicTypeReference@3d40ecdc
2025-09-05 09:15:30 DEBUG [restartedMain] o.hibernate.type.BasicTypeRegistry [,] - Adding type registration ZonedDateTime -> org.hibernate.type.BasicTypeReference@6150714e
2025-09-05 09:15:30 DEBUG [restartedMain] o.hibernate.type.BasicTypeRegistry [,] - Adding type registration java.time.ZonedDateTime -> org.hibernate.type.BasicTypeReference@6150714e
2025-09-05 09:15:30 DEBUG [restartedMain] o.hibernate.type.BasicTypeRegistry [,] - Adding type registration ZonedDateTimeWithTimezone -> org.hibernate.type.BasicTypeReference@4781cb3a
2025-09-05 09:15:30 DEBUG [restartedMain] o.hibernate.type.BasicTypeRegistry [,] - Adding type registration ZonedDateTimeWithoutTimezone -> org.hibernate.type.BasicTypeReference@739b895a
2025-09-05 09:15:30 DEBUG [restartedMain] o.hibernate.type.BasicTypeRegistry [,] - Adding type registration date -> org.hibernate.type.BasicTypeReference@4987adf9
2025-09-05 09:15:30 DEBUG [restartedMain] o.hibernate.type.BasicTypeRegistry [,] - Adding type registration java.sql.Date -> org.hibernate.type.BasicTypeReference@4987adf9
2025-09-05 09:15:30 DEBUG [restartedMain] o.hibernate.type.BasicTypeRegistry [,] - Adding type registration time -> org.hibernate.type.BasicTypeReference@2bbf7f86
2025-09-05 09:15:30 DEBUG [restartedMain] o.hibernate.type.BasicTypeRegistry [,] - Adding type registration java.sql.Time -> org.hibernate.type.BasicTypeReference@2bbf7f86
2025-09-05 09:15:30 DEBUG [restartedMain] o.hibernate.type.BasicTypeRegistry [,] - Adding type registration timestamp -> org.hibernate.type.BasicTypeReference@622ea9d0
2025-09-05 09:15:30 DEBUG [restartedMain] o.hibernate.type.BasicTypeRegistry [,] - Adding type registration java.sql.Timestamp -> org.hibernate.type.BasicTypeReference@622ea9d0
2025-09-05 09:15:30 DEBUG [restartedMain] o.hibernate.type.BasicTypeRegistry [,] - Adding type registration java.util.Date -> org.hibernate.type.BasicTypeReference@622ea9d0
2025-09-05 09:15:30 DEBUG [restartedMain] o.hibernate.type.BasicTypeRegistry [,] - Adding type registration calendar -> org.hibernate.type.BasicTypeReference@4d503d96
2025-09-05 09:15:30 DEBUG [restartedMain] o.hibernate.type.BasicTypeRegistry [,] - Adding type registration java.util.Calendar -> org.hibernate.type.BasicTypeReference@4d503d96
2025-09-05 09:15:30 DEBUG [restartedMain] o.hibernate.type.BasicTypeRegistry [,] - Adding type registration java.util.GregorianCalendar -> org.hibernate.type.BasicTypeReference@4d503d96
2025-09-05 09:15:30 DEBUG [restartedMain] o.hibernate.type.BasicTypeRegistry [,] - Adding type registration calendar_date -> org.hibernate.type.BasicTypeReference@39ccb9a0
2025-09-05 09:15:30 DEBUG [restartedMain] o.hibernate.type.BasicTypeRegistry [,] - Adding type registration calendar_time -> org.hibernate.type.BasicTypeReference@69dfb250
2025-09-05 09:15:30 DEBUG [restartedMain] o.hibernate.type.BasicTypeRegistry [,] - Adding type registration instant -> org.hibernate.type.BasicTypeReference@7e28f692
2025-09-05 09:15:30 DEBUG [restartedMain] o.hibernate.type.BasicTypeRegistry [,] - Adding type registration java.time.Instant -> org.hibernate.type.BasicTypeReference@7e28f692
2025-09-05 09:15:30 DEBUG [restartedMain] o.hibernate.type.BasicTypeRegistry [,] - Adding type registration uuid -> org.hibernate.type.BasicTypeReference@3258d84c
2025-09-05 09:15:30 DEBUG [restartedMain] o.hibernate.type.BasicTypeRegistry [,] - Adding type registration java.util.UUID -> org.hibernate.type.BasicTypeReference@3258d84c
2025-09-05 09:15:30 DEBUG [restartedMain] o.hibernate.type.BasicTypeRegistry [,] - Adding type registration pg-uuid -> org.hibernate.type.BasicTypeReference@3258d84c
2025-09-05 09:15:30 DEBUG [restartedMain] o.hibernate.type.BasicTypeRegistry [,] - Adding type registration uuid-binary -> org.hibernate.type.BasicTypeReference@6e05661e
2025-09-05 09:15:30 DEBUG [restartedMain] o.hibernate.type.BasicTypeRegistry [,] - Adding type registration uuid-char -> org.hibernate.type.BasicTypeReference@7adc14bc
2025-09-05 09:15:30 DEBUG [restartedMain] o.hibernate.type.BasicTypeRegistry [,] - Adding type registration class -> org.hibernate.type.BasicTypeReference@43f9f113
2025-09-05 09:15:30 DEBUG [restartedMain] o.hibernate.type.BasicTypeRegistry [,] - Adding type registration java.lang.Class -> org.hibernate.type.BasicTypeReference@43f9f113
2025-09-05 09:15:30 DEBUG [restartedMain] o.hibernate.type.BasicTypeRegistry [,] - Adding type registration currency -> org.hibernate.type.BasicTypeReference@3797db98
2025-09-05 09:15:30 DEBUG [restartedMain] o.hibernate.type.BasicTypeRegistry [,] - Adding type registration Currency -> org.hibernate.type.BasicTypeReference@3797db98
2025-09-05 09:15:30 DEBUG [restartedMain] o.hibernate.type.BasicTypeRegistry [,] - Adding type registration java.util.Currency -> org.hibernate.type.BasicTypeReference@3797db98
2025-09-05 09:15:30 DEBUG [restartedMain] o.hibernate.type.BasicTypeRegistry [,] - Adding type registration locale -> org.hibernate.type.BasicTypeReference@72e76ee2
2025-09-05 09:15:30 DEBUG [restartedMain] o.hibernate.type.BasicTypeRegistry [,] - Adding type registration java.util.Locale -> org.hibernate.type.BasicTypeReference@72e76ee2
2025-09-05 09:15:30 DEBUG [restartedMain] o.hibernate.type.BasicTypeRegistry [,] - Adding type registration serializable -> org.hibernate.type.BasicTypeReference@6884fdf6
2025-09-05 09:15:30 DEBUG [restartedMain] o.hibernate.type.BasicTypeRegistry [,] - Adding type registration java.io.Serializable -> org.hibernate.type.BasicTypeReference@6884fdf6
2025-09-05 09:15:30 DEBUG [restartedMain] o.hibernate.type.BasicTypeRegistry [,] - Adding type registration timezone -> org.hibernate.type.BasicTypeReference@6479f89c
2025-09-05 09:15:30 DEBUG [restartedMain] o.hibernate.type.BasicTypeRegistry [,] - Adding type registration java.util.TimeZone -> org.hibernate.type.BasicTypeReference@6479f89c
2025-09-05 09:15:30 DEBUG [restartedMain] o.hibernate.type.BasicTypeRegistry [,] - Adding type registration ZoneOffset -> org.hibernate.type.BasicTypeReference@6d3ba490
2025-09-05 09:15:30 DEBUG [restartedMain] o.hibernate.type.BasicTypeRegistry [,] - Adding type registration java.time.ZoneOffset -> org.hibernate.type.BasicTypeReference@6d3ba490
2025-09-05 09:15:30 DEBUG [restartedMain] o.hibernate.type.BasicTypeRegistry [,] - Adding type registration url -> org.hibernate.type.BasicTypeReference@246247ab
2025-09-05 09:15:30 DEBUG [restartedMain] o.hibernate.type.BasicTypeRegistry [,] - Adding type registration java.net.URL -> org.hibernate.type.BasicTypeReference@246247ab
2025-09-05 09:15:30 DEBUG [restartedMain] o.hibernate.type.BasicTypeRegistry [,] - Adding type registration vector -> org.hibernate.type.BasicTypeReference@6bc6759c
2025-09-05 09:15:30 DEBUG [restartedMain] o.hibernate.type.BasicTypeRegistry [,] - Adding type registration row_version -> org.hibernate.type.BasicTypeReference@40d0dd60
2025-09-05 09:15:30 DEBUG [restartedMain] o.hibernate.type.BasicTypeRegistry [,] - Adding type registration object -> org.hibernate.type.JavaObjectType@5009137f
2025-09-05 09:15:30 DEBUG [restartedMain] o.hibernate.type.BasicTypeRegistry [,] - Adding type registration java.lang.Object -> org.hibernate.type.JavaObjectType@5009137f
2025-09-05 09:15:30 DEBUG [restartedMain] o.hibernate.type.BasicTypeRegistry [,] - Adding type registration null -> org.hibernate.type.NullType@d8856b1
2025-09-05 09:15:30 DEBUG [restartedMain] o.hibernate.type.BasicTypeRegistry [,] - Adding type registration imm_date -> org.hibernate.type.BasicTypeReference@6e1c0e67
2025-09-05 09:15:30 DEBUG [restartedMain] o.hibernate.type.BasicTypeRegistry [,] - Adding type registration imm_time -> org.hibernate.type.BasicTypeReference@760a6592
2025-09-05 09:15:30 DEBUG [restartedMain] o.hibernate.type.BasicTypeRegistry [,] - Adding type registration imm_timestamp -> org.hibernate.type.BasicTypeReference@1da445fe
2025-09-05 09:15:30 DEBUG [restartedMain] o.hibernate.type.BasicTypeRegistry [,] - Adding type registration imm_calendar -> org.hibernate.type.BasicTypeReference@5256b525
2025-09-05 09:15:30 DEBUG [restartedMain] o.hibernate.type.BasicTypeRegistry [,] - Adding type registration imm_calendar_date -> org.hibernate.type.BasicTypeReference@5c37e63e
2025-09-05 09:15:30 DEBUG [restartedMain] o.hibernate.type.BasicTypeRegistry [,] - Adding type registration imm_calendar_time -> org.hibernate.type.BasicTypeReference@79b43edf
2025-09-05 09:15:30 DEBUG [restartedMain] o.hibernate.type.BasicTypeRegistry [,] - Adding type registration imm_binary -> org.hibernate.type.BasicTypeReference@46801fa2
2025-09-05 09:15:30 DEBUG [restartedMain] o.hibernate.type.BasicTypeRegistry [,] - Adding type registration imm_serializable -> org.hibernate.type.BasicTypeReference@219875ca
2025-09-05 09:15:30 DEBUG [restartedMain] o.h.b.internal.BootstrapContextImpl [,] - Injecting JPA temp ClassLoader [org.springframework.instrument.classloading.SimpleThrowawayClassLoader@15b21c] into BootstrapContext; was [null]
2025-09-05 09:15:30 DEBUG [restartedMain] o.h.b.internal.ClassLoaderAccessImpl [,] - ClassLoaderAccessImpl#injectTempClassLoader(org.springframework.instrument.classloading.SimpleThrowawayClassLoader@15b21c) [was null]
2025-09-05 09:15:30 DEBUG [restartedMain] o.h.b.internal.BootstrapContextImpl [,] - Injecting ScanEnvironment [org.hibernate.jpa.boot.internal.StandardJpaScanEnvironmentImpl@63ed3ff7] into BootstrapContext; was [null]
2025-09-05 09:15:30 DEBUG [restartedMain] o.h.b.internal.BootstrapContextImpl [,] - Injecting ScanOptions [org.hibernate.boot.archive.scan.internal.StandardScanOptions@5727a474] into BootstrapContext; was [org.hibernate.boot.archive.scan.internal.StandardScanOptions@a958ff7]
2025-09-05 09:15:30 INFO  [restartedMain] o.h.e.b.internal.EnversServiceImpl [,] - Envers integration enabled? : true
2025-09-05 09:15:30 DEBUG [restartedMain] o.h.b.internal.BootstrapContextImpl [,] - Injecting JPA temp ClassLoader [null] into BootstrapContext; was [org.springframework.instrument.classloading.SimpleThrowawayClassLoader@15b21c]
2025-09-05 09:15:30 DEBUG [restartedMain] o.h.b.internal.ClassLoaderAccessImpl [,] - ClassLoaderAccessImpl#injectTempClassLoader(null) [was org.springframework.instrument.classloading.SimpleThrowawayClassLoader@15b21c]
2025-09-05 09:15:30 DEBUG [restartedMain] o.h.e.j.e.i.JdbcEnvironmentInitiator [,] - Database ->
	   name : MySQL
	version : 8.0.43-0ubuntu0.24.04.1
	  major : 8
	  minor : 0
2025-09-05 09:15:30 DEBUG [restartedMain] o.h.e.j.e.i.JdbcEnvironmentInitiator [,] - Driver ->
	   name : MySQL Connector/J
	version : mysql-connector-j-8.3.0 (Revision: 805f872a57875f311cb82487efcfb070411a3fa0)
	  major : 8
	  minor : 3
2025-09-05 09:15:30 DEBUG [restartedMain] o.h.e.j.e.i.JdbcEnvironmentInitiator [,] - JDBC version : 4.2
2025-09-05 09:15:30 WARN  [restartedMain] org.hibernate.orm.deprecation [,] - HHH90000025: MySQLDialect does not need to be specified explicitly using 'hibernate.dialect' (remove the property setting and it will be selected by default)
2025-09-05 09:15:30 DEBUG [restartedMain] org.hibernate.orm.dialect [,] - HHH035001: Using dialect: org.hibernate.dialect.MySQLDialect, version: 8.0.43
2025-09-05 09:15:30 DEBUG [restartedMain] o.h.e.j.e.s.IdentifierHelperBuilder [,] - JDBC driver metadata reported database stores quoted identifiers in more than one case
2025-09-05 09:15:30 DEBUG [restartedMain] o.h.e.j.e.s.IdentifierHelperBuilder [,] - IdentifierCaseStrategy for both quoted and unquoted identifiers was set to the same strategy [MIXED]; that will likely lead to problems in schema update and validation if using quoted identifiers
2025-09-05 09:15:30 DEBUG [restartedMain] o.h.t.d.sql.spi.DdlTypeRegistry [,] - addDescriptor(12, org.hibernate.type.descriptor.sql.internal.CapacityDependentDdlType@6951b3d8) replaced previous registration(org.hibernate.type.descriptor.sql.internal.CapacityDependentDdlType@573736bd)
2025-09-05 09:15:30 DEBUG [restartedMain] o.h.t.d.sql.spi.DdlTypeRegistry [,] - addDescriptor(-9, org.hibernate.type.descriptor.sql.internal.CapacityDependentDdlType@654537b0) replaced previous registration(org.hibernate.type.descriptor.sql.internal.CapacityDependentDdlType@7ae63012)
2025-09-05 09:15:30 DEBUG [restartedMain] o.h.t.d.sql.spi.DdlTypeRegistry [,] - addDescriptor(-3, org.hibernate.type.descriptor.sql.internal.CapacityDependentDdlType@1e4d93e5) replaced previous registration(org.hibernate.type.descriptor.sql.internal.CapacityDependentDdlType@7021dc4f)
2025-09-05 09:15:30 DEBUG [restartedMain] o.h.t.d.sql.spi.DdlTypeRegistry [,] - addDescriptor(4003, org.hibernate.type.descriptor.sql.internal.DdlTypeImpl@3c159d4c) replaced previous registration(org.hibernate.type.descriptor.sql.internal.DdlTypeImpl@77b84c7c)
2025-09-05 09:15:30 DEBUG [restartedMain] o.h.t.d.sql.spi.DdlTypeRegistry [,] - addDescriptor(4001, org.hibernate.type.descriptor.sql.internal.DdlTypeImpl@5982bd5) replaced previous registration(org.hibernate.type.descriptor.sql.internal.DdlTypeImpl@7b255c8d)
2025-09-05 09:15:30 DEBUG [restartedMain] o.h.t.d.sql.spi.DdlTypeRegistry [,] - addDescriptor(4002, org.hibernate.type.descriptor.sql.internal.DdlTypeImpl@6bca4158) replaced previous registration(org.hibernate.type.descriptor.sql.internal.DdlTypeImpl@5ea42bf1)
2025-09-05 09:15:30 DEBUG [restartedMain] o.h.t.d.sql.spi.DdlTypeRegistry [,] - addDescriptor(2004, org.hibernate.type.descriptor.sql.internal.CapacityDependentDdlType@1a266573) replaced previous registration(org.hibernate.type.descriptor.sql.internal.DdlTypeImpl@4b36938e)
2025-09-05 09:15:30 DEBUG [restartedMain] o.h.t.d.sql.spi.DdlTypeRegistry [,] - addDescriptor(2005, org.hibernate.type.descriptor.sql.internal.CapacityDependentDdlType@724fcb31) replaced previous registration(org.hibernate.type.descriptor.sql.internal.DdlTypeImpl@dcb9d2a)
2025-09-05 09:15:30 DEBUG [restartedMain] o.h.t.d.sql.spi.DdlTypeRegistry [,] - addDescriptor(2011, org.hibernate.type.descriptor.sql.internal.CapacityDependentDdlType@24ef6c1d) replaced previous registration(org.hibernate.type.descriptor.sql.internal.DdlTypeImpl@5b3a21ed)
2025-09-05 09:15:30 DEBUG [restartedMain] o.h.t.d.jdbc.spi.JdbcTypeRegistry [,] - addDescriptor(NCharTypeDescriptor) replaced previous registration(CharTypeDescriptor)
2025-09-05 09:15:30 DEBUG [restartedMain] o.h.t.d.jdbc.spi.JdbcTypeRegistry [,] - addDescriptor(NVarcharTypeDescriptor) replaced previous registration(VarcharTypeDescriptor)
2025-09-05 09:15:30 DEBUG [restartedMain] o.h.t.d.jdbc.spi.JdbcTypeRegistry [,] - addDescriptor(LongNVarcharTypeDescriptor) replaced previous registration(LongVarcharTypeDescriptor)
2025-09-05 09:15:30 DEBUG [restartedMain] o.h.t.d.jdbc.spi.JdbcTypeRegistry [,] - addDescriptor(NClobTypeDescriptor(DEFAULT)) replaced previous registration(ClobTypeDescriptor(DEFAULT))
2025-09-05 09:15:30 DEBUG [restartedMain] o.h.t.d.jdbc.spi.JdbcTypeRegistry [,] - addDescriptor(2005, ClobTypeDescriptor(STREAM_BINDING)) replaced previous registration(ClobTypeDescriptor(DEFAULT))
2025-09-05 09:15:30 DEBUG [restartedMain] o.hibernate.type.BasicTypeRegistry [,] - Adding type registration null -> org.hibernate.type.NullType@5864495b
2025-09-05 09:15:30 DEBUG [restartedMain] o.hibernate.type.BasicTypeRegistry [,] - Type registration key [null] overrode previous entry : `org.hibernate.type.NullType@d8856b1`
2025-09-05 09:15:31 DEBUG [restartedMain] o.hibernate.type.BasicTypeRegistry [,] - Adding type registration org.hibernate.envers.internal.entities.RevisionTypeType -> org.hibernate.type.CustomType@2bec7f72
2025-09-05 09:15:31 DEBUG [restartedMain] o.hibernate.type.BasicTypeRegistry [,] - Adding type registration org.hibernate.type.DurationType -> basicType@1(java.time.Duration,3015)
2025-09-05 09:15:31 DEBUG [restartedMain] o.hibernate.type.BasicTypeRegistry [,] - Adding type registration Duration -> basicType@1(java.time.Duration,3015)
2025-09-05 09:15:31 DEBUG [restartedMain] o.hibernate.type.BasicTypeRegistry [,] - Adding type registration java.time.Duration -> basicType@1(java.time.Duration,3015)
2025-09-05 09:15:31 DEBUG [restartedMain] o.hibernate.type.BasicTypeRegistry [,] - Adding type registration org.hibernate.envers.internal.entities.RevisionTypeType -> org.hibernate.type.CustomType@445e8279
2025-09-05 09:15:31 DEBUG [restartedMain] o.hibernate.type.BasicTypeRegistry [,] - Type registration key [org.hibernate.envers.internal.entities.RevisionTypeType] overrode previous entry : `org.hibernate.type.CustomType@2bec7f72`
2025-09-05 09:15:31 DEBUG [restartedMain] o.hibernate.type.BasicTypeRegistry [,] - Adding type registration org.hibernate.type.OffsetDateTimeType -> basicType@2(java.time.OffsetDateTime,3003)
2025-09-05 09:15:31 DEBUG [restartedMain] o.hibernate.type.BasicTypeRegistry [,] - Adding type registration OffsetDateTime -> basicType@2(java.time.OffsetDateTime,3003)
2025-09-05 09:15:31 DEBUG [restartedMain] o.hibernate.type.BasicTypeRegistry [,] - Adding type registration java.time.OffsetDateTime -> basicType@2(java.time.OffsetDateTime,3003)
2025-09-05 09:15:31 DEBUG [restartedMain] o.hibernate.type.BasicTypeRegistry [,] - Adding type registration org.hibernate.type.ZonedDateTimeType -> basicType@3(java.time.ZonedDateTime,3003)
2025-09-05 09:15:31 DEBUG [restartedMain] o.hibernate.type.BasicTypeRegistry [,] - Adding type registration ZonedDateTime -> basicType@3(java.time.ZonedDateTime,3003)
2025-09-05 09:15:31 DEBUG [restartedMain] o.hibernate.type.BasicTypeRegistry [,] - Adding type registration java.time.ZonedDateTime -> basicType@3(java.time.ZonedDateTime,3003)
2025-09-05 09:15:31 DEBUG [restartedMain] o.hibernate.type.BasicTypeRegistry [,] - Adding type registration org.hibernate.type.OffsetTimeType -> basicType@4(java.time.OffsetTime,3007)
2025-09-05 09:15:31 DEBUG [restartedMain] o.hibernate.type.BasicTypeRegistry [,] - Adding type registration OffsetTime -> basicType@4(java.time.OffsetTime,3007)
2025-09-05 09:15:31 DEBUG [restartedMain] o.hibernate.type.BasicTypeRegistry [,] - Adding type registration java.time.OffsetTime -> basicType@4(java.time.OffsetTime,3007)
2025-09-05 09:15:31 DEBUG [restartedMain] o.h.type.spi.TypeConfiguration$Scope [,] - Scoping TypeConfiguration [org.hibernate.type.spi.TypeConfiguration@3fd76b97] to MetadataBuildingContext [org.hibernate.boot.internal.MetadataBuildingContextRootImpl@7e40303f]
2025-09-05 09:15:31 DEBUG [restartedMain] o.h.boot.model.relational.Namespace [,] - Created database namespace [logicalName=Name{catalog=null, schema=null}, physicalName=Name{catalog=null, schema=null}]
2025-09-05 09:15:31 DEBUG [restartedMain] o.h.boot.model.internal.EntityBinder [,] - Binding entity from annotated class: com.example.loan_service.entity.Loan
2025-09-05 09:15:31 DEBUG [restartedMain] o.h.boot.model.internal.EntityBinder [,] - Import with entity name Loan
2025-09-05 09:15:31 DEBUG [restartedMain] o.h.boot.model.internal.EntityBinder [,] - Bind entity com.example.loan_service.entity.Loan on table loan
2025-09-05 09:15:31 DEBUG [restartedMain] o.h.b.model.internal.AnnotatedColumn [,] - Binding column: AnnotatedDiscriminatorColumn(column='DTYPE')
2025-09-05 09:15:31 DEBUG [restartedMain] o.h.b.model.internal.AnnotatedColumn [,] - Binding column: AnnotatedColumn(column='loan_id')
2025-09-05 09:15:31 DEBUG [restartedMain] o.h.b.internal.ClassLoaderAccessImpl [,] - Not known whether passed class name [com.example.loan_service.entity.Loan] is safe
2025-09-05 09:15:31 DEBUG [restartedMain] o.h.b.internal.ClassLoaderAccessImpl [,] - No temp ClassLoader provided; using live ClassLoader for loading potentially unsafe class : com.example.loan_service.entity.Loan
2025-09-05 09:15:31 DEBUG [restartedMain] o.h.b.model.internal.PropertyBinder [,] - MetadataSourceProcessor property loanId with lazy=false
2025-09-05 09:15:31 DEBUG [restartedMain] o.h.b.m.i.AbstractPropertyHolder [,] - Attempting to locate auto-apply AttributeConverter for property [com.example.loan_service.entity.Loan:loanId]
2025-09-05 09:15:31 DEBUG [restartedMain] o.h.b.m.internal.BasicValueBinder [,] - building BasicValue for loanId
2025-09-05 09:15:31 DEBUG [restartedMain] org.hibernate.mapping.BasicValue [,] - Skipping column re-registration: loan.loan_id
2025-09-05 09:15:31 DEBUG [restartedMain] o.h.b.model.internal.PropertyBinder [,] - Building property loanId
2025-09-05 09:15:31 DEBUG [restartedMain] o.h.boot.model.internal.BinderHelper [,] - #makeIdGenerator(BasicValue([Column(loan_id)]), loanId, identity, , ...)
2025-09-05 09:15:31 DEBUG [restartedMain] o.h.b.model.internal.AnnotatedColumn [,] - Binding column: AnnotatedColumn()
2025-09-05 09:15:31 DEBUG [restartedMain] o.h.b.model.internal.PropertyBinder [,] - MetadataSourceProcessor property amount with lazy=false
2025-09-05 09:15:31 DEBUG [restartedMain] o.h.b.m.i.AbstractPropertyHolder [,] - Attempting to locate auto-apply AttributeConverter for property [com.example.loan_service.entity.Loan:amount]
2025-09-05 09:15:31 DEBUG [restartedMain] o.h.b.m.internal.BasicValueBinder [,] - building BasicValue for amount
2025-09-05 09:15:31 DEBUG [restartedMain] org.hibernate.mapping.BasicValue [,] - Skipping column re-registration: loan.amount
2025-09-05 09:15:31 DEBUG [restartedMain] o.h.b.model.internal.PropertyBinder [,] - Building property amount
2025-09-05 09:15:31 DEBUG [restartedMain] o.h.b.model.internal.AnnotatedColumn [,] - Binding column: AnnotatedColumn(column='approved_at')
2025-09-05 09:15:31 DEBUG [restartedMain] o.h.b.model.internal.PropertyBinder [,] - MetadataSourceProcessor property approvedAt with lazy=false
2025-09-05 09:15:31 DEBUG [restartedMain] o.h.b.m.i.AbstractPropertyHolder [,] - Attempting to locate auto-apply AttributeConverter for property [com.example.loan_service.entity.Loan:approvedAt]
2025-09-05 09:15:31 DEBUG [restartedMain] o.h.b.m.internal.BasicValueBinder [,] - building BasicValue for approvedAt
2025-09-05 09:15:31 DEBUG [restartedMain] org.hibernate.mapping.BasicValue [,] - Skipping column re-registration: loan.approved_at
2025-09-05 09:15:31 DEBUG [restartedMain] o.h.b.model.internal.PropertyBinder [,] - Building property approvedAt
2025-09-05 09:15:31 DEBUG [restartedMain] o.h.b.model.internal.AnnotatedColumn [,] - Binding column: AnnotatedColumn(column='audit_created_at')
2025-09-05 09:15:31 DEBUG [restartedMain] o.h.b.model.internal.PropertyBinder [,] - MetadataSourceProcessor property auditCreatedAt with lazy=false
2025-09-05 09:15:31 DEBUG [restartedMain] o.h.b.m.i.AbstractPropertyHolder [,] - Attempting to locate auto-apply AttributeConverter for property [com.example.loan_service.entity.Loan:auditCreatedAt]
2025-09-05 09:15:31 DEBUG [restartedMain] o.h.b.m.internal.BasicValueBinder [,] - building BasicValue for auditCreatedAt
2025-09-05 09:15:31 DEBUG [restartedMain] org.hibernate.mapping.BasicValue [,] - Skipping column re-registration: loan.audit_created_at
2025-09-05 09:15:31 DEBUG [restartedMain] o.h.b.model.internal.PropertyBinder [,] - Building property auditCreatedAt
2025-09-05 09:15:31 DEBUG [restartedMain] o.h.b.model.internal.AnnotatedColumn [,] - Binding column: AnnotatedColumn(column='audit_created_by')
2025-09-05 09:15:31 DEBUG [restartedMain] o.h.b.model.internal.PropertyBinder [,] - MetadataSourceProcessor property auditCreatedBy with lazy=false
2025-09-05 09:15:31 DEBUG [restartedMain] o.h.b.m.i.AbstractPropertyHolder [,] - Attempting to locate auto-apply AttributeConverter for property [com.example.loan_service.entity.Loan:auditCreatedBy]
2025-09-05 09:15:31 DEBUG [restartedMain] o.h.b.m.internal.BasicValueBinder [,] - building BasicValue for auditCreatedBy
2025-09-05 09:15:31 DEBUG [restartedMain] org.hibernate.mapping.BasicValue [,] - Skipping column re-registration: loan.audit_created_by
2025-09-05 09:15:31 DEBUG [restartedMain] o.h.b.model.internal.PropertyBinder [,] - Building property auditCreatedBy
2025-09-05 09:15:31 DEBUG [restartedMain] o.h.b.model.internal.AnnotatedColumn [,] - Binding column: AnnotatedColumn(column='audit_last_modified_at')
2025-09-05 09:15:31 DEBUG [restartedMain] o.h.b.model.internal.PropertyBinder [,] - MetadataSourceProcessor property auditLastModifiedAt with lazy=false
2025-09-05 09:15:31 DEBUG [restartedMain] o.h.b.m.i.AbstractPropertyHolder [,] - Attempting to locate auto-apply AttributeConverter for property [com.example.loan_service.entity.Loan:auditLastModifiedAt]
2025-09-05 09:15:31 DEBUG [restartedMain] o.h.b.m.internal.BasicValueBinder [,] - building BasicValue for auditLastModifiedAt
2025-09-05 09:15:31 DEBUG [restartedMain] org.hibernate.mapping.BasicValue [,] - Skipping column re-registration: loan.audit_last_modified_at
2025-09-05 09:15:31 DEBUG [restartedMain] o.h.b.model.internal.PropertyBinder [,] - Building property auditLastModifiedAt
2025-09-05 09:15:31 DEBUG [restartedMain] o.h.b.model.internal.AnnotatedColumn [,] - Binding column: AnnotatedColumn(column='audit_last_modified_by')
2025-09-05 09:15:31 DEBUG [restartedMain] o.h.b.model.internal.PropertyBinder [,] - MetadataSourceProcessor property auditLastModifiedBy with lazy=false
2025-09-05 09:15:31 DEBUG [restartedMain] o.h.b.m.i.AbstractPropertyHolder [,] - Attempting to locate auto-apply AttributeConverter for property [com.example.loan_service.entity.Loan:auditLastModifiedBy]
2025-09-05 09:15:31 DEBUG [restartedMain] o.h.b.m.internal.BasicValueBinder [,] - building BasicValue for auditLastModifiedBy
2025-09-05 09:15:31 DEBUG [restartedMain] org.hibernate.mapping.BasicValue [,] - Skipping column re-registration: loan.audit_last_modified_by
2025-09-05 09:15:31 DEBUG [restartedMain] o.h.b.model.internal.PropertyBinder [,] - Building property auditLastModifiedBy
2025-09-05 09:15:31 DEBUG [restartedMain] o.h.b.model.internal.AnnotatedColumn [,] - Binding column: AnnotatedColumn(column='created_at')
2025-09-05 09:15:31 DEBUG [restartedMain] o.h.b.model.internal.PropertyBinder [,] - MetadataSourceProcessor property createdAt with lazy=false
2025-09-05 09:15:31 DEBUG [restartedMain] o.h.b.m.i.AbstractPropertyHolder [,] - Attempting to locate auto-apply AttributeConverter for property [com.example.loan_service.entity.Loan:createdAt]
2025-09-05 09:15:31 DEBUG [restartedMain] o.h.b.m.internal.BasicValueBinder [,] - building BasicValue for createdAt
2025-09-05 09:15:31 DEBUG [restartedMain] org.hibernate.mapping.BasicValue [,] - Skipping column re-registration: loan.created_at
2025-09-05 09:15:31 DEBUG [restartedMain] o.h.b.model.internal.PropertyBinder [,] - Building property createdAt
2025-09-05 09:15:31 DEBUG [restartedMain] o.h.b.model.internal.AnnotatedColumn [,] - Binding column: AnnotatedColumn(column='customer_id')
2025-09-05 09:15:31 DEBUG [restartedMain] o.h.b.model.internal.PropertyBinder [,] - MetadataSourceProcessor property customerId with lazy=false
2025-09-05 09:15:31 DEBUG [restartedMain] o.h.b.m.i.AbstractPropertyHolder [,] - Attempting to locate auto-apply AttributeConverter for property [com.example.loan_service.entity.Loan:customerId]
2025-09-05 09:15:31 DEBUG [restartedMain] o.h.b.m.internal.BasicValueBinder [,] - building BasicValue for customerId
2025-09-05 09:15:31 DEBUG [restartedMain] org.hibernate.mapping.BasicValue [,] - Skipping column re-registration: loan.customer_id
2025-09-05 09:15:31 DEBUG [restartedMain] o.h.b.model.internal.PropertyBinder [,] - Building property customerId
2025-09-05 09:15:31 DEBUG [restartedMain] o.h.b.model.internal.AnnotatedColumn [,] - Binding column: AnnotatedColumn(column='declared_income')
2025-09-05 09:15:31 DEBUG [restartedMain] o.h.b.model.internal.PropertyBinder [,] - MetadataSourceProcessor property declaredIncome with lazy=false
2025-09-05 09:15:31 DEBUG [restartedMain] o.h.b.m.i.AbstractPropertyHolder [,] - Attempting to locate auto-apply AttributeConverter for property [com.example.loan_service.entity.Loan:declaredIncome]
2025-09-05 09:15:31 DEBUG [restartedMain] o.h.b.m.internal.BasicValueBinder [,] - building BasicValue for declaredIncome
2025-09-05 09:15:31 DEBUG [restartedMain] org.hibernate.mapping.BasicValue [,] - Skipping column re-registration: loan.declared_income
2025-09-05 09:15:31 DEBUG [restartedMain] o.h.b.model.internal.PropertyBinder [,] - Building property declaredIncome
2025-09-05 09:15:31 DEBUG [restartedMain] o.h.b.model.internal.AnnotatedColumn [,] - Binding column: AnnotatedColumn(column='disbursement_account_number')
2025-09-05 09:15:31 DEBUG [restartedMain] o.h.b.model.internal.PropertyBinder [,] - MetadataSourceProcessor property disbursementAccountNumber with lazy=false
2025-09-05 09:15:31 DEBUG [restartedMain] o.h.b.m.i.AbstractPropertyHolder [,] - Attempting to locate auto-apply AttributeConverter for property [com.example.loan_service.entity.Loan:disbursementAccountNumber]
2025-09-05 09:15:31 DEBUG [restartedMain] o.h.b.m.internal.BasicValueBinder [,] - building BasicValue for disbursementAccountNumber
2025-09-05 09:15:31 DEBUG [restartedMain] org.hibernate.mapping.BasicValue [,] - Skipping column re-registration: loan.disbursement_account_number
2025-09-05 09:15:31 DEBUG [restartedMain] o.h.b.model.internal.PropertyBinder [,] - Building property disbursementAccountNumber
2025-09-05 09:15:31 DEBUG [restartedMain] o.h.b.model.internal.AnnotatedColumn [,] - Binding column: AnnotatedColumn(column='interest_rate')
2025-09-05 09:15:31 DEBUG [restartedMain] o.h.b.model.internal.PropertyBinder [,] - MetadataSourceProcessor property interestRate with lazy=false
2025-09-05 09:15:31 DEBUG [restartedMain] o.h.b.m.i.AbstractPropertyHolder [,] - Attempting to locate auto-apply AttributeConverter for property [com.example.loan_service.entity.Loan:interestRate]
2025-09-05 09:15:31 DEBUG [restartedMain] o.h.b.m.internal.BasicValueBinder [,] - building BasicValue for interestRate
2025-09-05 09:15:31 DEBUG [restartedMain] org.hibernate.mapping.BasicValue [,] - Skipping column re-registration: loan.interest_rate
2025-09-05 09:15:31 DEBUG [restartedMain] o.h.b.model.internal.PropertyBinder [,] - Building property interestRate
2025-09-05 09:15:31 DEBUG [restartedMain] o.h.b.model.internal.AnnotatedColumn [,] - Binding column: AnnotatedColumn()
2025-09-05 09:15:31 DEBUG [restartedMain] o.h.b.model.internal.PropertyBinder [,] - MetadataSourceProcessor property loanType with lazy=false
2025-09-05 09:15:31 DEBUG [restartedMain] o.h.b.m.i.AbstractPropertyHolder [,] - Attempting to locate auto-apply AttributeConverter for property [com.example.loan_service.entity.Loan:loanType]
2025-09-05 09:15:31 DEBUG [restartedMain] o.h.b.m.internal.BasicValueBinder [,] - building BasicValue for loanType
2025-09-05 09:15:31 DEBUG [restartedMain] org.hibernate.mapping.BasicValue [,] - Skipping column re-registration: loan.loan_type
2025-09-05 09:15:31 DEBUG [restartedMain] o.h.b.model.internal.PropertyBinder [,] - Building property loanType
2025-09-05 09:15:31 DEBUG [restartedMain] o.h.b.model.internal.AnnotatedColumn [,] - Binding column: AnnotatedColumn(column='path_file')
2025-09-05 09:15:31 DEBUG [restartedMain] o.h.b.model.internal.PropertyBinder [,] - MetadataSourceProcessor property pathFile with lazy=false
2025-09-05 09:15:31 DEBUG [restartedMain] o.h.b.m.i.AbstractPropertyHolder [,] - Attempting to locate auto-apply AttributeConverter for property [com.example.loan_service.entity.Loan:pathFile]
2025-09-05 09:15:31 DEBUG [restartedMain] o.h.b.m.internal.BasicValueBinder [,] - building BasicValue for pathFile
2025-09-05 09:15:31 DEBUG [restartedMain] org.hibernate.mapping.BasicValue [,] - Skipping column re-registration: loan.path_file
2025-09-05 09:15:31 DEBUG [restartedMain] o.h.b.model.internal.PropertyBinder [,] - Building property pathFile
2025-09-05 09:15:31 DEBUG [restartedMain] o.h.b.model.internal.AnnotatedColumn [,] - Binding column: AnnotatedJoinColumn()
2025-09-05 09:15:31 DEBUG [restartedMain] o.h.b.model.internal.AnnotatedColumn [,] - Binding column: AnnotatedColumn()
2025-09-05 09:15:31 DEBUG [restartedMain] o.h.b.model.internal.AnnotatedColumn [,] - Binding column: IndexColumn(column='rejectionReasons_ORDER')
2025-09-05 09:15:31 DEBUG [restartedMain] o.h.b.model.internal.AnnotatedColumn [,] - Binding column: AnnotatedColumn()
2025-09-05 09:15:31 DEBUG [restartedMain] o.h.b.model.internal.AnnotatedColumn [,] - Binding column: AnnotatedColumn(column='rejectionReasons_KEY')
2025-09-05 09:15:31 DEBUG [restartedMain] o.h.b.model.internal.AnnotatedColumn [,] - Binding column: AnnotatedJoinColumn(column='rejectionReasons_KEY')
2025-09-05 09:15:31 DEBUG [restartedMain] o.h.b.model.internal.AnnotatedColumn [,] - Binding column: AnnotatedJoinColumn()
2025-09-05 09:15:31 DEBUG [restartedMain] o.h.b.model.internal.AnnotatedColumn [,] - Binding column: AnnotatedJoinColumn()
2025-09-05 09:15:31 DEBUG [restartedMain] o.h.b.m.internal.CollectionBinder [,] - Collection role: com.example.loan_service.entity.Loan.rejectionReasons
2025-09-05 09:15:31 DEBUG [restartedMain] o.h.b.model.internal.PropertyBinder [,] - Building property rejectionReasons
2025-09-05 09:15:31 DEBUG [restartedMain] o.h.b.model.internal.AnnotatedColumn [,] - Binding column: AnnotatedColumn(column='repayment_account_number')
2025-09-05 09:15:31 DEBUG [restartedMain] o.h.b.model.internal.PropertyBinder [,] - MetadataSourceProcessor property repaymentAccountNumber with lazy=false
2025-09-05 09:15:31 DEBUG [restartedMain] o.h.b.m.i.AbstractPropertyHolder [,] - Attempting to locate auto-apply AttributeConverter for property [com.example.loan_service.entity.Loan:repaymentAccountNumber]
2025-09-05 09:15:31 DEBUG [restartedMain] o.h.b.m.internal.BasicValueBinder [,] - building BasicValue for repaymentAccountNumber
2025-09-05 09:15:31 DEBUG [restartedMain] org.hibernate.mapping.BasicValue [,] - Skipping column re-registration: loan.repayment_account_number
2025-09-05 09:15:31 DEBUG [restartedMain] o.h.b.model.internal.PropertyBinder [,] - Building property repaymentAccountNumber
2025-09-05 09:15:31 DEBUG [restartedMain] o.h.b.model.internal.AnnotatedColumn [,] - Binding column: AnnotatedJoinColumn()
2025-09-05 09:15:31 DEBUG [restartedMain] o.h.b.model.internal.AnnotatedColumn [,] - Binding column: AnnotatedColumn()
2025-09-05 09:15:31 DEBUG [restartedMain] o.h.b.model.internal.AnnotatedColumn [,] - Binding column: IndexColumn(column='repayments_ORDER')
2025-09-05 09:15:31 DEBUG [restartedMain] o.h.b.model.internal.AnnotatedColumn [,] - Binding column: AnnotatedColumn()
2025-09-05 09:15:31 DEBUG [restartedMain] o.h.b.model.internal.AnnotatedColumn [,] - Binding column: AnnotatedColumn(column='repayments_KEY')
2025-09-05 09:15:31 DEBUG [restartedMain] o.h.b.model.internal.AnnotatedColumn [,] - Binding column: AnnotatedJoinColumn(column='repayments_KEY')
2025-09-05 09:15:31 DEBUG [restartedMain] o.h.b.model.internal.AnnotatedColumn [,] - Binding column: AnnotatedJoinColumn()
2025-09-05 09:15:31 DEBUG [restartedMain] o.h.b.model.internal.AnnotatedColumn [,] - Binding column: AnnotatedJoinColumn()
2025-09-05 09:15:31 DEBUG [restartedMain] o.h.b.m.internal.CollectionBinder [,] - Collection role: com.example.loan_service.entity.Loan.repayments
2025-09-05 09:15:31 DEBUG [restartedMain] o.h.b.model.internal.PropertyBinder [,] - Building property repayments
2025-09-05 09:15:31 DEBUG [restartedMain] o.h.b.model.internal.AnnotatedColumn [,] - Binding column: AnnotatedColumn()
2025-09-05 09:15:31 DEBUG [restartedMain] o.h.b.model.internal.PropertyBinder [,] - MetadataSourceProcessor property status with lazy=false
2025-09-05 09:15:31 DEBUG [restartedMain] o.h.b.m.i.AbstractPropertyHolder [,] - Attempting to locate auto-apply AttributeConverter for property [com.example.loan_service.entity.Loan:status]
2025-09-05 09:15:31 DEBUG [restartedMain] o.h.b.m.internal.BasicValueBinder [,] - building BasicValue for status
2025-09-05 09:15:31 DEBUG [restartedMain] org.hibernate.mapping.BasicValue [,] - Skipping column re-registration: loan.status
2025-09-05 09:15:31 DEBUG [restartedMain] o.h.b.model.internal.PropertyBinder [,] - Building property status
2025-09-05 09:15:31 DEBUG [restartedMain] o.h.b.model.internal.AnnotatedColumn [,] - Binding column: AnnotatedColumn(column='term_months')
2025-09-05 09:15:31 DEBUG [restartedMain] o.h.b.model.internal.PropertyBinder [,] - MetadataSourceProcessor property termMonths with lazy=false
2025-09-05 09:15:31 DEBUG [restartedMain] o.h.b.m.i.AbstractPropertyHolder [,] - Attempting to locate auto-apply AttributeConverter for property [com.example.loan_service.entity.Loan:termMonths]
2025-09-05 09:15:31 DEBUG [restartedMain] o.h.b.m.internal.BasicValueBinder [,] - building BasicValue for termMonths
2025-09-05 09:15:31 DEBUG [restartedMain] org.hibernate.mapping.BasicValue [,] - Skipping column re-registration: loan.term_months
2025-09-05 09:15:31 DEBUG [restartedMain] o.h.b.model.internal.PropertyBinder [,] - Building property termMonths
2025-09-05 09:15:31 DEBUG [restartedMain] o.h.b.r.c.i.ClassLoaderServiceImpl [,] - HHH000194: Package not found or no package-info.java: com.example.loan_service.entity
2025-09-05 09:15:31 DEBUG [restartedMain] o.h.j.e.i.CallbackDefinitionResolverLegacyImpl [,] - Adding touchForUpdate as PreUpdate callback for entity com.example.loan_service.entity.Loan
2025-09-05 09:15:31 DEBUG [restartedMain] o.h.j.e.i.CallbackDefinitionResolverLegacyImpl [,] - Adding touchForCreate as PrePersist callback for entity com.example.loan_service.entity.Loan
2025-09-05 09:15:31 DEBUG [restartedMain] o.h.boot.model.internal.EntityBinder [,] - Binding entity from annotated class: com.example.loan_service.entity.LoanRejectionReason
2025-09-05 09:15:31 DEBUG [restartedMain] o.h.boot.model.internal.EntityBinder [,] - Import with entity name LoanRejectionReason
2025-09-05 09:15:31 DEBUG [restartedMain] o.h.boot.model.internal.EntityBinder [,] - Bind entity com.example.loan_service.entity.LoanRejectionReason on table loan_rejection_reason
2025-09-05 09:15:31 DEBUG [restartedMain] o.h.b.model.internal.AnnotatedColumn [,] - Binding column: AnnotatedDiscriminatorColumn(column='DTYPE')
2025-09-05 09:15:31 DEBUG [restartedMain] o.h.b.model.internal.AnnotatedColumn [,] - Binding column: AnnotatedColumn()
2025-09-05 09:15:31 DEBUG [restartedMain] o.h.b.internal.ClassLoaderAccessImpl [,] - Not known whether passed class name [com.example.loan_service.entity.LoanRejectionReason] is safe
2025-09-05 09:15:31 DEBUG [restartedMain] o.h.b.internal.ClassLoaderAccessImpl [,] - No temp ClassLoader provided; using live ClassLoader for loading potentially unsafe class : com.example.loan_service.entity.LoanRejectionReason
2025-09-05 09:15:31 DEBUG [restartedMain] o.h.b.model.internal.PropertyBinder [,] - MetadataSourceProcessor property id with lazy=false
2025-09-05 09:15:31 DEBUG [restartedMain] o.h.b.m.i.AbstractPropertyHolder [,] - Attempting to locate auto-apply AttributeConverter for property [com.example.loan_service.entity.LoanRejectionReason:id]
2025-09-05 09:15:31 DEBUG [restartedMain] o.h.b.m.internal.BasicValueBinder [,] - building BasicValue for id
2025-09-05 09:15:31 DEBUG [restartedMain] org.hibernate.mapping.BasicValue [,] - Skipping column re-registration: loan_rejection_reason.id
2025-09-05 09:15:31 DEBUG [restartedMain] o.h.b.model.internal.PropertyBinder [,] - Building property id
2025-09-05 09:15:31 DEBUG [restartedMain] o.h.boot.model.internal.BinderHelper [,] - #makeIdGenerator(BasicValue([Column(id)]), id, identity, , ...)
2025-09-05 09:15:31 DEBUG [restartedMain] o.h.b.model.internal.AnnotatedColumn [,] - Binding column: AnnotatedColumn(column='created_at')
2025-09-05 09:15:31 DEBUG [restartedMain] o.h.b.model.internal.PropertyBinder [,] - MetadataSourceProcessor property createdAt with lazy=false
2025-09-05 09:15:31 DEBUG [restartedMain] o.h.b.m.i.AbstractPropertyHolder [,] - Attempting to locate auto-apply AttributeConverter for property [com.example.loan_service.entity.LoanRejectionReason:createdAt]
2025-09-05 09:15:31 DEBUG [restartedMain] o.h.b.m.internal.BasicValueBinder [,] - building BasicValue for createdAt
2025-09-05 09:15:31 DEBUG [restartedMain] org.hibernate.mapping.BasicValue [,] - Skipping column re-registration: loan_rejection_reason.created_at
2025-09-05 09:15:31 DEBUG [restartedMain] o.h.b.model.internal.PropertyBinder [,] - Building property createdAt
2025-09-05 09:15:31 DEBUG [restartedMain] o.h.b.model.internal.AnnotatedColumn [,] - Binding column: AnnotatedJoinColumn(column='loan_id')
2025-09-05 09:15:31 DEBUG [restartedMain] o.h.b.model.internal.AnnotatedColumn [,] - Binding column: AnnotatedColumn()
2025-09-05 09:15:31 DEBUG [restartedMain] o.h.b.model.internal.PropertyBinder [,] - Building property loan
2025-09-05 09:15:31 DEBUG [restartedMain] o.h.b.model.internal.AnnotatedColumn [,] - Binding column: AnnotatedColumn()
2025-09-05 09:15:31 DEBUG [restartedMain] o.h.b.model.internal.PropertyBinder [,] - MetadataSourceProcessor property reason with lazy=false
2025-09-05 09:15:31 DEBUG [restartedMain] o.h.b.m.i.AbstractPropertyHolder [,] - Attempting to locate auto-apply AttributeConverter for property [com.example.loan_service.entity.LoanRejectionReason:reason]
2025-09-05 09:15:31 DEBUG [restartedMain] o.h.b.m.internal.BasicValueBinder [,] - building BasicValue for reason
2025-09-05 09:15:31 DEBUG [restartedMain] org.hibernate.mapping.BasicValue [,] - Skipping column re-registration: loan_rejection_reason.reason
2025-09-05 09:15:31 DEBUG [restartedMain] o.h.b.model.internal.PropertyBinder [,] - Building property reason
2025-09-05 09:15:31 DEBUG [restartedMain] o.h.b.r.c.i.ClassLoaderServiceImpl [,] - HHH000194: Package not found or no package-info.java: com.example.loan_service.entity
2025-09-05 09:15:31 DEBUG [restartedMain] o.h.boot.model.internal.EntityBinder [,] - Binding entity from annotated class: com.example.loan_service.entity.Repayment
2025-09-05 09:15:31 DEBUG [restartedMain] o.h.boot.model.internal.EntityBinder [,] - Import with entity name Repayment
2025-09-05 09:15:31 DEBUG [restartedMain] o.h.boot.model.internal.EntityBinder [,] - Bind entity com.example.loan_service.entity.Repayment on table repayment
2025-09-05 09:15:31 DEBUG [restartedMain] o.h.b.model.internal.AnnotatedColumn [,] - Binding column: AnnotatedDiscriminatorColumn(column='DTYPE')
2025-09-05 09:15:31 DEBUG [restartedMain] o.h.b.model.internal.AnnotatedColumn [,] - Binding column: AnnotatedColumn(column='repayment_id')
2025-09-05 09:15:31 DEBUG [restartedMain] o.h.b.internal.ClassLoaderAccessImpl [,] - Not known whether passed class name [com.example.loan_service.entity.Repayment] is safe
2025-09-05 09:15:31 DEBUG [restartedMain] o.h.b.internal.ClassLoaderAccessImpl [,] - No temp ClassLoader provided; using live ClassLoader for loading potentially unsafe class : com.example.loan_service.entity.Repayment
2025-09-05 09:15:31 DEBUG [restartedMain] o.h.b.model.internal.PropertyBinder [,] - MetadataSourceProcessor property repaymentId with lazy=false
2025-09-05 09:15:31 DEBUG [restartedMain] o.h.b.m.i.AbstractPropertyHolder [,] - Attempting to locate auto-apply AttributeConverter for property [com.example.loan_service.entity.Repayment:repaymentId]
2025-09-05 09:15:31 DEBUG [restartedMain] o.h.b.m.internal.BasicValueBinder [,] - building BasicValue for repaymentId
2025-09-05 09:15:31 DEBUG [restartedMain] org.hibernate.mapping.BasicValue [,] - Skipping column re-registration: repayment.repayment_id
2025-09-05 09:15:31 DEBUG [restartedMain] o.h.b.model.internal.PropertyBinder [,] - Building property repaymentId
2025-09-05 09:15:31 DEBUG [restartedMain] o.h.boot.model.internal.BinderHelper [,] - #makeIdGenerator(BasicValue([Column(repayment_id)]), repaymentId, identity, , ...)
2025-09-05 09:15:31 DEBUG [restartedMain] o.h.b.model.internal.AnnotatedColumn [,] - Binding column: AnnotatedColumn(column='audit_created_at')
2025-09-05 09:15:31 DEBUG [restartedMain] o.h.b.model.internal.PropertyBinder [,] - MetadataSourceProcessor property auditCreatedAt with lazy=false
2025-09-05 09:15:31 DEBUG [restartedMain] o.h.b.m.i.AbstractPropertyHolder [,] - Attempting to locate auto-apply AttributeConverter for property [com.example.loan_service.entity.Repayment:auditCreatedAt]
2025-09-05 09:15:31 DEBUG [restartedMain] o.h.b.m.internal.BasicValueBinder [,] - building BasicValue for auditCreatedAt
2025-09-05 09:15:31 DEBUG [restartedMain] org.hibernate.mapping.BasicValue [,] - Skipping column re-registration: repayment.audit_created_at
2025-09-05 09:15:31 DEBUG [restartedMain] o.h.b.model.internal.PropertyBinder [,] - Building property auditCreatedAt
2025-09-05 09:15:31 DEBUG [restartedMain] o.h.b.model.internal.AnnotatedColumn [,] - Binding column: AnnotatedColumn(column='audit_created_by')
2025-09-05 09:15:31 DEBUG [restartedMain] o.h.b.model.internal.PropertyBinder [,] - MetadataSourceProcessor property auditCreatedBy with lazy=false
2025-09-05 09:15:31 DEBUG [restartedMain] o.h.b.m.i.AbstractPropertyHolder [,] - Attempting to locate auto-apply AttributeConverter for property [com.example.loan_service.entity.Repayment:auditCreatedBy]
2025-09-05 09:15:31 DEBUG [restartedMain] o.h.b.m.internal.BasicValueBinder [,] - building BasicValue for auditCreatedBy
2025-09-05 09:15:31 DEBUG [restartedMain] org.hibernate.mapping.BasicValue [,] - Skipping column re-registration: repayment.audit_created_by
2025-09-05 09:15:31 DEBUG [restartedMain] o.h.b.model.internal.PropertyBinder [,] - Building property auditCreatedBy
2025-09-05 09:15:31 DEBUG [restartedMain] o.h.b.model.internal.AnnotatedColumn [,] - Binding column: AnnotatedColumn(column='audit_last_modified_at')
2025-09-05 09:15:31 DEBUG [restartedMain] o.h.b.model.internal.PropertyBinder [,] - MetadataSourceProcessor property auditLastModifiedAt with lazy=false
2025-09-05 09:15:31 DEBUG [restartedMain] o.h.b.m.i.AbstractPropertyHolder [,] - Attempting to locate auto-apply AttributeConverter for property [com.example.loan_service.entity.Repayment:auditLastModifiedAt]
2025-09-05 09:15:31 DEBUG [restartedMain] o.h.b.m.internal.BasicValueBinder [,] - building BasicValue for auditLastModifiedAt
2025-09-05 09:15:31 DEBUG [restartedMain] org.hibernate.mapping.BasicValue [,] - Skipping column re-registration: repayment.audit_last_modified_at
2025-09-05 09:15:31 DEBUG [restartedMain] o.h.b.model.internal.PropertyBinder [,] - Building property auditLastModifiedAt
2025-09-05 09:15:31 DEBUG [restartedMain] o.h.b.model.internal.AnnotatedColumn [,] - Binding column: AnnotatedColumn(column='audit_last_modified_by')
2025-09-05 09:15:31 DEBUG [restartedMain] o.h.b.model.internal.PropertyBinder [,] - MetadataSourceProcessor property auditLastModifiedBy with lazy=false
2025-09-05 09:15:31 DEBUG [restartedMain] o.h.b.m.i.AbstractPropertyHolder [,] - Attempting to locate auto-apply AttributeConverter for property [com.example.loan_service.entity.Repayment:auditLastModifiedBy]
2025-09-05 09:15:31 DEBUG [restartedMain] o.h.b.m.internal.BasicValueBinder [,] - building BasicValue for auditLastModifiedBy
2025-09-05 09:15:31 DEBUG [restartedMain] org.hibernate.mapping.BasicValue [,] - Skipping column re-registration: repayment.audit_last_modified_by
2025-09-05 09:15:31 DEBUG [restartedMain] o.h.b.model.internal.PropertyBinder [,] - Building property auditLastModifiedBy
2025-09-05 09:15:31 DEBUG [restartedMain] o.h.b.model.internal.AnnotatedColumn [,] - Binding column: AnnotatedColumn(column='due_date')
2025-09-05 09:15:31 DEBUG [restartedMain] o.h.b.model.internal.PropertyBinder [,] - MetadataSourceProcessor property dueDate with lazy=false
2025-09-05 09:15:31 DEBUG [restartedMain] o.h.b.m.i.AbstractPropertyHolder [,] - Attempting to locate auto-apply AttributeConverter for property [com.example.loan_service.entity.Repayment:dueDate]
2025-09-05 09:15:31 DEBUG [restartedMain] o.h.b.m.internal.BasicValueBinder [,] - building BasicValue for dueDate
2025-09-05 09:15:31 DEBUG [restartedMain] org.hibernate.mapping.BasicValue [,] - Skipping column re-registration: repayment.due_date
2025-09-05 09:15:31 DEBUG [restartedMain] o.h.b.model.internal.PropertyBinder [,] - Building property dueDate
2025-09-05 09:15:31 DEBUG [restartedMain] o.h.b.model.internal.AnnotatedColumn [,] - Binding column: AnnotatedColumn()
2025-09-05 09:15:31 DEBUG [restartedMain] o.h.b.model.internal.PropertyBinder [,] - MetadataSourceProcessor property interest with lazy=false
2025-09-05 09:15:31 DEBUG [restartedMain] o.h.b.m.i.AbstractPropertyHolder [,] - Attempting to locate auto-apply AttributeConverter for property [com.example.loan_service.entity.Repayment:interest]
2025-09-05 09:15:31 DEBUG [restartedMain] o.h.b.m.internal.BasicValueBinder [,] - building BasicValue for interest
2025-09-05 09:15:31 DEBUG [restartedMain] org.hibernate.mapping.BasicValue [,] - Skipping column re-registration: repayment.interest
2025-09-05 09:15:31 DEBUG [restartedMain] o.h.b.model.internal.PropertyBinder [,] - Building property interest
2025-09-05 09:15:31 DEBUG [restartedMain] o.h.b.model.internal.AnnotatedColumn [,] - Binding column: AnnotatedJoinColumn(column='loan_id')
2025-09-05 09:15:31 DEBUG [restartedMain] o.h.b.model.internal.AnnotatedColumn [,] - Binding column: AnnotatedColumn()
2025-09-05 09:15:31 DEBUG [restartedMain] o.h.b.model.internal.PropertyBinder [,] - Building property loan
2025-09-05 09:15:31 DEBUG [restartedMain] o.h.b.model.internal.AnnotatedColumn [,] - Binding column: AnnotatedColumn(column='paid_amount')
2025-09-05 09:15:31 DEBUG [restartedMain] o.h.b.model.internal.PropertyBinder [,] - MetadataSourceProcessor property paidAmount with lazy=false
2025-09-05 09:15:31 DEBUG [restartedMain] o.h.b.m.i.AbstractPropertyHolder [,] - Attempting to locate auto-apply AttributeConverter for property [com.example.loan_service.entity.Repayment:paidAmount]
2025-09-05 09:15:31 DEBUG [restartedMain] o.h.b.m.internal.BasicValueBinder [,] - building BasicValue for paidAmount
2025-09-05 09:15:31 DEBUG [restartedMain] org.hibernate.mapping.BasicValue [,] - Skipping column re-registration: repayment.paid_amount
2025-09-05 09:15:31 DEBUG [restartedMain] o.h.b.model.internal.PropertyBinder [,] - Building property paidAmount
2025-09-05 09:15:31 DEBUG [restartedMain] o.h.b.model.internal.AnnotatedColumn [,] - Binding column: AnnotatedColumn()
2025-09-05 09:15:31 DEBUG [restartedMain] o.h.b.model.internal.PropertyBinder [,] - MetadataSourceProcessor property principal with lazy=false
2025-09-05 09:15:31 DEBUG [restartedMain] o.h.b.m.i.AbstractPropertyHolder [,] - Attempting to locate auto-apply AttributeConverter for property [com.example.loan_service.entity.Repayment:principal]
2025-09-05 09:15:31 DEBUG [restartedMain] o.h.b.m.internal.BasicValueBinder [,] - building BasicValue for principal
2025-09-05 09:15:31 DEBUG [restartedMain] org.hibernate.mapping.BasicValue [,] - Skipping column re-registration: repayment.principal
2025-09-05 09:15:31 DEBUG [restartedMain] o.h.b.model.internal.PropertyBinder [,] - Building property principal
2025-09-05 09:15:31 DEBUG [restartedMain] o.h.b.model.internal.AnnotatedColumn [,] - Binding column: AnnotatedColumn()
2025-09-05 09:15:31 DEBUG [restartedMain] o.h.b.model.internal.PropertyBinder [,] - MetadataSourceProcessor property status with lazy=false
2025-09-05 09:15:31 DEBUG [restartedMain] o.h.b.m.i.AbstractPropertyHolder [,] - Attempting to locate auto-apply AttributeConverter for property [com.example.loan_service.entity.Repayment:status]
2025-09-05 09:15:31 DEBUG [restartedMain] o.h.b.m.internal.BasicValueBinder [,] - building BasicValue for status
2025-09-05 09:15:31 DEBUG [restartedMain] org.hibernate.mapping.BasicValue [,] - Skipping column re-registration: repayment.status
2025-09-05 09:15:31 DEBUG [restartedMain] o.h.b.model.internal.PropertyBinder [,] - Building property status
2025-09-05 09:15:31 DEBUG [restartedMain] o.h.b.r.c.i.ClassLoaderServiceImpl [,] - HHH000194: Package not found or no package-info.java: com.example.loan_service.entity
2025-09-05 09:15:31 DEBUG [restartedMain] o.h.j.e.i.CallbackDefinitionResolverLegacyImpl [,] - Adding touchForUpdate as PreUpdate callback for entity com.example.loan_service.entity.Repayment
2025-09-05 09:15:31 DEBUG [restartedMain] o.h.j.e.i.CallbackDefinitionResolverLegacyImpl [,] - Adding touchForCreate as PrePersist callback for entity com.example.loan_service.entity.Repayment
2025-09-05 09:15:31 DEBUG [restartedMain] o.h.b.m.internal.BasicValueBinder [,] - Starting `BasicValueBinder#fillSimpleValue` for loanId
2025-09-05 09:15:31 DEBUG [restartedMain] o.h.b.m.internal.BasicValueBinder [,] - Starting `BasicValueBinder#fillSimpleValue` for amount
2025-09-05 09:15:31 DEBUG [restartedMain] o.h.b.m.internal.BasicValueBinder [,] - Starting `BasicValueBinder#fillSimpleValue` for approvedAt
2025-09-05 09:15:31 DEBUG [restartedMain] o.h.b.m.internal.BasicValueBinder [,] - Starting `BasicValueBinder#fillSimpleValue` for auditCreatedAt
2025-09-05 09:15:31 DEBUG [restartedMain] o.h.b.m.internal.BasicValueBinder [,] - Starting `BasicValueBinder#fillSimpleValue` for auditCreatedBy
2025-09-05 09:15:31 DEBUG [restartedMain] o.h.b.m.internal.BasicValueBinder [,] - Starting `BasicValueBinder#fillSimpleValue` for auditLastModifiedAt
2025-09-05 09:15:31 DEBUG [restartedMain] o.h.b.m.internal.BasicValueBinder [,] - Starting `BasicValueBinder#fillSimpleValue` for auditLastModifiedBy
2025-09-05 09:15:31 DEBUG [restartedMain] o.h.b.m.internal.BasicValueBinder [,] - Starting `BasicValueBinder#fillSimpleValue` for createdAt
2025-09-05 09:15:31 DEBUG [restartedMain] o.h.b.m.internal.BasicValueBinder [,] - Starting `BasicValueBinder#fillSimpleValue` for customerId
2025-09-05 09:15:31 DEBUG [restartedMain] o.h.b.m.internal.BasicValueBinder [,] - Starting `BasicValueBinder#fillSimpleValue` for declaredIncome
2025-09-05 09:15:31 DEBUG [restartedMain] o.h.b.m.internal.BasicValueBinder [,] - Starting `BasicValueBinder#fillSimpleValue` for disbursementAccountNumber
2025-09-05 09:15:31 DEBUG [restartedMain] o.h.b.m.internal.BasicValueBinder [,] - Starting `BasicValueBinder#fillSimpleValue` for interestRate
2025-09-05 09:15:31 DEBUG [restartedMain] o.h.b.m.internal.BasicValueBinder [,] - Starting `BasicValueBinder#fillSimpleValue` for loanType
2025-09-05 09:15:31 DEBUG [restartedMain] o.h.b.m.internal.BasicValueBinder [,] - Starting `BasicValueBinder#fillSimpleValue` for pathFile
2025-09-05 09:15:31 DEBUG [restartedMain] o.h.b.m.internal.BasicValueBinder [,] - Starting `BasicValueBinder#fillSimpleValue` for repaymentAccountNumber
2025-09-05 09:15:31 DEBUG [restartedMain] o.h.b.m.internal.BasicValueBinder [,] - Starting `BasicValueBinder#fillSimpleValue` for status
2025-09-05 09:15:31 DEBUG [restartedMain] o.h.b.m.internal.BasicValueBinder [,] - Starting `BasicValueBinder#fillSimpleValue` for termMonths
2025-09-05 09:15:31 DEBUG [restartedMain] o.h.b.m.internal.BasicValueBinder [,] - Starting `BasicValueBinder#fillSimpleValue` for id
2025-09-05 09:15:31 DEBUG [restartedMain] o.h.b.m.internal.BasicValueBinder [,] - Starting `BasicValueBinder#fillSimpleValue` for createdAt
2025-09-05 09:15:31 DEBUG [restartedMain] o.h.b.m.internal.BasicValueBinder [,] - Starting `BasicValueBinder#fillSimpleValue` for reason
2025-09-05 09:15:31 DEBUG [restartedMain] o.h.b.m.internal.BasicValueBinder [,] - Starting `BasicValueBinder#fillSimpleValue` for repaymentId
2025-09-05 09:15:31 DEBUG [restartedMain] o.h.b.m.internal.BasicValueBinder [,] - Starting `BasicValueBinder#fillSimpleValue` for auditCreatedAt
2025-09-05 09:15:31 DEBUG [restartedMain] o.h.b.m.internal.BasicValueBinder [,] - Starting `BasicValueBinder#fillSimpleValue` for auditCreatedBy
2025-09-05 09:15:31 DEBUG [restartedMain] o.h.b.m.internal.BasicValueBinder [,] - Starting `BasicValueBinder#fillSimpleValue` for auditLastModifiedAt
2025-09-05 09:15:31 DEBUG [restartedMain] o.h.b.m.internal.BasicValueBinder [,] - Starting `BasicValueBinder#fillSimpleValue` for auditLastModifiedBy
2025-09-05 09:15:31 DEBUG [restartedMain] o.h.b.m.internal.BasicValueBinder [,] - Starting `BasicValueBinder#fillSimpleValue` for dueDate
2025-09-05 09:15:31 DEBUG [restartedMain] o.h.b.m.internal.BasicValueBinder [,] - Starting `BasicValueBinder#fillSimpleValue` for interest
2025-09-05 09:15:31 DEBUG [restartedMain] o.h.b.m.internal.BasicValueBinder [,] - Starting `BasicValueBinder#fillSimpleValue` for paidAmount
2025-09-05 09:15:31 DEBUG [restartedMain] o.h.b.m.internal.BasicValueBinder [,] - Starting `BasicValueBinder#fillSimpleValue` for principal
2025-09-05 09:15:31 DEBUG [restartedMain] o.h.b.m.internal.BasicValueBinder [,] - Starting `BasicValueBinder#fillSimpleValue` for status
2025-09-05 09:15:31 DEBUG [restartedMain] org.hibernate.mapping.PrimaryKey [,] - Forcing column [loan_id] to be non-null as it is part of the primary key for table [loan]
2025-09-05 09:15:31 DEBUG [restartedMain] org.hibernate.mapping.PrimaryKey [,] - Forcing column [id] to be non-null as it is part of the primary key for table [loan_rejection_reason]
2025-09-05 09:15:31 DEBUG [restartedMain] org.hibernate.mapping.PrimaryKey [,] - Forcing column [repayment_id] to be non-null as it is part of the primary key for table [repayment]
2025-09-05 09:15:31 DEBUG [restartedMain] o.h.b.m.i.CollectionSecondPass [,] - Second pass for collection: com.example.loan_service.entity.Loan.rejectionReasons
2025-09-05 09:15:31 DEBUG [restartedMain] o.h.b.m.internal.CollectionBinder [,] - Binding a OneToMany: com.example.loan_service.entity.Loan.rejectionReasons through a foreign key
2025-09-05 09:15:31 DEBUG [restartedMain] o.h.b.m.internal.CollectionBinder [,] - Mapping collection: com.example.loan_service.entity.Loan.rejectionReasons -> loan_rejection_reason
2025-09-05 09:15:31 DEBUG [restartedMain] o.h.boot.model.internal.TableBinder [,] - Retrieving property com.example.loan_service.entity.LoanRejectionReason.loan
2025-09-05 09:15:31 DEBUG [restartedMain] o.h.b.m.i.CollectionSecondPass [,] - Mapped collection key: loan_id, one-to-many: com.example.loan_service.entity.LoanRejectionReason
2025-09-05 09:15:31 DEBUG [restartedMain] o.h.b.m.i.CollectionSecondPass [,] - Second pass for collection: com.example.loan_service.entity.Loan.repayments
2025-09-05 09:15:31 DEBUG [restartedMain] o.h.b.m.internal.CollectionBinder [,] - Binding a OneToMany: com.example.loan_service.entity.Loan.repayments through a foreign key
2025-09-05 09:15:31 DEBUG [restartedMain] o.h.b.m.internal.CollectionBinder [,] - Mapping collection: com.example.loan_service.entity.Loan.repayments -> repayment
2025-09-05 09:15:31 DEBUG [restartedMain] o.h.boot.model.internal.TableBinder [,] - Retrieving property com.example.loan_service.entity.Repayment.loan
2025-09-05 09:15:31 DEBUG [restartedMain] o.h.b.m.i.CollectionSecondPass [,] - Mapped collection key: loan_id, one-to-many: com.example.loan_service.entity.Repayment
2025-09-05 09:15:31 DEBUG [restartedMain] o.h.e.c.i.m.AuditMetadataGenerator [,] - Generating first-pass auditing mapping for entity com.example.loan_service.entity.Loan
2025-09-05 09:15:31 INFO  [restartedMain] o.h.e.c.i.m.AuditMetadataGenerator [,] - Adding properties for entity: com.example.loan_service.entity.Loan
2025-09-05 09:15:31 DEBUG [restartedMain] o.h.e.c.i.m.AuditMetadataGenerator [,] - Generating first-pass auditing mapping for entity com.example.loan_service.entity.Repayment
2025-09-05 09:15:31 INFO  [restartedMain] o.h.e.c.i.m.AuditMetadataGenerator [,] - Adding properties for entity: com.example.loan_service.entity.Repayment
2025-09-05 09:15:31 DEBUG [restartedMain] o.h.e.c.i.m.AuditMetadataGenerator [,] - Generating first-pass auditing mapping for entity com.example.loan_service.entity.LoanRejectionReason
2025-09-05 09:15:31 INFO  [restartedMain] o.h.e.c.i.m.AuditMetadataGenerator [,] - Adding properties for entity: com.example.loan_service.entity.LoanRejectionReason
2025-09-05 09:15:31 DEBUG [restartedMain] o.h.e.c.i.m.AuditMetadataGenerator [,] - Generating second-pass auditing mapping for entity com.example.loan_service.entity.Loan
2025-09-05 09:15:31 DEBUG [restartedMain] o.h.e.c.i.m.JoinColumnCollectionMetadataGenerator [,] - Adding audit mapping for property com.example.loan_service.entity.Loan.rejectionReasons: one-to-many collection, using a join column on the referenced entity
2025-09-05 09:15:31 DEBUG [restartedMain] o.h.e.c.i.m.JoinColumnCollectionMetadataGenerator [,] - Adding audit mapping for property com.example.loan_service.entity.Loan.repayments: one-to-many collection, using a join column on the referenced entity
2025-09-05 09:15:31 DEBUG [restartedMain] o.h.e.c.i.m.AuditMetadataGenerator [,] - Generating second-pass auditing mapping for entity com.example.loan_service.entity.Repayment
2025-09-05 09:15:31 DEBUG [restartedMain] o.h.e.c.i.m.AuditMetadataGenerator [,] - Generating second-pass auditing mapping for entity com.example.loan_service.entity.LoanRejectionReason
2025-09-05 09:15:31 DEBUG [restartedMain] o.h.b.m.s.internal.hbm.ModelBinder [,] - Mapping class: com.example.loan_service.entity.Loan_AUD -> loan_aud
2025-09-05 09:15:31 DEBUG [restartedMain] o.h.b.m.s.internal.hbm.ModelBinder [,] - Binding component [com.example.loan_service.entity.Loan_AUD.originalId]
2025-09-05 09:15:31 DEBUG [restartedMain] org.hibernate.mapping.BasicValue [,] - Skipping column re-registration: loan_aud.loan_id
2025-09-05 09:15:31 DEBUG [restartedMain] org.hibernate.mapping.BasicValue [,] - Skipping column re-registration: loan_aud.loan_id
2025-09-05 09:15:31 DEBUG [restartedMain] o.h.b.m.s.internal.hbm.ModelBinder [,] - Mapped property: loanId -> [loan_id]
2025-09-05 09:15:31 DEBUG [restartedMain] o.h.b.m.s.internal.hbm.ModelBinder [,] - Mapped property: REV -> [rev]
2025-09-05 09:15:31 DEBUG [restartedMain] o.h.b.m.s.internal.hbm.ModelBinder [,] - Mapped property: originalId -> [loan_id, rev]
2025-09-05 09:15:31 DEBUG [restartedMain] org.hibernate.mapping.PrimaryKey [,] - Forcing column [rev] to be non-null as it is part of the primary key for table [loan_aud]
2025-09-05 09:15:31 DEBUG [restartedMain] org.hibernate.mapping.PrimaryKey [,] - Forcing column [loan_id] to be non-null as it is part of the primary key for table [loan_aud]
2025-09-05 09:15:31 DEBUG [restartedMain] org.hibernate.mapping.BasicValue [,] - Skipping column re-registration: loan_aud.revtype
2025-09-05 09:15:31 DEBUG [restartedMain] org.hibernate.mapping.BasicValue [,] - Skipping column re-registration: loan_aud.revtype
2025-09-05 09:15:31 DEBUG [restartedMain] o.h.b.m.s.internal.hbm.ModelBinder [,] - Mapped property: REVTYPE -> [revtype]
2025-09-05 09:15:31 DEBUG [restartedMain] org.hibernate.mapping.BasicValue [,] - Skipping column re-registration: loan_aud.amount
2025-09-05 09:15:31 DEBUG [restartedMain] org.hibernate.mapping.BasicValue [,] - Skipping column re-registration: loan_aud.amount
2025-09-05 09:15:31 DEBUG [restartedMain] o.h.b.m.s.internal.hbm.ModelBinder [,] - Mapped property: amount -> [amount]
2025-09-05 09:15:31 DEBUG [restartedMain] org.hibernate.mapping.BasicValue [,] - Skipping column re-registration: loan_aud.approved_at
2025-09-05 09:15:31 DEBUG [restartedMain] org.hibernate.mapping.BasicValue [,] - Skipping column re-registration: loan_aud.approved_at
2025-09-05 09:15:31 DEBUG [restartedMain] o.h.b.m.s.internal.hbm.ModelBinder [,] - Mapped property: approvedAt -> [approved_at]
2025-09-05 09:15:31 DEBUG [restartedMain] org.hibernate.mapping.BasicValue [,] - Skipping column re-registration: loan_aud.audit_created_at
2025-09-05 09:15:31 DEBUG [restartedMain] org.hibernate.mapping.BasicValue [,] - Skipping column re-registration: loan_aud.audit_created_at
2025-09-05 09:15:31 DEBUG [restartedMain] o.h.b.m.s.internal.hbm.ModelBinder [,] - Mapped property: auditCreatedAt -> [audit_created_at]
2025-09-05 09:15:31 DEBUG [restartedMain] org.hibernate.mapping.BasicValue [,] - Skipping column re-registration: loan_aud.audit_created_by
2025-09-05 09:15:31 DEBUG [restartedMain] org.hibernate.mapping.BasicValue [,] - Skipping column re-registration: loan_aud.audit_created_by
2025-09-05 09:15:31 DEBUG [restartedMain] o.h.b.m.s.internal.hbm.ModelBinder [,] - Mapped property: auditCreatedBy -> [audit_created_by]
2025-09-05 09:15:31 DEBUG [restartedMain] org.hibernate.mapping.BasicValue [,] - Skipping column re-registration: loan_aud.audit_last_modified_at
2025-09-05 09:15:31 DEBUG [restartedMain] org.hibernate.mapping.BasicValue [,] - Skipping column re-registration: loan_aud.audit_last_modified_at
2025-09-05 09:15:31 DEBUG [restartedMain] o.h.b.m.s.internal.hbm.ModelBinder [,] - Mapped property: auditLastModifiedAt -> [audit_last_modified_at]
2025-09-05 09:15:31 DEBUG [restartedMain] org.hibernate.mapping.BasicValue [,] - Skipping column re-registration: loan_aud.audit_last_modified_by
2025-09-05 09:15:31 DEBUG [restartedMain] org.hibernate.mapping.BasicValue [,] - Skipping column re-registration: loan_aud.audit_last_modified_by
2025-09-05 09:15:31 DEBUG [restartedMain] o.h.b.m.s.internal.hbm.ModelBinder [,] - Mapped property: auditLastModifiedBy -> [audit_last_modified_by]
2025-09-05 09:15:31 DEBUG [restartedMain] org.hibernate.mapping.BasicValue [,] - Skipping column re-registration: loan_aud.created_at
2025-09-05 09:15:31 DEBUG [restartedMain] org.hibernate.mapping.BasicValue [,] - Skipping column re-registration: loan_aud.created_at
2025-09-05 09:15:31 DEBUG [restartedMain] o.h.b.m.s.internal.hbm.ModelBinder [,] - Mapped property: createdAt -> [created_at]
2025-09-05 09:15:31 DEBUG [restartedMain] org.hibernate.mapping.BasicValue [,] - Skipping column re-registration: loan_aud.customer_id
2025-09-05 09:15:31 DEBUG [restartedMain] org.hibernate.mapping.BasicValue [,] - Skipping column re-registration: loan_aud.customer_id
2025-09-05 09:15:31 DEBUG [restartedMain] o.h.b.m.s.internal.hbm.ModelBinder [,] - Mapped property: customerId -> [customer_id]
2025-09-05 09:15:31 DEBUG [restartedMain] org.hibernate.mapping.BasicValue [,] - Skipping column re-registration: loan_aud.declared_income
2025-09-05 09:15:31 DEBUG [restartedMain] org.hibernate.mapping.BasicValue [,] - Skipping column re-registration: loan_aud.declared_income
2025-09-05 09:15:31 DEBUG [restartedMain] o.h.b.m.s.internal.hbm.ModelBinder [,] - Mapped property: declaredIncome -> [declared_income]
2025-09-05 09:15:31 DEBUG [restartedMain] org.hibernate.mapping.BasicValue [,] - Skipping column re-registration: loan_aud.disbursement_account_number
2025-09-05 09:15:31 DEBUG [restartedMain] org.hibernate.mapping.BasicValue [,] - Skipping column re-registration: loan_aud.disbursement_account_number
2025-09-05 09:15:31 DEBUG [restartedMain] o.h.b.m.s.internal.hbm.ModelBinder [,] - Mapped property: disbursementAccountNumber -> [disbursement_account_number]
2025-09-05 09:15:31 DEBUG [restartedMain] org.hibernate.mapping.BasicValue [,] - Skipping column re-registration: loan_aud.interest_rate
2025-09-05 09:15:31 DEBUG [restartedMain] org.hibernate.mapping.BasicValue [,] - Skipping column re-registration: loan_aud.interest_rate
2025-09-05 09:15:31 DEBUG [restartedMain] o.h.b.m.s.internal.hbm.ModelBinder [,] - Mapped property: interestRate -> [interest_rate]
2025-09-05 09:15:31 DEBUG [restartedMain] org.hibernate.mapping.BasicValue [,] - Skipping column re-registration: loan_aud.loan_type
2025-09-05 09:15:31 DEBUG [restartedMain] org.hibernate.mapping.BasicValue [,] - Skipping column re-registration: loan_aud.loan_type
2025-09-05 09:15:31 DEBUG [restartedMain] o.h.b.m.s.internal.hbm.ModelBinder [,] - Mapped property: loanType -> [loan_type]
2025-09-05 09:15:31 DEBUG [restartedMain] org.hibernate.mapping.BasicValue [,] - Skipping column re-registration: loan_aud.path_file
2025-09-05 09:15:31 DEBUG [restartedMain] org.hibernate.mapping.BasicValue [,] - Skipping column re-registration: loan_aud.path_file
2025-09-05 09:15:31 DEBUG [restartedMain] o.h.b.m.s.internal.hbm.ModelBinder [,] - Mapped property: pathFile -> [path_file]
2025-09-05 09:15:31 DEBUG [restartedMain] org.hibernate.mapping.BasicValue [,] - Skipping column re-registration: loan_aud.repayment_account_number
2025-09-05 09:15:31 DEBUG [restartedMain] org.hibernate.mapping.BasicValue [,] - Skipping column re-registration: loan_aud.repayment_account_number
2025-09-05 09:15:31 DEBUG [restartedMain] o.h.b.m.s.internal.hbm.ModelBinder [,] - Mapped property: repaymentAccountNumber -> [repayment_account_number]
2025-09-05 09:15:31 DEBUG [restartedMain] org.hibernate.mapping.BasicValue [,] - Skipping column re-registration: loan_aud.status
2025-09-05 09:15:31 DEBUG [restartedMain] org.hibernate.mapping.BasicValue [,] - Skipping column re-registration: loan_aud.status
2025-09-05 09:15:31 DEBUG [restartedMain] o.h.b.m.s.internal.hbm.ModelBinder [,] - Mapped property: status -> [status]
2025-09-05 09:15:31 DEBUG [restartedMain] org.hibernate.mapping.BasicValue [,] - Skipping column re-registration: loan_aud.term_months
2025-09-05 09:15:31 DEBUG [restartedMain] org.hibernate.mapping.BasicValue [,] - Skipping column re-registration: loan_aud.term_months
2025-09-05 09:15:31 DEBUG [restartedMain] o.h.b.m.s.internal.hbm.ModelBinder [,] - Mapped property: termMonths -> [term_months]
2025-09-05 09:15:31 DEBUG [restartedMain] o.h.b.m.s.internal.hbm.ModelBinder [,] - Mapping class: com.example.loan_service.entity.Repayment_AUD -> repayment_aud
2025-09-05 09:15:31 DEBUG [restartedMain] o.h.b.m.s.internal.hbm.ModelBinder [,] - Binding component [com.example.loan_service.entity.Repayment_AUD.originalId]
2025-09-05 09:15:31 DEBUG [restartedMain] org.hibernate.mapping.BasicValue [,] - Skipping column re-registration: repayment_aud.repayment_id
2025-09-05 09:15:31 DEBUG [restartedMain] org.hibernate.mapping.BasicValue [,] - Skipping column re-registration: repayment_aud.repayment_id
2025-09-05 09:15:31 DEBUG [restartedMain] o.h.b.m.s.internal.hbm.ModelBinder [,] - Mapped property: repaymentId -> [repayment_id]
2025-09-05 09:15:31 DEBUG [restartedMain] o.h.b.m.s.internal.hbm.ModelBinder [,] - Mapped property: REV -> [rev]
2025-09-05 09:15:31 DEBUG [restartedMain] o.h.b.m.s.internal.hbm.ModelBinder [,] - Mapped property: originalId -> [repayment_id, rev]
2025-09-05 09:15:31 DEBUG [restartedMain] org.hibernate.mapping.PrimaryKey [,] - Forcing column [rev] to be non-null as it is part of the primary key for table [repayment_aud]
2025-09-05 09:15:31 DEBUG [restartedMain] org.hibernate.mapping.PrimaryKey [,] - Forcing column [repayment_id] to be non-null as it is part of the primary key for table [repayment_aud]
2025-09-05 09:15:31 DEBUG [restartedMain] org.hibernate.mapping.BasicValue [,] - Skipping column re-registration: repayment_aud.revtype
2025-09-05 09:15:31 DEBUG [restartedMain] org.hibernate.mapping.BasicValue [,] - Skipping column re-registration: repayment_aud.revtype
2025-09-05 09:15:31 DEBUG [restartedMain] o.h.b.m.s.internal.hbm.ModelBinder [,] - Mapped property: REVTYPE -> [revtype]
2025-09-05 09:15:31 DEBUG [restartedMain] org.hibernate.mapping.BasicValue [,] - Skipping column re-registration: repayment_aud.audit_created_at
2025-09-05 09:15:31 DEBUG [restartedMain] org.hibernate.mapping.BasicValue [,] - Skipping column re-registration: repayment_aud.audit_created_at
2025-09-05 09:15:31 DEBUG [restartedMain] o.h.b.m.s.internal.hbm.ModelBinder [,] - Mapped property: auditCreatedAt -> [audit_created_at]
2025-09-05 09:15:31 DEBUG [restartedMain] org.hibernate.mapping.BasicValue [,] - Skipping column re-registration: repayment_aud.audit_created_by
2025-09-05 09:15:31 DEBUG [restartedMain] org.hibernate.mapping.BasicValue [,] - Skipping column re-registration: repayment_aud.audit_created_by
2025-09-05 09:15:31 DEBUG [restartedMain] o.h.b.m.s.internal.hbm.ModelBinder [,] - Mapped property: auditCreatedBy -> [audit_created_by]
2025-09-05 09:15:31 DEBUG [restartedMain] org.hibernate.mapping.BasicValue [,] - Skipping column re-registration: repayment_aud.audit_last_modified_at
2025-09-05 09:15:31 DEBUG [restartedMain] org.hibernate.mapping.BasicValue [,] - Skipping column re-registration: repayment_aud.audit_last_modified_at
2025-09-05 09:15:31 DEBUG [restartedMain] o.h.b.m.s.internal.hbm.ModelBinder [,] - Mapped property: auditLastModifiedAt -> [audit_last_modified_at]
2025-09-05 09:15:31 DEBUG [restartedMain] org.hibernate.mapping.BasicValue [,] - Skipping column re-registration: repayment_aud.audit_last_modified_by
2025-09-05 09:15:31 DEBUG [restartedMain] org.hibernate.mapping.BasicValue [,] - Skipping column re-registration: repayment_aud.audit_last_modified_by
2025-09-05 09:15:31 DEBUG [restartedMain] o.h.b.m.s.internal.hbm.ModelBinder [,] - Mapped property: auditLastModifiedBy -> [audit_last_modified_by]
2025-09-05 09:15:31 DEBUG [restartedMain] org.hibernate.mapping.BasicValue [,] - Skipping column re-registration: repayment_aud.due_date
2025-09-05 09:15:31 DEBUG [restartedMain] org.hibernate.mapping.BasicValue [,] - Skipping column re-registration: repayment_aud.due_date
2025-09-05 09:15:31 DEBUG [restartedMain] o.h.b.m.s.internal.hbm.ModelBinder [,] - Mapped property: dueDate -> [due_date]
2025-09-05 09:15:31 DEBUG [restartedMain] org.hibernate.mapping.BasicValue [,] - Skipping column re-registration: repayment_aud.interest
2025-09-05 09:15:31 DEBUG [restartedMain] org.hibernate.mapping.BasicValue [,] - Skipping column re-registration: repayment_aud.interest
2025-09-05 09:15:31 DEBUG [restartedMain] o.h.b.m.s.internal.hbm.ModelBinder [,] - Mapped property: interest -> [interest]
2025-09-05 09:15:31 DEBUG [restartedMain] org.hibernate.mapping.BasicValue [,] - Skipping column re-registration: repayment_aud.paid_amount
2025-09-05 09:15:31 DEBUG [restartedMain] org.hibernate.mapping.BasicValue [,] - Skipping column re-registration: repayment_aud.paid_amount
2025-09-05 09:15:31 DEBUG [restartedMain] o.h.b.m.s.internal.hbm.ModelBinder [,] - Mapped property: paidAmount -> [paid_amount]
2025-09-05 09:15:31 DEBUG [restartedMain] org.hibernate.mapping.BasicValue [,] - Skipping column re-registration: repayment_aud.principal
2025-09-05 09:15:31 DEBUG [restartedMain] org.hibernate.mapping.BasicValue [,] - Skipping column re-registration: repayment_aud.principal
2025-09-05 09:15:31 DEBUG [restartedMain] o.h.b.m.s.internal.hbm.ModelBinder [,] - Mapped property: principal -> [principal]
2025-09-05 09:15:31 DEBUG [restartedMain] org.hibernate.mapping.BasicValue [,] - Skipping column re-registration: repayment_aud.status
2025-09-05 09:15:31 DEBUG [restartedMain] org.hibernate.mapping.BasicValue [,] - Skipping column re-registration: repayment_aud.status
2025-09-05 09:15:31 DEBUG [restartedMain] o.h.b.m.s.internal.hbm.ModelBinder [,] - Mapped property: status -> [status]
2025-09-05 09:15:31 DEBUG [restartedMain] org.hibernate.mapping.BasicValue [,] - Skipping column re-registration: repayment_aud.loan_id
2025-09-05 09:15:31 DEBUG [restartedMain] org.hibernate.mapping.BasicValue [,] - Skipping column re-registration: repayment_aud.loan_id
2025-09-05 09:15:31 DEBUG [restartedMain] o.h.b.m.s.internal.hbm.ModelBinder [,] - Mapped property: loan_loanId -> [loan_id]
2025-09-05 09:15:31 DEBUG [restartedMain] o.h.b.m.s.internal.hbm.ModelBinder [,] - Mapping class: com.example.loan_service.entity.LoanRejectionReason_AUD -> loan_rejection_reason_aud
2025-09-05 09:15:31 DEBUG [restartedMain] o.h.b.m.s.internal.hbm.ModelBinder [,] - Binding component [com.example.loan_service.entity.LoanRejectionReason_AUD.originalId]
2025-09-05 09:15:31 DEBUG [restartedMain] org.hibernate.mapping.BasicValue [,] - Skipping column re-registration: loan_rejection_reason_aud.id
2025-09-05 09:15:31 DEBUG [restartedMain] org.hibernate.mapping.BasicValue [,] - Skipping column re-registration: loan_rejection_reason_aud.id
2025-09-05 09:15:31 DEBUG [restartedMain] o.h.b.m.s.internal.hbm.ModelBinder [,] - Mapped property: id -> [id]
2025-09-05 09:15:31 DEBUG [restartedMain] o.h.b.m.s.internal.hbm.ModelBinder [,] - Mapped property: REV -> [rev]
2025-09-05 09:15:31 DEBUG [restartedMain] o.h.b.m.s.internal.hbm.ModelBinder [,] - Mapped property: originalId -> [id, rev]
2025-09-05 09:15:31 DEBUG [restartedMain] org.hibernate.mapping.PrimaryKey [,] - Forcing column [rev] to be non-null as it is part of the primary key for table [loan_rejection_reason_aud]
2025-09-05 09:15:31 DEBUG [restartedMain] org.hibernate.mapping.PrimaryKey [,] - Forcing column [id] to be non-null as it is part of the primary key for table [loan_rejection_reason_aud]
2025-09-05 09:15:31 DEBUG [restartedMain] org.hibernate.mapping.BasicValue [,] - Skipping column re-registration: loan_rejection_reason_aud.revtype
2025-09-05 09:15:31 DEBUG [restartedMain] org.hibernate.mapping.BasicValue [,] - Skipping column re-registration: loan_rejection_reason_aud.revtype
2025-09-05 09:15:31 DEBUG [restartedMain] o.h.b.m.s.internal.hbm.ModelBinder [,] - Mapped property: REVTYPE -> [revtype]
2025-09-05 09:15:31 DEBUG [restartedMain] org.hibernate.mapping.BasicValue [,] - Skipping column re-registration: loan_rejection_reason_aud.created_at
2025-09-05 09:15:31 DEBUG [restartedMain] org.hibernate.mapping.BasicValue [,] - Skipping column re-registration: loan_rejection_reason_aud.created_at
2025-09-05 09:15:31 DEBUG [restartedMain] o.h.b.m.s.internal.hbm.ModelBinder [,] - Mapped property: createdAt -> [created_at]
2025-09-05 09:15:31 DEBUG [restartedMain] org.hibernate.mapping.BasicValue [,] - Skipping column re-registration: loan_rejection_reason_aud.reason
2025-09-05 09:15:31 DEBUG [restartedMain] org.hibernate.mapping.BasicValue [,] - Skipping column re-registration: loan_rejection_reason_aud.reason
2025-09-05 09:15:31 DEBUG [restartedMain] o.h.b.m.s.internal.hbm.ModelBinder [,] - Mapped property: reason -> [reason]
2025-09-05 09:15:31 DEBUG [restartedMain] org.hibernate.mapping.BasicValue [,] - Skipping column re-registration: loan_rejection_reason_aud.loan_id
2025-09-05 09:15:31 DEBUG [restartedMain] org.hibernate.mapping.BasicValue [,] - Skipping column re-registration: loan_rejection_reason_aud.loan_id
2025-09-05 09:15:31 DEBUG [restartedMain] o.h.b.m.s.internal.hbm.ModelBinder [,] - Mapped property: loan_loanId -> [loan_id]
2025-09-05 09:15:31 DEBUG [restartedMain] o.h.b.m.s.internal.hbm.ModelBinder [,] - Mapping class: org.hibernate.envers.DefaultRevisionEntity -> revinfo
2025-09-05 09:15:31 DEBUG [restartedMain] org.hibernate.mapping.BasicValue [,] - Skipping column re-registration: revinfo.rev
2025-09-05 09:15:31 DEBUG [restartedMain] org.hibernate.mapping.BasicValue [,] - Skipping column re-registration: revinfo.rev
2025-09-05 09:15:31 DEBUG [restartedMain] o.h.b.m.s.internal.hbm.ModelBinder [,] - Mapped property: id -> [rev]
2025-09-05 09:15:31 DEBUG [restartedMain] org.hibernate.mapping.PrimaryKey [,] - Forcing column [rev] to be non-null as it is part of the primary key for table [revinfo]
2025-09-05 09:15:31 DEBUG [restartedMain] org.hibernate.mapping.BasicValue [,] - Skipping column re-registration: revinfo.revtstmp
2025-09-05 09:15:31 DEBUG [restartedMain] org.hibernate.mapping.BasicValue [,] - Skipping column re-registration: revinfo.revtstmp
2025-09-05 09:15:31 DEBUG [restartedMain] o.h.b.m.s.internal.hbm.ModelBinder [,] - Mapped property: timestamp -> [revtstmp]
2025-09-05 09:15:31 DEBUG [restartedMain] o.h.internal.SessionFactoryImpl [,] - Building session factory
2025-09-05 09:15:31 DEBUG [restartedMain] o.h.s.i.SessionFactoryServiceRegistryImpl [,] - EventListenerRegistry access via ServiceRegistry is deprecated.  Use `sessionFactory.getEventEngine().getListenerRegistry()` instead
2025-09-05 09:15:31 DEBUG [restartedMain] o.h.internal.SessionFactoryImpl [,] - Instantiating SessionFactory with settings: {hibernate.format_sql=true, jdk.tls.rejectClientInitiatedRenegotiation=true, java.specification.version=17, hibernate.resource.beans.container=org.springframework.orm.hibernate5.SpringBeanContainer@6f454a7d, hibernate.connection.handling_mode=DELAYED_ACQUISITION_AND_HOLD, sun.jnu.encoding=UTF-8, hibernate.dialect=org.hibernate.dialect.MySQLDialect, hibernate.implicit_naming_strategy=org.springframework.boot.orm.jpa.hibernate.SpringImplicitNamingStrategy, java.class.path=/home/phuc-khang/banking system/java-banking-phase2/backend/loan-service/target/classes:/home/phuc-khang/.m2/repository/org/springframework/boot/spring-boot-starter-actuator/3.3.11/spring-boot-starter-actuator-3.3.11.jar:/home/phuc-khang/.m2/repository/org/springframework/boot/spring-boot-starter/3.3.11/spring-boot-starter-3.3.11.jar:/home/phuc-khang/.m2/repository/org/springframework/boot/spring-boot-starter-logging/3.3.11/spring-boot-starter-logging-3.3.11.jar:/home/phuc-khang/.m2/repository/ch/qos/logback/logback-classic/1.5.18/logback-classic-1.5.18.jar:/home/phuc-khang/.m2/repository/ch/qos/logback/logback-core/1.5.18/logback-core-1.5.18.jar:/home/phuc-khang/.m2/repository/org/apache/logging/log4j/log4j-to-slf4j/2.23.1/log4j-to-slf4j-2.23.1.jar:/home/phuc-khang/.m2/repository/org/apache/logging/log4j/log4j-api/2.23.1/log4j-api-2.23.1.jar:/home/phuc-khang/.m2/repository/org/slf4j/jul-to-slf4j/2.0.17/jul-to-slf4j-2.0.17.jar:/home/phuc-khang/.m2/repository/jakarta/annotation/jakarta.annotation-api/2.1.1/jakarta.annotation-api-2.1.1.jar:/home/phuc-khang/.m2/repository/org/yaml/snakeyaml/2.2/snakeyaml-2.2.jar:/home/phuc-khang/.m2/repository/org/springframework/boot/spring-boot-actuator-autoconfigure/3.3.11/spring-boot-actuator-autoconfigure-3.3.11.jar:/home/phuc-khang/.m2/repository/org/springframework/boot/spring-boot-actuator/3.3.11/spring-boot-actuator-3.3.11.jar:/home/phuc-khang/.m2/repository/io/micrometer/micrometer-observation/1.13.6/micrometer-observation-1.13.6.jar:/home/phuc-khang/.m2/repository/io/micrometer/micrometer-jakarta9/1.13.6/micrometer-jakarta9-1.13.6.jar:/home/phuc-khang/.m2/repository/io/micrometer/micrometer-core/1.13.6/micrometer-core-1.13.6.jar:/home/phuc-khang/.m2/repository/io/micrometer/micrometer-commons/1.13.6/micrometer-commons-1.13.6.jar:/home/phuc-khang/.m2/repository/org/hdrhistogram/HdrHistogram/2.2.2/HdrHistogram-2.2.2.jar:/home/phuc-khang/.m2/repository/org/latencyutils/LatencyUtils/2.0.3/LatencyUtils-2.0.3.jar:/home/phuc-khang/.m2/repository/io/micrometer/micrometer-registry-prometheus/1.13.6/micrometer-registry-prometheus-1.13.6.jar:/home/phuc-khang/.m2/repository/io/prometheus/prometheus-metrics-core/1.2.1/prometheus-metrics-core-1.2.1.jar:/home/phuc-khang/.m2/repository/io/prometheus/prometheus-metrics-model/1.2.1/prometheus-metrics-model-1.2.1.jar:/home/phuc-khang/.m2/repository/io/prometheus/prometheus-metrics-config/1.2.1/prometheus-metrics-config-1.2.1.jar:/home/phuc-khang/.m2/repository/io/prometheus/prometheus-metrics-tracer-common/1.2.1/prometheus-metrics-tracer-common-1.2.1.jar:/home/phuc-khang/.m2/repository/io/prometheus/prometheus-metrics-exposition-formats/1.2.1/prometheus-metrics-exposition-formats-1.2.1.jar:/home/phuc-khang/.m2/repository/io/prometheus/prometheus-metrics-shaded-protobuf/1.2.1/prometheus-metrics-shaded-protobuf-1.2.1.jar:/home/phuc-khang/.m2/repository/software/amazon/awssdk/auth/2.31.31/auth-2.31.31.jar:/home/phuc-khang/.m2/repository/software/amazon/awssdk/annotations/2.31.31/annotations-2.31.31.jar:/home/phuc-khang/.m2/repository/software/amazon/awssdk/utils/2.31.31/utils-2.31.31.jar:/home/phuc-khang/.m2/repository/org/reactivestreams/reactive-streams/1.0.4/reactive-streams-1.0.4.jar:/home/phuc-khang/.m2/repository/software/amazon/awssdk/sdk-core/2.31.31/sdk-core-2.31.31.jar:/home/phuc-khang/.m2/repository/software/amazon/awssdk/retries/2.31.31/retries-2.31.31.jar:/home/phuc-khang/.m2/repository/software/amazon/awssdk/identity-spi/2.31.31/identity-spi-2.31.31.jar:/home/phuc-khang/.m2/repository/software/amazon/awssdk/profiles/2.31.31/profiles-2.31.31.jar:/home/phuc-khang/.m2/repository/software/amazon/awssdk/http-client-spi/2.31.31/http-client-spi-2.31.31.jar:/home/phuc-khang/.m2/repository/software/amazon/awssdk/json-utils/2.31.31/json-utils-2.31.31.jar:/home/phuc-khang/.m2/repository/software/amazon/awssdk/third-party-jackson-core/2.31.31/third-party-jackson-core-2.31.31.jar:/home/phuc-khang/.m2/repository/software/amazon/awssdk/http-auth-aws/2.31.31/http-auth-aws-2.31.31.jar:/home/phuc-khang/.m2/repository/software/amazon/awssdk/http-auth-aws-eventstream/2.31.31/http-auth-aws-eventstream-2.31.31.jar:/home/phuc-khang/.m2/repository/software/amazon/awssdk/http-auth/2.31.31/http-auth-2.31.31.jar:/home/phuc-khang/.m2/repository/software/amazon/awssdk/http-auth-spi/2.31.31/http-auth-spi-2.31.31.jar:/home/phuc-khang/.m2/repository/software/amazon/eventstream/eventstream/1.0.1/eventstream-1.0.1.jar:/home/phuc-khang/.m2/repository/software/amazon/awssdk/s3/2.31.31/s3-2.31.31.jar:/home/phuc-khang/.m2/repository/software/amazon/awssdk/aws-xml-protocol/2.31.31/aws-xml-protocol-2.31.31.jar:/home/phuc-khang/.m2/repository/software/amazon/awssdk/aws-query-protocol/2.31.31/aws-query-protocol-2.31.31.jar:/home/phuc-khang/.m2/repository/software/amazon/awssdk/protocol-core/2.31.31/protocol-core-2.31.31.jar:/home/phuc-khang/.m2/repository/software/amazon/awssdk/arns/2.31.31/arns-2.31.31.jar:/home/phuc-khang/.m2/repository/software/amazon/awssdk/crt-core/2.31.31/crt-core-2.31.31.jar:/home/phuc-khang/.m2/repository/software/amazon/awssdk/checksums/2.31.31/checksums-2.31.31.jar:/home/phuc-khang/.m2/repository/software/amazon/awssdk/checksums-spi/2.31.31/checksums-spi-2.31.31.jar:/home/phuc-khang/.m2/repository/software/amazon/awssdk/retries-spi/2.31.31/retries-spi-2.31.31.jar:/home/phuc-khang/.m2/repository/software/amazon/awssdk/aws-core/2.31.31/aws-core-2.31.31.jar:/home/phuc-khang/.m2/repository/software/amazon/awssdk/metrics-spi/2.31.31/metrics-spi-2.31.31.jar:/home/phuc-khang/.m2/repository/software/amazon/awssdk/endpoints-spi/2.31.31/endpoints-spi-2.31.31.jar:/home/phuc-khang/.m2/repository/software/amazon/awssdk/apache-client/2.31.31/apache-client-2.31.31.jar:/home/phuc-khang/.m2/repository/org/apache/httpcomponents/httpclient/4.5.13/httpclient-4.5.13.jar:/home/phuc-khang/.m2/repository/commons-logging/commons-logging/1.2/commons-logging-1.2.jar:/home/phuc-khang/.m2/repository/org/apache/httpcomponents/httpcore/4.4.16/httpcore-4.4.16.jar:/home/phuc-khang/.m2/repository/commons-codec/commons-codec/1.16.1/commons-codec-1.16.1.jar:/home/phuc-khang/.m2/repository/software/amazon/awssdk/netty-nio-client/2.31.31/netty-nio-client-2.31.31.jar:/home/phuc-khang/.m2/repository/io/netty/netty-codec-http/4.1.119.Final/netty-codec-http-4.1.119.Final.jar:/home/phuc-khang/.m2/repository/io/netty/netty-codec-http2/4.1.119.Final/netty-codec-http2-4.1.119.Final.jar:/home/phuc-khang/.m2/repository/io/netty/netty-codec/4.1.119.Final/netty-codec-4.1.119.Final.jar:/home/phuc-khang/.m2/repository/io/netty/netty-transport/4.1.119.Final/netty-transport-4.1.119.Final.jar:/home/phuc-khang/.m2/repository/io/netty/netty-common/4.1.119.Final/netty-common-4.1.119.Final.jar:/home/phuc-khang/.m2/repository/io/netty/netty-buffer/4.1.119.Final/netty-buffer-4.1.119.Final.jar:/home/phuc-khang/.m2/repository/io/netty/netty-transport-classes-epoll/4.1.119.Final/netty-transport-classes-epoll-4.1.119.Final.jar:/home/phuc-khang/.m2/repository/io/netty/netty-resolver/4.1.119.Final/netty-resolver-4.1.119.Final.jar:/home/phuc-khang/.m2/repository/software/amazon/awssdk/regions/2.31.31/regions-2.31.31.jar:/home/phuc-khang/.m2/repository/org/slf4j/slf4j-api/2.0.17/slf4j-api-2.0.17.jar:/home/phuc-khang/.m2/repository/com/fasterxml/jackson/datatype/jackson-datatype-jsr310/2.17.3/jackson-datatype-jsr310-2.17.3.jar:/home/phuc-khang/.m2/repository/com/fasterxml/jackson/core/jackson-annotations/2.17.3/jackson-annotations-2.17.3.jar:/home/phuc-khang/.m2/repository/com/fasterxml/jackson/core/jackson-core/2.17.3/jackson-core-2.17.3.jar:/home/phuc-khang/.m2/repository/com/fasterxml/jackson/core/jackson-databind/2.17.3/jackson-databind-2.17.3.jar:/home/phuc-khang/.m2/repository/org/springframework/cloud/spring-cloud-starter-stream-kafka/4.2.1/spring-cloud-starter-stream-kafka-4.2.1.jar:/home/phuc-khang/.m2/repository/org/springframework/cloud/spring-cloud-stream-binder-kafka/4.2.1/spring-cloud-stream-binder-kafka-4.2.1.jar:/home/phuc-khang/.m2/repository/org/springframework/cloud/spring-cloud-stream-binder-kafka-core/4.2.1/spring-cloud-stream-binder-kafka-core-4.2.1.jar:/home/phuc-khang/.m2/repository/org/springframework/integration/spring-integration-kafka/6.3.9/spring-integration-kafka-6.3.9.jar:/home/phuc-khang/.m2/repository/org/springframework/kafka/spring-kafka/3.2.8/spring-kafka-3.2.8.jar:/home/phuc-khang/.m2/repository/org/apache/kafka/kafka-clients/3.7.2/kafka-clients-3.7.2.jar:/home/phuc-khang/.m2/repository/com/github/luben/zstd-jni/1.5.6-4/zstd-jni-1.5.6-4.jar:/home/phuc-khang/.m2/repository/org/lz4/lz4-java/1.8.0/lz4-java-1.8.0.jar:/home/phuc-khang/.m2/repository/org/xerial/snappy/snappy-java/1.1.10.5/snappy-java-1.1.10.5.jar:/home/phuc-khang/.m2/repository/org/springframework/boot/spring-boot-starter-cache/3.5.4/spring-boot-starter-cache-3.5.4.jar:/home/phuc-khang/.m2/repository/org/springframework/spring-context-support/6.1.19/spring-context-support-6.1.19.jar:/home/phuc-khang/.m2/repository/org/springframework/spring-beans/6.1.19/spring-beans-6.1.19.jar:/home/phuc-khang/.m2/repository/org/springframework/spring-context/6.1.19/spring-context-6.1.19.jar:/home/phuc-khang/.m2/repository/org/springframework/boot/spring-boot-starter-data-redis/3.5.4/spring-boot-starter-data-redis-3.5.4.jar:/home/phuc-khang/.m2/repository/io/lettuce/lettuce-core/6.3.2.RELEASE/lettuce-core-6.3.2.RELEASE.jar:/home/phuc-khang/.m2/repository/io/projectreactor/reactor-core/3.6.16/reactor-core-3.6.16.jar:/home/phuc-khang/.m2/repository/org/springframework/data/spring-data-redis/3.3.11/spring-data-redis-3.3.11.jar:/home/phuc-khang/.m2/repository/org/springframework/data/spring-data-keyvalue/3.3.11/spring-data-keyvalue-3.3.11.jar:/home/phuc-khang/.m2/repository/org/springframework/spring-tx/6.1.19/spring-tx-6.1.19.jar:/home/phuc-khang/.m2/repository/org/springframework/spring-oxm/6.1.19/spring-oxm-6.1.19.jar:/home/phuc-khang/.m2/repository/jakarta/validation/jakarta.validation-api/3.1.1/jakarta.validation-api-3.1.1.jar:/home/phuc-khang/.m2/repository/com/mysql/mysql-connector-j/8.3.0/mysql-connector-j-8.3.0.jar:/home/phuc-khang/.m2/repository/org/mapstruct/mapstruct/1.6.3/mapstruct-1.6.3.jar:/home/phuc-khang/.m2/repository/org/springframework/boot/spring-boot-starter-data-jpa/3.3.11/spring-boot-starter-data-jpa-3.3.11.jar:/home/phuc-khang/.m2/repository/org/springframework/boot/spring-boot-starter-jdbc/3.3.11/spring-boot-starter-jdbc-3.3.11.jar:/home/phuc-khang/.m2/repository/com/zaxxer/HikariCP/5.1.0/HikariCP-5.1.0.jar:/home/phuc-khang/.m2/repository/org/springframework/spring-jdbc/6.1.19/spring-jdbc-6.1.19.jar:/home/phuc-khang/.m2/repository/org/hibernate/orm/hibernate-core/6.5.3.Final/hibernate-core-6.5.3.Final.jar:/home/phuc-khang/.m2/repository/jakarta/transaction/jakarta.transaction-api/2.0.1/jakarta.transaction-api-2.0.1.jar:/home/phuc-khang/.m2/repository/com/fasterxml/classmate/1.7.0/classmate-1.7.0.jar:/home/phuc-khang/.m2/repository/net/bytebuddy/byte-buddy/1.14.19/byte-buddy-1.14.19.jar:/home/phuc-khang/.m2/repository/jakarta/inject/jakarta.inject-api/2.0.1/jakarta.inject-api-2.0.1.jar:/home/phuc-khang/.m2/repository/org/antlr/antlr4-runtime/4.13.0/antlr4-runtime-4.13.0.jar:/home/phuc-khang/.m2/repository/org/springframework/data/spring-data-jpa/3.3.11/spring-data-jpa-3.3.11.jar:/home/phuc-khang/.m2/repository/org/springframework/data/spring-data-commons/3.3.11/spring-data-commons-3.3.11.jar:/home/phuc-khang/.m2/repository/org/springframework/spring-orm/6.1.19/spring-orm-6.1.19.jar:/home/phuc-khang/.m2/repository/org/springframework/spring-aspects/6.1.19/spring-aspects-6.1.19.jar:/home/phuc-khang/.m2/repository/org/springframework/boot/spring-boot-starter-web/3.3.11/spring-boot-starter-web-3.3.11.jar:/home/phuc-khang/.m2/repository/org/springframework/boot/spring-boot-starter-json/3.3.11/spring-boot-starter-json-3.3.11.jar:/home/phuc-khang/.m2/repository/com/fasterxml/jackson/module/jackson-module-parameter-names/2.17.3/jackson-module-parameter-names-2.17.3.jar:/home/phuc-khang/.m2/repository/org/springframework/boot/spring-boot-starter-tomcat/3.3.11/spring-boot-starter-tomcat-3.3.11.jar:/home/phuc-khang/.m2/repository/org/apache/tomcat/embed/tomcat-embed-core/10.1.40/tomcat-embed-core-10.1.40.jar:/home/phuc-khang/.m2/repository/org/apache/tomcat/embed/tomcat-embed-el/10.1.40/tomcat-embed-el-10.1.40.jar:/home/phuc-khang/.m2/repository/org/apache/tomcat/embed/tomcat-embed-websocket/10.1.40/tomcat-embed-websocket-10.1.40.jar:/home/phuc-khang/.m2/repository/org/springframework/spring-web/6.1.19/spring-web-6.1.19.jar:/home/phuc-khang/.m2/repository/org/springframework/spring-webmvc/6.1.19/spring-webmvc-6.1.19.jar:/home/phuc-khang/.m2/repository/org/springframework/spring-expression/6.1.19/spring-expression-6.1.19.jar:/home/phuc-khang/banking system/java-banking-phase2/backend/common-service/target/classes:/home/phuc-khang/.m2/repository/jakarta/persistence/jakarta.persistence-api/3.1.0/jakarta.persistence-api-3.1.0.jar:/home/phuc-khang/.m2/repository/org/apache/dubbo/dubbo-spring-boot-starter/3.3.2/dubbo-spring-boot-starter-3.3.2.jar:/home/phuc-khang/.m2/repository/org/apache/dubbo/dubbo-spring-boot-autoconfigure/3.3.2/dubbo-spring-boot-autoconfigure-3.3.2.jar:/home/phuc-khang/.m2/repository/org/apache/dubbo/dubbo-spring-boot-autoconfigure-compatible/3.3.2/dubbo-spring-boot-autoconfigure-compatible-3.3.2.jar:/home/phuc-khang/.m2/repository/org/apache/dubbo/dubbo/3.3.2/dubbo-3.3.2.jar:/home/phuc-khang/.m2/repository/org/javassist/javassist/3.30.2-GA/javassist-3.30.2-GA.jar:/home/phuc-khang/.m2/repository/io/netty/netty-all/4.1.119.Final/netty-all-4.1.119.Final.jar:/home/phuc-khang/.m2/repository/io/netty/netty-codec-dns/4.1.119.Final/netty-codec-dns-4.1.119.Final.jar:/home/phuc-khang/.m2/repository/io/netty/netty-codec-haproxy/4.1.119.Final/netty-codec-haproxy-4.1.119.Final.jar:/home/phuc-khang/.m2/repository/io/netty/netty-codec-memcache/4.1.119.Final/netty-codec-memcache-4.1.119.Final.jar:/home/phuc-khang/.m2/repository/io/netty/netty-codec-mqtt/4.1.119.Final/netty-codec-mqtt-4.1.119.Final.jar:/home/phuc-khang/.m2/repository/io/netty/netty-codec-redis/4.1.119.Final/netty-codec-redis-4.1.119.Final.jar:/home/phuc-khang/.m2/repository/io/netty/netty-codec-smtp/4.1.119.Final/netty-codec-smtp-4.1.119.Final.jar:/home/phuc-khang/.m2/repository/io/netty/netty-codec-socks/4.1.119.Final/netty-codec-socks-4.1.119.Final.jar:/home/phuc-khang/.m2/repository/io/netty/netty-codec-stomp/4.1.119.Final/netty-codec-stomp-4.1.119.Final.jar:/home/phuc-khang/.m2/repository/io/netty/netty-codec-xml/4.1.119.Final/netty-codec-xml-4.1.119.Final.jar:/home/phuc-khang/.m2/repository/io/netty/netty-handler-proxy/4.1.119.Final/netty-handler-proxy-4.1.119.Final.jar:/home/phuc-khang/.m2/repository/io/netty/netty-handler-ssl-ocsp/4.1.119.Final/netty-handler-ssl-ocsp-4.1.119.Final.jar:/home/phuc-khang/.m2/repository/io/netty/netty-resolver-dns/4.1.119.Final/netty-resolver-dns-4.1.119.Final.jar:/home/phuc-khang/.m2/repository/io/netty/netty-transport-rxtx/4.1.119.Final/netty-transport-rxtx-4.1.119.Final.jar:/home/phuc-khang/.m2/repository/io/netty/netty-transport-sctp/4.1.119.Final/netty-transport-sctp-4.1.119.Final.jar:/home/phuc-khang/.m2/repository/io/netty/netty-transport-udt/4.1.119.Final/netty-transport-udt-4.1.119.Final.jar:/home/phuc-khang/.m2/repository/io/netty/netty-transport-classes-kqueue/4.1.119.Final/netty-transport-classes-kqueue-4.1.119.Final.jar:/home/phuc-khang/.m2/repository/io/netty/netty-resolver-dns-classes-macos/4.1.119.Final/netty-resolver-dns-classes-macos-4.1.119.Final.jar:/home/phuc-khang/.m2/repository/io/netty/netty-transport-native-epoll/4.1.119.Final/netty-transport-native-epoll-4.1.119.Final-linux-x86_64.jar:/home/phuc-khang/.m2/repository/io/netty/netty-transport-native-epoll/4.1.119.Final/netty-transport-native-epoll-4.1.119.Final-linux-aarch_64.jar:/home/phuc-khang/.m2/repository/io/netty/netty-transport-native-epoll/4.1.119.Final/netty-transport-native-epoll-4.1.119.Final-linux-riscv64.jar:/home/phuc-khang/.m2/repository/io/netty/netty-transport-native-kqueue/4.1.119.Final/netty-transport-native-kqueue-4.1.119.Final-osx-x86_64.jar:/home/phuc-khang/.m2/repository/io/netty/netty-transport-native-kqueue/4.1.119.Final/netty-transport-native-kqueue-4.1.119.Final-osx-aarch_64.jar:/home/phuc-khang/.m2/repository/io/netty/netty-resolver-dns-native-macos/4.1.119.Final/netty-resolver-dns-native-macos-4.1.119.Final-osx-x86_64.jar:/home/phuc-khang/.m2/repository/io/netty/netty-resolver-dns-native-macos/4.1.119.Final/netty-resolver-dns-native-macos-4.1.119.Final-osx-aarch_64.jar:/home/phuc-khang/.m2/repository/org/apache/dubbo/hessian-lite/4.0.3/hessian-lite-4.0.3.jar:/home/phuc-khang/.m2/repository/com/alibaba/fastjson2/fastjson2/2.0.53/fastjson2-2.0.53.jar:/home/phuc-khang/.m2/repository/com/google/protobuf/protobuf-java/3.25.5/protobuf-java-3.25.5.jar:/home/phuc-khang/.m2/repository/org/apache/curator/curator-framework/5.1.0/curator-framework-5.1.0.jar:/home/phuc-khang/.m2/repository/org/apache/curator/curator-client/5.1.0/curator-client-5.1.0.jar:/home/phuc-khang/.m2/repository/org/apache/zookeeper/zookeeper/3.7.1/zookeeper-3.7.1.jar:/home/phuc-khang/.m2/repository/org/apache/zookeeper/zookeeper-jute/3.7.1/zookeeper-jute-3.7.1.jar:/home/phuc-khang/.m2/repository/org/apache/yetus/audience-annotations/0.12.0/audience-annotations-0.12.0.jar:/home/phuc-khang/.m2/repository/io/netty/netty-handler/4.1.119.Final/netty-handler-4.1.119.Final.jar:/home/phuc-khang/.m2/repository/io/netty/netty-transport-native-unix-common/4.1.119.Final/netty-transport-native-unix-common-4.1.119.Final.jar:/home/phuc-khang/.m2/repository/io/netty/netty-transport-native-epoll/4.1.119.Final/netty-transport-native-epoll-4.1.119.Final.jar:/home/phuc-khang/.m2/repository/org/apache/curator/curator-recipes/5.5.0/curator-recipes-5.5.0.jar:/home/phuc-khang/.m2/repository/org/apache/curator/curator-x-discovery/5.5.0/curator-x-discovery-5.5.0.jar:/home/phuc-khang/.m2/repository/org/springframework/boot/spring-boot-devtools/3.3.11/spring-boot-devtools-3.3.11.jar:/home/phuc-khang/.m2/repository/org/springframework/boot/spring-boot/3.3.11/spring-boot-3.3.11.jar:/home/phuc-khang/.m2/repository/org/springframework/boot/spring-boot-autoconfigure/3.3.11/spring-boot-autoconfigure-3.3.11.jar:/home/phuc-khang/.m2/repository/jakarta/xml/bind/jakarta.xml.bind-api/4.0.2/jakarta.xml.bind-api-4.0.2.jar:/home/phuc-khang/.m2/repository/jakarta/activation/jakarta.activation-api/2.1.3/jakarta.activation-api-2.1.3.jar:/home/phuc-khang/.m2/repository/org/springframework/spring-core/6.1.19/spring-core-6.1.19.jar:/home/phuc-khang/.m2/repository/org/springframework/spring-jcl/6.1.19/spring-jcl-6.1.19.jar:/home/phuc-khang/.m2/repository/org/springframework/cloud/spring-cloud-stream/4.2.1/spring-cloud-stream-4.2.1.jar:/home/phuc-khang/.m2/repository/org/springframework/boot/spring-boot-starter-validation/3.3.11/spring-boot-starter-validation-3.3.11.jar:/home/phuc-khang/.m2/repository/org/hibernate/validator/hibernate-validator/8.0.2.Final/hibernate-validator-8.0.2.Final.jar:/home/phuc-khang/.m2/repository/org/springframework/spring-messaging/6.1.19/spring-messaging-6.1.19.jar:/home/phuc-khang/.m2/repository/org/springframework/integration/spring-integration-core/6.3.9/spring-integration-core-6.3.9.jar:/home/phuc-khang/.m2/repository/org/springframework/integration/spring-integration-jmx/6.3.9/spring-integration-jmx-6.3.9.jar:/home/phuc-khang/.m2/repository/org/springframework/retry/spring-retry/2.0.11/spring-retry-2.0.11.jar:/home/phuc-khang/.m2/repository/org/springframework/cloud/spring-cloud-function-context/4.2.2/spring-cloud-function-context-4.2.2.jar:/home/phuc-khang/.m2/repository/org/springframework/cloud/spring-cloud-function-core/4.2.2/spring-cloud-function-core-4.2.2.jar:/home/phuc-khang/.m2/repository/com/fasterxml/jackson/datatype/jackson-datatype-joda/2.17.3/jackson-datatype-joda-2.17.3.jar:/home/phuc-khang/.m2/repository/joda-time/joda-time/2.10.14/joda-time-2.10.14.jar:/home/phuc-khang/.m2/repository/org/keycloak/keycloak-spring-boot-starter/24.0.5/keycloak-spring-boot-starter-24.0.5.jar:/home/phuc-khang/.m2/repository/org/keycloak/keycloak-spring-boot-2-adapter/24.0.5/keycloak-spring-boot-2-adapter-24.0.5.jar:/home/phuc-khang/.m2/repository/org/keycloak/keycloak-spring-boot-adapter-core/24.0.5/keycloak-spring-boot-adapter-core-24.0.5.jar:/home/phuc-khang/.m2/repository/org/keycloak/keycloak-core/24.0.5/keycloak-core-24.0.5.jar:/home/phuc-khang/.m2/repository/org/keycloak/keycloak-common/24.0.5/keycloak-common-24.0.5.jar:/home/phuc-khang/.m2/repository/org/keycloak/keycloak-authz-client/24.0.5/keycloak-authz-client-24.0.5.jar:/home/phuc-khang/.m2/repository/org/keycloak/spring-boot-container-bundle/24.0.5/spring-boot-container-bundle-24.0.5.jar:/home/phuc-khang/.m2/repository/org/keycloak/keycloak-adapter-core/24.0.5/keycloak-adapter-core-24.0.5.jar:/home/phuc-khang/.m2/repository/org/keycloak/keycloak-crypto-default/24.0.5/keycloak-crypto-default-24.0.5.jar:/home/phuc-khang/.m2/repository/org/keycloak/keycloak-server-spi/24.0.5/keycloak-server-spi-24.0.5.jar:/home/phuc-khang/.m2/repository/org/keycloak/keycloak-server-spi-private/24.0.5/keycloak-server-spi-private-24.0.5.jar:/home/phuc-khang/.m2/repository/org/bouncycastle/bcpkix-jdk18on/1.77/bcpkix-jdk18on-1.77.jar:/home/phuc-khang/.m2/repository/org/bouncycastle/bcutil-jdk18on/1.77/bcutil-jdk18on-1.77.jar:/home/phuc-khang/.m2/repository/org/keycloak/keycloak-spring-security-adapter/24.0.5/keycloak-spring-security-adapter-24.0.5.jar:/home/phuc-khang/.m2/repository/org/keycloak/keycloak-adapter-spi/24.0.5/keycloak-adapter-spi-24.0.5.jar:/home/phuc-khang/.m2/repository/org/keycloak/keycloak-policy-enforcer/24.0.5/keycloak-policy-enforcer-24.0.5.jar:/home/phuc-khang/.m2/repository/org/bouncycastle/bcprov-jdk18on/1.77/bcprov-jdk18on-1.77.jar:/home/phuc-khang/.m2/repository/org/springframework/boot/spring-boot-starter-security/3.3.11/spring-boot-starter-security-3.3.11.jar:/home/phuc-khang/.m2/repository/org/springframework/spring-aop/6.1.19/spring-aop-6.1.19.jar:/home/phuc-khang/.m2/repository/org/springframework/security/spring-security-config/6.3.9/spring-security-config-6.3.9.jar:/home/phuc-khang/.m2/repository/org/springframework/security/spring-security-web/6.3.9/spring-security-web-6.3.9.jar:/home/phuc-khang/.m2/repository/org/springframework/boot/spring-boot-starter-oauth2-resource-server/3.3.11/spring-boot-starter-oauth2-resource-server-3.3.11.jar:/home/phuc-khang/.m2/repository/org/springframework/security/spring-security-core/6.3.9/spring-security-core-6.3.9.jar:/home/phuc-khang/.m2/repository/org/springframework/security/spring-security-crypto/6.3.9/spring-security-crypto-6.3.9.jar:/home/phuc-khang/.m2/repository/org/springframework/security/spring-security-oauth2-resource-server/6.3.9/spring-security-oauth2-resource-server-6.3.9.jar:/home/phuc-khang/.m2/repository/org/springframework/security/spring-security-oauth2-core/6.3.9/spring-security-oauth2-core-6.3.9.jar:/home/phuc-khang/.m2/repository/org/springframework/security/spring-security-oauth2-jose/6.3.9/spring-security-oauth2-jose-6.3.9.jar:/home/phuc-khang/.m2/repository/com/nimbusds/nimbus-jose-jwt/9.37.3/nimbus-jose-jwt-9.37.3.jar:/home/phuc-khang/.m2/repository/com/github/stephenc/jcip/jcip-annotations/1.0-1/jcip-annotations-1.0-1.jar:/home/phuc-khang/.m2/repository/org/keycloak/keycloak-admin-client/26.0.0/keycloak-admin-client-26.0.0.jar:/home/phuc-khang/.m2/repository/org/keycloak/keycloak-client-common-synced/26.0.0/keycloak-client-common-synced-26.0.0.jar:/home/phuc-khang/.m2/repository/org/jboss/logging/commons-logging-jboss-logging/1.0.0.Final/commons-logging-jboss-logging-1.0.0.Final.jar:/home/phuc-khang/.m2/repository/com/fasterxml/jackson/datatype/jackson-datatype-jdk8/2.17.3/jackson-datatype-jdk8-2.17.3.jar:/home/phuc-khang/.m2/repository/org/eclipse/microprofile/openapi/microprofile-openapi-api/3.1.1/microprofile-openapi-api-3.1.1.jar:/home/phuc-khang/.m2/repository/org/jboss/resteasy/resteasy-client/6.2.9.Final/resteasy-client-6.2.9.Final.jar:/home/phuc-khang/.m2/repository/org/jboss/resteasy/resteasy-client-api/6.2.9.Final/resteasy-client-api-6.2.9.Final.jar:/home/phuc-khang/.m2/repository/org/jboss/resteasy/resteasy-core-spi/6.2.9.Final/resteasy-core-spi-6.2.9.Final.jar:/home/phuc-khang/.m2/repository/org/jboss/resteasy/resteasy-core/6.2.9.Final/resteasy-core-6.2.9.Final.jar:/home/phuc-khang/.m2/repository/org/jboss/jandex/2.4.5.Final/jandex-2.4.5.Final.jar:/home/phuc-khang/.m2/repository/org/eclipse/angus/angus-activation/2.0.2/angus-activation-2.0.2.jar:/home/phuc-khang/.m2/repository/com/ibm/async/asyncutil/0.1.0/asyncutil-0.1.0.jar:/home/phuc-khang/.m2/repository/jakarta/ws/rs/jakarta.ws.rs-api/3.1.0/jakarta.ws.rs-api-3.1.0.jar:/home/phuc-khang/.m2/repository/org/jboss/resteasy/resteasy-multipart-provider/6.2.9.Final/resteasy-multipart-provider-6.2.9.Final.jar:/home/phuc-khang/.m2/repository/jakarta/mail/jakarta.mail-api/2.1.3/jakarta.mail-api-2.1.3.jar:/home/phuc-khang/.m2/repository/org/eclipse/angus/angus-mail/2.0.3/angus-mail-2.0.3.jar:/home/phuc-khang/.m2/repository/org/apache/james/apache-mime4j-dom/0.8.11/apache-mime4j-dom-0.8.11.jar:/home/phuc-khang/.m2/repository/org/apache/james/apache-mime4j-core/0.8.11/apache-mime4j-core-0.8.11.jar:/home/phuc-khang/.m2/repository/org/apache/james/apache-mime4j-storage/0.8.11/apache-mime4j-storage-0.8.11.jar:/home/phuc-khang/.m2/repository/commons-io/commons-io/2.11.0/commons-io-2.11.0.jar:/home/phuc-khang/.m2/repository/org/jboss/resteasy/resteasy-jackson2-provider/6.2.9.Final/resteasy-jackson2-provider-6.2.9.Final.jar:/home/phuc-khang/.m2/repository/com/fasterxml/jackson/jakarta/rs/jackson-jakarta-rs-base/2.17.3/jackson-jakarta-rs-base-2.17.3.jar:/home/phuc-khang/.m2/repository/com/fasterxml/jackson/jakarta/rs/jackson-jakarta-rs-json-provider/2.17.3/jackson-jakarta-rs-json-provider-2.17.3.jar:/home/phuc-khang/.m2/repository/com/fasterxml/jackson/module/jackson-module-jakarta-xmlbind-annotations/2.17.3/jackson-module-jakarta-xmlbind-annotations-2.17.3.jar:/home/phuc-khang/.m2/repository/com/github/java-json-tools/json-patch/1.13/json-patch-1.13.jar:/home/phuc-khang/.m2/repository/com/github/java-json-tools/msg-simple/1.2/msg-simple-1.2.jar:/home/phuc-khang/.m2/repository/com/github/java-json-tools/btf/1.3/btf-1.3.jar:/home/phuc-khang/.m2/repository/com/github/java-json-tools/jackson-coreutils/2.0/jackson-coreutils-2.0.jar:/home/phuc-khang/.m2/repository/org/jboss/resteasy/resteasy-jaxb-provider/6.2.9.Final/resteasy-jaxb-provider-6.2.9.Final.jar:/home/phuc-khang/.m2/repository/org/glassfish/jaxb/codemodel/4.0.5/codemodel-4.0.5.jar:/home/phuc-khang/.m2/repository/org/glassfish/jaxb/jaxb-core/4.0.5/jaxb-core-4.0.5.jar:/home/phuc-khang/.m2/repository/org/glassfish/jaxb/jaxb-jxc/4.0.5/jaxb-jxc-4.0.5.jar:/home/phuc-khang/.m2/repository/org/glassfish/jaxb/txw2/4.0.5/txw2-4.0.5.jar:/home/phuc-khang/.m2/repository/org/glassfish/jaxb/jaxb-xjc/4.0.5/jaxb-xjc-4.0.5.jar:/home/phuc-khang/.m2/repository/org/glassfish/jaxb/xsom/4.0.5/xsom-4.0.5.jar:/home/phuc-khang/.m2/repository/com/sun/istack/istack-commons-runtime/4.1.2/istack-commons-runtime-4.1.2.jar:/home/phuc-khang/.m2/repository/com/sun/istack/istack-commons-tools/4.1.2/istack-commons-tools-4.1.2.jar:/home/phuc-khang/.m2/repository/com/sun/xml/bind/external/relaxng-datatype/4.0.3/relaxng-datatype-4.0.3.jar:/home/phuc-khang/.m2/repository/com/sun/xml/bind/external/rngom/4.0.3/rngom-4.0.3.jar:/home/phuc-khang/.m2/repository/org/springdoc/springdoc-openapi-starter-webmvc-ui/2.5.0/springdoc-openapi-starter-webmvc-ui-2.5.0.jar:/home/phuc-khang/.m2/repository/org/springdoc/springdoc-openapi-starter-webmvc-api/2.5.0/springdoc-openapi-starter-webmvc-api-2.5.0.jar:/home/phuc-khang/.m2/repository/org/springdoc/springdoc-openapi-starter-common/2.5.0/springdoc-openapi-starter-common-2.5.0.jar:/home/phuc-khang/.m2/repository/io/swagger/core/v3/swagger-core-jakarta/2.2.21/swagger-core-jakarta-2.2.21.jar:/home/phuc-khang/.m2/repository/org/apache/commons/commons-lang3/3.14.0/commons-lang3-3.14.0.jar:/home/phuc-khang/.m2/repository/io/swagger/core/v3/swagger-annotations-jakarta/2.2.21/swagger-annotations-jakarta-2.2.21.jar:/home/phuc-khang/.m2/repository/io/swagger/core/v3/swagger-models-jakarta/2.2.21/swagger-models-jakarta-2.2.21.jar:/home/phuc-khang/.m2/repository/com/fasterxml/jackson/dataformat/jackson-dataformat-yaml/2.17.3/jackson-dataformat-yaml-2.17.3.jar:/home/phuc-khang/.m2/repository/org/webjars/swagger-ui/5.13.0/swagger-ui-5.13.0.jar:/home/phuc-khang/.m2/repository/org/hibernate/orm/hibernate-envers/6.4.4.Final/hibernate-envers-6.4.4.Final.jar:/home/phuc-khang/.m2/repository/org/jboss/logging/jboss-logging/3.5.3.Final/jboss-logging-3.5.3.Final.jar:/home/phuc-khang/.m2/repository/org/glassfish/jaxb/jaxb-runtime/4.0.5/jaxb-runtime-4.0.5.jar:/home/phuc-khang/.m2/repository/org/hibernate/common/hibernate-commons-annotations/6.0.6.Final/hibernate-commons-annotations-6.0.6.Final.jar:/home/phuc-khang/.m2/repository/io/smallrye/jandex/3.1.2/jandex-3.1.2.jar:/home/phuc-khang/.m2/repository/io/temporal/temporal-sdk/1.30.1/temporal-sdk-1.30.1.jar:/home/phuc-khang/.m2/repository/io/temporal/temporal-serviceclient/1.30.1/temporal-serviceclient-1.30.1.jar:/home/phuc-khang/.m2/repository/io/grpc/grpc-api/1.58.1/grpc-api-1.58.1.jar:/home/phuc-khang/.m2/repository/io/grpc/grpc-stub/1.58.1/grpc-stub-1.58.1.jar:/home/phuc-khang/.m2/repository/io/grpc/grpc-netty-shaded/1.58.1/grpc-netty-shaded-1.58.1.jar:/home/phuc-khang/.m2/repository/io/perfmark/perfmark-api/0.26.0/perfmark-api-0.26.0.jar:/home/phuc-khang/.m2/repository/io/grpc/grpc-core/1.58.1/grpc-core-1.58.1.jar:/home/phuc-khang/.m2/repository/com/google/android/annotations/4.1.1.4/annotations-4.1.1.4.jar:/home/phuc-khang/.m2/repository/org/codehaus/mojo/animal-sniffer-annotations/1.23/animal-sniffer-annotations-1.23.jar:/home/phuc-khang/.m2/repository/io/grpc/grpc-context/1.58.1/grpc-context-1.58.1.jar:/home/phuc-khang/.m2/repository/io/grpc/grpc-services/1.58.1/grpc-services-1.58.1.jar:/home/phuc-khang/.m2/repository/io/grpc/grpc-protobuf/1.58.1/grpc-protobuf-1.58.1.jar:/home/phuc-khang/.m2/repository/com/google/api/grpc/proto-google-common-protos/2.22.0/proto-google-common-protos-2.22.0.jar:/home/phuc-khang/.m2/repository/io/grpc/grpc-protobuf-lite/1.58.1/grpc-protobuf-lite-1.58.1.jar:/home/phuc-khang/.m2/repository/io/grpc/grpc-util/1.58.1/grpc-util-1.58.1.jar:/home/phuc-khang/.m2/repository/io/grpc/grpc-inprocess/1.58.1/grpc-inprocess-1.58.1.jar:/home/phuc-khang/.m2/repository/com/google/protobuf/protobuf-java-util/3.25.7/protobuf-java-util-3.25.7.jar:/home/phuc-khang/.m2/repository/com/uber/m3/tally-core/0.13.0/tally-core-0.13.0.jar:/home/phuc-khang/.m2/repository/com/google/code/gson/gson/2.10.1/gson-2.10.1.jar:/home/phuc-khang/.m2/repository/io/nexusrpc/nexus-sdk/0.4.0-alpha/nexus-sdk-0.4.0-alpha.jar:/home/phuc-khang/.m2/repository/com/google/guava/guava/32.0.1-jre/guava-32.0.1-jre.jar:/home/phuc-khang/.m2/repository/com/google/guava/failureaccess/1.0.1/failureaccess-1.0.1.jar:/home/phuc-khang/.m2/repository/com/google/guava/listenablefuture/9999.0-empty-to-avoid-conflict-with-guava/listenablefuture-9999.0-empty-to-avoid-conflict-with-guava.jar:/home/phuc-khang/.m2/repository/com/google/code/findbugs/jsr305/3.0.2/jsr305-3.0.2.jar:/home/phuc-khang/.m2/repository/org/checkerframework/checker-qual/3.33.0/checker-qual-3.33.0.jar:/home/phuc-khang/.m2/repository/com/google/errorprone/error_prone_annotations/2.18.0/error_prone_annotations-2.18.0.jar:/home/phuc-khang/.m2/repository/com/google/j2objc/j2objc-annotations/2.8/j2objc-annotations-2.8.jar:/home/phuc-khang/.m2/repository/org/springframework/cloud/spring-cloud-starter-vault-config/4.3.0/spring-cloud-starter-vault-config-4.3.0.jar:/home/phuc-khang/.m2/repository/org/apache/httpcomponents/client5/httpclient5/5.3.1/httpclient5-5.3.1.jar:/home/phuc-khang/.m2/repository/org/apache/httpcomponents/core5/httpcore5-h2/5.2.5/httpcore5-h2-5.2.5.jar:/home/phuc-khang/.m2/repository/org/apache/httpcomponents/core5/httpcore5/5.2.5/httpcore5-5.2.5.jar:/home/phuc-khang/.m2/repository/org/springframework/cloud/spring-cloud-starter/4.3.0/spring-cloud-starter-4.3.0.jar:/home/phuc-khang/.m2/repository/org/springframework/cloud/spring-cloud-context/4.3.0/spring-cloud-context-4.3.0.jar:/home/phuc-khang/.m2/repository/org/springframework/cloud/spring-cloud-commons/4.3.0/spring-cloud-commons-4.3.0.jar:/home/phuc-khang/.m2/repository/org/springframework/cloud/spring-cloud-vault-config/4.3.0/spring-cloud-vault-config-4.3.0.jar:/home/phuc-khang/.m2/repository/org/springframework/vault/spring-vault-core/3.2.0/spring-vault-core-3.2.0.jar:/home/phuc-khang/.m2/repository/io/github/resilience4j/resilience4j-spring-boot3/2.2.0/resilience4j-spring-boot3-2.2.0.jar:/home/phuc-khang/.m2/repository/io/github/resilience4j/resilience4j-spring6/2.2.0/resilience4j-spring6-2.2.0.jar:/home/phuc-khang/.m2/repository/io/github/resilience4j/resilience4j-annotations/2.2.0/resilience4j-annotations-2.2.0.jar:/home/phuc-khang/.m2/repository/io/github/resilience4j/resilience4j-consumer/2.2.0/resilience4j-consumer-2.2.0.jar:/home/phuc-khang/.m2/repository/io/github/resilience4j/resilience4j-core/2.2.0/resilience4j-core-2.2.0.jar:/home/phuc-khang/.m2/repository/io/github/resilience4j/resilience4j-circularbuffer/2.2.0/resilience4j-circularbuffer-2.2.0.jar:/home/phuc-khang/.m2/repository/io/github/resilience4j/resilience4j-framework-common/2.2.0/resilience4j-framework-common-2.2.0.jar:/home/phuc-khang/.m2/repository/io/github/resilience4j/resilience4j-micrometer/2.2.0/resilience4j-micrometer-2.2.0.jar:/home/phuc-khang/.m2/repository/io/github/resilience4j/resilience4j-bulkhead/2.2.0/resilience4j-bulkhead-2.2.0.jar:/home/phuc-khang/.m2/repository/io/github/resilience4j/resilience4j-circuitbreaker/2.2.0/resilience4j-circuitbreaker-2.2.0.jar:/home/phuc-khang/.m2/repository/io/github/resilience4j/resilience4j-retry/2.2.0/resilience4j-retry-2.2.0.jar:/home/phuc-khang/.m2/repository/io/github/resilience4j/resilience4j-ratelimiter/2.2.0/resilience4j-ratelimiter-2.2.0.jar:/home/phuc-khang/.m2/repository/io/github/resilience4j/resilience4j-timelimiter/2.2.0/resilience4j-timelimiter-2.2.0.jar:/home/phuc-khang/.m2/repository/org/springframework/boot/spring-boot-starter-aop/3.3.11/spring-boot-starter-aop-3.3.11.jar:/home/phuc-khang/.m2/repository/org/aspectj/aspectjweaver/1.9.24/aspectjweaver-1.9.24.jar:/home/phuc-khang/.m2/repository/io/vavr/vavr/0.10.4/vavr-0.10.4.jar:/home/phuc-khang/.m2/repository/io/vavr/vavr-match/0.10.4/vavr-match-0.10.4.jar, java.vm.vendor=Ubuntu, sun.arch.data.model=64, java.vendor.url=https://ubuntu.com/, catalina.useNaming=false, sun.rmi.transport.tcp.responseTimeout=20000, user.timezone=Asia/Ho_Chi_Minh, jakarta.persistence.sharedCache.mode=UNSPECIFIED, org.jboss.logging.provider=slf4j, java.vm.specification.version=17, os.name=Linux, jakarta.persistence.nonJtaDataSource=HikariDataSource (HikariPool-1), sun.java.launcher=SUN_STANDARD, user.country=US, sun.boot.library.path=/usr/lib/jvm/java-17-openjdk-amd64/lib, sun.java.command=com.example.loan_service.LoanServiceApplication, javax.persistence.nonJtaDataSource=HikariDataSource (HikariPool-1), hibernate.transaction.jta.platform=org.hibernate.engine.transaction.jta.platform.internal.NoJtaPlatform@5ea1375b, jdk.debug=release, sun.cpu.endian=little, hibernate.cdi.extensions=true, user.home=/home/phuc-khang, user.language=en, java.specification.vendor=Oracle Corporation, java.version.date=2025-07-15, java.home=/usr/lib/jvm/java-17-openjdk-amd64, file.separator=/, java.vm.compressedOopsMode=Zero based, line.separator=
, hibernate.persistenceUnitName=default, java.vm.specification.vendor=Oracle Corporation, java.specification.name=Java Platform API Specification, FILE_LOG_CHARSET=UTF-8, hibernate.transaction.coordinator_class=class org.hibernate.resource.transaction.backend.jdbc.internal.JdbcResourceLocalTransactionCoordinatorBuilderImpl, java.awt.headless=true, jakarta.persistence.validation.mode=AUTO, hibernate.hbm2ddl.auto=update, sun.management.compiler=HotSpot 64-Bit Tiered Compilers, java.runtime.version=17.0.16+8-Ubuntu-0ubuntu124.04.1, user.name=phuc-khang, path.separator=:, os.version=6.14.0-28-generic, java.runtime.name=OpenJDK Runtime Environment, file.encoding=UTF-8, java.vm.name=OpenJDK 64-Bit Server VM, hibernate.show_sql=true, java.vendor.url.bug=https://bugs.launchpad.net/ubuntu/+source/openjdk-17, java.io.tmpdir=/tmp, catalina.home=/tmp/tomcat.9827.1404622073373330730, java.version=17.0.16, hibernate.physical_naming_strategy=org.hibernate.boot.model.naming.CamelCaseToUnderscoresNamingStrategy, user.dir=/home/phuc-khang/banking system/java-banking-phase2, os.arch=amd64, java.vm.specification.name=Java Virtual Machine Specification, PID=16278, CONSOLE_LOG_CHARSET=UTF-8, catalina.base=/tmp/tomcat.9827.1404622073373330730, hibernate.boot.CfgXmlAccessService.key=org.hibernate.boot.registry.StandardServiceRegistryBuilder$1@6e3ad16c, native.encoding=UTF-8, java.library.path=/usr/java/packages/lib:/usr/lib/x86_64-linux-gnu/jni:/lib/x86_64-linux-gnu:/usr/lib/x86_64-linux-gnu:/usr/lib/jni:/lib:/usr/lib, java.vendor=Ubuntu, java.vm.info=mixed mode, sharing, java.vm.version=17.0.16+8-Ubuntu-0ubuntu124.04.1, java.specification.maintenance.version=1, java.rmi.server.randomIDs=true, sun.io.unicode.encoding=UnicodeLittle, hibernate.archive.scanner=org.hibernate.boot.archive.scan.internal.DisabledScanner, hibernate.connection.datasource=HikariDataSource (HikariPool-1), java.class.version=61.0, LOGGED_APPLICATION_NAME=[loan-service] }
2025-09-05 09:15:31 DEBUG [restartedMain] o.h.internal.SessionFactoryImpl [,] - Session factory constructed with filter configurations : {}
2025-09-05 09:15:31 DEBUG [restartedMain] o.h.v.i.x.config.ValidationXmlParser [,] - Trying to load META-INF/validation.xml for XML based Validator configuration.
2025-09-05 09:15:31 DEBUG [restartedMain] o.h.v.i.x.c.ResourceLoaderHelper [,] - Trying to load META-INF/validation.xml via TCCL
2025-09-05 09:15:31 DEBUG [restartedMain] o.h.v.i.x.c.ResourceLoaderHelper [,] - Trying to load META-INF/validation.xml via Hibernate Validator's class loader
2025-09-05 09:15:31 DEBUG [restartedMain] o.h.v.i.x.config.ValidationXmlParser [,] - No META-INF/validation.xml found. Using annotation based configuration only.
2025-09-05 09:15:31 DEBUG [restartedMain] o.h.v.i.e.r.TraversableResolvers [,] - Found jakarta.persistence.Persistence on classpath containing 'getPersistenceUtil'. Assuming JPA 2 environment. Trying to instantiate JPA aware TraversableResolver
2025-09-05 09:15:31 DEBUG [restartedMain] o.h.v.i.e.r.TraversableResolvers [,] - Instantiated JPA aware TraversableResolver of type org.hibernate.validator.internal.engine.resolver.JPATraversableResolver.
2025-09-05 09:15:31 DEBUG [restartedMain] o.h.v.m.ResourceBundleMessageInterpolator [,] - Loaded expression factory via original TCCL
2025-09-05 09:15:31 DEBUG [restartedMain] o.h.v.i.e.ValidatorFactoryConfigurationHelper [,] - HV000252: Using org.hibernate.validator.internal.engine.DefaultPropertyNodeNameProvider as property node name provider.
2025-09-05 09:15:31 DEBUG [restartedMain] o.h.v.i.e.ValidatorFactoryConfigurationHelper [,] - HV000234: Using org.hibernate.validator.messageinterpolation.ResourceBundleMessageInterpolator as ValidatorFactory-scoped message interpolator.
2025-09-05 09:15:31 DEBUG [restartedMain] o.h.v.i.e.ValidatorFactoryConfigurationHelper [,] - HV000234: Using org.hibernate.validator.internal.engine.resolver.JPATraversableResolver as ValidatorFactory-scoped traversable resolver.
2025-09-05 09:15:31 DEBUG [restartedMain] o.h.v.i.e.ValidatorFactoryConfigurationHelper [,] - HV000234: Using org.hibernate.validator.internal.util.ExecutableParameterNameProvider as ValidatorFactory-scoped parameter name provider.
2025-09-05 09:15:31 DEBUG [restartedMain] o.h.v.i.e.ValidatorFactoryConfigurationHelper [,] - HV000234: Using org.hibernate.validator.internal.engine.DefaultClockProvider as ValidatorFactory-scoped clock provider.
2025-09-05 09:15:31 DEBUG [restartedMain] o.h.v.i.e.ValidatorFactoryConfigurationHelper [,] - HV000234: Using org.hibernate.validator.internal.engine.scripting.DefaultScriptEvaluatorFactory as ValidatorFactory-scoped script evaluator factory.
2025-09-05 09:15:31 DEBUG [restartedMain] o.h.b.internal.ClassLoaderAccessImpl [,] - Not known whether passed class name [com.example.loan_service.entity.LoanRejectionReason] is safe
2025-09-05 09:15:31 DEBUG [restartedMain] o.h.b.internal.ClassLoaderAccessImpl [,] - No temp ClassLoader provided; using live ClassLoader for loading potentially unsafe class : com.example.loan_service.entity.LoanRejectionReason
2025-09-05 09:15:31 DEBUG [restartedMain] o.h.b.internal.ClassLoaderAccessImpl [,] - Not known whether passed class name [com.example.loan_service.entity.Repayment] is safe
2025-09-05 09:15:31 DEBUG [restartedMain] o.h.b.internal.ClassLoaderAccessImpl [,] - No temp ClassLoader provided; using live ClassLoader for loading potentially unsafe class : com.example.loan_service.entity.Repayment
2025-09-05 09:15:31 DEBUG [restartedMain] o.h.b.internal.ClassLoaderAccessImpl [,] - Not known whether passed class name [com.example.loan_service.entity.Loan] is safe
2025-09-05 09:15:31 DEBUG [restartedMain] o.h.b.internal.ClassLoaderAccessImpl [,] - No temp ClassLoader provided; using live ClassLoader for loading potentially unsafe class : com.example.loan_service.entity.Loan
2025-09-05 09:15:31 DEBUG [restartedMain] o.h.s.i.SessionFactoryServiceRegistryImpl [,] - EventListenerRegistry access via ServiceRegistry is deprecated.  Use `sessionFactory.getEventEngine().getListenerRegistry()` instead
2025-09-05 09:15:31 DEBUG [restartedMain] o.h.s.i.SessionFactoryServiceRegistryImpl [,] - EventListenerRegistry access via ServiceRegistry is deprecated.  Use `sessionFactory.getEventEngine().getListenerRegistry()` instead
2025-09-05 09:15:31 DEBUG [restartedMain] o.h.e.s.i.EventListenerGroupImpl [,] - Checking incoming listener [`org.hibernate.envers.event.spi.EnversPostDeleteEventListenerImpl@337fc65e`] for match against existing listener [`org.hibernate.event.internal.PostDeleteEventListenerStandardImpl@1eef8b0c`]
2025-09-05 09:15:31 DEBUG [restartedMain] o.h.e.s.i.EventListenerGroupImpl [,] - Checking incoming listener [`org.hibernate.envers.event.spi.EnversPostDeleteEventListenerImpl@337fc65e`] for match against existing listener [`org.hibernate.event.internal.PostDeleteEventListenerStandardImpl@1eef8b0c`]
2025-09-05 09:15:31 DEBUG [restartedMain] o.h.e.s.i.EventListenerGroupImpl [,] - Checking incoming listener [`org.hibernate.envers.event.spi.EnversPostDeleteEventListenerImpl@337fc65e`] for match against existing listener [`org.hibernate.event.internal.PostDeleteEventListenerStandardImpl@1eef8b0c`]
2025-09-05 09:15:31 DEBUG [restartedMain] o.h.e.s.i.EventListenerGroupImpl [,] - Checking incoming listener [`org.hibernate.envers.event.spi.EnversPostInsertEventListenerImpl@1227d08f`] for match against existing listener [`org.hibernate.event.internal.PostInsertEventListenerStandardImpl@e9bb687`]
2025-09-05 09:15:31 DEBUG [restartedMain] o.h.e.s.i.EventListenerGroupImpl [,] - Checking incoming listener [`org.hibernate.envers.event.spi.EnversPostInsertEventListenerImpl@1227d08f`] for match against existing listener [`org.hibernate.event.internal.PostInsertEventListenerStandardImpl@e9bb687`]
2025-09-05 09:15:31 DEBUG [restartedMain] o.h.e.s.i.EventListenerGroupImpl [,] - Checking incoming listener [`org.hibernate.envers.event.spi.EnversPostInsertEventListenerImpl@1227d08f`] for match against existing listener [`org.hibernate.event.internal.PostInsertEventListenerStandardImpl@e9bb687`]
2025-09-05 09:15:31 DEBUG [restartedMain] o.h.e.s.i.EventListenerGroupImpl [,] - Checking incoming listener [`org.hibernate.envers.event.spi.EnversPreUpdateEventListenerImpl@7dd2ff25`] for match against existing listener [`org.hibernate.boot.beanvalidation.BeanValidationEventListener@479b1d76`]
2025-09-05 09:15:31 DEBUG [restartedMain] o.h.e.s.i.EventListenerGroupImpl [,] - Checking incoming listener [`org.hibernate.envers.event.spi.EnversPreUpdateEventListenerImpl@7dd2ff25`] for match against existing listener [`org.hibernate.boot.beanvalidation.BeanValidationEventListener@479b1d76`]
2025-09-05 09:15:31 DEBUG [restartedMain] o.h.e.s.i.EventListenerGroupImpl [,] - Checking incoming listener [`org.hibernate.envers.event.spi.EnversPreUpdateEventListenerImpl@7dd2ff25`] for match against existing listener [`org.hibernate.boot.beanvalidation.BeanValidationEventListener@479b1d76`]
2025-09-05 09:15:31 DEBUG [restartedMain] o.h.e.s.i.EventListenerGroupImpl [,] - Checking incoming listener [`org.hibernate.envers.event.spi.EnversPostUpdateEventListenerImpl@47e82553`] for match against existing listener [`org.hibernate.event.internal.PostUpdateEventListenerStandardImpl@65621511`]
2025-09-05 09:15:31 DEBUG [restartedMain] o.h.e.s.i.EventListenerGroupImpl [,] - Checking incoming listener [`org.hibernate.envers.event.spi.EnversPostUpdateEventListenerImpl@47e82553`] for match against existing listener [`org.hibernate.event.internal.PostUpdateEventListenerStandardImpl@65621511`]
2025-09-05 09:15:31 DEBUG [restartedMain] o.h.e.s.i.EventListenerGroupImpl [,] - Checking incoming listener [`org.hibernate.envers.event.spi.EnversPostUpdateEventListenerImpl@47e82553`] for match against existing listener [`org.hibernate.event.internal.PostUpdateEventListenerStandardImpl@65621511`]
2025-09-05 09:15:31 DEBUG [restartedMain] o.h.q.s.function.SqmFunctionRegistry [,] - Registered SqmFunctionTemplate [org.hibernate.envers.function.OrderByFragmentFunction@2d338daf] under _order_by_frag; prior registration was null
2025-09-05 09:15:31 DEBUG [restartedMain] o.h.q.s.function.SqmFunctionRegistry [,] - Registered SqmFunctionTemplate [NamedSqmFunctionTemplate(max)] under max; prior registration was null
2025-09-05 09:15:31 DEBUG [restartedMain] o.h.q.s.function.SqmFunctionRegistry [,] - Registered SqmFunctionTemplate [NamedSqmFunctionTemplate(min)] under min; prior registration was null
2025-09-05 09:15:31 DEBUG [restartedMain] o.h.q.s.function.SqmFunctionRegistry [,] - Registered SqmFunctionTemplate [NamedSqmFunctionTemplate(sum)] under sum; prior registration was null
2025-09-05 09:15:31 DEBUG [restartedMain] o.h.q.s.function.SqmFunctionRegistry [,] - Registered SqmFunctionTemplate [NamedSqmFunctionTemplate(avg)] under avg; prior registration was null
2025-09-05 09:15:31 DEBUG [restartedMain] o.h.q.s.function.SqmFunctionRegistry [,] - Registered SqmFunctionTemplate [org.hibernate.dialect.function.CountFunction@616eb1a3] under count; prior registration was null
2025-09-05 09:15:31 DEBUG [restartedMain] o.h.q.s.function.SqmFunctionRegistry [,] - Registered SqmFunctionTemplate [org.hibernate.dialect.function.EveryAnyEmulation@f6d7f51] under every; prior registration was null
2025-09-05 09:15:31 DEBUG [restartedMain] o.h.q.s.function.SqmFunctionRegistry [,] - Registered SqmFunctionTemplate [org.hibernate.dialect.function.EveryAnyEmulation@13037cb1] under any; prior registration was null
2025-09-05 09:15:31 DEBUG [restartedMain] o.h.q.s.function.SqmFunctionRegistry [,] - Registered SqmFunctionTemplate [NamedSqmFunctionTemplate(floor)] under floor; prior registration was null
2025-09-05 09:15:31 DEBUG [restartedMain] o.h.q.s.function.SqmFunctionRegistry [,] - Registered SqmFunctionTemplate [NamedSqmFunctionTemplate(ceiling)] under ceiling; prior registration was null
2025-09-05 09:15:31 DEBUG [restartedMain] o.h.q.s.function.SqmFunctionRegistry [,] - Registered SqmFunctionTemplate [NamedSqmFunctionTemplate(mod)] under mod; prior registration was null
2025-09-05 09:15:31 DEBUG [restartedMain] o.h.q.s.function.SqmFunctionRegistry [,] - Registered SqmFunctionTemplate [NamedSqmFunctionTemplate(abs)] under abs; prior registration was null
2025-09-05 09:15:31 DEBUG [restartedMain] o.h.q.s.function.SqmFunctionRegistry [,] - Registered SqmFunctionTemplate [NamedSqmFunctionTemplate(sign)] under sign; prior registration was null
2025-09-05 09:15:31 DEBUG [restartedMain] o.h.q.s.function.SqmFunctionRegistry [,] - Registered SqmFunctionTemplate [NamedSqmFunctionTemplate(sqrt)] under sqrt; prior registration was null
2025-09-05 09:15:31 DEBUG [restartedMain] o.h.q.s.function.SqmFunctionRegistry [,] - Registered SqmFunctionTemplate [NamedSqmFunctionTemplate(ln)] under ln; prior registration was null
2025-09-05 09:15:31 DEBUG [restartedMain] o.h.q.s.function.SqmFunctionRegistry [,] - Registered SqmFunctionTemplate [NamedSqmFunctionTemplate(exp)] under exp; prior registration was null
2025-09-05 09:15:31 DEBUG [restartedMain] o.h.q.s.function.SqmFunctionRegistry [,] - Registered SqmFunctionTemplate [NamedSqmFunctionTemplate(power)] under power; prior registration was null
2025-09-05 09:15:31 DEBUG [restartedMain] o.h.q.s.function.SqmFunctionRegistry [,] - Registered SqmFunctionTemplate [NamedSqmFunctionTemplate(round)] under round; prior registration was null
2025-09-05 09:15:31 DEBUG [restartedMain] o.h.q.s.function.SqmFunctionRegistry [,] - Registered SqmFunctionTemplate [NamedSqmFunctionTemplate(sin)] under sin; prior registration was null
2025-09-05 09:15:31 DEBUG [restartedMain] o.h.q.s.function.SqmFunctionRegistry [,] - Registered SqmFunctionTemplate [NamedSqmFunctionTemplate(cos)] under cos; prior registration was null
2025-09-05 09:15:31 DEBUG [restartedMain] o.h.q.s.function.SqmFunctionRegistry [,] - Registered SqmFunctionTemplate [NamedSqmFunctionTemplate(tan)] under tan; prior registration was null
2025-09-05 09:15:31 DEBUG [restartedMain] o.h.q.s.function.SqmFunctionRegistry [,] - Registered SqmFunctionTemplate [NamedSqmFunctionTemplate(asin)] under asin; prior registration was null
2025-09-05 09:15:31 DEBUG [restartedMain] o.h.q.s.function.SqmFunctionRegistry [,] - Registered SqmFunctionTemplate [NamedSqmFunctionTemplate(acos)] under acos; prior registration was null
2025-09-05 09:15:31 DEBUG [restartedMain] o.h.q.s.function.SqmFunctionRegistry [,] - Registered SqmFunctionTemplate [NamedSqmFunctionTemplate(atan)] under atan; prior registration was null
2025-09-05 09:15:31 DEBUG [restartedMain] o.h.q.s.function.SqmFunctionRegistry [,] - Registered SqmFunctionTemplate [NamedSqmFunctionTemplate(atan2)] under atan2; prior registration was null
2025-09-05 09:15:31 DEBUG [restartedMain] o.h.q.s.function.SqmFunctionRegistry [,] - Registered SqmFunctionTemplate [org.hibernate.query.sqm.function.PatternBasedSqmFunctionDescriptor@490ee013] under sinh; prior registration was null
2025-09-05 09:15:31 DEBUG [restartedMain] o.h.q.s.function.SqmFunctionRegistry [,] - Registered SqmFunctionTemplate [org.hibernate.query.sqm.function.PatternBasedSqmFunctionDescriptor@3de3cf84] under cosh; prior registration was null
2025-09-05 09:15:31 DEBUG [restartedMain] o.h.q.s.function.SqmFunctionRegistry [,] - Registered SqmFunctionTemplate [org.hibernate.query.sqm.function.PatternBasedSqmFunctionDescriptor@76b588b0] under tanh; prior registration was null
2025-09-05 09:15:31 DEBUG [restartedMain] o.h.q.s.function.SqmFunctionRegistry [,] - Registered SqmFunctionTemplate [org.hibernate.query.sqm.function.PatternBasedSqmFunctionDescriptor@7dd73f58] under pi; prior registration was null
2025-09-05 09:15:31 DEBUG [restartedMain] o.h.q.s.function.SqmFunctionRegistry [,] - Registered SqmFunctionTemplate [org.hibernate.query.sqm.function.PatternBasedSqmFunctionDescriptor@43675689] under log; prior registration was null
2025-09-05 09:15:31 DEBUG [restartedMain] o.h.q.s.function.SqmFunctionRegistry [,] - Registered SqmFunctionTemplate [NamedSqmFunctionTemplate(coalesce)] under coalesce; prior registration was null
2025-09-05 09:15:31 DEBUG [restartedMain] o.h.q.s.function.SqmFunctionRegistry [,] - Registered SqmFunctionTemplate [NamedSqmFunctionTemplate(nullif)] under nullif; prior registration was null
2025-09-05 09:15:31 DEBUG [restartedMain] o.h.q.s.function.SqmFunctionRegistry [,] - Registered SqmFunctionTemplate [NamedSqmFunctionTemplate(left)] under left; prior registration was null
2025-09-05 09:15:31 DEBUG [restartedMain] o.h.q.s.function.SqmFunctionRegistry [,] - Registered SqmFunctionTemplate [NamedSqmFunctionTemplate(right)] under right; prior registration was null
2025-09-05 09:15:31 DEBUG [restartedMain] o.h.q.s.function.SqmFunctionRegistry [,] - Registered SqmFunctionTemplate [NamedSqmFunctionTemplate(replace)] under replace; prior registration was null
2025-09-05 09:15:31 DEBUG [restartedMain] o.h.q.s.function.SqmFunctionRegistry [,] - Registered SqmFunctionTemplate [NamedSqmFunctionTemplate(concat)] under concat; prior registration was null
2025-09-05 09:15:31 DEBUG [restartedMain] o.h.q.s.function.SqmFunctionRegistry [,] - Registered SqmFunctionTemplate [NamedSqmFunctionTemplate(lower)] under lower; prior registration was null
2025-09-05 09:15:31 DEBUG [restartedMain] o.h.q.s.function.SqmFunctionRegistry [,] - Registered SqmFunctionTemplate [NamedSqmFunctionTemplate(upper)] under upper; prior registration was null
2025-09-05 09:15:31 DEBUG [restartedMain] o.h.q.s.function.SqmFunctionRegistry [,] - Registered SqmFunctionTemplate [NamedSqmFunctionTemplate(substring)] under substring; prior registration was null
2025-09-05 09:15:31 DEBUG [restartedMain] o.h.q.s.function.SqmFunctionRegistry [,] - Registered SqmFunctionTemplate [NamedSqmFunctionTemplate(locate)] under locate; prior registration was null
2025-09-05 09:15:31 DEBUG [restartedMain] o.h.q.s.function.SqmFunctionRegistry [,] - Registered SqmFunctionTemplate [NamedSqmFunctionTemplate(character_length)] under character_length; prior registration was null
2025-09-05 09:15:31 DEBUG [restartedMain] o.h.q.s.function.SqmFunctionRegistry [,] - Registering alternate key : length -> character_length
2025-09-05 09:15:31 DEBUG [restartedMain] o.h.q.s.function.SqmFunctionRegistry [,] - Registered SqmFunctionTemplate [org.hibernate.dialect.function.LocatePositionEmulation@3109807d] under position; prior registration was null
2025-09-05 09:15:31 DEBUG [restartedMain] o.h.q.s.function.SqmFunctionRegistry [,] - Registered SqmFunctionTemplate [org.hibernate.dialect.function.InsertSubstringOverlayEmulation@1140fbe1] under overlay; prior registration was null
2025-09-05 09:15:31 DEBUG [restartedMain] o.h.q.s.function.SqmFunctionRegistry [,] - Registered SqmFunctionTemplate [org.hibernate.dialect.function.TrimFunction@691d4a39] under trim; prior registration was null
2025-09-05 09:15:31 DEBUG [restartedMain] o.h.q.s.function.SqmFunctionRegistry [,] - Registered SqmFunctionTemplate [org.hibernate.dialect.function.CastFunction@45395921] under cast; prior registration was null
2025-09-05 09:15:31 DEBUG [restartedMain] o.h.q.s.function.SqmFunctionRegistry [,] - Registered SqmFunctionTemplate [org.hibernate.query.sqm.function.PatternBasedSqmFunctionDescriptor@5f9afdc5] under collate; prior registration was null
2025-09-05 09:15:31 DEBUG [restartedMain] o.h.q.s.function.SqmFunctionRegistry [,] - Registered SqmFunctionTemplate [org.hibernate.dialect.function.ExtractFunction@277bc3cb] under extract; prior registration was null
2025-09-05 09:15:31 DEBUG [restartedMain] o.h.q.s.function.SqmFunctionRegistry [,] - Registered SqmFunctionTemplate [NamedSqmFunctionTemplate(least)] under least; prior registration was null
2025-09-05 09:15:31 DEBUG [restartedMain] o.h.q.s.function.SqmFunctionRegistry [,] - Registered SqmFunctionTemplate [NamedSqmFunctionTemplate(greatest)] under greatest; prior registration was null
2025-09-05 09:15:31 DEBUG [restartedMain] o.h.q.s.function.SqmFunctionRegistry [,] - Registered SqmFunctionTemplate [org.hibernate.dialect.function.CoalesceIfnullEmulation@4765d58f] under ifnull; prior registration was null
2025-09-05 09:15:31 DEBUG [restartedMain] o.h.q.s.function.SqmFunctionRegistry [,] - Registered SqmFunctionTemplate [NamedSqmFunctionTemplate(lpad)] under lpad; prior registration was null
2025-09-05 09:15:31 DEBUG [restartedMain] o.h.q.s.function.SqmFunctionRegistry [,] - Registered SqmFunctionTemplate [NamedSqmFunctionTemplate(rpad)] under rpad; prior registration was null
2025-09-05 09:15:31 DEBUG [restartedMain] o.h.q.s.function.SqmFunctionRegistry [,] - Registered SqmFunctionTemplate [org.hibernate.dialect.function.LpadRpadPadEmulation@5fac649c] under pad; prior registration was null
2025-09-05 09:15:31 DEBUG [restartedMain] o.h.q.s.function.SqmFunctionRegistry [,] - Registered SqmFunctionTemplate [org.hibernate.dialect.function.CastStrEmulation@14c8829b] under str; prior registration was null
2025-09-05 09:15:31 DEBUG [restartedMain] o.h.q.s.function.SqmFunctionRegistry [,] - Registered SqmFunctionTemplate [org.hibernate.dialect.function.FormatFunction@705c6b66] under format; prior registration was null
2025-09-05 09:15:31 DEBUG [restartedMain] o.h.q.s.function.SqmFunctionRegistry [,] - Registered SqmFunctionTemplate [org.hibernate.dialect.function.TimestampaddFunction@26743e3d] under timestampadd; prior registration was null
2025-09-05 09:15:31 DEBUG [restartedMain] o.h.q.s.function.SqmFunctionRegistry [,] - Registered SqmFunctionTemplate [org.hibernate.dialect.function.TimestampdiffFunction@9ab200c] under timestampdiff; prior registration was null
2025-09-05 09:15:31 DEBUG [restartedMain] o.h.q.s.function.SqmFunctionRegistry [,] - Registering alternate key : dateadd -> timestampadd
2025-09-05 09:15:31 DEBUG [restartedMain] o.h.q.s.function.SqmFunctionRegistry [,] - Registering alternate key : datediff -> timestampdiff
2025-09-05 09:15:31 DEBUG [restartedMain] o.h.q.s.function.SqmFunctionRegistry [,] - Registered SqmFunctionTemplate [org.hibernate.dialect.function.CurrentFunction@343cee60] under current_date; prior registration was null
2025-09-05 09:15:31 DEBUG [restartedMain] o.h.q.s.function.SqmFunctionRegistry [,] - Registered SqmFunctionTemplate [org.hibernate.dialect.function.CurrentFunction@35ca260a] under current_time; prior registration was null
2025-09-05 09:15:31 DEBUG [restartedMain] o.h.q.s.function.SqmFunctionRegistry [,] - Registered SqmFunctionTemplate [org.hibernate.dialect.function.CurrentFunction@62c9ff90] under current_timestamp; prior registration was null
2025-09-05 09:15:31 DEBUG [restartedMain] o.h.q.s.function.SqmFunctionRegistry [,] - Registering alternate key : current date -> current_date
2025-09-05 09:15:31 DEBUG [restartedMain] o.h.q.s.function.SqmFunctionRegistry [,] - Registering alternate key : current time -> current_time
2025-09-05 09:15:31 DEBUG [restartedMain] o.h.q.s.function.SqmFunctionRegistry [,] - Registering alternate key : current timestamp -> current_timestamp
2025-09-05 09:15:31 DEBUG [restartedMain] o.h.q.s.function.SqmFunctionRegistry [,] - Registered SqmFunctionTemplate [org.hibernate.dialect.function.CurrentFunction@3e9fd044] under local_date; prior registration was null
2025-09-05 09:15:31 DEBUG [restartedMain] o.h.q.s.function.SqmFunctionRegistry [,] - Registered SqmFunctionTemplate [org.hibernate.dialect.function.CurrentFunction@6d837619] under local_time; prior registration was null
2025-09-05 09:15:31 DEBUG [restartedMain] o.h.q.s.function.SqmFunctionRegistry [,] - Registered SqmFunctionTemplate [org.hibernate.dialect.function.CurrentFunction@99df7d5] under local_datetime; prior registration was null
2025-09-05 09:15:31 DEBUG [restartedMain] o.h.q.s.function.SqmFunctionRegistry [,] - Registered SqmFunctionTemplate [org.hibernate.dialect.function.CurrentFunction@2485ac09] under offset_datetime; prior registration was null
2025-09-05 09:15:31 DEBUG [restartedMain] o.h.q.s.function.SqmFunctionRegistry [,] - Registering alternate key : local date -> local_date
2025-09-05 09:15:31 DEBUG [restartedMain] o.h.q.s.function.SqmFunctionRegistry [,] - Registering alternate key : local time -> local_time
2025-09-05 09:15:31 DEBUG [restartedMain] o.h.q.s.function.SqmFunctionRegistry [,] - Registering alternate key : local datetime -> local_datetime
2025-09-05 09:15:31 DEBUG [restartedMain] o.h.q.s.function.SqmFunctionRegistry [,] - Registering alternate key : offset datetime -> offset_datetime
2025-09-05 09:15:31 DEBUG [restartedMain] o.h.q.s.function.SqmFunctionRegistry [,] - Registered SqmFunctionTemplate [org.hibernate.dialect.function.CurrentFunction@6458552d] under instant; prior registration was null
2025-09-05 09:15:31 DEBUG [restartedMain] o.h.q.s.function.SqmFunctionRegistry [,] - Registering alternate key : current_instant -> instant
2025-09-05 09:15:31 DEBUG [restartedMain] o.h.q.s.function.SqmFunctionRegistry [,] - Registered SqmFunctionTemplate [org.hibernate.dialect.function.SqlFunction@5b637618] under sql; prior registration was null
2025-09-05 09:15:31 DEBUG [restartedMain] o.h.q.s.function.SqmFunctionRegistry [,] - Registered SqmFunctionTemplate [NamedSqmFunctionTemplate(soundex)] under soundex; prior registration was null
2025-09-05 09:15:31 DEBUG [restartedMain] o.h.q.s.function.SqmFunctionRegistry [,] - Registered SqmFunctionTemplate [NamedSqmFunctionTemplate(radians)] under radians; prior registration was null
2025-09-05 09:15:31 DEBUG [restartedMain] o.h.q.s.function.SqmFunctionRegistry [,] - Registered SqmFunctionTemplate [NamedSqmFunctionTemplate(degrees)] under degrees; prior registration was null
2025-09-05 09:15:31 DEBUG [restartedMain] o.h.q.s.function.SqmFunctionRegistry [,] - Registered SqmFunctionTemplate [NamedSqmFunctionTemplate(cot)] under cot; prior registration was null
2025-09-05 09:15:31 DEBUG [restartedMain] o.h.q.s.function.SqmFunctionRegistry [,] - Registered SqmFunctionTemplate [NamedSqmFunctionTemplate(log)] under log; prior registration was org.hibernate.query.sqm.function.PatternBasedSqmFunctionDescriptor@43675689
2025-09-05 09:15:31 DEBUG [restartedMain] o.h.q.s.function.SqmFunctionRegistry [,] - Registered SqmFunctionTemplate [NamedSqmFunctionTemplate(log2)] under log2; prior registration was null
2025-09-05 09:15:31 DEBUG [restartedMain] o.h.q.s.function.SqmFunctionRegistry [,] - Registered SqmFunctionTemplate [NamedSqmFunctionTemplate(log10)] under log10; prior registration was null
2025-09-05 09:15:31 DEBUG [restartedMain] o.h.q.s.function.SqmFunctionRegistry [,] - Registered SqmFunctionTemplate [NamedSqmFunctionTemplate(ltrim)] under ltrim; prior registration was null
2025-09-05 09:15:31 DEBUG [restartedMain] o.h.q.s.function.SqmFunctionRegistry [,] - Registered SqmFunctionTemplate [NamedSqmFunctionTemplate(rtrim)] under rtrim; prior registration was null
2025-09-05 09:15:31 DEBUG [restartedMain] o.h.q.s.function.SqmFunctionRegistry [,] - Registered SqmFunctionTemplate [NamedSqmFunctionTemplate(octet_length)] under octet_length; prior registration was null
2025-09-05 09:15:31 DEBUG [restartedMain] o.h.q.s.function.SqmFunctionRegistry [,] - Registered SqmFunctionTemplate [NamedSqmFunctionTemplate(reverse)] under reverse; prior registration was null
2025-09-05 09:15:31 DEBUG [restartedMain] o.h.q.s.function.SqmFunctionRegistry [,] - Registered SqmFunctionTemplate [NamedSqmFunctionTemplate(space)] under space; prior registration was null
2025-09-05 09:15:31 DEBUG [restartedMain] o.h.q.s.function.SqmFunctionRegistry [,] - Registered SqmFunctionTemplate [NamedSqmFunctionTemplate(repeat)] under repeat; prior registration was null
2025-09-05 09:15:31 DEBUG [restartedMain] o.h.q.s.function.SqmFunctionRegistry [,] - Registered SqmFunctionTemplate [org.hibernate.query.sqm.function.MultipatternSqmFunctionDescriptor@e4f4eb2] under lpad; prior registration was NamedSqmFunctionTemplate(lpad)
2025-09-05 09:15:31 DEBUG [restartedMain] o.h.q.s.function.SqmFunctionRegistry [,] - Registered SqmFunctionTemplate [org.hibernate.query.sqm.function.MultipatternSqmFunctionDescriptor@393fdc86] under rpad; prior registration was NamedSqmFunctionTemplate(rpad)
2025-09-05 09:15:31 DEBUG [restartedMain] o.h.q.s.function.SqmFunctionRegistry [,] - Registered SqmFunctionTemplate [NamedSqmFunctionTemplate(md5)] under md5; prior registration was null
2025-09-05 09:15:31 DEBUG [restartedMain] o.h.q.s.function.SqmFunctionRegistry [,] - Registered SqmFunctionTemplate [NamedSqmFunctionTemplate(day)] under day; prior registration was null
2025-09-05 09:15:31 DEBUG [restartedMain] o.h.q.s.function.SqmFunctionRegistry [,] - Registered SqmFunctionTemplate [NamedSqmFunctionTemplate(month)] under month; prior registration was null
2025-09-05 09:15:31 DEBUG [restartedMain] o.h.q.s.function.SqmFunctionRegistry [,] - Registered SqmFunctionTemplate [NamedSqmFunctionTemplate(year)] under year; prior registration was null
2025-09-05 09:15:31 DEBUG [restartedMain] o.h.q.s.function.SqmFunctionRegistry [,] - Registered SqmFunctionTemplate [NamedSqmFunctionTemplate(hour)] under hour; prior registration was null
2025-09-05 09:15:31 DEBUG [restartedMain] o.h.q.s.function.SqmFunctionRegistry [,] - Registered SqmFunctionTemplate [NamedSqmFunctionTemplate(minute)] under minute; prior registration was null
2025-09-05 09:15:31 DEBUG [restartedMain] o.h.q.s.function.SqmFunctionRegistry [,] - Registered SqmFunctionTemplate [NamedSqmFunctionTemplate(second)] under second; prior registration was null
2025-09-05 09:15:31 DEBUG [restartedMain] o.h.q.s.function.SqmFunctionRegistry [,] - Registered SqmFunctionTemplate [NamedSqmFunctionTemplate(microsecond)] under microsecond; prior registration was null
2025-09-05 09:15:31 DEBUG [restartedMain] o.h.q.s.function.SqmFunctionRegistry [,] - Registered SqmFunctionTemplate [NamedSqmFunctionTemplate(dayofweek)] under dayofweek; prior registration was null
2025-09-05 09:15:31 DEBUG [restartedMain] o.h.q.s.function.SqmFunctionRegistry [,] - Registered SqmFunctionTemplate [NamedSqmFunctionTemplate(dayofmonth)] under dayofmonth; prior registration was null
2025-09-05 09:15:31 DEBUG [restartedMain] o.h.q.s.function.SqmFunctionRegistry [,] - Registering alternate key : day -> dayofmonth
2025-09-05 09:15:31 DEBUG [restartedMain] o.h.q.s.function.SqmFunctionRegistry [,] - Registered SqmFunctionTemplate [NamedSqmFunctionTemplate(dayofyear)] under dayofyear; prior registration was null
2025-09-05 09:15:31 DEBUG [restartedMain] o.h.q.s.function.SqmFunctionRegistry [,] - Registered SqmFunctionTemplate [NamedSqmFunctionTemplate(week)] under week; prior registration was null
2025-09-05 09:15:31 DEBUG [restartedMain] o.h.q.s.function.SqmFunctionRegistry [,] - Registered SqmFunctionTemplate [NamedSqmFunctionTemplate(quarter)] under quarter; prior registration was null
2025-09-05 09:15:31 DEBUG [restartedMain] o.h.q.s.function.SqmFunctionRegistry [,] - Registered SqmFunctionTemplate [NamedSqmFunctionTemplate(monthname)] under monthname; prior registration was null
2025-09-05 09:15:31 DEBUG [restartedMain] o.h.q.s.function.SqmFunctionRegistry [,] - Registered SqmFunctionTemplate [NamedSqmFunctionTemplate(dayname)] under dayname; prior registration was null
2025-09-05 09:15:31 DEBUG [restartedMain] o.h.q.s.function.SqmFunctionRegistry [,] - Registered SqmFunctionTemplate [NamedSqmFunctionTemplate(last_day)] under last_day; prior registration was null
2025-09-05 09:15:31 DEBUG [restartedMain] o.h.q.s.function.SqmFunctionRegistry [,] - Registered SqmFunctionTemplate [NamedSqmFunctionTemplate(date)] under date; prior registration was null
2025-09-05 09:15:31 DEBUG [restartedMain] o.h.q.s.function.SqmFunctionRegistry [,] - Registered SqmFunctionTemplate [NamedSqmFunctionTemplate(timestamp)] under timestamp; prior registration was null
2025-09-05 09:15:31 DEBUG [restartedMain] o.h.q.s.function.SqmFunctionRegistry [,] - Registered SqmFunctionTemplate [NamedSqmFunctionTemplate(time)] under time; prior registration was null
2025-09-05 09:15:31 DEBUG [restartedMain] o.h.q.s.function.SqmFunctionRegistry [,] - Registered SqmFunctionTemplate [NamedSqmFunctionTemplate(utc_date)] under utc_date; prior registration was null
2025-09-05 09:15:31 DEBUG [restartedMain] o.h.q.s.function.SqmFunctionRegistry [,] - Registered SqmFunctionTemplate [NamedSqmFunctionTemplate(utc_time)] under utc_time; prior registration was null
2025-09-05 09:15:31 DEBUG [restartedMain] o.h.q.s.function.SqmFunctionRegistry [,] - Registered SqmFunctionTemplate [NamedSqmFunctionTemplate(utc_timestamp)] under utc_timestamp; prior registration was null
2025-09-05 09:15:31 DEBUG [restartedMain] o.h.q.s.function.SqmFunctionRegistry [,] - Registered SqmFunctionTemplate [NamedSqmFunctionTemplate(rand)] under rand; prior registration was null
2025-09-05 09:15:31 DEBUG [restartedMain] o.h.q.s.function.SqmFunctionRegistry [,] - Registered SqmFunctionTemplate [NamedSqmFunctionTemplate(crc32)] under crc32; prior registration was null
2025-09-05 09:15:31 DEBUG [restartedMain] o.h.q.s.function.SqmFunctionRegistry [,] - Registered SqmFunctionTemplate [NamedSqmFunctionTemplate(sha1)] under sha1; prior registration was null
2025-09-05 09:15:31 DEBUG [restartedMain] o.h.q.s.function.SqmFunctionRegistry [,] - Registered SqmFunctionTemplate [NamedSqmFunctionTemplate(sha2)] under sha2; prior registration was null
2025-09-05 09:15:31 DEBUG [restartedMain] o.h.q.s.function.SqmFunctionRegistry [,] - Registered SqmFunctionTemplate [NamedSqmFunctionTemplate(sha)] under sha; prior registration was null
2025-09-05 09:15:31 DEBUG [restartedMain] o.h.q.s.function.SqmFunctionRegistry [,] - Registered SqmFunctionTemplate [NamedSqmFunctionTemplate(bit_length)] under bit_length; prior registration was null
2025-09-05 09:15:31 DEBUG [restartedMain] o.h.q.s.function.SqmFunctionRegistry [,] - Registered SqmFunctionTemplate [NamedSqmFunctionTemplate(octet_length)] under octet_length; prior registration was NamedSqmFunctionTemplate(octet_length)
2025-09-05 09:15:31 DEBUG [restartedMain] o.h.q.s.function.SqmFunctionRegistry [,] - Registered SqmFunctionTemplate [NamedSqmFunctionTemplate(ascii)] under ascii; prior registration was null
2025-09-05 09:15:31 DEBUG [restartedMain] o.h.q.s.function.SqmFunctionRegistry [,] - Registered SqmFunctionTemplate [NamedSqmFunctionTemplate(instr)] under instr; prior registration was null
2025-09-05 09:15:31 DEBUG [restartedMain] o.h.q.s.function.SqmFunctionRegistry [,] - Registered SqmFunctionTemplate [NamedSqmFunctionTemplate(substr)] under substr; prior registration was null
2025-09-05 09:15:31 DEBUG [restartedMain] o.h.q.s.function.SqmFunctionRegistry [,] - Registered SqmFunctionTemplate [org.hibernate.query.sqm.function.PatternBasedSqmFunctionDescriptor@4038a15a] under position; prior registration was org.hibernate.dialect.function.LocatePositionEmulation@3109807d
2025-09-05 09:15:31 DEBUG [restartedMain] o.h.q.s.function.SqmFunctionRegistry [,] - Registered SqmFunctionTemplate [NamedSqmFunctionTemplate(curtime)] under curtime; prior registration was null
2025-09-05 09:15:31 DEBUG [restartedMain] o.h.q.s.function.SqmFunctionRegistry [,] - Registered SqmFunctionTemplate [NamedSqmFunctionTemplate(curdate)] under curdate; prior registration was null
2025-09-05 09:15:31 DEBUG [restartedMain] o.h.q.s.function.SqmFunctionRegistry [,] - Registered SqmFunctionTemplate [NamedSqmFunctionTemplate(now)] under now; prior registration was null
2025-09-05 09:15:31 DEBUG [restartedMain] o.h.q.s.function.SqmFunctionRegistry [,] - Registered SqmFunctionTemplate [org.hibernate.dialect.function.TruncFunction@14cb20db] under trunc; prior registration was null
2025-09-05 09:15:31 DEBUG [restartedMain] o.h.q.s.function.SqmFunctionRegistry [,] - Registering alternate key : truncate -> trunc
2025-09-05 09:15:31 DEBUG [restartedMain] o.h.q.s.function.SqmFunctionRegistry [,] - Registered SqmFunctionTemplate [NamedSqmFunctionTemplate(insert)] under insert; prior registration was null
2025-09-05 09:15:31 DEBUG [restartedMain] o.h.q.s.function.SqmFunctionRegistry [,] - Registered SqmFunctionTemplate [org.hibernate.query.sqm.function.PatternBasedSqmFunctionDescriptor@5d899213] under bitand; prior registration was null
2025-09-05 09:15:31 DEBUG [restartedMain] o.h.q.s.function.SqmFunctionRegistry [,] - Registered SqmFunctionTemplate [org.hibernate.query.sqm.function.PatternBasedSqmFunctionDescriptor@59ea2eb] under bitor; prior registration was null
2025-09-05 09:15:31 DEBUG [restartedMain] o.h.q.s.function.SqmFunctionRegistry [,] - Registered SqmFunctionTemplate [org.hibernate.query.sqm.function.PatternBasedSqmFunctionDescriptor@160e857f] under bitxor; prior registration was null
2025-09-05 09:15:31 DEBUG [restartedMain] o.h.q.s.function.SqmFunctionRegistry [,] - Registered SqmFunctionTemplate [org.hibernate.query.sqm.function.PatternBasedSqmFunctionDescriptor@5b8eb29d] under bitnot; prior registration was null
2025-09-05 09:15:31 DEBUG [restartedMain] o.h.q.s.function.SqmFunctionRegistry [,] - Registered SqmFunctionTemplate [NamedSqmFunctionTemplate(bit_and)] under bit_and; prior registration was null
2025-09-05 09:15:31 DEBUG [restartedMain] o.h.q.s.function.SqmFunctionRegistry [,] - Registered SqmFunctionTemplate [NamedSqmFunctionTemplate(bit_or)] under bit_or; prior registration was null
2025-09-05 09:15:31 DEBUG [restartedMain] o.h.q.s.function.SqmFunctionRegistry [,] - Registered SqmFunctionTemplate [NamedSqmFunctionTemplate(stddev)] under stddev; prior registration was null
2025-09-05 09:15:31 DEBUG [restartedMain] o.h.q.s.function.SqmFunctionRegistry [,] - Registered SqmFunctionTemplate [NamedSqmFunctionTemplate(stddev_pop)] under stddev_pop; prior registration was null
2025-09-05 09:15:31 DEBUG [restartedMain] o.h.q.s.function.SqmFunctionRegistry [,] - Registered SqmFunctionTemplate [NamedSqmFunctionTemplate(stddev_samp)] under stddev_samp; prior registration was null
2025-09-05 09:15:31 DEBUG [restartedMain] o.h.q.s.function.SqmFunctionRegistry [,] - Registered SqmFunctionTemplate [NamedSqmFunctionTemplate(variance)] under variance; prior registration was null
2025-09-05 09:15:31 DEBUG [restartedMain] o.h.q.s.function.SqmFunctionRegistry [,] - Registered SqmFunctionTemplate [NamedSqmFunctionTemplate(var_pop)] under var_pop; prior registration was null
2025-09-05 09:15:31 DEBUG [restartedMain] o.h.q.s.function.SqmFunctionRegistry [,] - Registered SqmFunctionTemplate [NamedSqmFunctionTemplate(var_samp)] under var_samp; prior registration was null
2025-09-05 09:15:31 DEBUG [restartedMain] o.h.q.s.function.SqmFunctionRegistry [,] - Registered SqmFunctionTemplate [NamedSqmFunctionTemplate(datediff)] under datediff; prior registration was null
2025-09-05 09:15:31 DEBUG [restartedMain] o.h.q.s.function.SqmFunctionRegistry [,] - Registered SqmFunctionTemplate [NamedSqmFunctionTemplate(adddate)] under adddate; prior registration was null
2025-09-05 09:15:31 DEBUG [restartedMain] o.h.q.s.function.SqmFunctionRegistry [,] - Registered SqmFunctionTemplate [NamedSqmFunctionTemplate(subdate)] under subdate; prior registration was null
2025-09-05 09:15:31 DEBUG [restartedMain] o.h.q.s.function.SqmFunctionRegistry [,] - Registered SqmFunctionTemplate [NamedSqmFunctionTemplate(addtime)] under addtime; prior registration was null
2025-09-05 09:15:31 DEBUG [restartedMain] o.h.q.s.function.SqmFunctionRegistry [,] - Registered SqmFunctionTemplate [NamedSqmFunctionTemplate(subtime)] under subtime; prior registration was null
2025-09-05 09:15:31 DEBUG [restartedMain] o.h.q.s.function.SqmFunctionRegistry [,] - Registered SqmFunctionTemplate [org.hibernate.dialect.function.FormatFunction@4a86aaf5] under format; prior registration was org.hibernate.dialect.function.FormatFunction@705c6b66
2025-09-05 09:15:31 DEBUG [restartedMain] o.h.q.s.function.SqmFunctionRegistry [,] - Registered SqmFunctionTemplate [NamedSqmFunctionTemplate(makedate)] under makedate; prior registration was null
2025-09-05 09:15:31 DEBUG [restartedMain] o.h.q.s.function.SqmFunctionRegistry [,] - Registered SqmFunctionTemplate [NamedSqmFunctionTemplate(maketime)] under maketime; prior registration was null
2025-09-05 09:15:31 DEBUG [restartedMain] o.h.q.s.function.SqmFunctionRegistry [,] - Registered SqmFunctionTemplate [NamedSqmFunctionTemplate(localtime)] under localtime; prior registration was null
2025-09-05 09:15:31 DEBUG [restartedMain] o.h.q.s.function.SqmFunctionRegistry [,] - Registered SqmFunctionTemplate [NamedSqmFunctionTemplate(localtimestamp)] under localtimestamp; prior registration was null
2025-09-05 09:15:31 DEBUG [restartedMain] o.h.q.s.function.SqmFunctionRegistry [,] - Registered SqmFunctionTemplate [NamedSqmFunctionTemplate(localtime)] under local_time; prior registration was org.hibernate.dialect.function.CurrentFunction@6d837619
2025-09-05 09:15:31 DEBUG [restartedMain] o.h.q.s.function.SqmFunctionRegistry [,] - Registered SqmFunctionTemplate [NamedSqmFunctionTemplate(localtimestamp)] under local_datetime; prior registration was org.hibernate.dialect.function.CurrentFunction@99df7d5
2025-09-05 09:15:31 DEBUG [restartedMain] o.h.q.s.function.SqmFunctionRegistry [,] - Registered SqmFunctionTemplate [NamedSqmFunctionTemplate(localtime)] under localtime; prior registration was NamedSqmFunctionTemplate(localtime)
2025-09-05 09:15:31 DEBUG [restartedMain] o.h.q.s.function.SqmFunctionRegistry [,] - Registered SqmFunctionTemplate [org.hibernate.query.sqm.function.PatternBasedSqmFunctionDescriptor@3affd0b4] under pi; prior registration was org.hibernate.query.sqm.function.PatternBasedSqmFunctionDescriptor@7dd73f58
2025-09-05 09:15:31 DEBUG [restartedMain] o.h.q.s.function.SqmFunctionRegistry [,] - Registered SqmFunctionTemplate [org.hibernate.query.sqm.function.PatternBasedSqmFunctionDescriptor@58b89fe9] under chr; prior registration was null
2025-09-05 09:15:31 DEBUG [restartedMain] o.h.q.s.function.SqmFunctionRegistry [,] - Registering alternate key : char -> chr
2025-09-05 09:15:31 DEBUG [restartedMain] o.h.q.s.function.SqmFunctionRegistry [,] - Registered SqmFunctionTemplate [org.hibernate.query.sqm.function.PatternBasedSqmFunctionDescriptor@768cc439] under sysdate; prior registration was null
2025-09-05 09:15:31 DEBUG [restartedMain] o.h.q.s.function.SqmFunctionRegistry [,] - Registered SqmFunctionTemplate [NamedSqmFunctionTemplate(row_number)] under row_number; prior registration was null
2025-09-05 09:15:31 DEBUG [restartedMain] o.h.q.s.function.SqmFunctionRegistry [,] - Registered SqmFunctionTemplate [NamedSqmFunctionTemplate(lag)] under lag; prior registration was null
2025-09-05 09:15:31 DEBUG [restartedMain] o.h.q.s.function.SqmFunctionRegistry [,] - Registered SqmFunctionTemplate [NamedSqmFunctionTemplate(lead)] under lead; prior registration was null
2025-09-05 09:15:31 DEBUG [restartedMain] o.h.q.s.function.SqmFunctionRegistry [,] - Registered SqmFunctionTemplate [NamedSqmFunctionTemplate(first_value)] under first_value; prior registration was null
2025-09-05 09:15:31 DEBUG [restartedMain] o.h.q.s.function.SqmFunctionRegistry [,] - Registered SqmFunctionTemplate [NamedSqmFunctionTemplate(last_value)] under last_value; prior registration was null
2025-09-05 09:15:31 DEBUG [restartedMain] o.h.q.s.function.SqmFunctionRegistry [,] - Registered SqmFunctionTemplate [NamedSqmFunctionTemplate(nth_value)] under nth_value; prior registration was null
2025-09-05 09:15:31 DEBUG [restartedMain] o.h.q.s.function.SqmFunctionRegistry [,] - Registered SqmFunctionTemplate [org.hibernate.dialect.function.HypotheticalSetWindowEmulation@16df5cb4] under rank; prior registration was null
2025-09-05 09:15:31 DEBUG [restartedMain] o.h.q.s.function.SqmFunctionRegistry [,] - Registered SqmFunctionTemplate [org.hibernate.dialect.function.HypotheticalSetWindowEmulation@786867e9] under dense_rank; prior registration was null
2025-09-05 09:15:31 DEBUG [restartedMain] o.h.q.s.function.SqmFunctionRegistry [,] - Registered SqmFunctionTemplate [org.hibernate.dialect.function.HypotheticalSetWindowEmulation@4bfe7f0c] under percent_rank; prior registration was null
2025-09-05 09:15:31 DEBUG [restartedMain] o.h.q.s.function.SqmFunctionRegistry [,] - Registered SqmFunctionTemplate [org.hibernate.dialect.function.HypotheticalSetWindowEmulation@6741c96e] under cume_dist; prior registration was null
2025-09-05 09:15:31 DEBUG [restartedMain] o.h.q.s.function.SqmFunctionRegistry [,] - Registered SqmFunctionTemplate [org.hibernate.dialect.function.ListaggGroupConcatEmulation@6126c7b9] under listagg; prior registration was null
2025-09-05 09:15:31 DEBUG [restartedMain] org.hibernate.HQL_FUNCTIONS [,] - _order_by_frag(arg0, arg1)
2025-09-05 09:15:31 DEBUG [restartedMain] org.hibernate.HQL_FUNCTIONS [,] - abs(NUMERIC arg)
2025-09-05 09:15:31 DEBUG [restartedMain] org.hibernate.HQL_FUNCTIONS [,] - Double acos(NUMERIC arg)
2025-09-05 09:15:31 DEBUG [restartedMain] org.hibernate.HQL_FUNCTIONS [,] - adddate(DATE datetime, INTEGER days)
2025-09-05 09:15:31 DEBUG [restartedMain] org.hibernate.HQL_FUNCTIONS [,] - addtime(TIME datetime, TIME time)
2025-09-05 09:15:31 DEBUG [restartedMain] org.hibernate.HQL_FUNCTIONS [,] - Boolean any(BOOLEAN arg)
2025-09-05 09:15:31 DEBUG [restartedMain] org.hibernate.HQL_FUNCTIONS [,] - Integer ascii(STRING arg)
2025-09-05 09:15:31 DEBUG [restartedMain] org.hibernate.HQL_FUNCTIONS [,] - Double asin(NUMERIC arg)
2025-09-05 09:15:31 DEBUG [restartedMain] org.hibernate.HQL_FUNCTIONS [,] - Double atan(NUMERIC arg)
2025-09-05 09:15:31 DEBUG [restartedMain] org.hibernate.HQL_FUNCTIONS [,] - Double atan2(NUMERIC arg0, NUMERIC arg1)
2025-09-05 09:15:31 DEBUG [restartedMain] org.hibernate.HQL_FUNCTIONS [,] - avg(arg)
2025-09-05 09:15:31 DEBUG [restartedMain] org.hibernate.HQL_FUNCTIONS [,] - bit_and(arg)
2025-09-05 09:15:31 DEBUG [restartedMain] org.hibernate.HQL_FUNCTIONS [,] - Integer bit_length(STRING_OR_CLOB arg)
2025-09-05 09:15:31 DEBUG [restartedMain] org.hibernate.HQL_FUNCTIONS [,] - bit_or(arg)
2025-09-05 09:15:31 DEBUG [restartedMain] org.hibernate.HQL_FUNCTIONS [,] - bitand(arg0, arg1)
2025-09-05 09:15:31 DEBUG [restartedMain] org.hibernate.HQL_FUNCTIONS [,] - bitnot(arg)
2025-09-05 09:15:31 DEBUG [restartedMain] org.hibernate.HQL_FUNCTIONS [,] - bitor(arg0, arg1)
2025-09-05 09:15:31 DEBUG [restartedMain] org.hibernate.HQL_FUNCTIONS [,] - bitxor(arg0, arg1)
2025-09-05 09:15:31 DEBUG [restartedMain] org.hibernate.HQL_FUNCTIONS [,] - cast(arg as Type)
2025-09-05 09:15:31 DEBUG [restartedMain] org.hibernate.HQL_FUNCTIONS [,] - ceiling(NUMERIC arg)
2025-09-05 09:15:31 DEBUG [restartedMain] org.hibernate.HQL_FUNCTIONS [,] - Character char(INTEGER arg)
2025-09-05 09:15:31 DEBUG [restartedMain] org.hibernate.HQL_FUNCTIONS [,] - Integer character_length(STRING_OR_CLOB arg)
2025-09-05 09:15:31 DEBUG [restartedMain] org.hibernate.HQL_FUNCTIONS [,] - Character chr(INTEGER arg)
2025-09-05 09:15:31 DEBUG [restartedMain] org.hibernate.HQL_FUNCTIONS [,] - coalesce(arg0[, arg1[, ...]])
2025-09-05 09:15:31 DEBUG [restartedMain] org.hibernate.HQL_FUNCTIONS [,] - String collate(STRING string as COLLATION collation)
2025-09-05 09:15:31 DEBUG [restartedMain] org.hibernate.HQL_FUNCTIONS [,] - String concat(STRING string0[, STRING string1[, ...]])
2025-09-05 09:15:31 DEBUG [restartedMain] org.hibernate.HQL_FUNCTIONS [,] - Double cos(NUMERIC arg)
2025-09-05 09:15:31 DEBUG [restartedMain] org.hibernate.HQL_FUNCTIONS [,] - Double cosh(NUMERIC arg)
2025-09-05 09:15:31 DEBUG [restartedMain] org.hibernate.HQL_FUNCTIONS [,] - Double cot(NUMERIC arg)
2025-09-05 09:15:31 DEBUG [restartedMain] org.hibernate.HQL_FUNCTIONS [,] - Long count([distinct ]{arg|*})
2025-09-05 09:15:31 DEBUG [restartedMain] org.hibernate.HQL_FUNCTIONS [,] - Integer crc32(arg)
2025-09-05 09:15:31 DEBUG [restartedMain] org.hibernate.HQL_FUNCTIONS [,] - Double cume_dist([arg0[, ...]])
2025-09-05 09:15:31 DEBUG [restartedMain] org.hibernate.HQL_FUNCTIONS [,] - Date curdate()
2025-09-05 09:15:31 DEBUG [restartedMain] org.hibernate.HQL_FUNCTIONS [,] - Date current date
2025-09-05 09:15:31 DEBUG [restartedMain] org.hibernate.HQL_FUNCTIONS [,] - Time current time
2025-09-05 09:15:31 DEBUG [restartedMain] org.hibernate.HQL_FUNCTIONS [,] - Timestamp current timestamp
2025-09-05 09:15:31 DEBUG [restartedMain] org.hibernate.HQL_FUNCTIONS [,] - Date current_date
2025-09-05 09:15:31 DEBUG [restartedMain] org.hibernate.HQL_FUNCTIONS [,] - Instant current_instant
2025-09-05 09:15:31 DEBUG [restartedMain] org.hibernate.HQL_FUNCTIONS [,] - Time current_time
2025-09-05 09:15:31 DEBUG [restartedMain] org.hibernate.HQL_FUNCTIONS [,] - Timestamp current_timestamp
2025-09-05 09:15:31 DEBUG [restartedMain] org.hibernate.HQL_FUNCTIONS [,] - Time curtime()
2025-09-05 09:15:31 DEBUG [restartedMain] org.hibernate.HQL_FUNCTIONS [,] - Date date(arg)
2025-09-05 09:15:31 DEBUG [restartedMain] org.hibernate.HQL_FUNCTIONS [,] - dateadd(TEMPORAL_UNIT field, INTEGER magnitude, TEMPORAL datetime)
2025-09-05 09:15:31 DEBUG [restartedMain] org.hibernate.HQL_FUNCTIONS [,] - Integer datediff(DATE end, DATE start)
2025-09-05 09:15:31 DEBUG [restartedMain] org.hibernate.HQL_FUNCTIONS [,] - Integer day(DATE arg)
2025-09-05 09:15:31 DEBUG [restartedMain] org.hibernate.HQL_FUNCTIONS [,] - String dayname(DATE arg)
2025-09-05 09:15:31 DEBUG [restartedMain] org.hibernate.HQL_FUNCTIONS [,] - Integer dayofmonth(DATE arg)
2025-09-05 09:15:31 DEBUG [restartedMain] org.hibernate.HQL_FUNCTIONS [,] - Integer dayofweek(DATE arg)
2025-09-05 09:15:31 DEBUG [restartedMain] org.hibernate.HQL_FUNCTIONS [,] - Integer dayofyear(DATE arg)
2025-09-05 09:15:31 DEBUG [restartedMain] org.hibernate.HQL_FUNCTIONS [,] - Double degrees(NUMERIC arg)
2025-09-05 09:15:31 DEBUG [restartedMain] org.hibernate.HQL_FUNCTIONS [,] - Long dense_rank([arg0[, ...]])
2025-09-05 09:15:31 DEBUG [restartedMain] org.hibernate.HQL_FUNCTIONS [,] - Boolean every(BOOLEAN arg)
2025-09-05 09:15:31 DEBUG [restartedMain] org.hibernate.HQL_FUNCTIONS [,] - Double exp(NUMERIC arg)
2025-09-05 09:15:31 DEBUG [restartedMain] org.hibernate.HQL_FUNCTIONS [,] - extract(TEMPORAL_UNIT field from TEMPORAL arg)
2025-09-05 09:15:31 DEBUG [restartedMain] org.hibernate.HQL_FUNCTIONS [,] - first_valueANY value
2025-09-05 09:15:31 DEBUG [restartedMain] org.hibernate.HQL_FUNCTIONS [,] - floor(NUMERIC arg)
2025-09-05 09:15:31 DEBUG [restartedMain] org.hibernate.HQL_FUNCTIONS [,] - String format(TEMPORAL datetime as STRING pattern)
2025-09-05 09:15:31 DEBUG [restartedMain] org.hibernate.HQL_FUNCTIONS [,] - greatest(COMPARABLE arg0, COMPARABLE arg1[, arg2[, ...]])
2025-09-05 09:15:31 DEBUG [restartedMain] org.hibernate.HQL_FUNCTIONS [,] - Integer hour(TIME arg)
2025-09-05 09:15:31 DEBUG [restartedMain] org.hibernate.HQL_FUNCTIONS [,] - ifnull(arg0, arg1)
2025-09-05 09:15:31 DEBUG [restartedMain] org.hibernate.HQL_FUNCTIONS [,] - String insert(STRING string, INTEGER start, INTEGER length, STRING replacement)
2025-09-05 09:15:31 DEBUG [restartedMain] org.hibernate.HQL_FUNCTIONS [,] - Instant instant
2025-09-05 09:15:31 DEBUG [restartedMain] org.hibernate.HQL_FUNCTIONS [,] - Integer instr(STRING string, STRING pattern[, INTEGER start[, INTEGER occurrence]])
2025-09-05 09:15:31 DEBUG [restartedMain] org.hibernate.HQL_FUNCTIONS [,] - lagANY value[, INTEGER offset[, ANY default]]
2025-09-05 09:15:31 DEBUG [restartedMain] org.hibernate.HQL_FUNCTIONS [,] - Date last_day(DATE arg)
2025-09-05 09:15:31 DEBUG [restartedMain] org.hibernate.HQL_FUNCTIONS [,] - last_valueANY value
2025-09-05 09:15:31 DEBUG [restartedMain] org.hibernate.HQL_FUNCTIONS [,] - leadANY value[, INTEGER offset[, ANY default]]
2025-09-05 09:15:31 DEBUG [restartedMain] org.hibernate.HQL_FUNCTIONS [,] - least(COMPARABLE arg0, COMPARABLE arg1[, arg2[, ...]])
2025-09-05 09:15:31 DEBUG [restartedMain] org.hibernate.HQL_FUNCTIONS [,] - String left(STRING string, INTEGER length)
2025-09-05 09:15:31 DEBUG [restartedMain] org.hibernate.HQL_FUNCTIONS [,] - Integer length(STRING_OR_CLOB arg)
2025-09-05 09:15:31 DEBUG [restartedMain] org.hibernate.HQL_FUNCTIONS [,] - String listagg(STRING arg0, STRING arg1)
2025-09-05 09:15:31 DEBUG [restartedMain] org.hibernate.HQL_FUNCTIONS [,] - Double ln(NUMERIC arg)
2025-09-05 09:15:31 DEBUG [restartedMain] org.hibernate.HQL_FUNCTIONS [,] - LocalDate local date
2025-09-05 09:15:31 DEBUG [restartedMain] org.hibernate.HQL_FUNCTIONS [,] - LocalDateTime local datetime
2025-09-05 09:15:31 DEBUG [restartedMain] org.hibernate.HQL_FUNCTIONS [,] - LocalTime local time
2025-09-05 09:15:31 DEBUG [restartedMain] org.hibernate.HQL_FUNCTIONS [,] - LocalDate local_date
2025-09-05 09:15:31 DEBUG [restartedMain] org.hibernate.HQL_FUNCTIONS [,] - LocalDateTime local_datetime
2025-09-05 09:15:31 DEBUG [restartedMain] org.hibernate.HQL_FUNCTIONS [,] - LocalTime local_time
2025-09-05 09:15:31 DEBUG [restartedMain] org.hibernate.HQL_FUNCTIONS [,] - Timestamp localtime
2025-09-05 09:15:31 DEBUG [restartedMain] org.hibernate.HQL_FUNCTIONS [,] - Timestamp localtimestamp
2025-09-05 09:15:31 DEBUG [restartedMain] org.hibernate.HQL_FUNCTIONS [,] - Integer locate(STRING pattern, STRING string[, INTEGER start])
2025-09-05 09:15:31 DEBUG [restartedMain] org.hibernate.HQL_FUNCTIONS [,] - Double log(NUMERIC arg0[, NUMERIC arg1])
2025-09-05 09:15:31 DEBUG [restartedMain] org.hibernate.HQL_FUNCTIONS [,] - Double log10(NUMERIC arg)
2025-09-05 09:15:31 DEBUG [restartedMain] org.hibernate.HQL_FUNCTIONS [,] - Double log2(NUMERIC arg)
2025-09-05 09:15:31 DEBUG [restartedMain] org.hibernate.HQL_FUNCTIONS [,] - String lower(STRING string)
2025-09-05 09:15:31 DEBUG [restartedMain] org.hibernate.HQL_FUNCTIONS [,] - String lpad(string, length[, padding])
2025-09-05 09:15:31 DEBUG [restartedMain] org.hibernate.HQL_FUNCTIONS [,] - String ltrim(STRING string[, STRING characters])
2025-09-05 09:15:31 DEBUG [restartedMain] org.hibernate.HQL_FUNCTIONS [,] - Date makedate(INTEGER year, INTEGER dayofyear)
2025-09-05 09:15:31 DEBUG [restartedMain] org.hibernate.HQL_FUNCTIONS [,] - Time maketime(INTEGER hour, INTEGER min, INTEGER sec)
2025-09-05 09:15:31 DEBUG [restartedMain] org.hibernate.HQL_FUNCTIONS [,] - max(COMPARABLE arg)
2025-09-05 09:15:31 DEBUG [restartedMain] org.hibernate.HQL_FUNCTIONS [,] - String md5(arg)
2025-09-05 09:15:31 DEBUG [restartedMain] org.hibernate.HQL_FUNCTIONS [,] - Integer microsecond(TIME arg)
2025-09-05 09:15:31 DEBUG [restartedMain] org.hibernate.HQL_FUNCTIONS [,] - min(COMPARABLE arg)
2025-09-05 09:15:31 DEBUG [restartedMain] org.hibernate.HQL_FUNCTIONS [,] - Integer minute(TIME arg)
2025-09-05 09:15:31 DEBUG [restartedMain] org.hibernate.HQL_FUNCTIONS [,] - Integer mod(INTEGER arg0, INTEGER arg1)
2025-09-05 09:15:31 DEBUG [restartedMain] org.hibernate.HQL_FUNCTIONS [,] - Integer month(DATE arg)
2025-09-05 09:15:31 DEBUG [restartedMain] org.hibernate.HQL_FUNCTIONS [,] - String monthname(DATE arg)
2025-09-05 09:15:31 DEBUG [restartedMain] org.hibernate.HQL_FUNCTIONS [,] - Timestamp now()
2025-09-05 09:15:31 DEBUG [restartedMain] org.hibernate.HQL_FUNCTIONS [,] - nth_valueANY value, INTEGER nth
2025-09-05 09:15:31 DEBUG [restartedMain] org.hibernate.HQL_FUNCTIONS [,] - nullif(arg0, arg1)
2025-09-05 09:15:31 DEBUG [restartedMain] org.hibernate.HQL_FUNCTIONS [,] - Integer octet_length(STRING_OR_CLOB arg)
2025-09-05 09:15:31 DEBUG [restartedMain] org.hibernate.HQL_FUNCTIONS [,] - OffsetDateTime offset datetime
2025-09-05 09:15:31 DEBUG [restartedMain] org.hibernate.HQL_FUNCTIONS [,] - OffsetDateTime offset_datetime
2025-09-05 09:15:31 DEBUG [restartedMain] org.hibernate.HQL_FUNCTIONS [,] - String overlay(STRING string placing STRING replacement from INTEGER start[ for INTEGER length])
2025-09-05 09:15:31 DEBUG [restartedMain] org.hibernate.HQL_FUNCTIONS [,] - String pad(STRING string with INTEGER length {leading|trailing}[ STRING character])
2025-09-05 09:15:31 DEBUG [restartedMain] org.hibernate.HQL_FUNCTIONS [,] - Double percent_rank([arg0[, ...]])
2025-09-05 09:15:31 DEBUG [restartedMain] org.hibernate.HQL_FUNCTIONS [,] - Double pi
2025-09-05 09:15:31 DEBUG [restartedMain] org.hibernate.HQL_FUNCTIONS [,] - Integer position(STRING pattern in STRING string)
2025-09-05 09:15:31 DEBUG [restartedMain] org.hibernate.HQL_FUNCTIONS [,] - Double power(NUMERIC arg0, NUMERIC arg1)
2025-09-05 09:15:31 DEBUG [restartedMain] org.hibernate.HQL_FUNCTIONS [,] - Integer quarter(DATE arg)
2025-09-05 09:15:31 DEBUG [restartedMain] org.hibernate.HQL_FUNCTIONS [,] - Double radians(NUMERIC arg)
2025-09-05 09:15:31 DEBUG [restartedMain] org.hibernate.HQL_FUNCTIONS [,] - Double rand([INTEGER seed])
2025-09-05 09:15:31 DEBUG [restartedMain] org.hibernate.HQL_FUNCTIONS [,] - Long rank([arg0[, ...]])
2025-09-05 09:15:31 DEBUG [restartedMain] org.hibernate.HQL_FUNCTIONS [,] - String repeat(STRING string, INTEGER times)
2025-09-05 09:15:31 DEBUG [restartedMain] org.hibernate.HQL_FUNCTIONS [,] - String replace(STRING string, STRING pattern, STRING replacement)
2025-09-05 09:15:31 DEBUG [restartedMain] org.hibernate.HQL_FUNCTIONS [,] - String reverse(STRING arg)
2025-09-05 09:15:31 DEBUG [restartedMain] org.hibernate.HQL_FUNCTIONS [,] - String right(STRING string, INTEGER length)
2025-09-05 09:15:31 DEBUG [restartedMain] org.hibernate.HQL_FUNCTIONS [,] - round(NUMERIC number[, INTEGER places])
2025-09-05 09:15:31 DEBUG [restartedMain] org.hibernate.HQL_FUNCTIONS [,] - Long row_number()
2025-09-05 09:15:31 DEBUG [restartedMain] org.hibernate.HQL_FUNCTIONS [,] - String rpad(string, length[, padding])
2025-09-05 09:15:31 DEBUG [restartedMain] org.hibernate.HQL_FUNCTIONS [,] - String rtrim(STRING string[, STRING characters])
2025-09-05 09:15:31 DEBUG [restartedMain] org.hibernate.HQL_FUNCTIONS [,] - Integer second(TIME arg)
2025-09-05 09:15:31 DEBUG [restartedMain] org.hibernate.HQL_FUNCTIONS [,] - String sha(arg)
2025-09-05 09:15:31 DEBUG [restartedMain] org.hibernate.HQL_FUNCTIONS [,] - String sha1(arg)
2025-09-05 09:15:31 DEBUG [restartedMain] org.hibernate.HQL_FUNCTIONS [,] - String sha2(arg0, arg1)
2025-09-05 09:15:31 DEBUG [restartedMain] org.hibernate.HQL_FUNCTIONS [,] - Integer sign(NUMERIC arg)
2025-09-05 09:15:31 DEBUG [restartedMain] org.hibernate.HQL_FUNCTIONS [,] - Double sin(NUMERIC arg)
2025-09-05 09:15:31 DEBUG [restartedMain] org.hibernate.HQL_FUNCTIONS [,] - Double sinh(NUMERIC arg)
2025-09-05 09:15:31 DEBUG [restartedMain] org.hibernate.HQL_FUNCTIONS [,] - String soundex(arg)
2025-09-05 09:15:31 DEBUG [restartedMain] org.hibernate.HQL_FUNCTIONS [,] - String space(INTEGER arg)
2025-09-05 09:15:31 DEBUG [restartedMain] org.hibernate.HQL_FUNCTIONS [,] - Object sql
2025-09-05 09:15:31 DEBUG [restartedMain] org.hibernate.HQL_FUNCTIONS [,] - Double sqrt(NUMERIC arg)
2025-09-05 09:15:31 DEBUG [restartedMain] org.hibernate.HQL_FUNCTIONS [,] - Double stddev(NUMERIC arg)
2025-09-05 09:15:31 DEBUG [restartedMain] org.hibernate.HQL_FUNCTIONS [,] - Double stddev_pop(NUMERIC arg)
2025-09-05 09:15:31 DEBUG [restartedMain] org.hibernate.HQL_FUNCTIONS [,] - Double stddev_samp(NUMERIC arg)
2025-09-05 09:15:31 DEBUG [restartedMain] org.hibernate.HQL_FUNCTIONS [,] - String str(arg)
2025-09-05 09:15:31 DEBUG [restartedMain] org.hibernate.HQL_FUNCTIONS [,] - subdate(DATE datetime, INTEGER days)
2025-09-05 09:15:31 DEBUG [restartedMain] org.hibernate.HQL_FUNCTIONS [,] - String substr(STRING string, INTEGER start[, INTEGER length])
2025-09-05 09:15:31 DEBUG [restartedMain] org.hibernate.HQL_FUNCTIONS [,] - String substring(STRING string{ from|,} INTEGER start[{ for|,} INTEGER length])
2025-09-05 09:15:31 DEBUG [restartedMain] org.hibernate.HQL_FUNCTIONS [,] - subtime(TIME datetime, TIME time)
2025-09-05 09:15:31 DEBUG [restartedMain] org.hibernate.HQL_FUNCTIONS [,] - sum(arg)
2025-09-05 09:15:31 DEBUG [restartedMain] org.hibernate.HQL_FUNCTIONS [,] - Timestamp sysdate()
2025-09-05 09:15:31 DEBUG [restartedMain] org.hibernate.HQL_FUNCTIONS [,] - Double tan(NUMERIC arg)
2025-09-05 09:15:31 DEBUG [restartedMain] org.hibernate.HQL_FUNCTIONS [,] - Double tanh(NUMERIC arg)
2025-09-05 09:15:31 DEBUG [restartedMain] org.hibernate.HQL_FUNCTIONS [,] - String time(arg)
2025-09-05 09:15:31 DEBUG [restartedMain] org.hibernate.HQL_FUNCTIONS [,] - Timestamp timestamp(arg0[, arg1])
2025-09-05 09:15:31 DEBUG [restartedMain] org.hibernate.HQL_FUNCTIONS [,] - timestampadd(TEMPORAL_UNIT field, INTEGER magnitude, TEMPORAL datetime)
2025-09-05 09:15:31 DEBUG [restartedMain] org.hibernate.HQL_FUNCTIONS [,] - Long|Double timestampdiff(TEMPORAL_UNIT field, TEMPORAL start, TEMPORAL end)
2025-09-05 09:15:31 DEBUG [restartedMain] org.hibernate.HQL_FUNCTIONS [,] - String trim([[{leading|trailing|both} ][STRING arg0 ]from] STRING arg1)
2025-09-05 09:15:31 DEBUG [restartedMain] org.hibernate.HQL_FUNCTIONS [,] - trunc( ... )
2025-09-05 09:15:31 DEBUG [restartedMain] org.hibernate.HQL_FUNCTIONS [,] - truncate( ... )
2025-09-05 09:15:31 DEBUG [restartedMain] org.hibernate.HQL_FUNCTIONS [,] - String upper(STRING string)
2025-09-05 09:15:31 DEBUG [restartedMain] org.hibernate.HQL_FUNCTIONS [,] - Date utc_date
2025-09-05 09:15:31 DEBUG [restartedMain] org.hibernate.HQL_FUNCTIONS [,] - Time utc_time
2025-09-05 09:15:31 DEBUG [restartedMain] org.hibernate.HQL_FUNCTIONS [,] - Timestamp utc_timestamp
2025-09-05 09:15:31 DEBUG [restartedMain] org.hibernate.HQL_FUNCTIONS [,] - Double var_pop(NUMERIC arg)
2025-09-05 09:15:31 DEBUG [restartedMain] org.hibernate.HQL_FUNCTIONS [,] - Double var_samp(NUMERIC arg)
2025-09-05 09:15:31 DEBUG [restartedMain] org.hibernate.HQL_FUNCTIONS [,] - Double variance(NUMERIC arg)
2025-09-05 09:15:31 DEBUG [restartedMain] org.hibernate.HQL_FUNCTIONS [,] - Integer week(DATE arg)
2025-09-05 09:15:31 DEBUG [restartedMain] org.hibernate.HQL_FUNCTIONS [,] - Integer year(DATE arg)
2025-09-05 09:15:31 DEBUG [restartedMain] org.hibernate.orm.query.plan.cache [,] - Starting QueryInterpretationCache(2048)
2025-09-05 09:15:31 DEBUG [restartedMain] o.h.s.i.SessionFactoryServiceRegistryImpl [,] - EventListenerRegistry access via ServiceRegistry is deprecated.  Use `sessionFactory.getEventEngine().getListenerRegistry()` instead
2025-09-05 09:15:31 DEBUG [restartedMain] o.h.e.i.EntityCopyObserverFactoryInitiator [,] - Configured EntityCopyObserver strategy: disallow
2025-09-05 09:15:31 DEBUG [restartedMain] o.h.b.internal.ClassLoaderAccessImpl [,] - Not known whether passed class name [com.example.loan_service.entity.LoanRejectionReason] is safe
2025-09-05 09:15:31 DEBUG [restartedMain] o.h.b.internal.ClassLoaderAccessImpl [,] - No temp ClassLoader provided; using live ClassLoader for loading potentially unsafe class : com.example.loan_service.entity.LoanRejectionReason
2025-09-05 09:15:31 DEBUG [restartedMain] o.h.b.i.b.BytecodeProviderImpl [,] - HHH000513: Unable to create the ReflectionOptimizer for [com.example.loan_service.entity.LoanRejectionReason]: private accessor [createdAt]
2025-09-05 09:15:31 DEBUG [restartedMain] o.h.b.internal.ClassLoaderAccessImpl [,] - Not known whether passed class name [com.example.loan_service.entity.Repayment] is safe
2025-09-05 09:15:31 DEBUG [restartedMain] o.h.b.internal.ClassLoaderAccessImpl [,] - No temp ClassLoader provided; using live ClassLoader for loading potentially unsafe class : com.example.loan_service.entity.Repayment
2025-09-05 09:15:31 DEBUG [restartedMain] o.h.b.i.b.BytecodeProviderImpl [,] - HHH000513: Unable to create the ReflectionOptimizer for [com.example.loan_service.entity.Repayment]: private accessor [auditCreatedAt]
2025-09-05 09:15:31 DEBUG [restartedMain] o.h.b.internal.ClassLoaderAccessImpl [,] - Not known whether passed class name [com.example.loan_service.entity.Loan] is safe
2025-09-05 09:15:31 DEBUG [restartedMain] o.h.b.internal.ClassLoaderAccessImpl [,] - No temp ClassLoader provided; using live ClassLoader for loading potentially unsafe class : com.example.loan_service.entity.Loan
2025-09-05 09:15:31 DEBUG [restartedMain] o.h.b.i.b.BytecodeProviderImpl [,] - HHH000513: Unable to create the ReflectionOptimizer for [com.example.loan_service.entity.Loan]: private accessor [amount]
2025-09-05 09:15:31 DEBUG [restartedMain] org.hibernate.orm.jdbc.mutation [,] - Skipping collection (re)creation - com.example.loan_service.entity.Loan.repayments
2025-09-05 09:15:31 DEBUG [restartedMain] org.hibernate.orm.jdbc.mutation [,] - Skipping collection row deletions - com.example.loan_service.entity.Loan.repayments
2025-09-05 09:15:31 DEBUG [restartedMain] org.hibernate.orm.jdbc.mutation [,] - Skipping collection removals - com.example.loan_service.entity.Loan.repayments
2025-09-05 09:15:31 DEBUG [restartedMain] org.hibernate.orm.jdbc.mutation [,] - Skipping collection (re)creation - com.example.loan_service.entity.Loan.rejectionReasons
2025-09-05 09:15:31 DEBUG [restartedMain] org.hibernate.orm.jdbc.mutation [,] - Skipping collection row deletions - com.example.loan_service.entity.Loan.rejectionReasons
2025-09-05 09:15:31 DEBUG [restartedMain] org.hibernate.orm.jdbc.mutation [,] - Skipping collection removals - com.example.loan_service.entity.Loan.rejectionReasons
2025-09-05 09:15:31 DEBUG [restartedMain] o.h.orm.model.mapping.creation [,] - Starting post-init callbacks
2025-09-05 09:15:31 DEBUG [restartedMain] o.h.orm.model.mapping.creation [,] - Starting PostInitCallbackEntry : Entity(org.hibernate.envers.DefaultRevisionEntity) `staticFetchableList` generator
2025-09-05 09:15:31 DEBUG [restartedMain] o.h.orm.model.mapping.creation [,] - Starting PostInitCallbackEntry : To-one key - NavigableRole[com.example.loan_service.entity.LoanRejectionReason.loan]
2025-09-05 09:15:31 DEBUG [restartedMain] o.h.orm.model.mapping.creation [,] - Starting PostInitCallbackEntry : Entity(com.example.loan_service.entity.LoanRejectionReason) `staticFetchableList` generator
2025-09-05 09:15:31 DEBUG [restartedMain] o.h.orm.model.mapping.creation [,] - Starting PostInitCallbackEntry : EmbeddableMappingType(com.example.loan_service.entity.Repayment_AUD#{id})#finishInitialization
2025-09-05 09:15:31 DEBUG [restartedMain] o.h.orm.model.mapping.creation [,] - Starting PostInitCallbackEntry : Entity(com.example.loan_service.entity.Repayment_AUD) `staticFetchableList` generator
2025-09-05 09:15:31 DEBUG [restartedMain] o.h.orm.model.mapping.creation [,] - Starting PostInitCallbackEntry : To-one key - NavigableRole[com.example.loan_service.entity.Repayment.loan]
2025-09-05 09:15:31 DEBUG [restartedMain] o.h.orm.model.mapping.creation [,] - Starting PostInitCallbackEntry : Entity(com.example.loan_service.entity.Repayment) `staticFetchableList` generator
2025-09-05 09:15:31 DEBUG [restartedMain] o.h.orm.model.mapping.creation [,] - Starting PostInitCallbackEntry : EmbeddableMappingType(com.example.loan_service.entity.Loan_AUD#{id})#finishInitialization
2025-09-05 09:15:31 DEBUG [restartedMain] o.h.orm.model.mapping.creation [,] - Starting PostInitCallbackEntry : Entity(com.example.loan_service.entity.Loan_AUD) `staticFetchableList` generator
2025-09-05 09:15:31 DEBUG [restartedMain] o.h.orm.model.mapping.creation [,] - Starting PostInitCallbackEntry : EmbeddableMappingType(com.example.loan_service.entity.LoanRejectionReason_AUD#{id})#finishInitialization
2025-09-05 09:15:31 DEBUG [restartedMain] o.h.orm.model.mapping.creation [,] - Starting PostInitCallbackEntry : Entity(com.example.loan_service.entity.LoanRejectionReason_AUD) `staticFetchableList` generator
2025-09-05 09:15:31 DEBUG [restartedMain] o.h.orm.model.mapping.creation [,] - Starting PostInitCallbackEntry : PluralAttributeMapping( NavigableRole[com.example.loan_service.entity.Loan.rejectionReasons#{element}]) - element descriptor
2025-09-05 09:15:31 DEBUG [restartedMain] o.h.orm.model.mapping.creation [,] - Starting PostInitCallbackEntry : PluralAttributeMapping(com.example.loan_service.entity.Loan.rejectionReasons)#finishInitialization
2025-09-05 09:15:31 DEBUG [restartedMain] o.h.orm.model.mapping.creation [,] - Starting PostInitCallbackEntry : PluralAttributeMapping(com.example.loan_service.entity.Loan.rejectionReasons) - key descriptor
2025-09-05 09:15:31 DEBUG [restartedMain] o.h.orm.model.mapping.creation [,] - Starting PostInitCallbackEntry : PluralAttributeMapping( NavigableRole[com.example.loan_service.entity.Loan.repayments#{element}]) - element descriptor
2025-09-05 09:15:31 DEBUG [restartedMain] o.h.orm.model.mapping.creation [,] - Starting PostInitCallbackEntry : PluralAttributeMapping(com.example.loan_service.entity.Loan.repayments)#finishInitialization
2025-09-05 09:15:31 DEBUG [restartedMain] o.h.orm.model.mapping.creation [,] - Starting PostInitCallbackEntry : PluralAttributeMapping(com.example.loan_service.entity.Loan.repayments) - key descriptor
2025-09-05 09:15:31 DEBUG [restartedMain] o.h.orm.model.mapping.creation [,] - Starting PostInitCallbackEntry : Entity(com.example.loan_service.entity.Loan) `staticFetchableList` generator
2025-09-05 09:15:31 DEBUG [restartedMain] o.h.orm.model.mapping.creation [,] - Starting PostInitCallbackEntry : PluralAttributeMapping( NavigableRole[com.example.loan_service.entity.Loan.rejectionReasons#{element}]) - element descriptor
2025-09-05 09:15:31 DEBUG [restartedMain] o.h.orm.model.mapping.creation [,] - Starting PostInitCallbackEntry : PluralAttributeMapping( NavigableRole[com.example.loan_service.entity.Loan.repayments#{element}]) - element descriptor
2025-09-05 09:15:31 DEBUG [restartedMain] o.h.orm.model.mapping.creation [,] - Starting PostInitCallbackEntry : To-one key - NavigableRole[com.example.loan_service.entity.Repayment_AUD#{id}.REV]
2025-09-05 09:15:31 DEBUG [restartedMain] o.h.orm.model.mapping.creation [,] - Starting PostInitCallbackEntry : EmbeddableMappingType(com.example.loan_service.entity.Repayment_AUD#{id})#initColumnMappings
2025-09-05 09:15:31 DEBUG [restartedMain] o.h.orm.model.mapping.creation [,] - Starting PostInitCallbackEntry : To-one key - NavigableRole[com.example.loan_service.entity.Loan_AUD#{id}.REV]
2025-09-05 09:15:31 DEBUG [restartedMain] o.h.orm.model.mapping.creation [,] - Starting PostInitCallbackEntry : EmbeddableMappingType(com.example.loan_service.entity.Loan_AUD#{id})#initColumnMappings
2025-09-05 09:15:31 DEBUG [restartedMain] o.h.orm.model.mapping.creation [,] - Starting PostInitCallbackEntry : To-one key - NavigableRole[com.example.loan_service.entity.LoanRejectionReason_AUD#{id}.REV]
2025-09-05 09:15:31 DEBUG [restartedMain] o.h.orm.model.mapping.creation [,] - Starting PostInitCallbackEntry : EmbeddableMappingType(com.example.loan_service.entity.LoanRejectionReason_AUD#{id})#initColumnMappings
2025-09-05 09:15:31 DEBUG [restartedMain] org.hibernate.orm.sql.ast.create [,] - Created new SQL alias : dre1_0
2025-09-05 09:15:31 DEBUG [restartedMain] org.hibernate.orm.sql.ast.create [,] - Registration of TableGroup [StandardTableGroup(org.hibernate.envers.DefaultRevisionEntity)] with identifierForTableGroup [org.hibernate.envers.DefaultRevisionEntity] for NavigablePath [org.hibernate.envers.DefaultRevisionEntity] 
2025-09-05 09:15:31 DEBUG [restartedMain] org.hibernate.orm.results.graph.AST [,] - DomainResult Graph:
 \-EntityResultImpl [org.hibernate.envers.DefaultRevisionEntity]
 |  \-BasicFetch [org.hibernate.envers.DefaultRevisionEntity.timestamp]

2025-09-05 09:15:31 DEBUG [restartedMain] org.hibernate.orm.sql.ast.tree [,] - SQL AST Tree:
    SelectStatement {
      FromClause {
        StandardTableGroup (dre1 : org.hibernate.envers.DefaultRevisionEntity) {
          primaryTableReference : revinfo as dre1_0
        }
      }
    }

2025-09-05 09:15:31 DEBUG [restartedMain] o.h.p.entity.AbstractEntityPersister [,] - Static SQL for entity: org.hibernate.envers.DefaultRevisionEntity
2025-09-05 09:15:31 DEBUG [restartedMain] o.h.p.entity.AbstractEntityPersister [,] -  Version select: select rev from revinfo where rev=?
2025-09-05 09:15:31 DEBUG [restartedMain] o.h.p.entity.AbstractEntityPersister [,] -  Insert (0): insert into revinfo (revtstmp) values (?)
2025-09-05 09:15:31 DEBUG [restartedMain] o.h.p.entity.AbstractEntityPersister [,] -  Delete (0): delete from revinfo where rev=?
2025-09-05 09:15:31 DEBUG [restartedMain] org.hibernate.orm.sql.ast.create [,] - Created new SQL alias : lrr1_0
2025-09-05 09:15:31 DEBUG [restartedMain] org.hibernate.orm.sql.ast.create [,] - Registration of TableGroup [StandardTableGroup(com.example.loan_service.entity.LoanRejectionReason)] with identifierForTableGroup [com.example.loan_service.entity.LoanRejectionReason] for NavigablePath [com.example.loan_service.entity.LoanRejectionReason] 
2025-09-05 09:15:31 DEBUG [restartedMain] org.hibernate.orm.sql.ast.create [,] - Registration of TableGroup [org.hibernate.sql.ast.tree.from.LazyTableGroup@6470d762] with identifierForTableGroup [com.example.loan_service.entity.LoanRejectionReason.loan] for NavigablePath [com.example.loan_service.entity.LoanRejectionReason.loan] 
2025-09-05 09:15:31 DEBUG [restartedMain] org.hibernate.orm.results.graph.AST [,] - DomainResult Graph:
 \-EntityResultImpl [com.example.loan_service.entity.LoanRejectionReason]
 |  +-BasicFetch [com.example.loan_service.entity.LoanRejectionReason.createdAt]
 |  +-EntityDelayedFetchImpl [com.example.loan_service.entity.LoanRejectionReason.loan]
 |  \-BasicFetch [com.example.loan_service.entity.LoanRejectionReason.reason]

2025-09-05 09:15:31 DEBUG [restartedMain] org.hibernate.orm.sql.ast.tree [,] - SQL AST Tree:
    SelectStatement {
      FromClause {
        StandardTableGroup (lrr1 : com.example.loan_service.entity.LoanRejectionReason) {
          primaryTableReference : loan_rejection_reason as lrr1_0
          TableGroupJoins {
            left  join LazyTableGroup (l1 : com.example.loan_service.entity.LoanRejectionReason.loan) {
            }
          }
        }
      }
    }

2025-09-05 09:15:31 DEBUG [restartedMain] o.h.p.entity.AbstractEntityPersister [,] - Static SQL for entity: com.example.loan_service.entity.LoanRejectionReason
2025-09-05 09:15:31 DEBUG [restartedMain] o.h.p.entity.AbstractEntityPersister [,] -  Version select: select id from loan_rejection_reason where id=?
2025-09-05 09:15:31 DEBUG [restartedMain] o.h.p.entity.AbstractEntityPersister [,] -  Insert (0): insert into loan_rejection_reason (created_at,loan_id,reason) values (?,?,?)
2025-09-05 09:15:31 DEBUG [restartedMain] o.h.p.entity.AbstractEntityPersister [,] -  Update (0): update loan_rejection_reason set created_at=?,loan_id=?,reason=? where id=?
2025-09-05 09:15:31 DEBUG [restartedMain] o.h.p.entity.AbstractEntityPersister [,] -  Delete (0): delete from loan_rejection_reason where id=?
2025-09-05 09:15:31 DEBUG [restartedMain] org.hibernate.orm.sql.ast.create [,] - Created new SQL alias : ra1_0
2025-09-05 09:15:31 DEBUG [restartedMain] org.hibernate.orm.sql.ast.create [,] - Registration of TableGroup [StandardTableGroup(com.example.loan_service.entity.Repayment_AUD)] with identifierForTableGroup [com.example.loan_service.entity.Repayment_AUD] for NavigablePath [com.example.loan_service.entity.Repayment_AUD] 
2025-09-05 09:15:31 DEBUG [restartedMain] org.hibernate.orm.sql.ast.create [,] - Registration of TableGroup [StandardVirtualTableGroup(com.example.loan_service.entity.Repayment_AUD.{id})] with identifierForTableGroup [com.example.loan_service.entity.Repayment_AUD.{id}] for NavigablePath [com.example.loan_service.entity.Repayment_AUD.{id}] 
2025-09-05 09:15:31 DEBUG [restartedMain] org.hibernate.orm.sql.ast.create [,] - Registration of TableGroup [org.hibernate.sql.ast.tree.from.LazyTableGroup@48207b83] with identifierForTableGroup [com.example.loan_service.entity.Repayment_AUD.{id}.REV] for NavigablePath [com.example.loan_service.entity.Repayment_AUD.{id}.REV] 
2025-09-05 09:15:31 DEBUG [restartedMain] org.hibernate.orm.results.graph.AST [,] - DomainResult Graph:
 \-EntityResultImpl [com.example.loan_service.entity.Repayment_AUD]
 |  +-BasicFetch [com.example.loan_service.entity.Repayment_AUD.REVTYPE]
 |  +-BasicFetch [com.example.loan_service.entity.Repayment_AUD.auditCreatedAt]
 |  +-BasicFetch [com.example.loan_service.entity.Repayment_AUD.auditCreatedBy]
 |  +-BasicFetch [com.example.loan_service.entity.Repayment_AUD.auditLastModifiedAt]
 |  +-BasicFetch [com.example.loan_service.entity.Repayment_AUD.auditLastModifiedBy]
 |  +-BasicFetch [com.example.loan_service.entity.Repayment_AUD.dueDate]
 |  +-BasicFetch [com.example.loan_service.entity.Repayment_AUD.interest]
 |  +-BasicFetch [com.example.loan_service.entity.Repayment_AUD.loan_loanId]
 |  +-BasicFetch [com.example.loan_service.entity.Repayment_AUD.paidAmount]
 |  +-BasicFetch [com.example.loan_service.entity.Repayment_AUD.principal]
 |  \-BasicFetch [com.example.loan_service.entity.Repayment_AUD.status]

2025-09-05 09:15:31 DEBUG [restartedMain] org.hibernate.orm.sql.ast.tree [,] - SQL AST Tree:
    SelectStatement {
      FromClause {
        StandardTableGroup (ra1 : com.example.loan_service.entity.Repayment_AUD) {
          primaryTableReference : repayment_aud as ra1_0
          TableGroupJoins {
             join StandardVirtualTableGroup (null : com.example.loan_service.entity.Repayment_AUD.{id}) {
              primaryTableReference : repayment_aud as ra1_0
              TableGroupJoins {
                left  join LazyTableGroup (r1 : com.example.loan_service.entity.Repayment_AUD.{id}.REV) {
                }
              }
            }
          }
        }
      }
    }

2025-09-05 09:15:31 DEBUG [restartedMain] o.h.p.entity.AbstractEntityPersister [,] - Static SQL for entity: com.example.loan_service.entity.Repayment_AUD
2025-09-05 09:15:31 DEBUG [restartedMain] o.h.p.entity.AbstractEntityPersister [,] -  Version select: select rev, repayment_id from repayment_aud where rev=? and repayment_id=?
2025-09-05 09:15:31 DEBUG [restartedMain] o.h.p.entity.AbstractEntityPersister [,] -  Insert (0): insert into repayment_aud (revtype,audit_created_at,audit_created_by,audit_last_modified_at,audit_last_modified_by,due_date,interest,loan_id,paid_amount,principal,status,rev,repayment_id) values (?,?,?,?,?,?,?,?,?,?,?,?,?)
2025-09-05 09:15:31 DEBUG [restartedMain] o.h.p.entity.AbstractEntityPersister [,] -  Delete (0): delete from repayment_aud where rev=? and repayment_id=?
2025-09-05 09:15:31 DEBUG [restartedMain] org.hibernate.orm.sql.ast.create [,] - Created new SQL alias : r1_0
2025-09-05 09:15:31 DEBUG [restartedMain] org.hibernate.orm.sql.ast.create [,] - Registration of TableGroup [StandardTableGroup(com.example.loan_service.entity.Repayment)] with identifierForTableGroup [com.example.loan_service.entity.Repayment] for NavigablePath [com.example.loan_service.entity.Repayment] 
2025-09-05 09:15:31 DEBUG [restartedMain] org.hibernate.orm.sql.ast.create [,] - Registration of TableGroup [org.hibernate.sql.ast.tree.from.LazyTableGroup@283cfd6e] with identifierForTableGroup [com.example.loan_service.entity.Repayment.loan] for NavigablePath [com.example.loan_service.entity.Repayment.loan] 
2025-09-05 09:15:31 DEBUG [restartedMain] org.hibernate.orm.results.graph.AST [,] - DomainResult Graph:
 \-EntityResultImpl [com.example.loan_service.entity.Repayment]
 |  +-BasicFetch [com.example.loan_service.entity.Repayment.auditCreatedAt]
 |  +-BasicFetch [com.example.loan_service.entity.Repayment.auditCreatedBy]
 |  +-BasicFetch [com.example.loan_service.entity.Repayment.auditLastModifiedAt]
 |  +-BasicFetch [com.example.loan_service.entity.Repayment.auditLastModifiedBy]
 |  +-BasicFetch [com.example.loan_service.entity.Repayment.dueDate]
 |  +-BasicFetch [com.example.loan_service.entity.Repayment.interest]
 |  +-EntityDelayedFetchImpl [com.example.loan_service.entity.Repayment.loan]
 |  +-BasicFetch [com.example.loan_service.entity.Repayment.paidAmount]
 |  +-BasicFetch [com.example.loan_service.entity.Repayment.principal]
 |  \-BasicFetch [com.example.loan_service.entity.Repayment.status]

2025-09-05 09:15:31 DEBUG [restartedMain] org.hibernate.orm.sql.ast.tree [,] - SQL AST Tree:
    SelectStatement {
      FromClause {
        StandardTableGroup (r1 : com.example.loan_service.entity.Repayment) {
          primaryTableReference : repayment as r1_0
          TableGroupJoins {
            left  join LazyTableGroup (l1 : com.example.loan_service.entity.Repayment.loan) {
            }
          }
        }
      }
    }

2025-09-05 09:15:31 DEBUG [restartedMain] o.h.p.entity.AbstractEntityPersister [,] - Static SQL for entity: com.example.loan_service.entity.Repayment
2025-09-05 09:15:31 DEBUG [restartedMain] o.h.p.entity.AbstractEntityPersister [,] -  Version select: select repayment_id from repayment where repayment_id=?
2025-09-05 09:15:31 DEBUG [restartedMain] o.h.p.entity.AbstractEntityPersister [,] -  Insert (0): insert into repayment (audit_created_at,audit_created_by,audit_last_modified_at,audit_last_modified_by,due_date,interest,loan_id,paid_amount,principal,status) values (?,?,?,?,?,?,?,?,?,?)
2025-09-05 09:15:31 DEBUG [restartedMain] o.h.p.entity.AbstractEntityPersister [,] -  Update (0): update repayment set audit_last_modified_at=?,audit_last_modified_by=?,due_date=?,interest=?,loan_id=?,paid_amount=?,principal=?,status=? where repayment_id=?
2025-09-05 09:15:31 DEBUG [restartedMain] o.h.p.entity.AbstractEntityPersister [,] -  Delete (0): delete from repayment where repayment_id=?
2025-09-05 09:15:31 DEBUG [restartedMain] org.hibernate.orm.sql.ast.create [,] - Created new SQL alias : la1_0
2025-09-05 09:15:31 DEBUG [restartedMain] org.hibernate.orm.sql.ast.create [,] - Registration of TableGroup [StandardTableGroup(com.example.loan_service.entity.Loan_AUD)] with identifierForTableGroup [com.example.loan_service.entity.Loan_AUD] for NavigablePath [com.example.loan_service.entity.Loan_AUD] 
2025-09-05 09:15:31 DEBUG [restartedMain] org.hibernate.orm.sql.ast.create [,] - Registration of TableGroup [StandardVirtualTableGroup(com.example.loan_service.entity.Loan_AUD.{id})] with identifierForTableGroup [com.example.loan_service.entity.Loan_AUD.{id}] for NavigablePath [com.example.loan_service.entity.Loan_AUD.{id}] 
2025-09-05 09:15:31 DEBUG [restartedMain] org.hibernate.orm.sql.ast.create [,] - Registration of TableGroup [org.hibernate.sql.ast.tree.from.LazyTableGroup@47222038] with identifierForTableGroup [com.example.loan_service.entity.Loan_AUD.{id}.REV] for NavigablePath [com.example.loan_service.entity.Loan_AUD.{id}.REV] 
2025-09-05 09:15:31 DEBUG [restartedMain] org.hibernate.orm.results.graph.AST [,] - DomainResult Graph:
 \-EntityResultImpl [com.example.loan_service.entity.Loan_AUD]
 |  +-BasicFetch [com.example.loan_service.entity.Loan_AUD.REVTYPE]
 |  +-BasicFetch [com.example.loan_service.entity.Loan_AUD.amount]
 |  +-BasicFetch [com.example.loan_service.entity.Loan_AUD.approvedAt]
 |  +-BasicFetch [com.example.loan_service.entity.Loan_AUD.auditCreatedAt]
 |  +-BasicFetch [com.example.loan_service.entity.Loan_AUD.auditCreatedBy]
 |  +-BasicFetch [com.example.loan_service.entity.Loan_AUD.auditLastModifiedAt]
 |  +-BasicFetch [com.example.loan_service.entity.Loan_AUD.auditLastModifiedBy]
 |  +-BasicFetch [com.example.loan_service.entity.Loan_AUD.createdAt]
 |  +-BasicFetch [com.example.loan_service.entity.Loan_AUD.customerId]
 |  +-BasicFetch [com.example.loan_service.entity.Loan_AUD.declaredIncome]
 |  +-BasicFetch [com.example.loan_service.entity.Loan_AUD.disbursementAccountNumber]
 |  +-BasicFetch [com.example.loan_service.entity.Loan_AUD.interestRate]
 |  +-BasicFetch [com.example.loan_service.entity.Loan_AUD.loanType]
 |  +-BasicFetch [com.example.loan_service.entity.Loan_AUD.pathFile]
 |  +-BasicFetch [com.example.loan_service.entity.Loan_AUD.repaymentAccountNumber]
 |  +-BasicFetch [com.example.loan_service.entity.Loan_AUD.status]
 |  \-BasicFetch [com.example.loan_service.entity.Loan_AUD.termMonths]

2025-09-05 09:15:31 DEBUG [restartedMain] org.hibernate.orm.sql.ast.tree [,] - SQL AST Tree:
    SelectStatement {
      FromClause {
        StandardTableGroup (la1 : com.example.loan_service.entity.Loan_AUD) {
          primaryTableReference : loan_aud as la1_0
          TableGroupJoins {
             join StandardVirtualTableGroup (null : com.example.loan_service.entity.Loan_AUD.{id}) {
              primaryTableReference : loan_aud as la1_0
              TableGroupJoins {
                left  join LazyTableGroup (r1 : com.example.loan_service.entity.Loan_AUD.{id}.REV) {
                }
              }
            }
          }
        }
      }
    }

2025-09-05 09:15:31 DEBUG [restartedMain] o.h.p.entity.AbstractEntityPersister [,] - Static SQL for entity: com.example.loan_service.entity.Loan_AUD
2025-09-05 09:15:31 DEBUG [restartedMain] o.h.p.entity.AbstractEntityPersister [,] -  Version select: select rev, loan_id from loan_aud where rev=? and loan_id=?
2025-09-05 09:15:31 DEBUG [restartedMain] o.h.p.entity.AbstractEntityPersister [,] -  Insert (0): insert into loan_aud (revtype,amount,approved_at,audit_created_at,audit_created_by,audit_last_modified_at,audit_last_modified_by,created_at,customer_id,declared_income,disbursement_account_number,interest_rate,loan_type,path_file,repayment_account_number,status,term_months,rev,loan_id) values (?,?,?,?,?,?,?,?,?,?,?,?,?,?,?,?,?,?,?)
2025-09-05 09:15:31 DEBUG [restartedMain] o.h.p.entity.AbstractEntityPersister [,] -  Delete (0): delete from loan_aud where rev=? and loan_id=?
2025-09-05 09:15:31 DEBUG [restartedMain] org.hibernate.orm.sql.ast.create [,] - Created new SQL alias : lrra1_0
2025-09-05 09:15:31 DEBUG [restartedMain] org.hibernate.orm.sql.ast.create [,] - Registration of TableGroup [StandardTableGroup(com.example.loan_service.entity.LoanRejectionReason_AUD)] with identifierForTableGroup [com.example.loan_service.entity.LoanRejectionReason_AUD] for NavigablePath [com.example.loan_service.entity.LoanRejectionReason_AUD] 
2025-09-05 09:15:31 DEBUG [restartedMain] org.hibernate.orm.sql.ast.create [,] - Registration of TableGroup [StandardVirtualTableGroup(com.example.loan_service.entity.LoanRejectionReason_AUD.{id})] with identifierForTableGroup [com.example.loan_service.entity.LoanRejectionReason_AUD.{id}] for NavigablePath [com.example.loan_service.entity.LoanRejectionReason_AUD.{id}] 
2025-09-05 09:15:31 DEBUG [restartedMain] org.hibernate.orm.sql.ast.create [,] - Registration of TableGroup [org.hibernate.sql.ast.tree.from.LazyTableGroup@369f21fd] with identifierForTableGroup [com.example.loan_service.entity.LoanRejectionReason_AUD.{id}.REV] for NavigablePath [com.example.loan_service.entity.LoanRejectionReason_AUD.{id}.REV] 
2025-09-05 09:15:31 DEBUG [restartedMain] org.hibernate.orm.results.graph.AST [,] - DomainResult Graph:
 \-EntityResultImpl [com.example.loan_service.entity.LoanRejectionReason_AUD]
 |  +-BasicFetch [com.example.loan_service.entity.LoanRejectionReason_AUD.REVTYPE]
 |  +-BasicFetch [com.example.loan_service.entity.LoanRejectionReason_AUD.createdAt]
 |  +-BasicFetch [com.example.loan_service.entity.LoanRejectionReason_AUD.loan_loanId]
 |  \-BasicFetch [com.example.loan_service.entity.LoanRejectionReason_AUD.reason]

2025-09-05 09:15:31 DEBUG [restartedMain] org.hibernate.orm.sql.ast.tree [,] - SQL AST Tree:
    SelectStatement {
      FromClause {
        StandardTableGroup (lrra1 : com.example.loan_service.entity.LoanRejectionReason_AUD) {
          primaryTableReference : loan_rejection_reason_aud as lrra1_0
          TableGroupJoins {
             join StandardVirtualTableGroup (null : com.example.loan_service.entity.LoanRejectionReason_AUD.{id}) {
              primaryTableReference : loan_rejection_reason_aud as lrra1_0
              TableGroupJoins {
                left  join LazyTableGroup (r1 : com.example.loan_service.entity.LoanRejectionReason_AUD.{id}.REV) {
                }
              }
            }
          }
        }
      }
    }

2025-09-05 09:15:31 DEBUG [restartedMain] o.h.p.entity.AbstractEntityPersister [,] - Static SQL for entity: com.example.loan_service.entity.LoanRejectionReason_AUD
2025-09-05 09:15:31 DEBUG [restartedMain] o.h.p.entity.AbstractEntityPersister [,] -  Version select: select rev, id from loan_rejection_reason_aud where rev=? and id=?
2025-09-05 09:15:31 DEBUG [restartedMain] o.h.p.entity.AbstractEntityPersister [,] -  Insert (0): insert into loan_rejection_reason_aud (revtype,created_at,loan_id,reason,rev,id) values (?,?,?,?,?,?)
2025-09-05 09:15:31 DEBUG [restartedMain] o.h.p.entity.AbstractEntityPersister [,] -  Delete (0): delete from loan_rejection_reason_aud where rev=? and id=?
2025-09-05 09:15:31 DEBUG [restartedMain] org.hibernate.orm.sql.ast.create [,] - Created new SQL alias : l1_0
2025-09-05 09:15:31 DEBUG [restartedMain] org.hibernate.orm.sql.ast.create [,] - Registration of TableGroup [StandardTableGroup(com.example.loan_service.entity.Loan)] with identifierForTableGroup [com.example.loan_service.entity.Loan] for NavigablePath [com.example.loan_service.entity.Loan] 
2025-09-05 09:15:31 DEBUG [restartedMain] org.hibernate.orm.sql.ast.create [,] - Created new SQL alias : rr1_0
2025-09-05 09:15:31 DEBUG [restartedMain] org.hibernate.orm.sql.ast.create [,] - Registration of TableGroup [org.hibernate.sql.ast.tree.from.OneToManyTableGroup@49a39618] with identifierForTableGroup [com.example.loan_service.entity.Loan.rejectionReasons] for NavigablePath [com.example.loan_service.entity.Loan.rejectionReasons] 
2025-09-05 09:15:31 DEBUG [restartedMain] org.hibernate.orm.sql.ast.create [,] - Registration of TableGroup [StandardTableGroup(com.example.loan_service.entity.Loan.rejectionReasons.{element})] with identifierForTableGroup [com.example.loan_service.entity.Loan.rejectionReasons.{element}] for NavigablePath [com.example.loan_service.entity.Loan.rejectionReasons.{element}] 
2025-09-05 09:15:31 DEBUG [restartedMain] org.hibernate.orm.sql.ast.create [,] - Registration of TableGroup [org.hibernate.sql.ast.tree.from.LazyTableGroup@7b72f943] with identifierForTableGroup [com.example.loan_service.entity.Loan.rejectionReasons.{element}.loan] for NavigablePath [com.example.loan_service.entity.Loan.rejectionReasons.{element}.loan] 
2025-09-05 09:15:31 DEBUG [restartedMain] org.hibernate.orm.results.graph.AST [,] - DomainResult Graph:
 \-EntityResultImpl [com.example.loan_service.entity.Loan]
 |  +-BasicFetch [com.example.loan_service.entity.Loan.amount]
 |  +-BasicFetch [com.example.loan_service.entity.Loan.approvedAt]
 |  +-BasicFetch [com.example.loan_service.entity.Loan.auditCreatedAt]
 |  +-BasicFetch [com.example.loan_service.entity.Loan.auditCreatedBy]
 |  +-BasicFetch [com.example.loan_service.entity.Loan.auditLastModifiedAt]
 |  +-BasicFetch [com.example.loan_service.entity.Loan.auditLastModifiedBy]
 |  +-BasicFetch [com.example.loan_service.entity.Loan.createdAt]
 |  +-BasicFetch [com.example.loan_service.entity.Loan.customerId]
 |  +-BasicFetch [com.example.loan_service.entity.Loan.declaredIncome]
 |  +-BasicFetch [com.example.loan_service.entity.Loan.disbursementAccountNumber]
 |  +-BasicFetch [com.example.loan_service.entity.Loan.interestRate]
 |  +-BasicFetch [com.example.loan_service.entity.Loan.loanType]
 |  +-BasicFetch [com.example.loan_service.entity.Loan.pathFile]
 |  +-EagerCollectionFetch [com.example.loan_service.entity.Loan.rejectionReasons]
 |  |  \-EntityFetchJoinedImpl [com.example.loan_service.entity.Loan.rejectionReasons.{element}]
 |  +-BasicFetch [com.example.loan_service.entity.Loan.repaymentAccountNumber]
 |  +-SelectEagerCollectionFetch [com.example.loan_service.entity.Loan.repayments]
 |  +-BasicFetch [com.example.loan_service.entity.Loan.status]
 |  \-BasicFetch [com.example.loan_service.entity.Loan.termMonths]

2025-09-05 09:15:31 DEBUG [restartedMain] org.hibernate.orm.sql.ast.tree [,] - SQL AST Tree:
    SelectStatement {
      FromClause {
        StandardTableGroup (l1 : com.example.loan_service.entity.Loan) {
          primaryTableReference : loan as l1_0
          TableGroupJoins {
            left  join OneToManyTableGroup (rr1 : com.example.loan_service.entity.Loan.rejectionReasons) {
              primaryTableReference : loan_rejection_reason as rr1_0
              TableGroupJoins {
                left  join LazyTableGroup (l2 : com.example.loan_service.entity.Loan.rejectionReasons.{element}.loan) {
                }
              }
            }
          }
        }
      }
    }

2025-09-05 09:15:31 DEBUG [restartedMain] o.h.p.entity.AbstractEntityPersister [,] - Static SQL for entity: com.example.loan_service.entity.Loan
2025-09-05 09:15:31 DEBUG [restartedMain] o.h.p.entity.AbstractEntityPersister [,] -  Version select: select loan_id from loan where loan_id=?
2025-09-05 09:15:31 DEBUG [restartedMain] o.h.p.entity.AbstractEntityPersister [,] -  Insert (0): insert into loan (amount,approved_at,audit_created_at,audit_created_by,audit_last_modified_at,audit_last_modified_by,created_at,customer_id,declared_income,disbursement_account_number,interest_rate,loan_type,path_file,repayment_account_number,status,term_months) values (?,?,?,?,?,?,?,?,?,?,?,?,?,?,?,?)
2025-09-05 09:15:31 DEBUG [restartedMain] o.h.p.entity.AbstractEntityPersister [,] -  Update (0): update loan set amount=?,approved_at=?,audit_last_modified_at=?,audit_last_modified_by=?,created_at=?,customer_id=?,declared_income=?,disbursement_account_number=?,interest_rate=?,loan_type=?,path_file=?,repayment_account_number=?,status=?,term_months=? where loan_id=?
2025-09-05 09:15:31 DEBUG [restartedMain] o.h.p.entity.AbstractEntityPersister [,] -  Delete (0): delete from loan where loan_id=?
2025-09-05 09:15:31 DEBUG [restartedMain] org.hibernate.orm.sql.ast.create [,] - Created new SQL alias : r1_0
2025-09-05 09:15:31 DEBUG [restartedMain] org.hibernate.orm.sql.ast.create [,] - Registration of TableGroup [org.hibernate.sql.ast.tree.from.OneToManyTableGroup@307e4397] with identifierForTableGroup [com.example.loan_service.entity.Loan.repayments] for NavigablePath [com.example.loan_service.entity.Loan.repayments] 
2025-09-05 09:15:31 DEBUG [restartedMain] org.hibernate.orm.sql.ast.create [,] - Registration of TableGroup [StandardTableGroup(com.example.loan_service.entity.Loan.repayments.{element})] with identifierForTableGroup [com.example.loan_service.entity.Loan.repayments.{element}] for NavigablePath [com.example.loan_service.entity.Loan.repayments.{element}] 
2025-09-05 09:15:31 DEBUG [restartedMain] org.hibernate.orm.sql.ast.create [,] - Registration of TableGroup [org.hibernate.sql.ast.tree.from.LazyTableGroup@7968120a] with identifierForTableGroup [com.example.loan_service.entity.Loan.repayments.{element}.loan] for NavigablePath [com.example.loan_service.entity.Loan.repayments.{element}.loan] 
2025-09-05 09:15:31 DEBUG [restartedMain] org.hibernate.orm.results.graph.AST [,] - DomainResult Graph:
 \-CollectionDomainResult [com.example.loan_service.entity.Loan.repayments]

2025-09-05 09:15:31 DEBUG [restartedMain] org.hibernate.orm.sql.ast.tree [,] - SQL AST Tree:
    SelectStatement {
      FromClause {
        OneToManyTableGroup (r1 : com.example.loan_service.entity.Loan.repayments) {
          primaryTableReference : repayment as r1_0
          TableGroupJoins {
            left  join LazyTableGroup (l1 : com.example.loan_service.entity.Loan.repayments.{element}.loan) {
            }
          }
        }
      }
    }

2025-09-05 09:15:31 DEBUG [restartedMain] org.hibernate.orm.jdbc.mutation [,] - Static SQL for collection: com.example.loan_service.entity.Loan.repayments
2025-09-05 09:15:31 DEBUG [restartedMain] org.hibernate.orm.sql.ast.create [,] - Created new SQL alias : rr1_0
2025-09-05 09:15:31 DEBUG [restartedMain] org.hibernate.orm.sql.ast.create [,] - Registration of TableGroup [org.hibernate.sql.ast.tree.from.OneToManyTableGroup@ce77a82] with identifierForTableGroup [com.example.loan_service.entity.Loan.rejectionReasons] for NavigablePath [com.example.loan_service.entity.Loan.rejectionReasons] 
2025-09-05 09:15:31 DEBUG [restartedMain] org.hibernate.orm.sql.ast.create [,] - Registration of TableGroup [StandardTableGroup(com.example.loan_service.entity.Loan.rejectionReasons.{element})] with identifierForTableGroup [com.example.loan_service.entity.Loan.rejectionReasons.{element}] for NavigablePath [com.example.loan_service.entity.Loan.rejectionReasons.{element}] 
2025-09-05 09:15:31 DEBUG [restartedMain] org.hibernate.orm.sql.ast.create [,] - Registration of TableGroup [org.hibernate.sql.ast.tree.from.LazyTableGroup@2c39f2f0] with identifierForTableGroup [com.example.loan_service.entity.Loan.rejectionReasons.{element}.loan] for NavigablePath [com.example.loan_service.entity.Loan.rejectionReasons.{element}.loan] 
2025-09-05 09:15:31 DEBUG [restartedMain] org.hibernate.orm.results.graph.AST [,] - DomainResult Graph:
 \-CollectionDomainResult [com.example.loan_service.entity.Loan.rejectionReasons]

2025-09-05 09:15:31 DEBUG [restartedMain] org.hibernate.orm.sql.ast.tree [,] - SQL AST Tree:
    SelectStatement {
      FromClause {
        OneToManyTableGroup (rr1 : com.example.loan_service.entity.Loan.rejectionReasons) {
          primaryTableReference : loan_rejection_reason as rr1_0
          TableGroupJoins {
            left  join LazyTableGroup (l1 : com.example.loan_service.entity.Loan.rejectionReasons.{element}.loan) {
            }
          }
        }
      }
    }

2025-09-05 09:15:31 DEBUG [restartedMain] org.hibernate.orm.jdbc.mutation [,] - Static SQL for collection: com.example.loan_service.entity.Loan.rejectionReasons
2025-09-05 09:15:31 ERROR [restartedMain] o.h.m.internal.MetadataContext [,] - HHH015007: Illegal argument on static metamodel field injection : org.hibernate.envers.DefaultRevisionEntity_#class_; expected type :  org.hibernate.metamodel.model.domain.internal.EntityTypeImpl; encountered type : jakarta.persistence.metamodel.MappedSuperclassType
2025-09-05 09:15:31 INFO  [restartedMain] o.h.e.t.j.p.i.JtaPlatformInitiator [,] - HHH000489: No JTA platform available (set 'hibernate.transaction.jta.platform' to enable JTA platform integration)
2025-09-05 09:15:31 DEBUG [restartedMain] o.h.type.spi.TypeConfiguration$Scope [,] - Scoping TypeConfiguration [org.hibernate.type.spi.TypeConfiguration@3fd76b97] to SessionFactoryImplementor [org.hibernate.internal.SessionFactoryImpl@5f5eaa4a]
2025-09-05 09:15:31 DEBUG [restartedMain] o.h.q.named.NamedObjectRepository [,] - Checking 0 named HQL queries
2025-09-05 09:15:31 DEBUG [restartedMain] o.h.q.named.NamedObjectRepository [,] - Checking 0 named SQL queries
2025-09-05 09:15:31 DEBUG [restartedMain] org.hibernate.SQL [,] - 
    alter table loan 
       modify column loan_type enum ('AUTO','MORTGAGE','PERSONAL') not null
2025-09-05 09:15:31 DEBUG [restartedMain] org.hibernate.SQL [,] - 
    alter table loan_aud 
       modify column loan_type enum ('AUTO','MORTGAGE','PERSONAL')
2025-09-05 09:15:31 DEBUG [restartedMain] org.hibernate.SQL [,] - 
    alter table loan_aud 
       modify column status enum ('APPROVED','CANCELLED','CLOSED','PENDING','REJECTED')
2025-09-05 09:15:31 DEBUG [restartedMain] org.hibernate.SQL [,] - 
    alter table loan_rejection_reason 
       modify column reason TEXT not null
2025-09-05 09:15:31 DEBUG [restartedMain] org.hibernate.SQL [,] - 
    alter table loan_rejection_reason_aud 
       modify column reason TEXT
2025-09-05 09:15:31 DEBUG [restartedMain] org.hibernate.mapping.Table [,] - No alter strings for table : repayment
2025-09-05 09:15:31 DEBUG [restartedMain] org.hibernate.SQL [,] - 
    alter table repayment_aud 
       modify column status enum ('LATE','PAID','PARTIAL','UNPAID')
2025-09-05 09:15:31 DEBUG [restartedMain] org.hibernate.mapping.Table [,] - No alter strings for table : revinfo
2025-09-05 09:15:31 DEBUG [restartedMain] o.h.internal.SessionFactoryRegistry [,] - Initializing SessionFactoryRegistry : org.hibernate.internal.SessionFactoryRegistry@421a4fc3
2025-09-05 09:15:31 DEBUG [restartedMain] o.h.internal.SessionFactoryRegistry [,] - Registering SessionFactory: c152768f-53fb-48c4-bb82-c5cd6e842795 (<unnamed>)
2025-09-05 09:15:31 DEBUG [restartedMain] o.h.internal.SessionFactoryRegistry [,] - Not binding SessionFactory to JNDI, no JNDI name configured
2025-09-05 09:15:31 DEBUG [restartedMain] o.h.internal.SessionFactoryImpl [,] - Instantiated SessionFactory
2025-09-05 09:15:32 DEBUG [restartedMain] o.h.s.internal.StatisticsInitiator [,] - Statistics initialized [enabled=false]
2025-09-05 09:15:32 DEBUG [restartedMain] o.h.r.t.b.j.i.JdbcResourceLocalTransactionCoordinatorImpl [,] - JDBC transaction marked for rollback-only (exception provided for stack trace)
java.lang.Exception: exception just for purpose of providing stack trace
	at org.hibernate.resource.transaction.backend.jdbc.internal.JdbcResourceLocalTransactionCoordinatorImpl$TransactionDriverControlImpl.markRollbackOnly(JdbcResourceLocalTransactionCoordinatorImpl.java:309)
	at org.hibernate.internal.AbstractSharedSessionContract.buildNamedQuery(AbstractSharedSessionContract.java:1109)
	at org.hibernate.internal.AbstractSharedSessionContract.createNamedQuery(AbstractSharedSessionContract.java:987)
	at org.hibernate.internal.AbstractSharedSessionContract.createNamedQuery(AbstractSharedSessionContract.java:140)
	at java.base/jdk.internal.reflect.NativeMethodAccessorImpl.invoke0(Native Method)
	at java.base/jdk.internal.reflect.NativeMethodAccessorImpl.invoke(NativeMethodAccessorImpl.java:77)
	at java.base/jdk.internal.reflect.DelegatingMethodAccessorImpl.invoke(DelegatingMethodAccessorImpl.java:43)
	at java.base/java.lang.reflect.Method.invoke(Method.java:569)
	at org.springframework.orm.jpa.ExtendedEntityManagerCreator$ExtendedEntityManagerInvocationHandler.invoke(ExtendedEntityManagerCreator.java:364)
	at jdk.proxy3/jdk.proxy3.$Proxy250.createNamedQuery(Unknown Source)
	at org.springframework.data.jpa.repository.query.NamedQuery.hasNamedQuery(NamedQuery.java:112)
	at org.springframework.data.jpa.repository.query.JpaQueryLookupStrategy$DeclaredQueryLookupStrategy.getCountQuery(JpaQueryLookupStrategy.java:204)
	at org.springframework.data.jpa.repository.query.JpaQueryLookupStrategy$DeclaredQueryLookupStrategy.resolveQuery(JpaQueryLookupStrategy.java:171)
	at org.springframework.data.jpa.repository.query.JpaQueryLookupStrategy$CreateIfNotFoundQueryLookupStrategy.resolveQuery(JpaQueryLookupStrategy.java:252)
	at org.springframework.data.jpa.repository.query.JpaQueryLookupStrategy$AbstractQueryLookupStrategy.resolveQuery(JpaQueryLookupStrategy.java:95)
	at org.springframework.data.repository.core.support.QueryExecutorMethodInterceptor.lookupQuery(QueryExecutorMethodInterceptor.java:115)
	at org.springframework.data.repository.core.support.QueryExecutorMethodInterceptor.mapMethodsToQuery(QueryExecutorMethodInterceptor.java:103)
	at org.springframework.data.repository.core.support.QueryExecutorMethodInterceptor.lambda$new$0(QueryExecutorMethodInterceptor.java:92)
	at java.base/java.util.Optional.map(Optional.java:260)
	at org.springframework.data.repository.core.support.QueryExecutorMethodInterceptor.<init>(QueryExecutorMethodInterceptor.java:92)
	at org.springframework.data.repository.core.support.RepositoryFactorySupport.getRepository(RepositoryFactorySupport.java:357)
	at org.springframework.data.repository.core.support.RepositoryFactoryBeanSupport.lambda$afterPropertiesSet$5(RepositoryFactoryBeanSupport.java:290)
	at org.springframework.data.util.Lazy.getNullable(Lazy.java:135)
	at org.springframework.data.util.Lazy.get(Lazy.java:113)
	at org.springframework.data.repository.core.support.RepositoryFactoryBeanSupport.afterPropertiesSet(RepositoryFactoryBeanSupport.java:296)
	at org.springframework.data.jpa.repository.support.JpaRepositoryFactoryBean.afterPropertiesSet(JpaRepositoryFactoryBean.java:132)
	at org.springframework.beans.factory.support.AbstractAutowireCapableBeanFactory.invokeInitMethods(AbstractAutowireCapableBeanFactory.java:1853)
	at org.springframework.beans.factory.support.AbstractAutowireCapableBeanFactory.initializeBean(AbstractAutowireCapableBeanFactory.java:1802)
	at org.springframework.beans.factory.support.AbstractAutowireCapableBeanFactory.doCreateBean(AbstractAutowireCapableBeanFactory.java:600)
	at org.springframework.beans.factory.support.AbstractAutowireCapableBeanFactory.createBean(AbstractAutowireCapableBeanFactory.java:522)
	at org.springframework.beans.factory.support.AbstractBeanFactory.lambda$doGetBean$0(AbstractBeanFactory.java:337)
	at org.springframework.beans.factory.support.DefaultSingletonBeanRegistry.getSingleton(DefaultSingletonBeanRegistry.java:234)
	at org.springframework.beans.factory.support.AbstractBeanFactory.doGetBean(AbstractBeanFactory.java:335)
	at org.springframework.beans.factory.support.AbstractBeanFactory.getBean(AbstractBeanFactory.java:200)
	at org.springframework.beans.factory.config.DependencyDescriptor.resolveCandidate(DependencyDescriptor.java:254)
	at org.springframework.beans.factory.support.DefaultListableBeanFactory.doResolveDependency(DefaultListableBeanFactory.java:1448)
	at org.springframework.beans.factory.support.DefaultListableBeanFactory.resolveDependency(DefaultListableBeanFactory.java:1358)
	at org.springframework.beans.factory.support.ConstructorResolver.resolveAutowiredArgument(ConstructorResolver.java:904)
	at org.springframework.beans.factory.support.ConstructorResolver.createArgumentArray(ConstructorResolver.java:782)
	at org.springframework.beans.factory.support.ConstructorResolver.autowireConstructor(ConstructorResolver.java:237)
	at org.springframework.beans.factory.support.AbstractAutowireCapableBeanFactory.autowireConstructor(AbstractAutowireCapableBeanFactory.java:1375)
	at org.springframework.beans.factory.support.AbstractAutowireCapableBeanFactory.createBeanInstance(AbstractAutowireCapableBeanFactory.java:1212)
	at org.springframework.beans.factory.support.AbstractAutowireCapableBeanFactory.doCreateBean(AbstractAutowireCapableBeanFactory.java:562)
	at org.springframework.beans.factory.support.AbstractAutowireCapableBeanFactory.createBean(AbstractAutowireCapableBeanFactory.java:522)
	at org.springframework.beans.factory.support.AbstractBeanFactory.lambda$doGetBean$0(AbstractBeanFactory.java:337)
	at org.springframework.beans.factory.support.DefaultSingletonBeanRegistry.getSingleton(DefaultSingletonBeanRegistry.java:234)
	at org.springframework.beans.factory.support.AbstractBeanFactory.doGetBean(AbstractBeanFactory.java:335)
	at org.springframework.beans.factory.support.AbstractBeanFactory.getBean(AbstractBeanFactory.java:200)
	at org.springframework.beans.factory.config.DependencyDescriptor.resolveCandidate(DependencyDescriptor.java:254)
	at org.springframework.beans.factory.support.DefaultListableBeanFactory.doResolveDependency(DefaultListableBeanFactory.java:1448)
	at org.springframework.beans.factory.support.DefaultListableBeanFactory.resolveDependency(DefaultListableBeanFactory.java:1358)
	at org.springframework.beans.factory.support.ConstructorResolver.resolveAutowiredArgument(ConstructorResolver.java:904)
	at org.springframework.beans.factory.support.ConstructorResolver.createArgumentArray(ConstructorResolver.java:782)
	at org.springframework.beans.factory.support.ConstructorResolver.autowireConstructor(ConstructorResolver.java:237)
	at org.springframework.beans.factory.support.AbstractAutowireCapableBeanFactory.autowireConstructor(AbstractAutowireCapableBeanFactory.java:1375)
	at org.springframework.beans.factory.support.AbstractAutowireCapableBeanFactory.createBeanInstance(AbstractAutowireCapableBeanFactory.java:1212)
	at org.springframework.beans.factory.support.AbstractAutowireCapableBeanFactory.doCreateBean(AbstractAutowireCapableBeanFactory.java:562)
	at org.springframework.beans.factory.support.AbstractAutowireCapableBeanFactory.createBean(AbstractAutowireCapableBeanFactory.java:522)
	at org.springframework.beans.factory.support.AbstractBeanFactory.lambda$doGetBean$0(AbstractBeanFactory.java:337)
	at org.springframework.beans.factory.support.DefaultSingletonBeanRegistry.getSingleton(DefaultSingletonBeanRegistry.java:234)
	at org.springframework.beans.factory.support.AbstractBeanFactory.doGetBean(AbstractBeanFactory.java:335)
	at org.springframework.beans.factory.support.AbstractBeanFactory.getBean(AbstractBeanFactory.java:200)
	at org.springframework.beans.factory.support.DefaultListableBeanFactory.preInstantiateSingletons(DefaultListableBeanFactory.java:975)
	at org.springframework.context.support.AbstractApplicationContext.finishBeanFactoryInitialization(AbstractApplicationContext.java:971)
	at org.springframework.context.support.AbstractApplicationContext.refresh(AbstractApplicationContext.java:625)
	at org.springframework.boot.web.servlet.context.ServletWebServerApplicationContext.refresh(ServletWebServerApplicationContext.java:146)
	at org.springframework.boot.SpringApplication.refresh(SpringApplication.java:755)
	at org.springframework.boot.SpringApplication.refreshContext(SpringApplication.java:456)
	at org.springframework.boot.SpringApplication.run(SpringApplication.java:335)
	at org.springframework.boot.SpringApplication.run(SpringApplication.java:1364)
	at org.springframework.boot.SpringApplication.run(SpringApplication.java:1353)
	at com.example.loan_service.LoanServiceApplication.main(LoanServiceApplication.java:11)
	at java.base/jdk.internal.reflect.NativeMethodAccessorImpl.invoke0(Native Method)
	at java.base/jdk.internal.reflect.NativeMethodAccessorImpl.invoke(NativeMethodAccessorImpl.java:77)
	at java.base/jdk.internal.reflect.DelegatingMethodAccessorImpl.invoke(DelegatingMethodAccessorImpl.java:43)
	at java.base/java.lang.reflect.Method.invoke(Method.java:569)
	at org.springframework.boot.devtools.restart.RestartLauncher.run(RestartLauncher.java:50)
2025-09-05 09:15:32 DEBUG [restartedMain] o.h.r.t.b.j.i.JdbcResourceLocalTransactionCoordinatorImpl [,] - JDBC transaction marked for rollback-only (exception provided for stack trace)
java.lang.Exception: exception just for purpose of providing stack trace
	at org.hibernate.resource.transaction.backend.jdbc.internal.JdbcResourceLocalTransactionCoordinatorImpl$TransactionDriverControlImpl.markRollbackOnly(JdbcResourceLocalTransactionCoordinatorImpl.java:309)
	at org.hibernate.internal.AbstractSharedSessionContract.buildNamedQuery(AbstractSharedSessionContract.java:1109)
	at org.hibernate.internal.AbstractSharedSessionContract.createNamedQuery(AbstractSharedSessionContract.java:987)
	at org.hibernate.internal.AbstractSharedSessionContract.createNamedQuery(AbstractSharedSessionContract.java:140)
	at java.base/jdk.internal.reflect.NativeMethodAccessorImpl.invoke0(Native Method)
	at java.base/jdk.internal.reflect.NativeMethodAccessorImpl.invoke(NativeMethodAccessorImpl.java:77)
	at java.base/jdk.internal.reflect.DelegatingMethodAccessorImpl.invoke(DelegatingMethodAccessorImpl.java:43)
	at java.base/java.lang.reflect.Method.invoke(Method.java:569)
	at org.springframework.orm.jpa.ExtendedEntityManagerCreator$ExtendedEntityManagerInvocationHandler.invoke(ExtendedEntityManagerCreator.java:364)
	at jdk.proxy3/jdk.proxy3.$Proxy250.createNamedQuery(Unknown Source)
	at org.springframework.data.jpa.repository.query.NamedQuery.hasNamedQuery(NamedQuery.java:112)
	at org.springframework.data.jpa.repository.query.NamedQuery.lookupFrom(NamedQuery.java:138)
	at org.springframework.data.jpa.repository.query.JpaQueryLookupStrategy$DeclaredQueryLookupStrategy.resolveQuery(JpaQueryLookupStrategy.java:180)
	at org.springframework.data.jpa.repository.query.JpaQueryLookupStrategy$CreateIfNotFoundQueryLookupStrategy.resolveQuery(JpaQueryLookupStrategy.java:252)
	at org.springframework.data.jpa.repository.query.JpaQueryLookupStrategy$AbstractQueryLookupStrategy.resolveQuery(JpaQueryLookupStrategy.java:95)
	at org.springframework.data.repository.core.support.QueryExecutorMethodInterceptor.lookupQuery(QueryExecutorMethodInterceptor.java:115)
	at org.springframework.data.repository.core.support.QueryExecutorMethodInterceptor.mapMethodsToQuery(QueryExecutorMethodInterceptor.java:103)
	at org.springframework.data.repository.core.support.QueryExecutorMethodInterceptor.lambda$new$0(QueryExecutorMethodInterceptor.java:92)
	at java.base/java.util.Optional.map(Optional.java:260)
	at org.springframework.data.repository.core.support.QueryExecutorMethodInterceptor.<init>(QueryExecutorMethodInterceptor.java:92)
	at org.springframework.data.repository.core.support.RepositoryFactorySupport.getRepository(RepositoryFactorySupport.java:357)
	at org.springframework.data.repository.core.support.RepositoryFactoryBeanSupport.lambda$afterPropertiesSet$5(RepositoryFactoryBeanSupport.java:290)
	at org.springframework.data.util.Lazy.getNullable(Lazy.java:135)
	at org.springframework.data.util.Lazy.get(Lazy.java:113)
	at org.springframework.data.repository.core.support.RepositoryFactoryBeanSupport.afterPropertiesSet(RepositoryFactoryBeanSupport.java:296)
	at org.springframework.data.jpa.repository.support.JpaRepositoryFactoryBean.afterPropertiesSet(JpaRepositoryFactoryBean.java:132)
	at org.springframework.beans.factory.support.AbstractAutowireCapableBeanFactory.invokeInitMethods(AbstractAutowireCapableBeanFactory.java:1853)
	at org.springframework.beans.factory.support.AbstractAutowireCapableBeanFactory.initializeBean(AbstractAutowireCapableBeanFactory.java:1802)
	at org.springframework.beans.factory.support.AbstractAutowireCapableBeanFactory.doCreateBean(AbstractAutowireCapableBeanFactory.java:600)
	at org.springframework.beans.factory.support.AbstractAutowireCapableBeanFactory.createBean(AbstractAutowireCapableBeanFactory.java:522)
	at org.springframework.beans.factory.support.AbstractBeanFactory.lambda$doGetBean$0(AbstractBeanFactory.java:337)
	at org.springframework.beans.factory.support.DefaultSingletonBeanRegistry.getSingleton(DefaultSingletonBeanRegistry.java:234)
	at org.springframework.beans.factory.support.AbstractBeanFactory.doGetBean(AbstractBeanFactory.java:335)
	at org.springframework.beans.factory.support.AbstractBeanFactory.getBean(AbstractBeanFactory.java:200)
	at org.springframework.beans.factory.config.DependencyDescriptor.resolveCandidate(DependencyDescriptor.java:254)
	at org.springframework.beans.factory.support.DefaultListableBeanFactory.doResolveDependency(DefaultListableBeanFactory.java:1448)
	at org.springframework.beans.factory.support.DefaultListableBeanFactory.resolveDependency(DefaultListableBeanFactory.java:1358)
	at org.springframework.beans.factory.support.ConstructorResolver.resolveAutowiredArgument(ConstructorResolver.java:904)
	at org.springframework.beans.factory.support.ConstructorResolver.createArgumentArray(ConstructorResolver.java:782)
	at org.springframework.beans.factory.support.ConstructorResolver.autowireConstructor(ConstructorResolver.java:237)
	at org.springframework.beans.factory.support.AbstractAutowireCapableBeanFactory.autowireConstructor(AbstractAutowireCapableBeanFactory.java:1375)
	at org.springframework.beans.factory.support.AbstractAutowireCapableBeanFactory.createBeanInstance(AbstractAutowireCapableBeanFactory.java:1212)
	at org.springframework.beans.factory.support.AbstractAutowireCapableBeanFactory.doCreateBean(AbstractAutowireCapableBeanFactory.java:562)
	at org.springframework.beans.factory.support.AbstractAutowireCapableBeanFactory.createBean(AbstractAutowireCapableBeanFactory.java:522)
	at org.springframework.beans.factory.support.AbstractBeanFactory.lambda$doGetBean$0(AbstractBeanFactory.java:337)
	at org.springframework.beans.factory.support.DefaultSingletonBeanRegistry.getSingleton(DefaultSingletonBeanRegistry.java:234)
	at org.springframework.beans.factory.support.AbstractBeanFactory.doGetBean(AbstractBeanFactory.java:335)
	at org.springframework.beans.factory.support.AbstractBeanFactory.getBean(AbstractBeanFactory.java:200)
	at org.springframework.beans.factory.config.DependencyDescriptor.resolveCandidate(DependencyDescriptor.java:254)
	at org.springframework.beans.factory.support.DefaultListableBeanFactory.doResolveDependency(DefaultListableBeanFactory.java:1448)
	at org.springframework.beans.factory.support.DefaultListableBeanFactory.resolveDependency(DefaultListableBeanFactory.java:1358)
	at org.springframework.beans.factory.support.ConstructorResolver.resolveAutowiredArgument(ConstructorResolver.java:904)
	at org.springframework.beans.factory.support.ConstructorResolver.createArgumentArray(ConstructorResolver.java:782)
	at org.springframework.beans.factory.support.ConstructorResolver.autowireConstructor(ConstructorResolver.java:237)
	at org.springframework.beans.factory.support.AbstractAutowireCapableBeanFactory.autowireConstructor(AbstractAutowireCapableBeanFactory.java:1375)
	at org.springframework.beans.factory.support.AbstractAutowireCapableBeanFactory.createBeanInstance(AbstractAutowireCapableBeanFactory.java:1212)
	at org.springframework.beans.factory.support.AbstractAutowireCapableBeanFactory.doCreateBean(AbstractAutowireCapableBeanFactory.java:562)
	at org.springframework.beans.factory.support.AbstractAutowireCapableBeanFactory.createBean(AbstractAutowireCapableBeanFactory.java:522)
	at org.springframework.beans.factory.support.AbstractBeanFactory.lambda$doGetBean$0(AbstractBeanFactory.java:337)
	at org.springframework.beans.factory.support.DefaultSingletonBeanRegistry.getSingleton(DefaultSingletonBeanRegistry.java:234)
	at org.springframework.beans.factory.support.AbstractBeanFactory.doGetBean(AbstractBeanFactory.java:335)
	at org.springframework.beans.factory.support.AbstractBeanFactory.getBean(AbstractBeanFactory.java:200)
	at org.springframework.beans.factory.support.DefaultListableBeanFactory.preInstantiateSingletons(DefaultListableBeanFactory.java:975)
	at org.springframework.context.support.AbstractApplicationContext.finishBeanFactoryInitialization(AbstractApplicationContext.java:971)
	at org.springframework.context.support.AbstractApplicationContext.refresh(AbstractApplicationContext.java:625)
	at org.springframework.boot.web.servlet.context.ServletWebServerApplicationContext.refresh(ServletWebServerApplicationContext.java:146)
	at org.springframework.boot.SpringApplication.refresh(SpringApplication.java:755)
	at org.springframework.boot.SpringApplication.refreshContext(SpringApplication.java:456)
	at org.springframework.boot.SpringApplication.run(SpringApplication.java:335)
	at org.springframework.boot.SpringApplication.run(SpringApplication.java:1364)
	at org.springframework.boot.SpringApplication.run(SpringApplication.java:1353)
	at com.example.loan_service.LoanServiceApplication.main(LoanServiceApplication.java:11)
	at java.base/jdk.internal.reflect.NativeMethodAccessorImpl.invoke0(Native Method)
	at java.base/jdk.internal.reflect.NativeMethodAccessorImpl.invoke(NativeMethodAccessorImpl.java:77)
	at java.base/jdk.internal.reflect.DelegatingMethodAccessorImpl.invoke(DelegatingMethodAccessorImpl.java:43)
	at java.base/java.lang.reflect.Method.invoke(Method.java:569)
	at org.springframework.boot.devtools.restart.RestartLauncher.run(RestartLauncher.java:50)
2025-09-05 09:15:32 DEBUG [restartedMain] o.h.r.t.b.j.i.JdbcResourceLocalTransactionCoordinatorImpl [,] - JDBC transaction marked for rollback-only (exception provided for stack trace)
java.lang.Exception: exception just for purpose of providing stack trace
	at org.hibernate.resource.transaction.backend.jdbc.internal.JdbcResourceLocalTransactionCoordinatorImpl$TransactionDriverControlImpl.markRollbackOnly(JdbcResourceLocalTransactionCoordinatorImpl.java:309)
	at org.hibernate.internal.AbstractSharedSessionContract.buildNamedQuery(AbstractSharedSessionContract.java:1109)
	at org.hibernate.internal.AbstractSharedSessionContract.createNamedQuery(AbstractSharedSessionContract.java:987)
	at org.hibernate.internal.AbstractSharedSessionContract.createNamedQuery(AbstractSharedSessionContract.java:140)
	at java.base/jdk.internal.reflect.NativeMethodAccessorImpl.invoke0(Native Method)
	at java.base/jdk.internal.reflect.NativeMethodAccessorImpl.invoke(NativeMethodAccessorImpl.java:77)
	at java.base/jdk.internal.reflect.DelegatingMethodAccessorImpl.invoke(DelegatingMethodAccessorImpl.java:43)
	at java.base/java.lang.reflect.Method.invoke(Method.java:569)
	at org.springframework.orm.jpa.ExtendedEntityManagerCreator$ExtendedEntityManagerInvocationHandler.invoke(ExtendedEntityManagerCreator.java:364)
	at jdk.proxy3/jdk.proxy3.$Proxy250.createNamedQuery(Unknown Source)
	at org.springframework.data.jpa.repository.query.NamedQuery.hasNamedQuery(NamedQuery.java:112)
	at org.springframework.data.jpa.repository.query.NamedQuery.lookupFrom(NamedQuery.java:138)
	at org.springframework.data.jpa.repository.query.JpaQueryLookupStrategy$DeclaredQueryLookupStrategy.resolveQuery(JpaQueryLookupStrategy.java:180)
	at org.springframework.data.jpa.repository.query.JpaQueryLookupStrategy$CreateIfNotFoundQueryLookupStrategy.resolveQuery(JpaQueryLookupStrategy.java:252)
	at org.springframework.data.jpa.repository.query.JpaQueryLookupStrategy$AbstractQueryLookupStrategy.resolveQuery(JpaQueryLookupStrategy.java:95)
	at org.springframework.data.repository.core.support.QueryExecutorMethodInterceptor.lookupQuery(QueryExecutorMethodInterceptor.java:115)
	at org.springframework.data.repository.core.support.QueryExecutorMethodInterceptor.mapMethodsToQuery(QueryExecutorMethodInterceptor.java:103)
	at org.springframework.data.repository.core.support.QueryExecutorMethodInterceptor.lambda$new$0(QueryExecutorMethodInterceptor.java:92)
	at java.base/java.util.Optional.map(Optional.java:260)
	at org.springframework.data.repository.core.support.QueryExecutorMethodInterceptor.<init>(QueryExecutorMethodInterceptor.java:92)
	at org.springframework.data.repository.core.support.RepositoryFactorySupport.getRepository(RepositoryFactorySupport.java:357)
	at org.springframework.data.repository.core.support.RepositoryFactoryBeanSupport.lambda$afterPropertiesSet$5(RepositoryFactoryBeanSupport.java:290)
	at org.springframework.data.util.Lazy.getNullable(Lazy.java:135)
	at org.springframework.data.util.Lazy.get(Lazy.java:113)
	at org.springframework.data.repository.core.support.RepositoryFactoryBeanSupport.afterPropertiesSet(RepositoryFactoryBeanSupport.java:296)
	at org.springframework.data.jpa.repository.support.JpaRepositoryFactoryBean.afterPropertiesSet(JpaRepositoryFactoryBean.java:132)
	at org.springframework.beans.factory.support.AbstractAutowireCapableBeanFactory.invokeInitMethods(AbstractAutowireCapableBeanFactory.java:1853)
	at org.springframework.beans.factory.support.AbstractAutowireCapableBeanFactory.initializeBean(AbstractAutowireCapableBeanFactory.java:1802)
	at org.springframework.beans.factory.support.AbstractAutowireCapableBeanFactory.doCreateBean(AbstractAutowireCapableBeanFactory.java:600)
	at org.springframework.beans.factory.support.AbstractAutowireCapableBeanFactory.createBean(AbstractAutowireCapableBeanFactory.java:522)
	at org.springframework.beans.factory.support.AbstractBeanFactory.lambda$doGetBean$0(AbstractBeanFactory.java:337)
	at org.springframework.beans.factory.support.DefaultSingletonBeanRegistry.getSingleton(DefaultSingletonBeanRegistry.java:234)
	at org.springframework.beans.factory.support.AbstractBeanFactory.doGetBean(AbstractBeanFactory.java:335)
	at org.springframework.beans.factory.support.AbstractBeanFactory.getBean(AbstractBeanFactory.java:200)
	at org.springframework.beans.factory.config.DependencyDescriptor.resolveCandidate(DependencyDescriptor.java:254)
	at org.springframework.beans.factory.support.DefaultListableBeanFactory.doResolveDependency(DefaultListableBeanFactory.java:1448)
	at org.springframework.beans.factory.support.DefaultListableBeanFactory.resolveDependency(DefaultListableBeanFactory.java:1358)
	at org.springframework.beans.factory.support.ConstructorResolver.resolveAutowiredArgument(ConstructorResolver.java:904)
	at org.springframework.beans.factory.support.ConstructorResolver.createArgumentArray(ConstructorResolver.java:782)
	at org.springframework.beans.factory.support.ConstructorResolver.autowireConstructor(ConstructorResolver.java:237)
	at org.springframework.beans.factory.support.AbstractAutowireCapableBeanFactory.autowireConstructor(AbstractAutowireCapableBeanFactory.java:1375)
	at org.springframework.beans.factory.support.AbstractAutowireCapableBeanFactory.createBeanInstance(AbstractAutowireCapableBeanFactory.java:1212)
	at org.springframework.beans.factory.support.AbstractAutowireCapableBeanFactory.doCreateBean(AbstractAutowireCapableBeanFactory.java:562)
	at org.springframework.beans.factory.support.AbstractAutowireCapableBeanFactory.createBean(AbstractAutowireCapableBeanFactory.java:522)
	at org.springframework.beans.factory.support.AbstractBeanFactory.lambda$doGetBean$0(AbstractBeanFactory.java:337)
	at org.springframework.beans.factory.support.DefaultSingletonBeanRegistry.getSingleton(DefaultSingletonBeanRegistry.java:234)
	at org.springframework.beans.factory.support.AbstractBeanFactory.doGetBean(AbstractBeanFactory.java:335)
	at org.springframework.beans.factory.support.AbstractBeanFactory.getBean(AbstractBeanFactory.java:200)
	at org.springframework.beans.factory.config.DependencyDescriptor.resolveCandidate(DependencyDescriptor.java:254)
	at org.springframework.beans.factory.support.DefaultListableBeanFactory.doResolveDependency(DefaultListableBeanFactory.java:1448)
	at org.springframework.beans.factory.support.DefaultListableBeanFactory.resolveDependency(DefaultListableBeanFactory.java:1358)
	at org.springframework.beans.factory.support.ConstructorResolver.resolveAutowiredArgument(ConstructorResolver.java:904)
	at org.springframework.beans.factory.support.ConstructorResolver.createArgumentArray(ConstructorResolver.java:782)
	at org.springframework.beans.factory.support.ConstructorResolver.autowireConstructor(ConstructorResolver.java:237)
	at org.springframework.beans.factory.support.AbstractAutowireCapableBeanFactory.autowireConstructor(AbstractAutowireCapableBeanFactory.java:1375)
	at org.springframework.beans.factory.support.AbstractAutowireCapableBeanFactory.createBeanInstance(AbstractAutowireCapableBeanFactory.java:1212)
	at org.springframework.beans.factory.support.AbstractAutowireCapableBeanFactory.doCreateBean(AbstractAutowireCapableBeanFactory.java:562)
	at org.springframework.beans.factory.support.AbstractAutowireCapableBeanFactory.createBean(AbstractAutowireCapableBeanFactory.java:522)
	at org.springframework.beans.factory.support.AbstractBeanFactory.lambda$doGetBean$0(AbstractBeanFactory.java:337)
	at org.springframework.beans.factory.support.DefaultSingletonBeanRegistry.getSingleton(DefaultSingletonBeanRegistry.java:234)
	at org.springframework.beans.factory.support.AbstractBeanFactory.doGetBean(AbstractBeanFactory.java:335)
	at org.springframework.beans.factory.support.AbstractBeanFactory.getBean(AbstractBeanFactory.java:200)
	at org.springframework.beans.factory.support.DefaultListableBeanFactory.preInstantiateSingletons(DefaultListableBeanFactory.java:975)
	at org.springframework.context.support.AbstractApplicationContext.finishBeanFactoryInitialization(AbstractApplicationContext.java:971)
	at org.springframework.context.support.AbstractApplicationContext.refresh(AbstractApplicationContext.java:625)
	at org.springframework.boot.web.servlet.context.ServletWebServerApplicationContext.refresh(ServletWebServerApplicationContext.java:146)
	at org.springframework.boot.SpringApplication.refresh(SpringApplication.java:755)
	at org.springframework.boot.SpringApplication.refreshContext(SpringApplication.java:456)
	at org.springframework.boot.SpringApplication.run(SpringApplication.java:335)
	at org.springframework.boot.SpringApplication.run(SpringApplication.java:1364)
	at org.springframework.boot.SpringApplication.run(SpringApplication.java:1353)
	at com.example.loan_service.LoanServiceApplication.main(LoanServiceApplication.java:11)
	at java.base/jdk.internal.reflect.NativeMethodAccessorImpl.invoke0(Native Method)
	at java.base/jdk.internal.reflect.NativeMethodAccessorImpl.invoke(NativeMethodAccessorImpl.java:77)
	at java.base/jdk.internal.reflect.DelegatingMethodAccessorImpl.invoke(DelegatingMethodAccessorImpl.java:43)
	at java.base/java.lang.reflect.Method.invoke(Method.java:569)
	at org.springframework.boot.devtools.restart.RestartLauncher.run(RestartLauncher.java:50)
2025-09-05 09:15:32 DEBUG [restartedMain] o.h.r.t.b.j.i.JdbcResourceLocalTransactionCoordinatorImpl [,] - JDBC transaction marked for rollback-only (exception provided for stack trace)
java.lang.Exception: exception just for purpose of providing stack trace
	at org.hibernate.resource.transaction.backend.jdbc.internal.JdbcResourceLocalTransactionCoordinatorImpl$TransactionDriverControlImpl.markRollbackOnly(JdbcResourceLocalTransactionCoordinatorImpl.java:309)
	at org.hibernate.internal.AbstractSharedSessionContract.buildNamedQuery(AbstractSharedSessionContract.java:1109)
	at org.hibernate.internal.AbstractSharedSessionContract.createNamedQuery(AbstractSharedSessionContract.java:987)
	at org.hibernate.internal.AbstractSharedSessionContract.createNamedQuery(AbstractSharedSessionContract.java:140)
	at java.base/jdk.internal.reflect.NativeMethodAccessorImpl.invoke0(Native Method)
	at java.base/jdk.internal.reflect.NativeMethodAccessorImpl.invoke(NativeMethodAccessorImpl.java:77)
	at java.base/jdk.internal.reflect.DelegatingMethodAccessorImpl.invoke(DelegatingMethodAccessorImpl.java:43)
	at java.base/java.lang.reflect.Method.invoke(Method.java:569)
	at org.springframework.orm.jpa.ExtendedEntityManagerCreator$ExtendedEntityManagerInvocationHandler.invoke(ExtendedEntityManagerCreator.java:364)
	at jdk.proxy3/jdk.proxy3.$Proxy250.createNamedQuery(Unknown Source)
	at org.springframework.data.jpa.repository.query.NamedQuery.hasNamedQuery(NamedQuery.java:112)
	at org.springframework.data.jpa.repository.query.JpaQueryLookupStrategy$DeclaredQueryLookupStrategy.getCountQuery(JpaQueryLookupStrategy.java:204)
	at org.springframework.data.jpa.repository.query.JpaQueryLookupStrategy$DeclaredQueryLookupStrategy.resolveQuery(JpaQueryLookupStrategy.java:171)
	at org.springframework.data.jpa.repository.query.JpaQueryLookupStrategy$CreateIfNotFoundQueryLookupStrategy.resolveQuery(JpaQueryLookupStrategy.java:252)
	at org.springframework.data.jpa.repository.query.JpaQueryLookupStrategy$AbstractQueryLookupStrategy.resolveQuery(JpaQueryLookupStrategy.java:95)
	at org.springframework.data.repository.core.support.QueryExecutorMethodInterceptor.lookupQuery(QueryExecutorMethodInterceptor.java:115)
	at org.springframework.data.repository.core.support.QueryExecutorMethodInterceptor.mapMethodsToQuery(QueryExecutorMethodInterceptor.java:103)
	at org.springframework.data.repository.core.support.QueryExecutorMethodInterceptor.lambda$new$0(QueryExecutorMethodInterceptor.java:92)
	at java.base/java.util.Optional.map(Optional.java:260)
	at org.springframework.data.repository.core.support.QueryExecutorMethodInterceptor.<init>(QueryExecutorMethodInterceptor.java:92)
	at org.springframework.data.repository.core.support.RepositoryFactorySupport.getRepository(RepositoryFactorySupport.java:357)
	at org.springframework.data.repository.core.support.RepositoryFactoryBeanSupport.lambda$afterPropertiesSet$5(RepositoryFactoryBeanSupport.java:290)
	at org.springframework.data.util.Lazy.getNullable(Lazy.java:135)
	at org.springframework.data.util.Lazy.get(Lazy.java:113)
	at org.springframework.data.repository.core.support.RepositoryFactoryBeanSupport.afterPropertiesSet(RepositoryFactoryBeanSupport.java:296)
	at org.springframework.data.jpa.repository.support.JpaRepositoryFactoryBean.afterPropertiesSet(JpaRepositoryFactoryBean.java:132)
	at org.springframework.beans.factory.support.AbstractAutowireCapableBeanFactory.invokeInitMethods(AbstractAutowireCapableBeanFactory.java:1853)
	at org.springframework.beans.factory.support.AbstractAutowireCapableBeanFactory.initializeBean(AbstractAutowireCapableBeanFactory.java:1802)
	at org.springframework.beans.factory.support.AbstractAutowireCapableBeanFactory.doCreateBean(AbstractAutowireCapableBeanFactory.java:600)
	at org.springframework.beans.factory.support.AbstractAutowireCapableBeanFactory.createBean(AbstractAutowireCapableBeanFactory.java:522)
	at org.springframework.beans.factory.support.AbstractBeanFactory.lambda$doGetBean$0(AbstractBeanFactory.java:337)
	at org.springframework.beans.factory.support.DefaultSingletonBeanRegistry.getSingleton(DefaultSingletonBeanRegistry.java:234)
	at org.springframework.beans.factory.support.AbstractBeanFactory.doGetBean(AbstractBeanFactory.java:335)
	at org.springframework.beans.factory.support.AbstractBeanFactory.getBean(AbstractBeanFactory.java:200)
	at org.springframework.beans.factory.config.DependencyDescriptor.resolveCandidate(DependencyDescriptor.java:254)
	at org.springframework.beans.factory.support.DefaultListableBeanFactory.doResolveDependency(DefaultListableBeanFactory.java:1448)
	at org.springframework.beans.factory.support.DefaultListableBeanFactory.resolveDependency(DefaultListableBeanFactory.java:1358)
	at org.springframework.beans.factory.support.ConstructorResolver.resolveAutowiredArgument(ConstructorResolver.java:904)
	at org.springframework.beans.factory.support.ConstructorResolver.createArgumentArray(ConstructorResolver.java:782)
	at org.springframework.beans.factory.support.ConstructorResolver.autowireConstructor(ConstructorResolver.java:237)
	at org.springframework.beans.factory.support.AbstractAutowireCapableBeanFactory.autowireConstructor(AbstractAutowireCapableBeanFactory.java:1375)
	at org.springframework.beans.factory.support.AbstractAutowireCapableBeanFactory.createBeanInstance(AbstractAutowireCapableBeanFactory.java:1212)
	at org.springframework.beans.factory.support.AbstractAutowireCapableBeanFactory.doCreateBean(AbstractAutowireCapableBeanFactory.java:562)
	at org.springframework.beans.factory.support.AbstractAutowireCapableBeanFactory.createBean(AbstractAutowireCapableBeanFactory.java:522)
	at org.springframework.beans.factory.support.AbstractBeanFactory.lambda$doGetBean$0(AbstractBeanFactory.java:337)
	at org.springframework.beans.factory.support.DefaultSingletonBeanRegistry.getSingleton(DefaultSingletonBeanRegistry.java:234)
	at org.springframework.beans.factory.support.AbstractBeanFactory.doGetBean(AbstractBeanFactory.java:335)
	at org.springframework.beans.factory.support.AbstractBeanFactory.getBean(AbstractBeanFactory.java:200)
	at org.springframework.beans.factory.config.DependencyDescriptor.resolveCandidate(DependencyDescriptor.java:254)
	at org.springframework.beans.factory.support.DefaultListableBeanFactory.doResolveDependency(DefaultListableBeanFactory.java:1448)
	at org.springframework.beans.factory.support.DefaultListableBeanFactory.resolveDependency(DefaultListableBeanFactory.java:1358)
	at org.springframework.beans.factory.support.ConstructorResolver.resolveAutowiredArgument(ConstructorResolver.java:904)
	at org.springframework.beans.factory.support.ConstructorResolver.createArgumentArray(ConstructorResolver.java:782)
	at org.springframework.beans.factory.support.ConstructorResolver.autowireConstructor(ConstructorResolver.java:237)
	at org.springframework.beans.factory.support.AbstractAutowireCapableBeanFactory.autowireConstructor(AbstractAutowireCapableBeanFactory.java:1375)
	at org.springframework.beans.factory.support.AbstractAutowireCapableBeanFactory.createBeanInstance(AbstractAutowireCapableBeanFactory.java:1212)
	at org.springframework.beans.factory.support.AbstractAutowireCapableBeanFactory.doCreateBean(AbstractAutowireCapableBeanFactory.java:562)
	at org.springframework.beans.factory.support.AbstractAutowireCapableBeanFactory.createBean(AbstractAutowireCapableBeanFactory.java:522)
	at org.springframework.beans.factory.support.AbstractBeanFactory.lambda$doGetBean$0(AbstractBeanFactory.java:337)
	at org.springframework.beans.factory.support.DefaultSingletonBeanRegistry.getSingleton(DefaultSingletonBeanRegistry.java:234)
	at org.springframework.beans.factory.support.AbstractBeanFactory.doGetBean(AbstractBeanFactory.java:335)
	at org.springframework.beans.factory.support.AbstractBeanFactory.getBean(AbstractBeanFactory.java:200)
	at org.springframework.beans.factory.support.DefaultListableBeanFactory.preInstantiateSingletons(DefaultListableBeanFactory.java:975)
	at org.springframework.context.support.AbstractApplicationContext.finishBeanFactoryInitialization(AbstractApplicationContext.java:971)
	at org.springframework.context.support.AbstractApplicationContext.refresh(AbstractApplicationContext.java:625)
	at org.springframework.boot.web.servlet.context.ServletWebServerApplicationContext.refresh(ServletWebServerApplicationContext.java:146)
	at org.springframework.boot.SpringApplication.refresh(SpringApplication.java:755)
	at org.springframework.boot.SpringApplication.refreshContext(SpringApplication.java:456)
	at org.springframework.boot.SpringApplication.run(SpringApplication.java:335)
	at org.springframework.boot.SpringApplication.run(SpringApplication.java:1364)
	at org.springframework.boot.SpringApplication.run(SpringApplication.java:1353)
	at com.example.loan_service.LoanServiceApplication.main(LoanServiceApplication.java:11)
	at java.base/jdk.internal.reflect.NativeMethodAccessorImpl.invoke0(Native Method)
	at java.base/jdk.internal.reflect.NativeMethodAccessorImpl.invoke(NativeMethodAccessorImpl.java:77)
	at java.base/jdk.internal.reflect.DelegatingMethodAccessorImpl.invoke(DelegatingMethodAccessorImpl.java:43)
	at java.base/java.lang.reflect.Method.invoke(Method.java:569)
	at org.springframework.boot.devtools.restart.RestartLauncher.run(RestartLauncher.java:50)
2025-09-05 09:15:32 DEBUG [restartedMain] o.h.r.t.b.j.i.JdbcResourceLocalTransactionCoordinatorImpl [,] - JDBC transaction marked for rollback-only (exception provided for stack trace)
java.lang.Exception: exception just for purpose of providing stack trace
	at org.hibernate.resource.transaction.backend.jdbc.internal.JdbcResourceLocalTransactionCoordinatorImpl$TransactionDriverControlImpl.markRollbackOnly(JdbcResourceLocalTransactionCoordinatorImpl.java:309)
	at org.hibernate.internal.AbstractSharedSessionContract.buildNamedQuery(AbstractSharedSessionContract.java:1109)
	at org.hibernate.internal.AbstractSharedSessionContract.createNamedQuery(AbstractSharedSessionContract.java:987)
	at org.hibernate.internal.AbstractSharedSessionContract.createNamedQuery(AbstractSharedSessionContract.java:140)
	at java.base/jdk.internal.reflect.NativeMethodAccessorImpl.invoke0(Native Method)
	at java.base/jdk.internal.reflect.NativeMethodAccessorImpl.invoke(NativeMethodAccessorImpl.java:77)
	at java.base/jdk.internal.reflect.DelegatingMethodAccessorImpl.invoke(DelegatingMethodAccessorImpl.java:43)
	at java.base/java.lang.reflect.Method.invoke(Method.java:569)
	at org.springframework.orm.jpa.ExtendedEntityManagerCreator$ExtendedEntityManagerInvocationHandler.invoke(ExtendedEntityManagerCreator.java:364)
	at jdk.proxy3/jdk.proxy3.$Proxy250.createNamedQuery(Unknown Source)
	at org.springframework.data.jpa.repository.query.NamedQuery.hasNamedQuery(NamedQuery.java:112)
	at org.springframework.data.jpa.repository.query.JpaQueryLookupStrategy$DeclaredQueryLookupStrategy.getCountQuery(JpaQueryLookupStrategy.java:204)
	at org.springframework.data.jpa.repository.query.JpaQueryLookupStrategy$DeclaredQueryLookupStrategy.resolveQuery(JpaQueryLookupStrategy.java:171)
	at org.springframework.data.jpa.repository.query.JpaQueryLookupStrategy$CreateIfNotFoundQueryLookupStrategy.resolveQuery(JpaQueryLookupStrategy.java:252)
	at org.springframework.data.jpa.repository.query.JpaQueryLookupStrategy$AbstractQueryLookupStrategy.resolveQuery(JpaQueryLookupStrategy.java:95)
	at org.springframework.data.repository.core.support.QueryExecutorMethodInterceptor.lookupQuery(QueryExecutorMethodInterceptor.java:115)
	at org.springframework.data.repository.core.support.QueryExecutorMethodInterceptor.mapMethodsToQuery(QueryExecutorMethodInterceptor.java:103)
	at org.springframework.data.repository.core.support.QueryExecutorMethodInterceptor.lambda$new$0(QueryExecutorMethodInterceptor.java:92)
	at java.base/java.util.Optional.map(Optional.java:260)
	at org.springframework.data.repository.core.support.QueryExecutorMethodInterceptor.<init>(QueryExecutorMethodInterceptor.java:92)
	at org.springframework.data.repository.core.support.RepositoryFactorySupport.getRepository(RepositoryFactorySupport.java:357)
	at org.springframework.data.repository.core.support.RepositoryFactoryBeanSupport.lambda$afterPropertiesSet$5(RepositoryFactoryBeanSupport.java:290)
	at org.springframework.data.util.Lazy.getNullable(Lazy.java:135)
	at org.springframework.data.util.Lazy.get(Lazy.java:113)
	at org.springframework.data.repository.core.support.RepositoryFactoryBeanSupport.afterPropertiesSet(RepositoryFactoryBeanSupport.java:296)
	at org.springframework.data.jpa.repository.support.JpaRepositoryFactoryBean.afterPropertiesSet(JpaRepositoryFactoryBean.java:132)
	at org.springframework.beans.factory.support.AbstractAutowireCapableBeanFactory.invokeInitMethods(AbstractAutowireCapableBeanFactory.java:1853)
	at org.springframework.beans.factory.support.AbstractAutowireCapableBeanFactory.initializeBean(AbstractAutowireCapableBeanFactory.java:1802)
	at org.springframework.beans.factory.support.AbstractAutowireCapableBeanFactory.doCreateBean(AbstractAutowireCapableBeanFactory.java:600)
	at org.springframework.beans.factory.support.AbstractAutowireCapableBeanFactory.createBean(AbstractAutowireCapableBeanFactory.java:522)
	at org.springframework.beans.factory.support.AbstractBeanFactory.lambda$doGetBean$0(AbstractBeanFactory.java:337)
	at org.springframework.beans.factory.support.DefaultSingletonBeanRegistry.getSingleton(DefaultSingletonBeanRegistry.java:234)
	at org.springframework.beans.factory.support.AbstractBeanFactory.doGetBean(AbstractBeanFactory.java:335)
	at org.springframework.beans.factory.support.AbstractBeanFactory.getBean(AbstractBeanFactory.java:200)
	at org.springframework.beans.factory.config.DependencyDescriptor.resolveCandidate(DependencyDescriptor.java:254)
	at org.springframework.beans.factory.support.DefaultListableBeanFactory.doResolveDependency(DefaultListableBeanFactory.java:1448)
	at org.springframework.beans.factory.support.DefaultListableBeanFactory.resolveDependency(DefaultListableBeanFactory.java:1358)
	at org.springframework.beans.factory.support.ConstructorResolver.resolveAutowiredArgument(ConstructorResolver.java:904)
	at org.springframework.beans.factory.support.ConstructorResolver.createArgumentArray(ConstructorResolver.java:782)
	at org.springframework.beans.factory.support.ConstructorResolver.autowireConstructor(ConstructorResolver.java:237)
	at org.springframework.beans.factory.support.AbstractAutowireCapableBeanFactory.autowireConstructor(AbstractAutowireCapableBeanFactory.java:1375)
	at org.springframework.beans.factory.support.AbstractAutowireCapableBeanFactory.createBeanInstance(AbstractAutowireCapableBeanFactory.java:1212)
	at org.springframework.beans.factory.support.AbstractAutowireCapableBeanFactory.doCreateBean(AbstractAutowireCapableBeanFactory.java:562)
	at org.springframework.beans.factory.support.AbstractAutowireCapableBeanFactory.createBean(AbstractAutowireCapableBeanFactory.java:522)
	at org.springframework.beans.factory.support.AbstractBeanFactory.lambda$doGetBean$0(AbstractBeanFactory.java:337)
	at org.springframework.beans.factory.support.DefaultSingletonBeanRegistry.getSingleton(DefaultSingletonBeanRegistry.java:234)
	at org.springframework.beans.factory.support.AbstractBeanFactory.doGetBean(AbstractBeanFactory.java:335)
	at org.springframework.beans.factory.support.AbstractBeanFactory.getBean(AbstractBeanFactory.java:200)
	at org.springframework.beans.factory.config.DependencyDescriptor.resolveCandidate(DependencyDescriptor.java:254)
	at org.springframework.beans.factory.support.DefaultListableBeanFactory.doResolveDependency(DefaultListableBeanFactory.java:1448)
	at org.springframework.beans.factory.support.DefaultListableBeanFactory.resolveDependency(DefaultListableBeanFactory.java:1358)
	at org.springframework.beans.factory.support.ConstructorResolver.resolveAutowiredArgument(ConstructorResolver.java:904)
	at org.springframework.beans.factory.support.ConstructorResolver.createArgumentArray(ConstructorResolver.java:782)
	at org.springframework.beans.factory.support.ConstructorResolver.autowireConstructor(ConstructorResolver.java:237)
	at org.springframework.beans.factory.support.AbstractAutowireCapableBeanFactory.autowireConstructor(AbstractAutowireCapableBeanFactory.java:1375)
	at org.springframework.beans.factory.support.AbstractAutowireCapableBeanFactory.createBeanInstance(AbstractAutowireCapableBeanFactory.java:1212)
	at org.springframework.beans.factory.support.AbstractAutowireCapableBeanFactory.doCreateBean(AbstractAutowireCapableBeanFactory.java:562)
	at org.springframework.beans.factory.support.AbstractAutowireCapableBeanFactory.createBean(AbstractAutowireCapableBeanFactory.java:522)
	at org.springframework.beans.factory.support.AbstractBeanFactory.lambda$doGetBean$0(AbstractBeanFactory.java:337)
	at org.springframework.beans.factory.support.DefaultSingletonBeanRegistry.getSingleton(DefaultSingletonBeanRegistry.java:234)
	at org.springframework.beans.factory.support.AbstractBeanFactory.doGetBean(AbstractBeanFactory.java:335)
	at org.springframework.beans.factory.support.AbstractBeanFactory.getBean(AbstractBeanFactory.java:200)
	at org.springframework.beans.factory.support.DefaultListableBeanFactory.preInstantiateSingletons(DefaultListableBeanFactory.java:975)
	at org.springframework.context.support.AbstractApplicationContext.finishBeanFactoryInitialization(AbstractApplicationContext.java:971)
	at org.springframework.context.support.AbstractApplicationContext.refresh(AbstractApplicationContext.java:625)
	at org.springframework.boot.web.servlet.context.ServletWebServerApplicationContext.refresh(ServletWebServerApplicationContext.java:146)
	at org.springframework.boot.SpringApplication.refresh(SpringApplication.java:755)
	at org.springframework.boot.SpringApplication.refreshContext(SpringApplication.java:456)
	at org.springframework.boot.SpringApplication.run(SpringApplication.java:335)
	at org.springframework.boot.SpringApplication.run(SpringApplication.java:1364)
	at org.springframework.boot.SpringApplication.run(SpringApplication.java:1353)
	at com.example.loan_service.LoanServiceApplication.main(LoanServiceApplication.java:11)
	at java.base/jdk.internal.reflect.NativeMethodAccessorImpl.invoke0(Native Method)
	at java.base/jdk.internal.reflect.NativeMethodAccessorImpl.invoke(NativeMethodAccessorImpl.java:77)
	at java.base/jdk.internal.reflect.DelegatingMethodAccessorImpl.invoke(DelegatingMethodAccessorImpl.java:43)
	at java.base/java.lang.reflect.Method.invoke(Method.java:569)
	at org.springframework.boot.devtools.restart.RestartLauncher.run(RestartLauncher.java:50)
2025-09-05 09:15:32 DEBUG [restartedMain] org.hibernate.orm.query.hql [,] - HQL :     SELECT COALESCE(SUM(l.amount), 0)
      FROM Loan l
     WHERE l.status IN :statuses

2025-09-05 09:15:32 DEBUG [restartedMain] o.hibernate.orm.query.sqm.creation [,] - Applying inferable type to SqmExpression [SqmNamedParameter(statuses)] : null -> SqmBasicValuedSimplePath(com.example.loan_service.entity.Loan(l).status)
2025-09-05 09:15:32 DEBUG [restartedMain] org.hibernate.orm.query.sqm.ast [,] - SqmStatement Tree :
    -> [select]
      -> [query-spec]
        -> [select]
          -> [selection]
          <- [selection]
        <- [select]
        -> [from]
          -> [root] - `com.example.loan_service.entity.Loan(l)`
          <- [root] - `com.example.loan_service.entity.Loan(l)`
        <- [from]
        -> [where]
        <- [where]
      <- [query-spec]
    <- [select]

2025-09-05 09:15:32 DEBUG [restartedMain] o.h.r.t.b.j.i.JdbcResourceLocalTransactionCoordinatorImpl [,] - JDBC transaction marked for rollback-only (exception provided for stack trace)
java.lang.Exception: exception just for purpose of providing stack trace
	at org.hibernate.resource.transaction.backend.jdbc.internal.JdbcResourceLocalTransactionCoordinatorImpl$TransactionDriverControlImpl.markRollbackOnly(JdbcResourceLocalTransactionCoordinatorImpl.java:309)
	at org.hibernate.internal.AbstractSharedSessionContract.buildNamedQuery(AbstractSharedSessionContract.java:1109)
	at org.hibernate.internal.AbstractSharedSessionContract.createNamedQuery(AbstractSharedSessionContract.java:987)
	at org.hibernate.internal.AbstractSharedSessionContract.createNamedQuery(AbstractSharedSessionContract.java:140)
	at java.base/jdk.internal.reflect.NativeMethodAccessorImpl.invoke0(Native Method)
	at java.base/jdk.internal.reflect.NativeMethodAccessorImpl.invoke(NativeMethodAccessorImpl.java:77)
	at java.base/jdk.internal.reflect.DelegatingMethodAccessorImpl.invoke(DelegatingMethodAccessorImpl.java:43)
	at java.base/java.lang.reflect.Method.invoke(Method.java:569)
	at org.springframework.orm.jpa.ExtendedEntityManagerCreator$ExtendedEntityManagerInvocationHandler.invoke(ExtendedEntityManagerCreator.java:364)
	at jdk.proxy3/jdk.proxy3.$Proxy250.createNamedQuery(Unknown Source)
	at org.springframework.data.jpa.repository.query.NamedQuery.hasNamedQuery(NamedQuery.java:112)
	at org.springframework.data.jpa.repository.query.JpaQueryLookupStrategy$DeclaredQueryLookupStrategy.getCountQuery(JpaQueryLookupStrategy.java:204)
	at org.springframework.data.jpa.repository.query.JpaQueryLookupStrategy$DeclaredQueryLookupStrategy.resolveQuery(JpaQueryLookupStrategy.java:171)
	at org.springframework.data.jpa.repository.query.JpaQueryLookupStrategy$CreateIfNotFoundQueryLookupStrategy.resolveQuery(JpaQueryLookupStrategy.java:252)
	at org.springframework.data.jpa.repository.query.JpaQueryLookupStrategy$AbstractQueryLookupStrategy.resolveQuery(JpaQueryLookupStrategy.java:95)
	at org.springframework.data.repository.core.support.QueryExecutorMethodInterceptor.lookupQuery(QueryExecutorMethodInterceptor.java:115)
	at org.springframework.data.repository.core.support.QueryExecutorMethodInterceptor.mapMethodsToQuery(QueryExecutorMethodInterceptor.java:103)
	at org.springframework.data.repository.core.support.QueryExecutorMethodInterceptor.lambda$new$0(QueryExecutorMethodInterceptor.java:92)
	at java.base/java.util.Optional.map(Optional.java:260)
	at org.springframework.data.repository.core.support.QueryExecutorMethodInterceptor.<init>(QueryExecutorMethodInterceptor.java:92)
	at org.springframework.data.repository.core.support.RepositoryFactorySupport.getRepository(RepositoryFactorySupport.java:357)
	at org.springframework.data.repository.core.support.RepositoryFactoryBeanSupport.lambda$afterPropertiesSet$5(RepositoryFactoryBeanSupport.java:290)
	at org.springframework.data.util.Lazy.getNullable(Lazy.java:135)
	at org.springframework.data.util.Lazy.get(Lazy.java:113)
	at org.springframework.data.repository.core.support.RepositoryFactoryBeanSupport.afterPropertiesSet(RepositoryFactoryBeanSupport.java:296)
	at org.springframework.data.jpa.repository.support.JpaRepositoryFactoryBean.afterPropertiesSet(JpaRepositoryFactoryBean.java:132)
	at org.springframework.beans.factory.support.AbstractAutowireCapableBeanFactory.invokeInitMethods(AbstractAutowireCapableBeanFactory.java:1853)
	at org.springframework.beans.factory.support.AbstractAutowireCapableBeanFactory.initializeBean(AbstractAutowireCapableBeanFactory.java:1802)
	at org.springframework.beans.factory.support.AbstractAutowireCapableBeanFactory.doCreateBean(AbstractAutowireCapableBeanFactory.java:600)
	at org.springframework.beans.factory.support.AbstractAutowireCapableBeanFactory.createBean(AbstractAutowireCapableBeanFactory.java:522)
	at org.springframework.beans.factory.support.AbstractBeanFactory.lambda$doGetBean$0(AbstractBeanFactory.java:337)
	at org.springframework.beans.factory.support.DefaultSingletonBeanRegistry.getSingleton(DefaultSingletonBeanRegistry.java:234)
	at org.springframework.beans.factory.support.AbstractBeanFactory.doGetBean(AbstractBeanFactory.java:335)
	at org.springframework.beans.factory.support.AbstractBeanFactory.getBean(AbstractBeanFactory.java:200)
	at org.springframework.beans.factory.config.DependencyDescriptor.resolveCandidate(DependencyDescriptor.java:254)
	at org.springframework.beans.factory.support.DefaultListableBeanFactory.doResolveDependency(DefaultListableBeanFactory.java:1448)
	at org.springframework.beans.factory.support.DefaultListableBeanFactory.resolveDependency(DefaultListableBeanFactory.java:1358)
	at org.springframework.beans.factory.support.ConstructorResolver.resolveAutowiredArgument(ConstructorResolver.java:904)
	at org.springframework.beans.factory.support.ConstructorResolver.createArgumentArray(ConstructorResolver.java:782)
	at org.springframework.beans.factory.support.ConstructorResolver.autowireConstructor(ConstructorResolver.java:237)
	at org.springframework.beans.factory.support.AbstractAutowireCapableBeanFactory.autowireConstructor(AbstractAutowireCapableBeanFactory.java:1375)
	at org.springframework.beans.factory.support.AbstractAutowireCapableBeanFactory.createBeanInstance(AbstractAutowireCapableBeanFactory.java:1212)
	at org.springframework.beans.factory.support.AbstractAutowireCapableBeanFactory.doCreateBean(AbstractAutowireCapableBeanFactory.java:562)
	at org.springframework.beans.factory.support.AbstractAutowireCapableBeanFactory.createBean(AbstractAutowireCapableBeanFactory.java:522)
	at org.springframework.beans.factory.support.AbstractBeanFactory.lambda$doGetBean$0(AbstractBeanFactory.java:337)
	at org.springframework.beans.factory.support.DefaultSingletonBeanRegistry.getSingleton(DefaultSingletonBeanRegistry.java:234)
	at org.springframework.beans.factory.support.AbstractBeanFactory.doGetBean(AbstractBeanFactory.java:335)
	at org.springframework.beans.factory.support.AbstractBeanFactory.getBean(AbstractBeanFactory.java:200)
	at org.springframework.beans.factory.config.DependencyDescriptor.resolveCandidate(DependencyDescriptor.java:254)
	at org.springframework.beans.factory.support.DefaultListableBeanFactory.doResolveDependency(DefaultListableBeanFactory.java:1448)
	at org.springframework.beans.factory.support.DefaultListableBeanFactory.resolveDependency(DefaultListableBeanFactory.java:1358)
	at org.springframework.beans.factory.support.ConstructorResolver.resolveAutowiredArgument(ConstructorResolver.java:904)
	at org.springframework.beans.factory.support.ConstructorResolver.createArgumentArray(ConstructorResolver.java:782)
	at org.springframework.beans.factory.support.ConstructorResolver.autowireConstructor(ConstructorResolver.java:237)
	at org.springframework.beans.factory.support.AbstractAutowireCapableBeanFactory.autowireConstructor(AbstractAutowireCapableBeanFactory.java:1375)
	at org.springframework.beans.factory.support.AbstractAutowireCapableBeanFactory.createBeanInstance(AbstractAutowireCapableBeanFactory.java:1212)
	at org.springframework.beans.factory.support.AbstractAutowireCapableBeanFactory.doCreateBean(AbstractAutowireCapableBeanFactory.java:562)
	at org.springframework.beans.factory.support.AbstractAutowireCapableBeanFactory.createBean(AbstractAutowireCapableBeanFactory.java:522)
	at org.springframework.beans.factory.support.AbstractBeanFactory.lambda$doGetBean$0(AbstractBeanFactory.java:337)
	at org.springframework.beans.factory.support.DefaultSingletonBeanRegistry.getSingleton(DefaultSingletonBeanRegistry.java:234)
	at org.springframework.beans.factory.support.AbstractBeanFactory.doGetBean(AbstractBeanFactory.java:335)
	at org.springframework.beans.factory.support.AbstractBeanFactory.getBean(AbstractBeanFactory.java:200)
	at org.springframework.beans.factory.support.DefaultListableBeanFactory.preInstantiateSingletons(DefaultListableBeanFactory.java:975)
	at org.springframework.context.support.AbstractApplicationContext.finishBeanFactoryInitialization(AbstractApplicationContext.java:971)
	at org.springframework.context.support.AbstractApplicationContext.refresh(AbstractApplicationContext.java:625)
	at org.springframework.boot.web.servlet.context.ServletWebServerApplicationContext.refresh(ServletWebServerApplicationContext.java:146)
	at org.springframework.boot.SpringApplication.refresh(SpringApplication.java:755)
	at org.springframework.boot.SpringApplication.refreshContext(SpringApplication.java:456)
	at org.springframework.boot.SpringApplication.run(SpringApplication.java:335)
	at org.springframework.boot.SpringApplication.run(SpringApplication.java:1364)
	at org.springframework.boot.SpringApplication.run(SpringApplication.java:1353)
	at com.example.loan_service.LoanServiceApplication.main(LoanServiceApplication.java:11)
	at java.base/jdk.internal.reflect.NativeMethodAccessorImpl.invoke0(Native Method)
	at java.base/jdk.internal.reflect.NativeMethodAccessorImpl.invoke(NativeMethodAccessorImpl.java:77)
	at java.base/jdk.internal.reflect.DelegatingMethodAccessorImpl.invoke(DelegatingMethodAccessorImpl.java:43)
	at java.base/java.lang.reflect.Method.invoke(Method.java:569)
	at org.springframework.boot.devtools.restart.RestartLauncher.run(RestartLauncher.java:50)
2025-09-05 09:15:32 DEBUG [restartedMain] org.hibernate.orm.query.hql [,] - HQL : SELECT l FROM Loan l WHERE l.status = :status ORDER BY l.createdAt DESC
2025-09-05 09:15:32 DEBUG [restartedMain] o.hibernate.orm.query.sqm.creation [,] - Applying inferable type to SqmExpression [SqmNamedParameter(status)] : null -> SqmBasicValuedSimplePath(com.example.loan_service.entity.Loan(l).status)
2025-09-05 09:15:32 DEBUG [restartedMain] org.hibernate.orm.query.sqm.ast [,] - SqmStatement Tree :
    -> [select]
      -> [query-spec]
        -> [select]
          -> [selection]
            -> [root] - `com.example.loan_service.entity.Loan(l)`
            <- [root] - `com.example.loan_service.entity.Loan(l)`
          <- [selection]
        <- [select]
        -> [from]
          -> [root] - `com.example.loan_service.entity.Loan(l)`
          <- [root] - `com.example.loan_service.entity.Loan(l)`
        <- [from]
        -> [where]
          -> [EQUAL]
              -> [basic-path] - `com.example.loan_service.entity.Loan(l).status`
              :status
          <- [EQUAL]
        <- [where]
      <- [query-spec]
    <- [select]

2025-09-05 09:15:32 DEBUG [restartedMain] o.h.r.t.b.j.i.JdbcResourceLocalTransactionCoordinatorImpl [,] - JDBC transaction marked for rollback-only (exception provided for stack trace)
java.lang.Exception: exception just for purpose of providing stack trace
	at org.hibernate.resource.transaction.backend.jdbc.internal.JdbcResourceLocalTransactionCoordinatorImpl$TransactionDriverControlImpl.markRollbackOnly(JdbcResourceLocalTransactionCoordinatorImpl.java:309)
	at org.hibernate.internal.AbstractSharedSessionContract.buildNamedQuery(AbstractSharedSessionContract.java:1109)
	at org.hibernate.internal.AbstractSharedSessionContract.createNamedQuery(AbstractSharedSessionContract.java:987)
	at org.hibernate.internal.AbstractSharedSessionContract.createNamedQuery(AbstractSharedSessionContract.java:140)
	at java.base/jdk.internal.reflect.NativeMethodAccessorImpl.invoke0(Native Method)
	at java.base/jdk.internal.reflect.NativeMethodAccessorImpl.invoke(NativeMethodAccessorImpl.java:77)
	at java.base/jdk.internal.reflect.DelegatingMethodAccessorImpl.invoke(DelegatingMethodAccessorImpl.java:43)
	at java.base/java.lang.reflect.Method.invoke(Method.java:569)
	at org.springframework.orm.jpa.ExtendedEntityManagerCreator$ExtendedEntityManagerInvocationHandler.invoke(ExtendedEntityManagerCreator.java:364)
	at jdk.proxy3/jdk.proxy3.$Proxy250.createNamedQuery(Unknown Source)
	at org.springframework.data.jpa.repository.query.NamedQuery.hasNamedQuery(NamedQuery.java:112)
	at org.springframework.data.jpa.repository.query.JpaQueryLookupStrategy$DeclaredQueryLookupStrategy.getCountQuery(JpaQueryLookupStrategy.java:204)
	at org.springframework.data.jpa.repository.query.JpaQueryLookupStrategy$DeclaredQueryLookupStrategy.resolveQuery(JpaQueryLookupStrategy.java:171)
	at org.springframework.data.jpa.repository.query.JpaQueryLookupStrategy$CreateIfNotFoundQueryLookupStrategy.resolveQuery(JpaQueryLookupStrategy.java:252)
	at org.springframework.data.jpa.repository.query.JpaQueryLookupStrategy$AbstractQueryLookupStrategy.resolveQuery(JpaQueryLookupStrategy.java:95)
	at org.springframework.data.repository.core.support.QueryExecutorMethodInterceptor.lookupQuery(QueryExecutorMethodInterceptor.java:115)
	at org.springframework.data.repository.core.support.QueryExecutorMethodInterceptor.mapMethodsToQuery(QueryExecutorMethodInterceptor.java:103)
	at org.springframework.data.repository.core.support.QueryExecutorMethodInterceptor.lambda$new$0(QueryExecutorMethodInterceptor.java:92)
	at java.base/java.util.Optional.map(Optional.java:260)
	at org.springframework.data.repository.core.support.QueryExecutorMethodInterceptor.<init>(QueryExecutorMethodInterceptor.java:92)
	at org.springframework.data.repository.core.support.RepositoryFactorySupport.getRepository(RepositoryFactorySupport.java:357)
	at org.springframework.data.repository.core.support.RepositoryFactoryBeanSupport.lambda$afterPropertiesSet$5(RepositoryFactoryBeanSupport.java:290)
	at org.springframework.data.util.Lazy.getNullable(Lazy.java:135)
	at org.springframework.data.util.Lazy.get(Lazy.java:113)
	at org.springframework.data.repository.core.support.RepositoryFactoryBeanSupport.afterPropertiesSet(RepositoryFactoryBeanSupport.java:296)
	at org.springframework.data.jpa.repository.support.JpaRepositoryFactoryBean.afterPropertiesSet(JpaRepositoryFactoryBean.java:132)
	at org.springframework.beans.factory.support.AbstractAutowireCapableBeanFactory.invokeInitMethods(AbstractAutowireCapableBeanFactory.java:1853)
	at org.springframework.beans.factory.support.AbstractAutowireCapableBeanFactory.initializeBean(AbstractAutowireCapableBeanFactory.java:1802)
	at org.springframework.beans.factory.support.AbstractAutowireCapableBeanFactory.doCreateBean(AbstractAutowireCapableBeanFactory.java:600)
	at org.springframework.beans.factory.support.AbstractAutowireCapableBeanFactory.createBean(AbstractAutowireCapableBeanFactory.java:522)
	at org.springframework.beans.factory.support.AbstractBeanFactory.lambda$doGetBean$0(AbstractBeanFactory.java:337)
	at org.springframework.beans.factory.support.DefaultSingletonBeanRegistry.getSingleton(DefaultSingletonBeanRegistry.java:234)
	at org.springframework.beans.factory.support.AbstractBeanFactory.doGetBean(AbstractBeanFactory.java:335)
	at org.springframework.beans.factory.support.AbstractBeanFactory.getBean(AbstractBeanFactory.java:200)
	at org.springframework.beans.factory.config.DependencyDescriptor.resolveCandidate(DependencyDescriptor.java:254)
	at org.springframework.beans.factory.support.DefaultListableBeanFactory.doResolveDependency(DefaultListableBeanFactory.java:1448)
	at org.springframework.beans.factory.support.DefaultListableBeanFactory.resolveDependency(DefaultListableBeanFactory.java:1358)
	at org.springframework.beans.factory.support.ConstructorResolver.resolveAutowiredArgument(ConstructorResolver.java:904)
	at org.springframework.beans.factory.support.ConstructorResolver.createArgumentArray(ConstructorResolver.java:782)
	at org.springframework.beans.factory.support.ConstructorResolver.autowireConstructor(ConstructorResolver.java:237)
	at org.springframework.beans.factory.support.AbstractAutowireCapableBeanFactory.autowireConstructor(AbstractAutowireCapableBeanFactory.java:1375)
	at org.springframework.beans.factory.support.AbstractAutowireCapableBeanFactory.createBeanInstance(AbstractAutowireCapableBeanFactory.java:1212)
	at org.springframework.beans.factory.support.AbstractAutowireCapableBeanFactory.doCreateBean(AbstractAutowireCapableBeanFactory.java:562)
	at org.springframework.beans.factory.support.AbstractAutowireCapableBeanFactory.createBean(AbstractAutowireCapableBeanFactory.java:522)
	at org.springframework.beans.factory.support.AbstractBeanFactory.lambda$doGetBean$0(AbstractBeanFactory.java:337)
	at org.springframework.beans.factory.support.DefaultSingletonBeanRegistry.getSingleton(DefaultSingletonBeanRegistry.java:234)
	at org.springframework.beans.factory.support.AbstractBeanFactory.doGetBean(AbstractBeanFactory.java:335)
	at org.springframework.beans.factory.support.AbstractBeanFactory.getBean(AbstractBeanFactory.java:200)
	at org.springframework.beans.factory.config.DependencyDescriptor.resolveCandidate(DependencyDescriptor.java:254)
	at org.springframework.beans.factory.support.DefaultListableBeanFactory.doResolveDependency(DefaultListableBeanFactory.java:1448)
	at org.springframework.beans.factory.support.DefaultListableBeanFactory.resolveDependency(DefaultListableBeanFactory.java:1358)
	at org.springframework.beans.factory.support.ConstructorResolver.resolveAutowiredArgument(ConstructorResolver.java:904)
	at org.springframework.beans.factory.support.ConstructorResolver.createArgumentArray(ConstructorResolver.java:782)
	at org.springframework.beans.factory.support.ConstructorResolver.autowireConstructor(ConstructorResolver.java:237)
	at org.springframework.beans.factory.support.AbstractAutowireCapableBeanFactory.autowireConstructor(AbstractAutowireCapableBeanFactory.java:1375)
	at org.springframework.beans.factory.support.AbstractAutowireCapableBeanFactory.createBeanInstance(AbstractAutowireCapableBeanFactory.java:1212)
	at org.springframework.beans.factory.support.AbstractAutowireCapableBeanFactory.doCreateBean(AbstractAutowireCapableBeanFactory.java:562)
	at org.springframework.beans.factory.support.AbstractAutowireCapableBeanFactory.createBean(AbstractAutowireCapableBeanFactory.java:522)
	at org.springframework.beans.factory.support.AbstractBeanFactory.lambda$doGetBean$0(AbstractBeanFactory.java:337)
	at org.springframework.beans.factory.support.DefaultSingletonBeanRegistry.getSingleton(DefaultSingletonBeanRegistry.java:234)
	at org.springframework.beans.factory.support.AbstractBeanFactory.doGetBean(AbstractBeanFactory.java:335)
	at org.springframework.beans.factory.support.AbstractBeanFactory.getBean(AbstractBeanFactory.java:200)
	at org.springframework.beans.factory.support.DefaultListableBeanFactory.preInstantiateSingletons(DefaultListableBeanFactory.java:975)
	at org.springframework.context.support.AbstractApplicationContext.finishBeanFactoryInitialization(AbstractApplicationContext.java:971)
	at org.springframework.context.support.AbstractApplicationContext.refresh(AbstractApplicationContext.java:625)
	at org.springframework.boot.web.servlet.context.ServletWebServerApplicationContext.refresh(ServletWebServerApplicationContext.java:146)
	at org.springframework.boot.SpringApplication.refresh(SpringApplication.java:755)
	at org.springframework.boot.SpringApplication.refreshContext(SpringApplication.java:456)
	at org.springframework.boot.SpringApplication.run(SpringApplication.java:335)
	at org.springframework.boot.SpringApplication.run(SpringApplication.java:1364)
	at org.springframework.boot.SpringApplication.run(SpringApplication.java:1353)
	at com.example.loan_service.LoanServiceApplication.main(LoanServiceApplication.java:11)
	at java.base/jdk.internal.reflect.NativeMethodAccessorImpl.invoke0(Native Method)
	at java.base/jdk.internal.reflect.NativeMethodAccessorImpl.invoke(NativeMethodAccessorImpl.java:77)
	at java.base/jdk.internal.reflect.DelegatingMethodAccessorImpl.invoke(DelegatingMethodAccessorImpl.java:43)
	at java.base/java.lang.reflect.Method.invoke(Method.java:569)
	at org.springframework.boot.devtools.restart.RestartLauncher.run(RestartLauncher.java:50)
2025-09-05 09:15:32 DEBUG [restartedMain] org.hibernate.orm.query.hql [,] - HQL : SELECT COALESCE(SUM(r.principal + r.interest - r.paidAmount), 0) FROM Repayment r WHERE r.loan.loanId = :loanId AND r.status <> 'PAID'
2025-09-05 09:15:32 DEBUG [restartedMain] o.hibernate.orm.query.sqm.creation [,] - Applying inferable type to SqmExpression [SqmNamedParameter(loanId)] : null -> SqmBasicValuedSimplePath(com.example.loan_service.entity.Repayment(r).loan.loanId)
2025-09-05 09:15:32 DEBUG [restartedMain] org.hibernate.orm.query.sqm.ast [,] - SqmStatement Tree :
    -> [select]
      -> [query-spec]
        -> [select]
          -> [selection]
          <- [selection]
        <- [select]
        -> [from]
          -> [root] - `com.example.loan_service.entity.Repayment(r)`
          <- [root] - `com.example.loan_service.entity.Repayment(r)`
        <- [from]
        -> [where]
          -> [and]
            -> [EQUAL]
                -> [basic-path] - `com.example.loan_service.entity.Repayment(r).loan.loanId`
                :loanId
            <- [EQUAL]
            -> [NOT_EQUAL]
                -> [basic-path] - `com.example.loan_service.entity.Repayment(r).status`
            <- [NOT_EQUAL]
          <- [and]
        <- [where]
      <- [query-spec]
    <- [select]

2025-09-05 09:15:32 DEBUG [restartedMain] o.h.r.t.b.j.i.JdbcResourceLocalTransactionCoordinatorImpl [,] - JDBC transaction marked for rollback-only (exception provided for stack trace)
java.lang.Exception: exception just for purpose of providing stack trace
	at org.hibernate.resource.transaction.backend.jdbc.internal.JdbcResourceLocalTransactionCoordinatorImpl$TransactionDriverControlImpl.markRollbackOnly(JdbcResourceLocalTransactionCoordinatorImpl.java:309)
	at org.hibernate.internal.AbstractSharedSessionContract.buildNamedQuery(AbstractSharedSessionContract.java:1109)
	at org.hibernate.internal.AbstractSharedSessionContract.createNamedQuery(AbstractSharedSessionContract.java:987)
	at org.hibernate.internal.AbstractSharedSessionContract.createNamedQuery(AbstractSharedSessionContract.java:140)
	at java.base/jdk.internal.reflect.NativeMethodAccessorImpl.invoke0(Native Method)
	at java.base/jdk.internal.reflect.NativeMethodAccessorImpl.invoke(NativeMethodAccessorImpl.java:77)
	at java.base/jdk.internal.reflect.DelegatingMethodAccessorImpl.invoke(DelegatingMethodAccessorImpl.java:43)
	at java.base/java.lang.reflect.Method.invoke(Method.java:569)
	at org.springframework.orm.jpa.ExtendedEntityManagerCreator$ExtendedEntityManagerInvocationHandler.invoke(ExtendedEntityManagerCreator.java:364)
	at jdk.proxy3/jdk.proxy3.$Proxy250.createNamedQuery(Unknown Source)
	at org.springframework.data.jpa.repository.query.NamedQuery.hasNamedQuery(NamedQuery.java:112)
	at org.springframework.data.jpa.repository.query.JpaQueryLookupStrategy$DeclaredQueryLookupStrategy.getCountQuery(JpaQueryLookupStrategy.java:204)
	at org.springframework.data.jpa.repository.query.JpaQueryLookupStrategy$DeclaredQueryLookupStrategy.resolveQuery(JpaQueryLookupStrategy.java:171)
	at org.springframework.data.jpa.repository.query.JpaQueryLookupStrategy$CreateIfNotFoundQueryLookupStrategy.resolveQuery(JpaQueryLookupStrategy.java:252)
	at org.springframework.data.jpa.repository.query.JpaQueryLookupStrategy$AbstractQueryLookupStrategy.resolveQuery(JpaQueryLookupStrategy.java:95)
	at org.springframework.data.repository.core.support.QueryExecutorMethodInterceptor.lookupQuery(QueryExecutorMethodInterceptor.java:115)
	at org.springframework.data.repository.core.support.QueryExecutorMethodInterceptor.mapMethodsToQuery(QueryExecutorMethodInterceptor.java:103)
	at org.springframework.data.repository.core.support.QueryExecutorMethodInterceptor.lambda$new$0(QueryExecutorMethodInterceptor.java:92)
	at java.base/java.util.Optional.map(Optional.java:260)
	at org.springframework.data.repository.core.support.QueryExecutorMethodInterceptor.<init>(QueryExecutorMethodInterceptor.java:92)
	at org.springframework.data.repository.core.support.RepositoryFactorySupport.getRepository(RepositoryFactorySupport.java:357)
	at org.springframework.data.repository.core.support.RepositoryFactoryBeanSupport.lambda$afterPropertiesSet$5(RepositoryFactoryBeanSupport.java:290)
	at org.springframework.data.util.Lazy.getNullable(Lazy.java:135)
	at org.springframework.data.util.Lazy.get(Lazy.java:113)
	at org.springframework.data.repository.core.support.RepositoryFactoryBeanSupport.afterPropertiesSet(RepositoryFactoryBeanSupport.java:296)
	at org.springframework.data.jpa.repository.support.JpaRepositoryFactoryBean.afterPropertiesSet(JpaRepositoryFactoryBean.java:132)
	at org.springframework.beans.factory.support.AbstractAutowireCapableBeanFactory.invokeInitMethods(AbstractAutowireCapableBeanFactory.java:1853)
	at org.springframework.beans.factory.support.AbstractAutowireCapableBeanFactory.initializeBean(AbstractAutowireCapableBeanFactory.java:1802)
	at org.springframework.beans.factory.support.AbstractAutowireCapableBeanFactory.doCreateBean(AbstractAutowireCapableBeanFactory.java:600)
	at org.springframework.beans.factory.support.AbstractAutowireCapableBeanFactory.createBean(AbstractAutowireCapableBeanFactory.java:522)
	at org.springframework.beans.factory.support.AbstractBeanFactory.lambda$doGetBean$0(AbstractBeanFactory.java:337)
	at org.springframework.beans.factory.support.DefaultSingletonBeanRegistry.getSingleton(DefaultSingletonBeanRegistry.java:234)
	at org.springframework.beans.factory.support.AbstractBeanFactory.doGetBean(AbstractBeanFactory.java:335)
	at org.springframework.beans.factory.support.AbstractBeanFactory.getBean(AbstractBeanFactory.java:200)
	at org.springframework.beans.factory.config.DependencyDescriptor.resolveCandidate(DependencyDescriptor.java:254)
	at org.springframework.beans.factory.support.DefaultListableBeanFactory.doResolveDependency(DefaultListableBeanFactory.java:1448)
	at org.springframework.beans.factory.support.DefaultListableBeanFactory.resolveDependency(DefaultListableBeanFactory.java:1358)
	at org.springframework.beans.factory.support.ConstructorResolver.resolveAutowiredArgument(ConstructorResolver.java:904)
	at org.springframework.beans.factory.support.ConstructorResolver.createArgumentArray(ConstructorResolver.java:782)
	at org.springframework.beans.factory.support.ConstructorResolver.autowireConstructor(ConstructorResolver.java:237)
	at org.springframework.beans.factory.support.AbstractAutowireCapableBeanFactory.autowireConstructor(AbstractAutowireCapableBeanFactory.java:1375)
	at org.springframework.beans.factory.support.AbstractAutowireCapableBeanFactory.createBeanInstance(AbstractAutowireCapableBeanFactory.java:1212)
	at org.springframework.beans.factory.support.AbstractAutowireCapableBeanFactory.doCreateBean(AbstractAutowireCapableBeanFactory.java:562)
	at org.springframework.beans.factory.support.AbstractAutowireCapableBeanFactory.createBean(AbstractAutowireCapableBeanFactory.java:522)
	at org.springframework.beans.factory.support.AbstractBeanFactory.lambda$doGetBean$0(AbstractBeanFactory.java:337)
	at org.springframework.beans.factory.support.DefaultSingletonBeanRegistry.getSingleton(DefaultSingletonBeanRegistry.java:234)
	at org.springframework.beans.factory.support.AbstractBeanFactory.doGetBean(AbstractBeanFactory.java:335)
	at org.springframework.beans.factory.support.AbstractBeanFactory.getBean(AbstractBeanFactory.java:200)
	at org.springframework.beans.factory.config.DependencyDescriptor.resolveCandidate(DependencyDescriptor.java:254)
	at org.springframework.beans.factory.support.DefaultListableBeanFactory.doResolveDependency(DefaultListableBeanFactory.java:1448)
	at org.springframework.beans.factory.support.DefaultListableBeanFactory.resolveDependency(DefaultListableBeanFactory.java:1358)
	at org.springframework.beans.factory.support.ConstructorResolver.resolveAutowiredArgument(ConstructorResolver.java:904)
	at org.springframework.beans.factory.support.ConstructorResolver.createArgumentArray(ConstructorResolver.java:782)
	at org.springframework.beans.factory.support.ConstructorResolver.autowireConstructor(ConstructorResolver.java:237)
	at org.springframework.beans.factory.support.AbstractAutowireCapableBeanFactory.autowireConstructor(AbstractAutowireCapableBeanFactory.java:1375)
	at org.springframework.beans.factory.support.AbstractAutowireCapableBeanFactory.createBeanInstance(AbstractAutowireCapableBeanFactory.java:1212)
	at org.springframework.beans.factory.support.AbstractAutowireCapableBeanFactory.doCreateBean(AbstractAutowireCapableBeanFactory.java:562)
	at org.springframework.beans.factory.support.AbstractAutowireCapableBeanFactory.createBean(AbstractAutowireCapableBeanFactory.java:522)
	at org.springframework.beans.factory.support.AbstractBeanFactory.lambda$doGetBean$0(AbstractBeanFactory.java:337)
	at org.springframework.beans.factory.support.DefaultSingletonBeanRegistry.getSingleton(DefaultSingletonBeanRegistry.java:234)
	at org.springframework.beans.factory.support.AbstractBeanFactory.doGetBean(AbstractBeanFactory.java:335)
	at org.springframework.beans.factory.support.AbstractBeanFactory.getBean(AbstractBeanFactory.java:200)
	at org.springframework.beans.factory.support.DefaultListableBeanFactory.preInstantiateSingletons(DefaultListableBeanFactory.java:975)
	at org.springframework.context.support.AbstractApplicationContext.finishBeanFactoryInitialization(AbstractApplicationContext.java:971)
	at org.springframework.context.support.AbstractApplicationContext.refresh(AbstractApplicationContext.java:625)
	at org.springframework.boot.web.servlet.context.ServletWebServerApplicationContext.refresh(ServletWebServerApplicationContext.java:146)
	at org.springframework.boot.SpringApplication.refresh(SpringApplication.java:755)
	at org.springframework.boot.SpringApplication.refreshContext(SpringApplication.java:456)
	at org.springframework.boot.SpringApplication.run(SpringApplication.java:335)
	at org.springframework.boot.SpringApplication.run(SpringApplication.java:1364)
	at org.springframework.boot.SpringApplication.run(SpringApplication.java:1353)
	at com.example.loan_service.LoanServiceApplication.main(LoanServiceApplication.java:11)
	at java.base/jdk.internal.reflect.NativeMethodAccessorImpl.invoke0(Native Method)
	at java.base/jdk.internal.reflect.NativeMethodAccessorImpl.invoke(NativeMethodAccessorImpl.java:77)
	at java.base/jdk.internal.reflect.DelegatingMethodAccessorImpl.invoke(DelegatingMethodAccessorImpl.java:43)
	at java.base/java.lang.reflect.Method.invoke(Method.java:569)
	at org.springframework.boot.devtools.restart.RestartLauncher.run(RestartLauncher.java:50)
2025-09-05 09:15:32 DEBUG [restartedMain] o.h.r.t.b.j.i.JdbcResourceLocalTransactionCoordinatorImpl [,] - JDBC transaction marked for rollback-only (exception provided for stack trace)
java.lang.Exception: exception just for purpose of providing stack trace
	at org.hibernate.resource.transaction.backend.jdbc.internal.JdbcResourceLocalTransactionCoordinatorImpl$TransactionDriverControlImpl.markRollbackOnly(JdbcResourceLocalTransactionCoordinatorImpl.java:309)
	at org.hibernate.internal.AbstractSharedSessionContract.buildNamedQuery(AbstractSharedSessionContract.java:1109)
	at org.hibernate.internal.AbstractSharedSessionContract.createNamedQuery(AbstractSharedSessionContract.java:987)
	at org.hibernate.internal.AbstractSharedSessionContract.createNamedQuery(AbstractSharedSessionContract.java:140)
	at java.base/jdk.internal.reflect.NativeMethodAccessorImpl.invoke0(Native Method)
	at java.base/jdk.internal.reflect.NativeMethodAccessorImpl.invoke(NativeMethodAccessorImpl.java:77)
	at java.base/jdk.internal.reflect.DelegatingMethodAccessorImpl.invoke(DelegatingMethodAccessorImpl.java:43)
	at java.base/java.lang.reflect.Method.invoke(Method.java:569)
	at org.springframework.orm.jpa.ExtendedEntityManagerCreator$ExtendedEntityManagerInvocationHandler.invoke(ExtendedEntityManagerCreator.java:364)
	at jdk.proxy3/jdk.proxy3.$Proxy250.createNamedQuery(Unknown Source)
	at org.springframework.data.jpa.repository.query.NamedQuery.hasNamedQuery(NamedQuery.java:112)
	at org.springframework.data.jpa.repository.query.JpaQueryLookupStrategy$DeclaredQueryLookupStrategy.getCountQuery(JpaQueryLookupStrategy.java:204)
	at org.springframework.data.jpa.repository.query.JpaQueryLookupStrategy$DeclaredQueryLookupStrategy.resolveQuery(JpaQueryLookupStrategy.java:171)
	at org.springframework.data.jpa.repository.query.JpaQueryLookupStrategy$CreateIfNotFoundQueryLookupStrategy.resolveQuery(JpaQueryLookupStrategy.java:252)
	at org.springframework.data.jpa.repository.query.JpaQueryLookupStrategy$AbstractQueryLookupStrategy.resolveQuery(JpaQueryLookupStrategy.java:95)
	at org.springframework.data.repository.core.support.QueryExecutorMethodInterceptor.lookupQuery(QueryExecutorMethodInterceptor.java:115)
	at org.springframework.data.repository.core.support.QueryExecutorMethodInterceptor.mapMethodsToQuery(QueryExecutorMethodInterceptor.java:103)
	at org.springframework.data.repository.core.support.QueryExecutorMethodInterceptor.lambda$new$0(QueryExecutorMethodInterceptor.java:92)
	at java.base/java.util.Optional.map(Optional.java:260)
	at org.springframework.data.repository.core.support.QueryExecutorMethodInterceptor.<init>(QueryExecutorMethodInterceptor.java:92)
	at org.springframework.data.repository.core.support.RepositoryFactorySupport.getRepository(RepositoryFactorySupport.java:357)
	at org.springframework.data.repository.core.support.RepositoryFactoryBeanSupport.lambda$afterPropertiesSet$5(RepositoryFactoryBeanSupport.java:290)
	at org.springframework.data.util.Lazy.getNullable(Lazy.java:135)
	at org.springframework.data.util.Lazy.get(Lazy.java:113)
	at org.springframework.data.repository.core.support.RepositoryFactoryBeanSupport.afterPropertiesSet(RepositoryFactoryBeanSupport.java:296)
	at org.springframework.data.jpa.repository.support.JpaRepositoryFactoryBean.afterPropertiesSet(JpaRepositoryFactoryBean.java:132)
	at org.springframework.beans.factory.support.AbstractAutowireCapableBeanFactory.invokeInitMethods(AbstractAutowireCapableBeanFactory.java:1853)
	at org.springframework.beans.factory.support.AbstractAutowireCapableBeanFactory.initializeBean(AbstractAutowireCapableBeanFactory.java:1802)
	at org.springframework.beans.factory.support.AbstractAutowireCapableBeanFactory.doCreateBean(AbstractAutowireCapableBeanFactory.java:600)
	at org.springframework.beans.factory.support.AbstractAutowireCapableBeanFactory.createBean(AbstractAutowireCapableBeanFactory.java:522)
	at org.springframework.beans.factory.support.AbstractBeanFactory.lambda$doGetBean$0(AbstractBeanFactory.java:337)
	at org.springframework.beans.factory.support.DefaultSingletonBeanRegistry.getSingleton(DefaultSingletonBeanRegistry.java:234)
	at org.springframework.beans.factory.support.AbstractBeanFactory.doGetBean(AbstractBeanFactory.java:335)
	at org.springframework.beans.factory.support.AbstractBeanFactory.getBean(AbstractBeanFactory.java:200)
	at org.springframework.beans.factory.config.DependencyDescriptor.resolveCandidate(DependencyDescriptor.java:254)
	at org.springframework.beans.factory.support.DefaultListableBeanFactory.doResolveDependency(DefaultListableBeanFactory.java:1448)
	at org.springframework.beans.factory.support.DefaultListableBeanFactory.resolveDependency(DefaultListableBeanFactory.java:1358)
	at org.springframework.beans.factory.support.ConstructorResolver.resolveAutowiredArgument(ConstructorResolver.java:904)
	at org.springframework.beans.factory.support.ConstructorResolver.createArgumentArray(ConstructorResolver.java:782)
	at org.springframework.beans.factory.support.ConstructorResolver.autowireConstructor(ConstructorResolver.java:237)
	at org.springframework.beans.factory.support.AbstractAutowireCapableBeanFactory.autowireConstructor(AbstractAutowireCapableBeanFactory.java:1375)
	at org.springframework.beans.factory.support.AbstractAutowireCapableBeanFactory.createBeanInstance(AbstractAutowireCapableBeanFactory.java:1212)
	at org.springframework.beans.factory.support.AbstractAutowireCapableBeanFactory.doCreateBean(AbstractAutowireCapableBeanFactory.java:562)
	at org.springframework.beans.factory.support.AbstractAutowireCapableBeanFactory.createBean(AbstractAutowireCapableBeanFactory.java:522)
	at org.springframework.beans.factory.support.AbstractBeanFactory.lambda$doGetBean$0(AbstractBeanFactory.java:337)
	at org.springframework.beans.factory.support.DefaultSingletonBeanRegistry.getSingleton(DefaultSingletonBeanRegistry.java:234)
	at org.springframework.beans.factory.support.AbstractBeanFactory.doGetBean(AbstractBeanFactory.java:335)
	at org.springframework.beans.factory.support.AbstractBeanFactory.getBean(AbstractBeanFactory.java:200)
	at org.springframework.beans.factory.config.DependencyDescriptor.resolveCandidate(DependencyDescriptor.java:254)
	at org.springframework.beans.factory.support.DefaultListableBeanFactory.doResolveDependency(DefaultListableBeanFactory.java:1448)
	at org.springframework.beans.factory.support.DefaultListableBeanFactory.resolveDependency(DefaultListableBeanFactory.java:1358)
	at org.springframework.beans.factory.support.ConstructorResolver.resolveAutowiredArgument(ConstructorResolver.java:904)
	at org.springframework.beans.factory.support.ConstructorResolver.createArgumentArray(ConstructorResolver.java:782)
	at org.springframework.beans.factory.support.ConstructorResolver.autowireConstructor(ConstructorResolver.java:237)
	at org.springframework.beans.factory.support.AbstractAutowireCapableBeanFactory.autowireConstructor(AbstractAutowireCapableBeanFactory.java:1375)
	at org.springframework.beans.factory.support.AbstractAutowireCapableBeanFactory.createBeanInstance(AbstractAutowireCapableBeanFactory.java:1212)
	at org.springframework.beans.factory.support.AbstractAutowireCapableBeanFactory.doCreateBean(AbstractAutowireCapableBeanFactory.java:562)
	at org.springframework.beans.factory.support.AbstractAutowireCapableBeanFactory.createBean(AbstractAutowireCapableBeanFactory.java:522)
	at org.springframework.beans.factory.support.AbstractBeanFactory.lambda$doGetBean$0(AbstractBeanFactory.java:337)
	at org.springframework.beans.factory.support.DefaultSingletonBeanRegistry.getSingleton(DefaultSingletonBeanRegistry.java:234)
	at org.springframework.beans.factory.support.AbstractBeanFactory.doGetBean(AbstractBeanFactory.java:335)
	at org.springframework.beans.factory.support.AbstractBeanFactory.getBean(AbstractBeanFactory.java:200)
	at org.springframework.beans.factory.support.DefaultListableBeanFactory.preInstantiateSingletons(DefaultListableBeanFactory.java:975)
	at org.springframework.context.support.AbstractApplicationContext.finishBeanFactoryInitialization(AbstractApplicationContext.java:971)
	at org.springframework.context.support.AbstractApplicationContext.refresh(AbstractApplicationContext.java:625)
	at org.springframework.boot.web.servlet.context.ServletWebServerApplicationContext.refresh(ServletWebServerApplicationContext.java:146)
	at org.springframework.boot.SpringApplication.refresh(SpringApplication.java:755)
	at org.springframework.boot.SpringApplication.refreshContext(SpringApplication.java:456)
	at org.springframework.boot.SpringApplication.run(SpringApplication.java:335)
	at org.springframework.boot.SpringApplication.run(SpringApplication.java:1364)
	at org.springframework.boot.SpringApplication.run(SpringApplication.java:1353)
	at com.example.loan_service.LoanServiceApplication.main(LoanServiceApplication.java:11)
	at java.base/jdk.internal.reflect.NativeMethodAccessorImpl.invoke0(Native Method)
	at java.base/jdk.internal.reflect.NativeMethodAccessorImpl.invoke(NativeMethodAccessorImpl.java:77)
	at java.base/jdk.internal.reflect.DelegatingMethodAccessorImpl.invoke(DelegatingMethodAccessorImpl.java:43)
	at java.base/java.lang.reflect.Method.invoke(Method.java:569)
	at org.springframework.boot.devtools.restart.RestartLauncher.run(RestartLauncher.java:50)
2025-09-05 09:15:32 DEBUG [restartedMain] org.hibernate.orm.query.hql [,] - HQL : SELECT COUNT(r) > 0 FROM Repayment r WHERE r.loan.loanId = :loanId AND r.paidAmount < (r.principal + r.interest)
2025-09-05 09:15:32 DEBUG [restartedMain] o.h.o.q.hql.reservedWordAsIdentifier [,] - Encountered use of reserved word as identifier : (
2025-09-05 09:15:32 DEBUG [restartedMain] o.hibernate.orm.query.sqm.creation [,] - Applying inferable type to SqmExpression [SqmNamedParameter(loanId)] : null -> SqmBasicValuedSimplePath(com.example.loan_service.entity.Repayment(r).loan.loanId)
2025-09-05 09:15:32 DEBUG [restartedMain] org.hibernate.orm.query.sqm.ast [,] - SqmStatement Tree :
    -> [select]
      -> [query-spec]
        -> [select]
          -> [selection]
            -> [GREATER_THAN]
            <- [GREATER_THAN]
          <- [selection]
        <- [select]
        -> [from]
          -> [root] - `com.example.loan_service.entity.Repayment(r)`
          <- [root] - `com.example.loan_service.entity.Repayment(r)`
        <- [from]
        -> [where]
          -> [and]
            -> [EQUAL]
                -> [basic-path] - `com.example.loan_service.entity.Repayment(r).loan.loanId`
                :loanId
            <- [EQUAL]
            -> [LESS_THAN]
                -> [basic-path] - `com.example.loan_service.entity.Repayment(r).paidAmount`
            <- [LESS_THAN]
          <- [and]
        <- [where]
      <- [query-spec]
    <- [select]

2025-09-05 09:15:32 DEBUG [restartedMain] o.h.r.t.b.j.i.JdbcResourceLocalTransactionCoordinatorImpl [,] - JDBC transaction marked for rollback-only (exception provided for stack trace)
java.lang.Exception: exception just for purpose of providing stack trace
	at org.hibernate.resource.transaction.backend.jdbc.internal.JdbcResourceLocalTransactionCoordinatorImpl$TransactionDriverControlImpl.markRollbackOnly(JdbcResourceLocalTransactionCoordinatorImpl.java:309)
	at org.hibernate.internal.AbstractSharedSessionContract.buildNamedQuery(AbstractSharedSessionContract.java:1109)
	at org.hibernate.internal.AbstractSharedSessionContract.createNamedQuery(AbstractSharedSessionContract.java:987)
	at org.hibernate.internal.AbstractSharedSessionContract.createNamedQuery(AbstractSharedSessionContract.java:140)
	at java.base/jdk.internal.reflect.NativeMethodAccessorImpl.invoke0(Native Method)
	at java.base/jdk.internal.reflect.NativeMethodAccessorImpl.invoke(NativeMethodAccessorImpl.java:77)
	at java.base/jdk.internal.reflect.DelegatingMethodAccessorImpl.invoke(DelegatingMethodAccessorImpl.java:43)
	at java.base/java.lang.reflect.Method.invoke(Method.java:569)
	at org.springframework.orm.jpa.ExtendedEntityManagerCreator$ExtendedEntityManagerInvocationHandler.invoke(ExtendedEntityManagerCreator.java:364)
	at jdk.proxy3/jdk.proxy3.$Proxy250.createNamedQuery(Unknown Source)
	at org.springframework.data.jpa.repository.query.NamedQuery.hasNamedQuery(NamedQuery.java:112)
	at org.springframework.data.jpa.repository.query.JpaQueryLookupStrategy$DeclaredQueryLookupStrategy.getCountQuery(JpaQueryLookupStrategy.java:204)
	at org.springframework.data.jpa.repository.query.JpaQueryLookupStrategy$DeclaredQueryLookupStrategy.resolveQuery(JpaQueryLookupStrategy.java:171)
	at org.springframework.data.jpa.repository.query.JpaQueryLookupStrategy$CreateIfNotFoundQueryLookupStrategy.resolveQuery(JpaQueryLookupStrategy.java:252)
	at org.springframework.data.jpa.repository.query.JpaQueryLookupStrategy$AbstractQueryLookupStrategy.resolveQuery(JpaQueryLookupStrategy.java:95)
	at org.springframework.data.repository.core.support.QueryExecutorMethodInterceptor.lookupQuery(QueryExecutorMethodInterceptor.java:115)
	at org.springframework.data.repository.core.support.QueryExecutorMethodInterceptor.mapMethodsToQuery(QueryExecutorMethodInterceptor.java:103)
	at org.springframework.data.repository.core.support.QueryExecutorMethodInterceptor.lambda$new$0(QueryExecutorMethodInterceptor.java:92)
	at java.base/java.util.Optional.map(Optional.java:260)
	at org.springframework.data.repository.core.support.QueryExecutorMethodInterceptor.<init>(QueryExecutorMethodInterceptor.java:92)
	at org.springframework.data.repository.core.support.RepositoryFactorySupport.getRepository(RepositoryFactorySupport.java:357)
	at org.springframework.data.repository.core.support.RepositoryFactoryBeanSupport.lambda$afterPropertiesSet$5(RepositoryFactoryBeanSupport.java:290)
	at org.springframework.data.util.Lazy.getNullable(Lazy.java:135)
	at org.springframework.data.util.Lazy.get(Lazy.java:113)
	at org.springframework.data.repository.core.support.RepositoryFactoryBeanSupport.afterPropertiesSet(RepositoryFactoryBeanSupport.java:296)
	at org.springframework.data.jpa.repository.support.JpaRepositoryFactoryBean.afterPropertiesSet(JpaRepositoryFactoryBean.java:132)
	at org.springframework.beans.factory.support.AbstractAutowireCapableBeanFactory.invokeInitMethods(AbstractAutowireCapableBeanFactory.java:1853)
	at org.springframework.beans.factory.support.AbstractAutowireCapableBeanFactory.initializeBean(AbstractAutowireCapableBeanFactory.java:1802)
	at org.springframework.beans.factory.support.AbstractAutowireCapableBeanFactory.doCreateBean(AbstractAutowireCapableBeanFactory.java:600)
	at org.springframework.beans.factory.support.AbstractAutowireCapableBeanFactory.createBean(AbstractAutowireCapableBeanFactory.java:522)
	at org.springframework.beans.factory.support.AbstractBeanFactory.lambda$doGetBean$0(AbstractBeanFactory.java:337)
	at org.springframework.beans.factory.support.DefaultSingletonBeanRegistry.getSingleton(DefaultSingletonBeanRegistry.java:234)
	at org.springframework.beans.factory.support.AbstractBeanFactory.doGetBean(AbstractBeanFactory.java:335)
	at org.springframework.beans.factory.support.AbstractBeanFactory.getBean(AbstractBeanFactory.java:200)
	at org.springframework.beans.factory.config.DependencyDescriptor.resolveCandidate(DependencyDescriptor.java:254)
	at org.springframework.beans.factory.support.DefaultListableBeanFactory.doResolveDependency(DefaultListableBeanFactory.java:1448)
	at org.springframework.beans.factory.support.DefaultListableBeanFactory.resolveDependency(DefaultListableBeanFactory.java:1358)
	at org.springframework.beans.factory.support.ConstructorResolver.resolveAutowiredArgument(ConstructorResolver.java:904)
	at org.springframework.beans.factory.support.ConstructorResolver.createArgumentArray(ConstructorResolver.java:782)
	at org.springframework.beans.factory.support.ConstructorResolver.autowireConstructor(ConstructorResolver.java:237)
	at org.springframework.beans.factory.support.AbstractAutowireCapableBeanFactory.autowireConstructor(AbstractAutowireCapableBeanFactory.java:1375)
	at org.springframework.beans.factory.support.AbstractAutowireCapableBeanFactory.createBeanInstance(AbstractAutowireCapableBeanFactory.java:1212)
	at org.springframework.beans.factory.support.AbstractAutowireCapableBeanFactory.doCreateBean(AbstractAutowireCapableBeanFactory.java:562)
	at org.springframework.beans.factory.support.AbstractAutowireCapableBeanFactory.createBean(AbstractAutowireCapableBeanFactory.java:522)
	at org.springframework.beans.factory.support.AbstractBeanFactory.lambda$doGetBean$0(AbstractBeanFactory.java:337)
	at org.springframework.beans.factory.support.DefaultSingletonBeanRegistry.getSingleton(DefaultSingletonBeanRegistry.java:234)
	at org.springframework.beans.factory.support.AbstractBeanFactory.doGetBean(AbstractBeanFactory.java:335)
	at org.springframework.beans.factory.support.AbstractBeanFactory.getBean(AbstractBeanFactory.java:200)
	at org.springframework.beans.factory.config.DependencyDescriptor.resolveCandidate(DependencyDescriptor.java:254)
	at org.springframework.beans.factory.support.DefaultListableBeanFactory.doResolveDependency(DefaultListableBeanFactory.java:1448)
	at org.springframework.beans.factory.support.DefaultListableBeanFactory.resolveDependency(DefaultListableBeanFactory.java:1358)
	at org.springframework.beans.factory.support.ConstructorResolver.resolveAutowiredArgument(ConstructorResolver.java:904)
	at org.springframework.beans.factory.support.ConstructorResolver.createArgumentArray(ConstructorResolver.java:782)
	at org.springframework.beans.factory.support.ConstructorResolver.autowireConstructor(ConstructorResolver.java:237)
	at org.springframework.beans.factory.support.AbstractAutowireCapableBeanFactory.autowireConstructor(AbstractAutowireCapableBeanFactory.java:1375)
	at org.springframework.beans.factory.support.AbstractAutowireCapableBeanFactory.createBeanInstance(AbstractAutowireCapableBeanFactory.java:1212)
	at org.springframework.beans.factory.support.AbstractAutowireCapableBeanFactory.doCreateBean(AbstractAutowireCapableBeanFactory.java:562)
	at org.springframework.beans.factory.support.AbstractAutowireCapableBeanFactory.createBean(AbstractAutowireCapableBeanFactory.java:522)
	at org.springframework.beans.factory.support.AbstractBeanFactory.lambda$doGetBean$0(AbstractBeanFactory.java:337)
	at org.springframework.beans.factory.support.DefaultSingletonBeanRegistry.getSingleton(DefaultSingletonBeanRegistry.java:234)
	at org.springframework.beans.factory.support.AbstractBeanFactory.doGetBean(AbstractBeanFactory.java:335)
	at org.springframework.beans.factory.support.AbstractBeanFactory.getBean(AbstractBeanFactory.java:200)
	at org.springframework.beans.factory.support.DefaultListableBeanFactory.preInstantiateSingletons(DefaultListableBeanFactory.java:975)
	at org.springframework.context.support.AbstractApplicationContext.finishBeanFactoryInitialization(AbstractApplicationContext.java:971)
	at org.springframework.context.support.AbstractApplicationContext.refresh(AbstractApplicationContext.java:625)
	at org.springframework.boot.web.servlet.context.ServletWebServerApplicationContext.refresh(ServletWebServerApplicationContext.java:146)
	at org.springframework.boot.SpringApplication.refresh(SpringApplication.java:755)
	at org.springframework.boot.SpringApplication.refreshContext(SpringApplication.java:456)
	at org.springframework.boot.SpringApplication.run(SpringApplication.java:335)
	at org.springframework.boot.SpringApplication.run(SpringApplication.java:1364)
	at org.springframework.boot.SpringApplication.run(SpringApplication.java:1353)
	at com.example.loan_service.LoanServiceApplication.main(LoanServiceApplication.java:11)
	at java.base/jdk.internal.reflect.NativeMethodAccessorImpl.invoke0(Native Method)
	at java.base/jdk.internal.reflect.NativeMethodAccessorImpl.invoke(NativeMethodAccessorImpl.java:77)
	at java.base/jdk.internal.reflect.DelegatingMethodAccessorImpl.invoke(DelegatingMethodAccessorImpl.java:43)
	at java.base/java.lang.reflect.Method.invoke(Method.java:569)
	at org.springframework.boot.devtools.restart.RestartLauncher.run(RestartLauncher.java:50)
2025-09-05 09:15:32 DEBUG [restartedMain] org.hibernate.orm.query.hql [,] - HQL :     SELECT r FROM Repayment r
    JOIN r.loan l
    WHERE r.dueDate < :today
    AND (r.status = 'UNPAID' OR r.status = 'PARTIAL')
    AND l.status = 'APPROVED'
    ORDER BY r.dueDate ASC

2025-09-05 09:15:32 DEBUG [restartedMain] o.hibernate.orm.query.sqm.creation [,] - Applying inferable type to SqmExpression [SqmNamedParameter(today)] : null -> SqmBasicValuedSimplePath(com.example.loan_service.entity.Repayment(r).dueDate)
2025-09-05 09:15:32 DEBUG [restartedMain] org.hibernate.orm.query.sqm.ast [,] - SqmStatement Tree :
    -> [select]
      -> [query-spec]
        -> [select]
          -> [selection]
            -> [root] - `com.example.loan_service.entity.Repayment(r)`
              -> [joins]
                -> [attribute] - `com.example.loan_service.entity.Repayment(r).loan(l)`
                    [fetched = false]
                <- [attribute] - `com.example.loan_service.entity.Repayment(r).loan(l)`
              <- [joins]
            <- [root] - `com.example.loan_service.entity.Repayment(r)`
          <- [selection]
        <- [select]
        -> [from]
          -> [root] - `com.example.loan_service.entity.Repayment(r)`
            -> [joins]
              -> [attribute] - `com.example.loan_service.entity.Repayment(r).loan(l)`
                  [fetched = false]
              <- [attribute] - `com.example.loan_service.entity.Repayment(r).loan(l)`
            <- [joins]
          <- [root] - `com.example.loan_service.entity.Repayment(r)`
        <- [from]
        -> [where]
          -> [and]
            -> [LESS_THAN]
                -> [basic-path] - `com.example.loan_service.entity.Repayment(r).dueDate`
                :today
            <- [LESS_THAN]
            -> [grouped]
                -> [or]
                  -> [EQUAL]
                      -> [basic-path] - `com.example.loan_service.entity.Repayment(r).status`
                  <- [EQUAL]
                  -> [EQUAL]
                      -> [basic-path] - `com.example.loan_service.entity.Repayment(r).status`
                  <- [EQUAL]
                <- [or]
            <- [grouped]
            -> [EQUAL]
                -> [basic-path] - `com.example.loan_service.entity.Repayment(r).loan(l).status`
            <- [EQUAL]
          <- [and]
        <- [where]
      <- [query-spec]
    <- [select]

2025-09-05 09:15:32 DEBUG [restartedMain] o.h.r.t.b.j.i.JdbcResourceLocalTransactionCoordinatorImpl [,] - JDBC transaction marked for rollback-only (exception provided for stack trace)
java.lang.Exception: exception just for purpose of providing stack trace
	at org.hibernate.resource.transaction.backend.jdbc.internal.JdbcResourceLocalTransactionCoordinatorImpl$TransactionDriverControlImpl.markRollbackOnly(JdbcResourceLocalTransactionCoordinatorImpl.java:309)
	at org.hibernate.internal.AbstractSharedSessionContract.buildNamedQuery(AbstractSharedSessionContract.java:1109)
	at org.hibernate.internal.AbstractSharedSessionContract.createNamedQuery(AbstractSharedSessionContract.java:987)
	at org.hibernate.internal.AbstractSharedSessionContract.createNamedQuery(AbstractSharedSessionContract.java:140)
	at java.base/jdk.internal.reflect.NativeMethodAccessorImpl.invoke0(Native Method)
	at java.base/jdk.internal.reflect.NativeMethodAccessorImpl.invoke(NativeMethodAccessorImpl.java:77)
	at java.base/jdk.internal.reflect.DelegatingMethodAccessorImpl.invoke(DelegatingMethodAccessorImpl.java:43)
	at java.base/java.lang.reflect.Method.invoke(Method.java:569)
	at org.springframework.orm.jpa.ExtendedEntityManagerCreator$ExtendedEntityManagerInvocationHandler.invoke(ExtendedEntityManagerCreator.java:364)
	at jdk.proxy3/jdk.proxy3.$Proxy250.createNamedQuery(Unknown Source)
	at org.springframework.data.jpa.repository.query.NamedQuery.hasNamedQuery(NamedQuery.java:112)
	at org.springframework.data.jpa.repository.query.JpaQueryLookupStrategy$DeclaredQueryLookupStrategy.getCountQuery(JpaQueryLookupStrategy.java:204)
	at org.springframework.data.jpa.repository.query.JpaQueryLookupStrategy$DeclaredQueryLookupStrategy.resolveQuery(JpaQueryLookupStrategy.java:171)
	at org.springframework.data.jpa.repository.query.JpaQueryLookupStrategy$CreateIfNotFoundQueryLookupStrategy.resolveQuery(JpaQueryLookupStrategy.java:252)
	at org.springframework.data.jpa.repository.query.JpaQueryLookupStrategy$AbstractQueryLookupStrategy.resolveQuery(JpaQueryLookupStrategy.java:95)
	at org.springframework.data.repository.core.support.QueryExecutorMethodInterceptor.lookupQuery(QueryExecutorMethodInterceptor.java:115)
	at org.springframework.data.repository.core.support.QueryExecutorMethodInterceptor.mapMethodsToQuery(QueryExecutorMethodInterceptor.java:103)
	at org.springframework.data.repository.core.support.QueryExecutorMethodInterceptor.lambda$new$0(QueryExecutorMethodInterceptor.java:92)
	at java.base/java.util.Optional.map(Optional.java:260)
	at org.springframework.data.repository.core.support.QueryExecutorMethodInterceptor.<init>(QueryExecutorMethodInterceptor.java:92)
	at org.springframework.data.repository.core.support.RepositoryFactorySupport.getRepository(RepositoryFactorySupport.java:357)
	at org.springframework.data.repository.core.support.RepositoryFactoryBeanSupport.lambda$afterPropertiesSet$5(RepositoryFactoryBeanSupport.java:290)
	at org.springframework.data.util.Lazy.getNullable(Lazy.java:135)
	at org.springframework.data.util.Lazy.get(Lazy.java:113)
	at org.springframework.data.repository.core.support.RepositoryFactoryBeanSupport.afterPropertiesSet(RepositoryFactoryBeanSupport.java:296)
	at org.springframework.data.jpa.repository.support.JpaRepositoryFactoryBean.afterPropertiesSet(JpaRepositoryFactoryBean.java:132)
	at org.springframework.beans.factory.support.AbstractAutowireCapableBeanFactory.invokeInitMethods(AbstractAutowireCapableBeanFactory.java:1853)
	at org.springframework.beans.factory.support.AbstractAutowireCapableBeanFactory.initializeBean(AbstractAutowireCapableBeanFactory.java:1802)
	at org.springframework.beans.factory.support.AbstractAutowireCapableBeanFactory.doCreateBean(AbstractAutowireCapableBeanFactory.java:600)
	at org.springframework.beans.factory.support.AbstractAutowireCapableBeanFactory.createBean(AbstractAutowireCapableBeanFactory.java:522)
	at org.springframework.beans.factory.support.AbstractBeanFactory.lambda$doGetBean$0(AbstractBeanFactory.java:337)
	at org.springframework.beans.factory.support.DefaultSingletonBeanRegistry.getSingleton(DefaultSingletonBeanRegistry.java:234)
	at org.springframework.beans.factory.support.AbstractBeanFactory.doGetBean(AbstractBeanFactory.java:335)
	at org.springframework.beans.factory.support.AbstractBeanFactory.getBean(AbstractBeanFactory.java:200)
	at org.springframework.beans.factory.config.DependencyDescriptor.resolveCandidate(DependencyDescriptor.java:254)
	at org.springframework.beans.factory.support.DefaultListableBeanFactory.doResolveDependency(DefaultListableBeanFactory.java:1448)
	at org.springframework.beans.factory.support.DefaultListableBeanFactory.resolveDependency(DefaultListableBeanFactory.java:1358)
	at org.springframework.beans.factory.support.ConstructorResolver.resolveAutowiredArgument(ConstructorResolver.java:904)
	at org.springframework.beans.factory.support.ConstructorResolver.createArgumentArray(ConstructorResolver.java:782)
	at org.springframework.beans.factory.support.ConstructorResolver.autowireConstructor(ConstructorResolver.java:237)
	at org.springframework.beans.factory.support.AbstractAutowireCapableBeanFactory.autowireConstructor(AbstractAutowireCapableBeanFactory.java:1375)
	at org.springframework.beans.factory.support.AbstractAutowireCapableBeanFactory.createBeanInstance(AbstractAutowireCapableBeanFactory.java:1212)
	at org.springframework.beans.factory.support.AbstractAutowireCapableBeanFactory.doCreateBean(AbstractAutowireCapableBeanFactory.java:562)
	at org.springframework.beans.factory.support.AbstractAutowireCapableBeanFactory.createBean(AbstractAutowireCapableBeanFactory.java:522)
	at org.springframework.beans.factory.support.AbstractBeanFactory.lambda$doGetBean$0(AbstractBeanFactory.java:337)
	at org.springframework.beans.factory.support.DefaultSingletonBeanRegistry.getSingleton(DefaultSingletonBeanRegistry.java:234)
	at org.springframework.beans.factory.support.AbstractBeanFactory.doGetBean(AbstractBeanFactory.java:335)
	at org.springframework.beans.factory.support.AbstractBeanFactory.getBean(AbstractBeanFactory.java:200)
	at org.springframework.beans.factory.config.DependencyDescriptor.resolveCandidate(DependencyDescriptor.java:254)
	at org.springframework.beans.factory.support.DefaultListableBeanFactory.doResolveDependency(DefaultListableBeanFactory.java:1448)
	at org.springframework.beans.factory.support.DefaultListableBeanFactory.resolveDependency(DefaultListableBeanFactory.java:1358)
	at org.springframework.beans.factory.support.ConstructorResolver.resolveAutowiredArgument(ConstructorResolver.java:904)
	at org.springframework.beans.factory.support.ConstructorResolver.createArgumentArray(ConstructorResolver.java:782)
	at org.springframework.beans.factory.support.ConstructorResolver.autowireConstructor(ConstructorResolver.java:237)
	at org.springframework.beans.factory.support.AbstractAutowireCapableBeanFactory.autowireConstructor(AbstractAutowireCapableBeanFactory.java:1375)
	at org.springframework.beans.factory.support.AbstractAutowireCapableBeanFactory.createBeanInstance(AbstractAutowireCapableBeanFactory.java:1212)
	at org.springframework.beans.factory.support.AbstractAutowireCapableBeanFactory.doCreateBean(AbstractAutowireCapableBeanFactory.java:562)
	at org.springframework.beans.factory.support.AbstractAutowireCapableBeanFactory.createBean(AbstractAutowireCapableBeanFactory.java:522)
	at org.springframework.beans.factory.support.AbstractBeanFactory.lambda$doGetBean$0(AbstractBeanFactory.java:337)
	at org.springframework.beans.factory.support.DefaultSingletonBeanRegistry.getSingleton(DefaultSingletonBeanRegistry.java:234)
	at org.springframework.beans.factory.support.AbstractBeanFactory.doGetBean(AbstractBeanFactory.java:335)
	at org.springframework.beans.factory.support.AbstractBeanFactory.getBean(AbstractBeanFactory.java:200)
	at org.springframework.beans.factory.support.DefaultListableBeanFactory.preInstantiateSingletons(DefaultListableBeanFactory.java:975)
	at org.springframework.context.support.AbstractApplicationContext.finishBeanFactoryInitialization(AbstractApplicationContext.java:971)
	at org.springframework.context.support.AbstractApplicationContext.refresh(AbstractApplicationContext.java:625)
	at org.springframework.boot.web.servlet.context.ServletWebServerApplicationContext.refresh(ServletWebServerApplicationContext.java:146)
	at org.springframework.boot.SpringApplication.refresh(SpringApplication.java:755)
	at org.springframework.boot.SpringApplication.refreshContext(SpringApplication.java:456)
	at org.springframework.boot.SpringApplication.run(SpringApplication.java:335)
	at org.springframework.boot.SpringApplication.run(SpringApplication.java:1364)
	at org.springframework.boot.SpringApplication.run(SpringApplication.java:1353)
	at com.example.loan_service.LoanServiceApplication.main(LoanServiceApplication.java:11)
	at java.base/jdk.internal.reflect.NativeMethodAccessorImpl.invoke0(Native Method)
	at java.base/jdk.internal.reflect.NativeMethodAccessorImpl.invoke(NativeMethodAccessorImpl.java:77)
	at java.base/jdk.internal.reflect.DelegatingMethodAccessorImpl.invoke(DelegatingMethodAccessorImpl.java:43)
	at java.base/java.lang.reflect.Method.invoke(Method.java:569)
	at org.springframework.boot.devtools.restart.RestartLauncher.run(RestartLauncher.java:50)
2025-09-05 09:15:32 DEBUG [restartedMain] org.hibernate.orm.query.hql [,] - HQL :    SELECT r FROM Repayment r
    WHERE r.loan.loanId = :loanId
      AND r.status = RepaymentStatus.UNPAID
      AND r.dueDate > :today
      AND r.dueDate <= :sevenDaysLater
    ORDER BY r.dueDate ASC

2025-09-05 09:15:32 DEBUG [restartedMain] o.hibernate.orm.query.sqm.creation [,] - Applying inferable type to SqmExpression [SqmNamedParameter(loanId)] : null -> SqmBasicValuedSimplePath(com.example.loan_service.entity.Repayment(r).loan.loanId)
2025-09-05 09:15:32 DEBUG [restartedMain] org.hibernate.orm.query.hql [,] - Unable to resolve unqualified attribute [com.example.loan_service.models.RepaymentStatus] in local from-clause
2025-09-05 09:15:32 DEBUG [restartedMain] o.hibernate.orm.query.sqm.creation [,] - Applying inferable type to SqmExpression [SqmNamedParameter(today)] : null -> SqmBasicValuedSimplePath(com.example.loan_service.entity.Repayment(r).dueDate)
2025-09-05 09:15:32 DEBUG [restartedMain] o.hibernate.orm.query.sqm.creation [,] - Applying inferable type to SqmExpression [SqmNamedParameter(sevenDaysLater)] : null -> SqmBasicValuedSimplePath(com.example.loan_service.entity.Repayment(r).dueDate)
2025-09-05 09:15:32 DEBUG [restartedMain] org.hibernate.orm.query.sqm.ast [,] - SqmStatement Tree :
    -> [select]
      -> [query-spec]
        -> [select]
          -> [selection]
            -> [root] - `com.example.loan_service.entity.Repayment(r)`
            <- [root] - `com.example.loan_service.entity.Repayment(r)`
          <- [selection]
        <- [select]
        -> [from]
          -> [root] - `com.example.loan_service.entity.Repayment(r)`
          <- [root] - `com.example.loan_service.entity.Repayment(r)`
        <- [from]
        -> [where]
          -> [and]
            -> [EQUAL]
                -> [basic-path] - `com.example.loan_service.entity.Repayment(r).loan.loanId`
                :loanId
            <- [EQUAL]
            -> [EQUAL]
                -> [basic-path] - `com.example.loan_service.entity.Repayment(r).status`
            <- [EQUAL]
            -> [GREATER_THAN]
                -> [basic-path] - `com.example.loan_service.entity.Repayment(r).dueDate`
                :today
            <- [GREATER_THAN]
            -> [LESS_THAN_OR_EQUAL]
                -> [basic-path] - `com.example.loan_service.entity.Repayment(r).dueDate`
                :sevenDaysLater
            <- [LESS_THAN_OR_EQUAL]
          <- [and]
        <- [where]
      <- [query-spec]
    <- [select]

2025-09-05 09:15:32 DEBUG [restartedMain] o.h.r.t.b.j.i.JdbcResourceLocalTransactionCoordinatorImpl [,] - JDBC transaction marked for rollback-only (exception provided for stack trace)
java.lang.Exception: exception just for purpose of providing stack trace
	at org.hibernate.resource.transaction.backend.jdbc.internal.JdbcResourceLocalTransactionCoordinatorImpl$TransactionDriverControlImpl.markRollbackOnly(JdbcResourceLocalTransactionCoordinatorImpl.java:309)
	at org.hibernate.internal.AbstractSharedSessionContract.buildNamedQuery(AbstractSharedSessionContract.java:1109)
	at org.hibernate.internal.AbstractSharedSessionContract.createNamedQuery(AbstractSharedSessionContract.java:987)
	at org.hibernate.internal.AbstractSharedSessionContract.createNamedQuery(AbstractSharedSessionContract.java:140)
	at java.base/jdk.internal.reflect.NativeMethodAccessorImpl.invoke0(Native Method)
	at java.base/jdk.internal.reflect.NativeMethodAccessorImpl.invoke(NativeMethodAccessorImpl.java:77)
	at java.base/jdk.internal.reflect.DelegatingMethodAccessorImpl.invoke(DelegatingMethodAccessorImpl.java:43)
	at java.base/java.lang.reflect.Method.invoke(Method.java:569)
	at org.springframework.orm.jpa.ExtendedEntityManagerCreator$ExtendedEntityManagerInvocationHandler.invoke(ExtendedEntityManagerCreator.java:364)
	at jdk.proxy3/jdk.proxy3.$Proxy250.createNamedQuery(Unknown Source)
	at org.springframework.data.jpa.repository.query.NamedQuery.hasNamedQuery(NamedQuery.java:112)
	at org.springframework.data.jpa.repository.query.NamedQuery.lookupFrom(NamedQuery.java:138)
	at org.springframework.data.jpa.repository.query.JpaQueryLookupStrategy$DeclaredQueryLookupStrategy.resolveQuery(JpaQueryLookupStrategy.java:180)
	at org.springframework.data.jpa.repository.query.JpaQueryLookupStrategy$CreateIfNotFoundQueryLookupStrategy.resolveQuery(JpaQueryLookupStrategy.java:252)
	at org.springframework.data.jpa.repository.query.JpaQueryLookupStrategy$AbstractQueryLookupStrategy.resolveQuery(JpaQueryLookupStrategy.java:95)
	at org.springframework.data.repository.core.support.QueryExecutorMethodInterceptor.lookupQuery(QueryExecutorMethodInterceptor.java:115)
	at org.springframework.data.repository.core.support.QueryExecutorMethodInterceptor.mapMethodsToQuery(QueryExecutorMethodInterceptor.java:103)
	at org.springframework.data.repository.core.support.QueryExecutorMethodInterceptor.lambda$new$0(QueryExecutorMethodInterceptor.java:92)
	at java.base/java.util.Optional.map(Optional.java:260)
	at org.springframework.data.repository.core.support.QueryExecutorMethodInterceptor.<init>(QueryExecutorMethodInterceptor.java:92)
	at org.springframework.data.repository.core.support.RepositoryFactorySupport.getRepository(RepositoryFactorySupport.java:357)
	at org.springframework.data.repository.core.support.RepositoryFactoryBeanSupport.lambda$afterPropertiesSet$5(RepositoryFactoryBeanSupport.java:290)
	at org.springframework.data.util.Lazy.getNullable(Lazy.java:135)
	at org.springframework.data.util.Lazy.get(Lazy.java:113)
	at org.springframework.data.repository.core.support.RepositoryFactoryBeanSupport.afterPropertiesSet(RepositoryFactoryBeanSupport.java:296)
	at org.springframework.data.jpa.repository.support.JpaRepositoryFactoryBean.afterPropertiesSet(JpaRepositoryFactoryBean.java:132)
	at org.springframework.beans.factory.support.AbstractAutowireCapableBeanFactory.invokeInitMethods(AbstractAutowireCapableBeanFactory.java:1853)
	at org.springframework.beans.factory.support.AbstractAutowireCapableBeanFactory.initializeBean(AbstractAutowireCapableBeanFactory.java:1802)
	at org.springframework.beans.factory.support.AbstractAutowireCapableBeanFactory.doCreateBean(AbstractAutowireCapableBeanFactory.java:600)
	at org.springframework.beans.factory.support.AbstractAutowireCapableBeanFactory.createBean(AbstractAutowireCapableBeanFactory.java:522)
	at org.springframework.beans.factory.support.AbstractBeanFactory.lambda$doGetBean$0(AbstractBeanFactory.java:337)
	at org.springframework.beans.factory.support.DefaultSingletonBeanRegistry.getSingleton(DefaultSingletonBeanRegistry.java:234)
	at org.springframework.beans.factory.support.AbstractBeanFactory.doGetBean(AbstractBeanFactory.java:335)
	at org.springframework.beans.factory.support.AbstractBeanFactory.getBean(AbstractBeanFactory.java:200)
	at org.springframework.beans.factory.config.DependencyDescriptor.resolveCandidate(DependencyDescriptor.java:254)
	at org.springframework.beans.factory.support.DefaultListableBeanFactory.doResolveDependency(DefaultListableBeanFactory.java:1448)
	at org.springframework.beans.factory.support.DefaultListableBeanFactory.resolveDependency(DefaultListableBeanFactory.java:1358)
	at org.springframework.beans.factory.support.ConstructorResolver.resolveAutowiredArgument(ConstructorResolver.java:904)
	at org.springframework.beans.factory.support.ConstructorResolver.createArgumentArray(ConstructorResolver.java:782)
	at org.springframework.beans.factory.support.ConstructorResolver.autowireConstructor(ConstructorResolver.java:237)
	at org.springframework.beans.factory.support.AbstractAutowireCapableBeanFactory.autowireConstructor(AbstractAutowireCapableBeanFactory.java:1375)
	at org.springframework.beans.factory.support.AbstractAutowireCapableBeanFactory.createBeanInstance(AbstractAutowireCapableBeanFactory.java:1212)
	at org.springframework.beans.factory.support.AbstractAutowireCapableBeanFactory.doCreateBean(AbstractAutowireCapableBeanFactory.java:562)
	at org.springframework.beans.factory.support.AbstractAutowireCapableBeanFactory.createBean(AbstractAutowireCapableBeanFactory.java:522)
	at org.springframework.beans.factory.support.AbstractBeanFactory.lambda$doGetBean$0(AbstractBeanFactory.java:337)
	at org.springframework.beans.factory.support.DefaultSingletonBeanRegistry.getSingleton(DefaultSingletonBeanRegistry.java:234)
	at org.springframework.beans.factory.support.AbstractBeanFactory.doGetBean(AbstractBeanFactory.java:335)
	at org.springframework.beans.factory.support.AbstractBeanFactory.getBean(AbstractBeanFactory.java:200)
	at org.springframework.beans.factory.config.DependencyDescriptor.resolveCandidate(DependencyDescriptor.java:254)
	at org.springframework.beans.factory.support.DefaultListableBeanFactory.doResolveDependency(DefaultListableBeanFactory.java:1448)
	at org.springframework.beans.factory.support.DefaultListableBeanFactory.resolveDependency(DefaultListableBeanFactory.java:1358)
	at org.springframework.beans.factory.support.ConstructorResolver.resolveAutowiredArgument(ConstructorResolver.java:904)
	at org.springframework.beans.factory.support.ConstructorResolver.createArgumentArray(ConstructorResolver.java:782)
	at org.springframework.beans.factory.support.ConstructorResolver.autowireConstructor(ConstructorResolver.java:237)
	at org.springframework.beans.factory.support.AbstractAutowireCapableBeanFactory.autowireConstructor(AbstractAutowireCapableBeanFactory.java:1375)
	at org.springframework.beans.factory.support.AbstractAutowireCapableBeanFactory.createBeanInstance(AbstractAutowireCapableBeanFactory.java:1212)
	at org.springframework.beans.factory.support.AbstractAutowireCapableBeanFactory.doCreateBean(AbstractAutowireCapableBeanFactory.java:562)
	at org.springframework.beans.factory.support.AbstractAutowireCapableBeanFactory.createBean(AbstractAutowireCapableBeanFactory.java:522)
	at org.springframework.beans.factory.support.AbstractBeanFactory.lambda$doGetBean$0(AbstractBeanFactory.java:337)
	at org.springframework.beans.factory.support.DefaultSingletonBeanRegistry.getSingleton(DefaultSingletonBeanRegistry.java:234)
	at org.springframework.beans.factory.support.AbstractBeanFactory.doGetBean(AbstractBeanFactory.java:335)
	at org.springframework.beans.factory.support.AbstractBeanFactory.getBean(AbstractBeanFactory.java:200)
	at org.springframework.beans.factory.support.DefaultListableBeanFactory.preInstantiateSingletons(DefaultListableBeanFactory.java:975)
	at org.springframework.context.support.AbstractApplicationContext.finishBeanFactoryInitialization(AbstractApplicationContext.java:971)
	at org.springframework.context.support.AbstractApplicationContext.refresh(AbstractApplicationContext.java:625)
	at org.springframework.boot.web.servlet.context.ServletWebServerApplicationContext.refresh(ServletWebServerApplicationContext.java:146)
	at org.springframework.boot.SpringApplication.refresh(SpringApplication.java:755)
	at org.springframework.boot.SpringApplication.refreshContext(SpringApplication.java:456)
	at org.springframework.boot.SpringApplication.run(SpringApplication.java:335)
	at org.springframework.boot.SpringApplication.run(SpringApplication.java:1364)
	at org.springframework.boot.SpringApplication.run(SpringApplication.java:1353)
	at com.example.loan_service.LoanServiceApplication.main(LoanServiceApplication.java:11)
	at java.base/jdk.internal.reflect.NativeMethodAccessorImpl.invoke0(Native Method)
	at java.base/jdk.internal.reflect.NativeMethodAccessorImpl.invoke(NativeMethodAccessorImpl.java:77)
	at java.base/jdk.internal.reflect.DelegatingMethodAccessorImpl.invoke(DelegatingMethodAccessorImpl.java:43)
	at java.base/java.lang.reflect.Method.invoke(Method.java:569)
	at org.springframework.boot.devtools.restart.RestartLauncher.run(RestartLauncher.java:50)
2025-09-05 09:15:32 DEBUG [restartedMain] o.h.r.t.b.j.i.JdbcResourceLocalTransactionCoordinatorImpl [,] - JDBC transaction marked for rollback-only (exception provided for stack trace)
java.lang.Exception: exception just for purpose of providing stack trace
	at org.hibernate.resource.transaction.backend.jdbc.internal.JdbcResourceLocalTransactionCoordinatorImpl$TransactionDriverControlImpl.markRollbackOnly(JdbcResourceLocalTransactionCoordinatorImpl.java:309)
	at org.hibernate.internal.AbstractSharedSessionContract.buildNamedQuery(AbstractSharedSessionContract.java:1109)
	at org.hibernate.internal.AbstractSharedSessionContract.createNamedQuery(AbstractSharedSessionContract.java:987)
	at org.hibernate.internal.AbstractSharedSessionContract.createNamedQuery(AbstractSharedSessionContract.java:140)
	at java.base/jdk.internal.reflect.NativeMethodAccessorImpl.invoke0(Native Method)
	at java.base/jdk.internal.reflect.NativeMethodAccessorImpl.invoke(NativeMethodAccessorImpl.java:77)
	at java.base/jdk.internal.reflect.DelegatingMethodAccessorImpl.invoke(DelegatingMethodAccessorImpl.java:43)
	at java.base/java.lang.reflect.Method.invoke(Method.java:569)
	at org.springframework.orm.jpa.ExtendedEntityManagerCreator$ExtendedEntityManagerInvocationHandler.invoke(ExtendedEntityManagerCreator.java:364)
	at jdk.proxy3/jdk.proxy3.$Proxy250.createNamedQuery(Unknown Source)
	at org.springframework.data.jpa.repository.query.NamedQuery.hasNamedQuery(NamedQuery.java:112)
	at org.springframework.data.jpa.repository.query.JpaQueryLookupStrategy$DeclaredQueryLookupStrategy.getCountQuery(JpaQueryLookupStrategy.java:204)
	at org.springframework.data.jpa.repository.query.JpaQueryLookupStrategy$DeclaredQueryLookupStrategy.resolveQuery(JpaQueryLookupStrategy.java:171)
	at org.springframework.data.jpa.repository.query.JpaQueryLookupStrategy$CreateIfNotFoundQueryLookupStrategy.resolveQuery(JpaQueryLookupStrategy.java:252)
	at org.springframework.data.jpa.repository.query.JpaQueryLookupStrategy$AbstractQueryLookupStrategy.resolveQuery(JpaQueryLookupStrategy.java:95)
	at org.springframework.data.repository.core.support.QueryExecutorMethodInterceptor.lookupQuery(QueryExecutorMethodInterceptor.java:115)
	at org.springframework.data.repository.core.support.QueryExecutorMethodInterceptor.mapMethodsToQuery(QueryExecutorMethodInterceptor.java:103)
	at org.springframework.data.repository.core.support.QueryExecutorMethodInterceptor.lambda$new$0(QueryExecutorMethodInterceptor.java:92)
	at java.base/java.util.Optional.map(Optional.java:260)
	at org.springframework.data.repository.core.support.QueryExecutorMethodInterceptor.<init>(QueryExecutorMethodInterceptor.java:92)
	at org.springframework.data.repository.core.support.RepositoryFactorySupport.getRepository(RepositoryFactorySupport.java:357)
	at org.springframework.data.repository.core.support.RepositoryFactoryBeanSupport.lambda$afterPropertiesSet$5(RepositoryFactoryBeanSupport.java:290)
	at org.springframework.data.util.Lazy.getNullable(Lazy.java:135)
	at org.springframework.data.util.Lazy.get(Lazy.java:113)
	at org.springframework.data.repository.core.support.RepositoryFactoryBeanSupport.afterPropertiesSet(RepositoryFactoryBeanSupport.java:296)
	at org.springframework.data.jpa.repository.support.JpaRepositoryFactoryBean.afterPropertiesSet(JpaRepositoryFactoryBean.java:132)
	at org.springframework.beans.factory.support.AbstractAutowireCapableBeanFactory.invokeInitMethods(AbstractAutowireCapableBeanFactory.java:1853)
	at org.springframework.beans.factory.support.AbstractAutowireCapableBeanFactory.initializeBean(AbstractAutowireCapableBeanFactory.java:1802)
	at org.springframework.beans.factory.support.AbstractAutowireCapableBeanFactory.doCreateBean(AbstractAutowireCapableBeanFactory.java:600)
	at org.springframework.beans.factory.support.AbstractAutowireCapableBeanFactory.createBean(AbstractAutowireCapableBeanFactory.java:522)
	at org.springframework.beans.factory.support.AbstractBeanFactory.lambda$doGetBean$0(AbstractBeanFactory.java:337)
	at org.springframework.beans.factory.support.DefaultSingletonBeanRegistry.getSingleton(DefaultSingletonBeanRegistry.java:234)
	at org.springframework.beans.factory.support.AbstractBeanFactory.doGetBean(AbstractBeanFactory.java:335)
	at org.springframework.beans.factory.support.AbstractBeanFactory.getBean(AbstractBeanFactory.java:200)
	at org.springframework.beans.factory.config.DependencyDescriptor.resolveCandidate(DependencyDescriptor.java:254)
	at org.springframework.beans.factory.support.DefaultListableBeanFactory.doResolveDependency(DefaultListableBeanFactory.java:1448)
	at org.springframework.beans.factory.support.DefaultListableBeanFactory.resolveDependency(DefaultListableBeanFactory.java:1358)
	at org.springframework.beans.factory.support.ConstructorResolver.resolveAutowiredArgument(ConstructorResolver.java:904)
	at org.springframework.beans.factory.support.ConstructorResolver.createArgumentArray(ConstructorResolver.java:782)
	at org.springframework.beans.factory.support.ConstructorResolver.autowireConstructor(ConstructorResolver.java:237)
	at org.springframework.beans.factory.support.AbstractAutowireCapableBeanFactory.autowireConstructor(AbstractAutowireCapableBeanFactory.java:1375)
	at org.springframework.beans.factory.support.AbstractAutowireCapableBeanFactory.createBeanInstance(AbstractAutowireCapableBeanFactory.java:1212)
	at org.springframework.beans.factory.support.AbstractAutowireCapableBeanFactory.doCreateBean(AbstractAutowireCapableBeanFactory.java:562)
	at org.springframework.beans.factory.support.AbstractAutowireCapableBeanFactory.createBean(AbstractAutowireCapableBeanFactory.java:522)
	at org.springframework.beans.factory.support.AbstractBeanFactory.lambda$doGetBean$0(AbstractBeanFactory.java:337)
	at org.springframework.beans.factory.support.DefaultSingletonBeanRegistry.getSingleton(DefaultSingletonBeanRegistry.java:234)
	at org.springframework.beans.factory.support.AbstractBeanFactory.doGetBean(AbstractBeanFactory.java:335)
	at org.springframework.beans.factory.support.AbstractBeanFactory.getBean(AbstractBeanFactory.java:200)
	at org.springframework.beans.factory.config.DependencyDescriptor.resolveCandidate(DependencyDescriptor.java:254)
	at org.springframework.beans.factory.support.DefaultListableBeanFactory.doResolveDependency(DefaultListableBeanFactory.java:1448)
	at org.springframework.beans.factory.support.DefaultListableBeanFactory.resolveDependency(DefaultListableBeanFactory.java:1358)
	at org.springframework.beans.factory.support.ConstructorResolver.resolveAutowiredArgument(ConstructorResolver.java:904)
	at org.springframework.beans.factory.support.ConstructorResolver.createArgumentArray(ConstructorResolver.java:782)
	at org.springframework.beans.factory.support.ConstructorResolver.autowireConstructor(ConstructorResolver.java:237)
	at org.springframework.beans.factory.support.AbstractAutowireCapableBeanFactory.autowireConstructor(AbstractAutowireCapableBeanFactory.java:1375)
	at org.springframework.beans.factory.support.AbstractAutowireCapableBeanFactory.createBeanInstance(AbstractAutowireCapableBeanFactory.java:1212)
	at org.springframework.beans.factory.support.AbstractAutowireCapableBeanFactory.doCreateBean(AbstractAutowireCapableBeanFactory.java:562)
	at org.springframework.beans.factory.support.AbstractAutowireCapableBeanFactory.createBean(AbstractAutowireCapableBeanFactory.java:522)
	at org.springframework.beans.factory.support.AbstractBeanFactory.lambda$doGetBean$0(AbstractBeanFactory.java:337)
	at org.springframework.beans.factory.support.DefaultSingletonBeanRegistry.getSingleton(DefaultSingletonBeanRegistry.java:234)
	at org.springframework.beans.factory.support.AbstractBeanFactory.doGetBean(AbstractBeanFactory.java:335)
	at org.springframework.beans.factory.support.AbstractBeanFactory.getBean(AbstractBeanFactory.java:200)
	at org.springframework.beans.factory.support.DefaultListableBeanFactory.preInstantiateSingletons(DefaultListableBeanFactory.java:975)
	at org.springframework.context.support.AbstractApplicationContext.finishBeanFactoryInitialization(AbstractApplicationContext.java:971)
	at org.springframework.context.support.AbstractApplicationContext.refresh(AbstractApplicationContext.java:625)
	at org.springframework.boot.web.servlet.context.ServletWebServerApplicationContext.refresh(ServletWebServerApplicationContext.java:146)
	at org.springframework.boot.SpringApplication.refresh(SpringApplication.java:755)
	at org.springframework.boot.SpringApplication.refreshContext(SpringApplication.java:456)
	at org.springframework.boot.SpringApplication.run(SpringApplication.java:335)
	at org.springframework.boot.SpringApplication.run(SpringApplication.java:1364)
	at org.springframework.boot.SpringApplication.run(SpringApplication.java:1353)
	at com.example.loan_service.LoanServiceApplication.main(LoanServiceApplication.java:11)
	at java.base/jdk.internal.reflect.NativeMethodAccessorImpl.invoke0(Native Method)
	at java.base/jdk.internal.reflect.NativeMethodAccessorImpl.invoke(NativeMethodAccessorImpl.java:77)
	at java.base/jdk.internal.reflect.DelegatingMethodAccessorImpl.invoke(DelegatingMethodAccessorImpl.java:43)
	at java.base/java.lang.reflect.Method.invoke(Method.java:569)
	at org.springframework.boot.devtools.restart.RestartLauncher.run(RestartLauncher.java:50)
2025-09-05 09:15:32 DEBUG [restartedMain] org.hibernate.orm.query.hql [,] - HQL : SELECT r FROM Repayment r WHERE r.loan.customerId = :customerId AND (r.status != 'UNPAID')  order by r.dueDate desc
2025-09-05 09:15:32 DEBUG [restartedMain] o.hibernate.orm.query.sqm.creation [,] - Applying inferable type to SqmExpression [SqmNamedParameter(customerId)] : null -> SqmBasicValuedSimplePath(com.example.loan_service.entity.Repayment(r).loan.customerId)
2025-09-05 09:15:32 DEBUG [restartedMain] org.hibernate.orm.query.sqm.ast [,] - SqmStatement Tree :
    -> [select]
      -> [query-spec]
        -> [select]
          -> [selection]
            -> [root] - `com.example.loan_service.entity.Repayment(r)`
            <- [root] - `com.example.loan_service.entity.Repayment(r)`
          <- [selection]
        <- [select]
        -> [from]
          -> [root] - `com.example.loan_service.entity.Repayment(r)`
          <- [root] - `com.example.loan_service.entity.Repayment(r)`
        <- [from]
        -> [where]
          -> [and]
            -> [EQUAL]
                -> [basic-path] - `com.example.loan_service.entity.Repayment(r).loan.customerId`
                :customerId
            <- [EQUAL]
            -> [grouped]
                -> [NOT_EQUAL]
                    -> [basic-path] - `com.example.loan_service.entity.Repayment(r).status`
                <- [NOT_EQUAL]
            <- [grouped]
          <- [and]
        <- [where]
      <- [query-spec]
    <- [select]

2025-09-05 09:15:32 DEBUG [restartedMain] o.h.r.t.b.j.i.JdbcResourceLocalTransactionCoordinatorImpl [,] - JDBC transaction marked for rollback-only (exception provided for stack trace)
java.lang.Exception: exception just for purpose of providing stack trace
	at org.hibernate.resource.transaction.backend.jdbc.internal.JdbcResourceLocalTransactionCoordinatorImpl$TransactionDriverControlImpl.markRollbackOnly(JdbcResourceLocalTransactionCoordinatorImpl.java:309)
	at org.hibernate.internal.AbstractSharedSessionContract.buildNamedQuery(AbstractSharedSessionContract.java:1109)
	at org.hibernate.internal.AbstractSharedSessionContract.createNamedQuery(AbstractSharedSessionContract.java:987)
	at org.hibernate.internal.AbstractSharedSessionContract.createNamedQuery(AbstractSharedSessionContract.java:140)
	at java.base/jdk.internal.reflect.NativeMethodAccessorImpl.invoke0(Native Method)
	at java.base/jdk.internal.reflect.NativeMethodAccessorImpl.invoke(NativeMethodAccessorImpl.java:77)
	at java.base/jdk.internal.reflect.DelegatingMethodAccessorImpl.invoke(DelegatingMethodAccessorImpl.java:43)
	at java.base/java.lang.reflect.Method.invoke(Method.java:569)
	at org.springframework.orm.jpa.ExtendedEntityManagerCreator$ExtendedEntityManagerInvocationHandler.invoke(ExtendedEntityManagerCreator.java:364)
	at jdk.proxy3/jdk.proxy3.$Proxy250.createNamedQuery(Unknown Source)
	at org.springframework.data.jpa.repository.query.NamedQuery.hasNamedQuery(NamedQuery.java:112)
	at org.springframework.data.jpa.repository.query.JpaQueryLookupStrategy$DeclaredQueryLookupStrategy.getCountQuery(JpaQueryLookupStrategy.java:204)
	at org.springframework.data.jpa.repository.query.JpaQueryLookupStrategy$DeclaredQueryLookupStrategy.resolveQuery(JpaQueryLookupStrategy.java:171)
	at org.springframework.data.jpa.repository.query.JpaQueryLookupStrategy$CreateIfNotFoundQueryLookupStrategy.resolveQuery(JpaQueryLookupStrategy.java:252)
	at org.springframework.data.jpa.repository.query.JpaQueryLookupStrategy$AbstractQueryLookupStrategy.resolveQuery(JpaQueryLookupStrategy.java:95)
	at org.springframework.data.repository.core.support.QueryExecutorMethodInterceptor.lookupQuery(QueryExecutorMethodInterceptor.java:115)
	at org.springframework.data.repository.core.support.QueryExecutorMethodInterceptor.mapMethodsToQuery(QueryExecutorMethodInterceptor.java:103)
	at org.springframework.data.repository.core.support.QueryExecutorMethodInterceptor.lambda$new$0(QueryExecutorMethodInterceptor.java:92)
	at java.base/java.util.Optional.map(Optional.java:260)
	at org.springframework.data.repository.core.support.QueryExecutorMethodInterceptor.<init>(QueryExecutorMethodInterceptor.java:92)
	at org.springframework.data.repository.core.support.RepositoryFactorySupport.getRepository(RepositoryFactorySupport.java:357)
	at org.springframework.data.repository.core.support.RepositoryFactoryBeanSupport.lambda$afterPropertiesSet$5(RepositoryFactoryBeanSupport.java:290)
	at org.springframework.data.util.Lazy.getNullable(Lazy.java:135)
	at org.springframework.data.util.Lazy.get(Lazy.java:113)
	at org.springframework.data.repository.core.support.RepositoryFactoryBeanSupport.afterPropertiesSet(RepositoryFactoryBeanSupport.java:296)
	at org.springframework.data.jpa.repository.support.JpaRepositoryFactoryBean.afterPropertiesSet(JpaRepositoryFactoryBean.java:132)
	at org.springframework.beans.factory.support.AbstractAutowireCapableBeanFactory.invokeInitMethods(AbstractAutowireCapableBeanFactory.java:1853)
	at org.springframework.beans.factory.support.AbstractAutowireCapableBeanFactory.initializeBean(AbstractAutowireCapableBeanFactory.java:1802)
	at org.springframework.beans.factory.support.AbstractAutowireCapableBeanFactory.doCreateBean(AbstractAutowireCapableBeanFactory.java:600)
	at org.springframework.beans.factory.support.AbstractAutowireCapableBeanFactory.createBean(AbstractAutowireCapableBeanFactory.java:522)
	at org.springframework.beans.factory.support.AbstractBeanFactory.lambda$doGetBean$0(AbstractBeanFactory.java:337)
	at org.springframework.beans.factory.support.DefaultSingletonBeanRegistry.getSingleton(DefaultSingletonBeanRegistry.java:234)
	at org.springframework.beans.factory.support.AbstractBeanFactory.doGetBean(AbstractBeanFactory.java:335)
	at org.springframework.beans.factory.support.AbstractBeanFactory.getBean(AbstractBeanFactory.java:200)
	at org.springframework.beans.factory.config.DependencyDescriptor.resolveCandidate(DependencyDescriptor.java:254)
	at org.springframework.beans.factory.support.DefaultListableBeanFactory.doResolveDependency(DefaultListableBeanFactory.java:1448)
	at org.springframework.beans.factory.support.DefaultListableBeanFactory.resolveDependency(DefaultListableBeanFactory.java:1358)
	at org.springframework.beans.factory.support.ConstructorResolver.resolveAutowiredArgument(ConstructorResolver.java:904)
	at org.springframework.beans.factory.support.ConstructorResolver.createArgumentArray(ConstructorResolver.java:782)
	at org.springframework.beans.factory.support.ConstructorResolver.autowireConstructor(ConstructorResolver.java:237)
	at org.springframework.beans.factory.support.AbstractAutowireCapableBeanFactory.autowireConstructor(AbstractAutowireCapableBeanFactory.java:1375)
	at org.springframework.beans.factory.support.AbstractAutowireCapableBeanFactory.createBeanInstance(AbstractAutowireCapableBeanFactory.java:1212)
	at org.springframework.beans.factory.support.AbstractAutowireCapableBeanFactory.doCreateBean(AbstractAutowireCapableBeanFactory.java:562)
	at org.springframework.beans.factory.support.AbstractAutowireCapableBeanFactory.createBean(AbstractAutowireCapableBeanFactory.java:522)
	at org.springframework.beans.factory.support.AbstractBeanFactory.lambda$doGetBean$0(AbstractBeanFactory.java:337)
	at org.springframework.beans.factory.support.DefaultSingletonBeanRegistry.getSingleton(DefaultSingletonBeanRegistry.java:234)
	at org.springframework.beans.factory.support.AbstractBeanFactory.doGetBean(AbstractBeanFactory.java:335)
	at org.springframework.beans.factory.support.AbstractBeanFactory.getBean(AbstractBeanFactory.java:200)
	at org.springframework.beans.factory.config.DependencyDescriptor.resolveCandidate(DependencyDescriptor.java:254)
	at org.springframework.beans.factory.support.DefaultListableBeanFactory.doResolveDependency(DefaultListableBeanFactory.java:1448)
	at org.springframework.beans.factory.support.DefaultListableBeanFactory.resolveDependency(DefaultListableBeanFactory.java:1358)
	at org.springframework.beans.factory.support.ConstructorResolver.resolveAutowiredArgument(ConstructorResolver.java:904)
	at org.springframework.beans.factory.support.ConstructorResolver.createArgumentArray(ConstructorResolver.java:782)
	at org.springframework.beans.factory.support.ConstructorResolver.autowireConstructor(ConstructorResolver.java:237)
	at org.springframework.beans.factory.support.AbstractAutowireCapableBeanFactory.autowireConstructor(AbstractAutowireCapableBeanFactory.java:1375)
	at org.springframework.beans.factory.support.AbstractAutowireCapableBeanFactory.createBeanInstance(AbstractAutowireCapableBeanFactory.java:1212)
	at org.springframework.beans.factory.support.AbstractAutowireCapableBeanFactory.doCreateBean(AbstractAutowireCapableBeanFactory.java:562)
	at org.springframework.beans.factory.support.AbstractAutowireCapableBeanFactory.createBean(AbstractAutowireCapableBeanFactory.java:522)
	at org.springframework.beans.factory.support.AbstractBeanFactory.lambda$doGetBean$0(AbstractBeanFactory.java:337)
	at org.springframework.beans.factory.support.DefaultSingletonBeanRegistry.getSingleton(DefaultSingletonBeanRegistry.java:234)
	at org.springframework.beans.factory.support.AbstractBeanFactory.doGetBean(AbstractBeanFactory.java:335)
	at org.springframework.beans.factory.support.AbstractBeanFactory.getBean(AbstractBeanFactory.java:200)
	at org.springframework.beans.factory.support.DefaultListableBeanFactory.preInstantiateSingletons(DefaultListableBeanFactory.java:975)
	at org.springframework.context.support.AbstractApplicationContext.finishBeanFactoryInitialization(AbstractApplicationContext.java:971)
	at org.springframework.context.support.AbstractApplicationContext.refresh(AbstractApplicationContext.java:625)
	at org.springframework.boot.web.servlet.context.ServletWebServerApplicationContext.refresh(ServletWebServerApplicationContext.java:146)
	at org.springframework.boot.SpringApplication.refresh(SpringApplication.java:755)
	at org.springframework.boot.SpringApplication.refreshContext(SpringApplication.java:456)
	at org.springframework.boot.SpringApplication.run(SpringApplication.java:335)
	at org.springframework.boot.SpringApplication.run(SpringApplication.java:1364)
	at org.springframework.boot.SpringApplication.run(SpringApplication.java:1353)
	at com.example.loan_service.LoanServiceApplication.main(LoanServiceApplication.java:11)
	at java.base/jdk.internal.reflect.NativeMethodAccessorImpl.invoke0(Native Method)
	at java.base/jdk.internal.reflect.NativeMethodAccessorImpl.invoke(NativeMethodAccessorImpl.java:77)
	at java.base/jdk.internal.reflect.DelegatingMethodAccessorImpl.invoke(DelegatingMethodAccessorImpl.java:43)
	at java.base/java.lang.reflect.Method.invoke(Method.java:569)
	at org.springframework.boot.devtools.restart.RestartLauncher.run(RestartLauncher.java:50)
2025-09-05 09:15:32 DEBUG [restartedMain] o.h.r.t.b.j.i.JdbcResourceLocalTransactionCoordinatorImpl [,] - JDBC transaction marked for rollback-only (exception provided for stack trace)
java.lang.Exception: exception just for purpose of providing stack trace
	at org.hibernate.resource.transaction.backend.jdbc.internal.JdbcResourceLocalTransactionCoordinatorImpl$TransactionDriverControlImpl.markRollbackOnly(JdbcResourceLocalTransactionCoordinatorImpl.java:309)
	at org.hibernate.internal.AbstractSharedSessionContract.buildNamedQuery(AbstractSharedSessionContract.java:1109)
	at org.hibernate.internal.AbstractSharedSessionContract.createNamedQuery(AbstractSharedSessionContract.java:987)
	at org.hibernate.internal.AbstractSharedSessionContract.createNamedQuery(AbstractSharedSessionContract.java:140)
	at java.base/jdk.internal.reflect.NativeMethodAccessorImpl.invoke0(Native Method)
	at java.base/jdk.internal.reflect.NativeMethodAccessorImpl.invoke(NativeMethodAccessorImpl.java:77)
	at java.base/jdk.internal.reflect.DelegatingMethodAccessorImpl.invoke(DelegatingMethodAccessorImpl.java:43)
	at java.base/java.lang.reflect.Method.invoke(Method.java:569)
	at org.springframework.orm.jpa.ExtendedEntityManagerCreator$ExtendedEntityManagerInvocationHandler.invoke(ExtendedEntityManagerCreator.java:364)
	at jdk.proxy3/jdk.proxy3.$Proxy250.createNamedQuery(Unknown Source)
	at org.springframework.data.jpa.repository.query.NamedQuery.hasNamedQuery(NamedQuery.java:112)
	at org.springframework.data.jpa.repository.query.JpaQueryLookupStrategy$DeclaredQueryLookupStrategy.getCountQuery(JpaQueryLookupStrategy.java:204)
	at org.springframework.data.jpa.repository.query.JpaQueryLookupStrategy$DeclaredQueryLookupStrategy.resolveQuery(JpaQueryLookupStrategy.java:171)
	at org.springframework.data.jpa.repository.query.JpaQueryLookupStrategy$CreateIfNotFoundQueryLookupStrategy.resolveQuery(JpaQueryLookupStrategy.java:252)
	at org.springframework.data.jpa.repository.query.JpaQueryLookupStrategy$AbstractQueryLookupStrategy.resolveQuery(JpaQueryLookupStrategy.java:95)
	at org.springframework.data.repository.core.support.QueryExecutorMethodInterceptor.lookupQuery(QueryExecutorMethodInterceptor.java:115)
	at org.springframework.data.repository.core.support.QueryExecutorMethodInterceptor.mapMethodsToQuery(QueryExecutorMethodInterceptor.java:103)
	at org.springframework.data.repository.core.support.QueryExecutorMethodInterceptor.lambda$new$0(QueryExecutorMethodInterceptor.java:92)
	at java.base/java.util.Optional.map(Optional.java:260)
	at org.springframework.data.repository.core.support.QueryExecutorMethodInterceptor.<init>(QueryExecutorMethodInterceptor.java:92)
	at org.springframework.data.repository.core.support.RepositoryFactorySupport.getRepository(RepositoryFactorySupport.java:357)
	at org.springframework.data.repository.core.support.RepositoryFactoryBeanSupport.lambda$afterPropertiesSet$5(RepositoryFactoryBeanSupport.java:290)
	at org.springframework.data.util.Lazy.getNullable(Lazy.java:135)
	at org.springframework.data.util.Lazy.get(Lazy.java:113)
	at org.springframework.data.repository.core.support.RepositoryFactoryBeanSupport.afterPropertiesSet(RepositoryFactoryBeanSupport.java:296)
	at org.springframework.data.jpa.repository.support.JpaRepositoryFactoryBean.afterPropertiesSet(JpaRepositoryFactoryBean.java:132)
	at org.springframework.beans.factory.support.AbstractAutowireCapableBeanFactory.invokeInitMethods(AbstractAutowireCapableBeanFactory.java:1853)
	at org.springframework.beans.factory.support.AbstractAutowireCapableBeanFactory.initializeBean(AbstractAutowireCapableBeanFactory.java:1802)
	at org.springframework.beans.factory.support.AbstractAutowireCapableBeanFactory.doCreateBean(AbstractAutowireCapableBeanFactory.java:600)
	at org.springframework.beans.factory.support.AbstractAutowireCapableBeanFactory.createBean(AbstractAutowireCapableBeanFactory.java:522)
	at org.springframework.beans.factory.support.AbstractBeanFactory.lambda$doGetBean$0(AbstractBeanFactory.java:337)
	at org.springframework.beans.factory.support.DefaultSingletonBeanRegistry.getSingleton(DefaultSingletonBeanRegistry.java:234)
	at org.springframework.beans.factory.support.AbstractBeanFactory.doGetBean(AbstractBeanFactory.java:335)
	at org.springframework.beans.factory.support.AbstractBeanFactory.getBean(AbstractBeanFactory.java:200)
	at org.springframework.beans.factory.config.DependencyDescriptor.resolveCandidate(DependencyDescriptor.java:254)
	at org.springframework.beans.factory.support.DefaultListableBeanFactory.doResolveDependency(DefaultListableBeanFactory.java:1448)
	at org.springframework.beans.factory.support.DefaultListableBeanFactory.resolveDependency(DefaultListableBeanFactory.java:1358)
	at org.springframework.beans.factory.support.ConstructorResolver.resolveAutowiredArgument(ConstructorResolver.java:904)
	at org.springframework.beans.factory.support.ConstructorResolver.createArgumentArray(ConstructorResolver.java:782)
	at org.springframework.beans.factory.support.ConstructorResolver.autowireConstructor(ConstructorResolver.java:237)
	at org.springframework.beans.factory.support.AbstractAutowireCapableBeanFactory.autowireConstructor(AbstractAutowireCapableBeanFactory.java:1375)
	at org.springframework.beans.factory.support.AbstractAutowireCapableBeanFactory.createBeanInstance(AbstractAutowireCapableBeanFactory.java:1212)
	at org.springframework.beans.factory.support.AbstractAutowireCapableBeanFactory.doCreateBean(AbstractAutowireCapableBeanFactory.java:562)
	at org.springframework.beans.factory.support.AbstractAutowireCapableBeanFactory.createBean(AbstractAutowireCapableBeanFactory.java:522)
	at org.springframework.beans.factory.support.AbstractBeanFactory.lambda$doGetBean$0(AbstractBeanFactory.java:337)
	at org.springframework.beans.factory.support.DefaultSingletonBeanRegistry.getSingleton(DefaultSingletonBeanRegistry.java:234)
	at org.springframework.beans.factory.support.AbstractBeanFactory.doGetBean(AbstractBeanFactory.java:335)
	at org.springframework.beans.factory.support.AbstractBeanFactory.getBean(AbstractBeanFactory.java:200)
	at org.springframework.beans.factory.config.DependencyDescriptor.resolveCandidate(DependencyDescriptor.java:254)
	at org.springframework.beans.factory.support.DefaultListableBeanFactory.doResolveDependency(DefaultListableBeanFactory.java:1448)
	at org.springframework.beans.factory.support.DefaultListableBeanFactory.resolveDependency(DefaultListableBeanFactory.java:1358)
	at org.springframework.beans.factory.support.ConstructorResolver.resolveAutowiredArgument(ConstructorResolver.java:904)
	at org.springframework.beans.factory.support.ConstructorResolver.createArgumentArray(ConstructorResolver.java:782)
	at org.springframework.beans.factory.support.ConstructorResolver.autowireConstructor(ConstructorResolver.java:237)
	at org.springframework.beans.factory.support.AbstractAutowireCapableBeanFactory.autowireConstructor(AbstractAutowireCapableBeanFactory.java:1375)
	at org.springframework.beans.factory.support.AbstractAutowireCapableBeanFactory.createBeanInstance(AbstractAutowireCapableBeanFactory.java:1212)
	at org.springframework.beans.factory.support.AbstractAutowireCapableBeanFactory.doCreateBean(AbstractAutowireCapableBeanFactory.java:562)
	at org.springframework.beans.factory.support.AbstractAutowireCapableBeanFactory.createBean(AbstractAutowireCapableBeanFactory.java:522)
	at org.springframework.beans.factory.support.AbstractBeanFactory.lambda$doGetBean$0(AbstractBeanFactory.java:337)
	at org.springframework.beans.factory.support.DefaultSingletonBeanRegistry.getSingleton(DefaultSingletonBeanRegistry.java:234)
	at org.springframework.beans.factory.support.AbstractBeanFactory.doGetBean(AbstractBeanFactory.java:335)
	at org.springframework.beans.factory.support.AbstractBeanFactory.getBean(AbstractBeanFactory.java:200)
	at org.springframework.beans.factory.support.DefaultListableBeanFactory.preInstantiateSingletons(DefaultListableBeanFactory.java:975)
	at org.springframework.context.support.AbstractApplicationContext.finishBeanFactoryInitialization(AbstractApplicationContext.java:971)
	at org.springframework.context.support.AbstractApplicationContext.refresh(AbstractApplicationContext.java:625)
	at org.springframework.boot.web.servlet.context.ServletWebServerApplicationContext.refresh(ServletWebServerApplicationContext.java:146)
	at org.springframework.boot.SpringApplication.refresh(SpringApplication.java:755)
	at org.springframework.boot.SpringApplication.refreshContext(SpringApplication.java:456)
	at org.springframework.boot.SpringApplication.run(SpringApplication.java:335)
	at org.springframework.boot.SpringApplication.run(SpringApplication.java:1364)
	at org.springframework.boot.SpringApplication.run(SpringApplication.java:1353)
	at com.example.loan_service.LoanServiceApplication.main(LoanServiceApplication.java:11)
	at java.base/jdk.internal.reflect.NativeMethodAccessorImpl.invoke0(Native Method)
	at java.base/jdk.internal.reflect.NativeMethodAccessorImpl.invoke(NativeMethodAccessorImpl.java:77)
	at java.base/jdk.internal.reflect.DelegatingMethodAccessorImpl.invoke(DelegatingMethodAccessorImpl.java:43)
	at java.base/java.lang.reflect.Method.invoke(Method.java:569)
	at org.springframework.boot.devtools.restart.RestartLauncher.run(RestartLauncher.java:50)
2025-09-05 09:15:32 DEBUG [restartedMain] o.h.r.t.b.j.i.JdbcResourceLocalTransactionCoordinatorImpl [,] - JDBC transaction marked for rollback-only (exception provided for stack trace)
java.lang.Exception: exception just for purpose of providing stack trace
	at org.hibernate.resource.transaction.backend.jdbc.internal.JdbcResourceLocalTransactionCoordinatorImpl$TransactionDriverControlImpl.markRollbackOnly(JdbcResourceLocalTransactionCoordinatorImpl.java:309)
	at org.hibernate.internal.AbstractSharedSessionContract.buildNamedQuery(AbstractSharedSessionContract.java:1109)
	at org.hibernate.internal.AbstractSharedSessionContract.createNamedQuery(AbstractSharedSessionContract.java:987)
	at org.hibernate.internal.AbstractSharedSessionContract.createNamedQuery(AbstractSharedSessionContract.java:140)
	at java.base/jdk.internal.reflect.NativeMethodAccessorImpl.invoke0(Native Method)
	at java.base/jdk.internal.reflect.NativeMethodAccessorImpl.invoke(NativeMethodAccessorImpl.java:77)
	at java.base/jdk.internal.reflect.DelegatingMethodAccessorImpl.invoke(DelegatingMethodAccessorImpl.java:43)
	at java.base/java.lang.reflect.Method.invoke(Method.java:569)
	at org.springframework.orm.jpa.ExtendedEntityManagerCreator$ExtendedEntityManagerInvocationHandler.invoke(ExtendedEntityManagerCreator.java:364)
	at jdk.proxy3/jdk.proxy3.$Proxy250.createNamedQuery(Unknown Source)
	at org.springframework.data.jpa.repository.query.NamedQuery.hasNamedQuery(NamedQuery.java:112)
	at org.springframework.data.jpa.repository.query.JpaQueryLookupStrategy$DeclaredQueryLookupStrategy.getCountQuery(JpaQueryLookupStrategy.java:204)
	at org.springframework.data.jpa.repository.query.JpaQueryLookupStrategy$DeclaredQueryLookupStrategy.resolveQuery(JpaQueryLookupStrategy.java:171)
	at org.springframework.data.jpa.repository.query.JpaQueryLookupStrategy$CreateIfNotFoundQueryLookupStrategy.resolveQuery(JpaQueryLookupStrategy.java:252)
	at org.springframework.data.jpa.repository.query.JpaQueryLookupStrategy$AbstractQueryLookupStrategy.resolveQuery(JpaQueryLookupStrategy.java:95)
	at org.springframework.data.repository.core.support.QueryExecutorMethodInterceptor.lookupQuery(QueryExecutorMethodInterceptor.java:115)
	at org.springframework.data.repository.core.support.QueryExecutorMethodInterceptor.mapMethodsToQuery(QueryExecutorMethodInterceptor.java:103)
	at org.springframework.data.repository.core.support.QueryExecutorMethodInterceptor.lambda$new$0(QueryExecutorMethodInterceptor.java:92)
	at java.base/java.util.Optional.map(Optional.java:260)
	at org.springframework.data.repository.core.support.QueryExecutorMethodInterceptor.<init>(QueryExecutorMethodInterceptor.java:92)
	at org.springframework.data.repository.core.support.RepositoryFactorySupport.getRepository(RepositoryFactorySupport.java:357)
	at org.springframework.data.repository.core.support.RepositoryFactoryBeanSupport.lambda$afterPropertiesSet$5(RepositoryFactoryBeanSupport.java:290)
	at org.springframework.data.util.Lazy.getNullable(Lazy.java:135)
	at org.springframework.data.util.Lazy.get(Lazy.java:113)
	at org.springframework.data.repository.core.support.RepositoryFactoryBeanSupport.afterPropertiesSet(RepositoryFactoryBeanSupport.java:296)
	at org.springframework.data.jpa.repository.support.JpaRepositoryFactoryBean.afterPropertiesSet(JpaRepositoryFactoryBean.java:132)
	at org.springframework.beans.factory.support.AbstractAutowireCapableBeanFactory.invokeInitMethods(AbstractAutowireCapableBeanFactory.java:1853)
	at org.springframework.beans.factory.support.AbstractAutowireCapableBeanFactory.initializeBean(AbstractAutowireCapableBeanFactory.java:1802)
	at org.springframework.beans.factory.support.AbstractAutowireCapableBeanFactory.doCreateBean(AbstractAutowireCapableBeanFactory.java:600)
	at org.springframework.beans.factory.support.AbstractAutowireCapableBeanFactory.createBean(AbstractAutowireCapableBeanFactory.java:522)
	at org.springframework.beans.factory.support.AbstractBeanFactory.lambda$doGetBean$0(AbstractBeanFactory.java:337)
	at org.springframework.beans.factory.support.DefaultSingletonBeanRegistry.getSingleton(DefaultSingletonBeanRegistry.java:234)
	at org.springframework.beans.factory.support.AbstractBeanFactory.doGetBean(AbstractBeanFactory.java:335)
	at org.springframework.beans.factory.support.AbstractBeanFactory.getBean(AbstractBeanFactory.java:200)
	at org.springframework.beans.factory.config.DependencyDescriptor.resolveCandidate(DependencyDescriptor.java:254)
	at org.springframework.beans.factory.support.DefaultListableBeanFactory.doResolveDependency(DefaultListableBeanFactory.java:1448)
	at org.springframework.beans.factory.support.DefaultListableBeanFactory.resolveDependency(DefaultListableBeanFactory.java:1358)
	at org.springframework.beans.factory.support.ConstructorResolver.resolveAutowiredArgument(ConstructorResolver.java:904)
	at org.springframework.beans.factory.support.ConstructorResolver.createArgumentArray(ConstructorResolver.java:782)
	at org.springframework.beans.factory.support.ConstructorResolver.autowireConstructor(ConstructorResolver.java:237)
	at org.springframework.beans.factory.support.AbstractAutowireCapableBeanFactory.autowireConstructor(AbstractAutowireCapableBeanFactory.java:1375)
	at org.springframework.beans.factory.support.AbstractAutowireCapableBeanFactory.createBeanInstance(AbstractAutowireCapableBeanFactory.java:1212)
	at org.springframework.beans.factory.support.AbstractAutowireCapableBeanFactory.doCreateBean(AbstractAutowireCapableBeanFactory.java:562)
	at org.springframework.beans.factory.support.AbstractAutowireCapableBeanFactory.createBean(AbstractAutowireCapableBeanFactory.java:522)
	at org.springframework.beans.factory.support.AbstractBeanFactory.lambda$doGetBean$0(AbstractBeanFactory.java:337)
	at org.springframework.beans.factory.support.DefaultSingletonBeanRegistry.getSingleton(DefaultSingletonBeanRegistry.java:234)
	at org.springframework.beans.factory.support.AbstractBeanFactory.doGetBean(AbstractBeanFactory.java:335)
	at org.springframework.beans.factory.support.AbstractBeanFactory.getBean(AbstractBeanFactory.java:200)
	at org.springframework.beans.factory.config.DependencyDescriptor.resolveCandidate(DependencyDescriptor.java:254)
	at org.springframework.beans.factory.support.DefaultListableBeanFactory.doResolveDependency(DefaultListableBeanFactory.java:1448)
	at org.springframework.beans.factory.support.DefaultListableBeanFactory.resolveDependency(DefaultListableBeanFactory.java:1358)
	at org.springframework.beans.factory.support.ConstructorResolver.resolveAutowiredArgument(ConstructorResolver.java:904)
	at org.springframework.beans.factory.support.ConstructorResolver.createArgumentArray(ConstructorResolver.java:782)
	at org.springframework.beans.factory.support.ConstructorResolver.autowireConstructor(ConstructorResolver.java:237)
	at org.springframework.beans.factory.support.AbstractAutowireCapableBeanFactory.autowireConstructor(AbstractAutowireCapableBeanFactory.java:1375)
	at org.springframework.beans.factory.support.AbstractAutowireCapableBeanFactory.createBeanInstance(AbstractAutowireCapableBeanFactory.java:1212)
	at org.springframework.beans.factory.support.AbstractAutowireCapableBeanFactory.doCreateBean(AbstractAutowireCapableBeanFactory.java:562)
	at org.springframework.beans.factory.support.AbstractAutowireCapableBeanFactory.createBean(AbstractAutowireCapableBeanFactory.java:522)
	at org.springframework.beans.factory.support.AbstractBeanFactory.lambda$doGetBean$0(AbstractBeanFactory.java:337)
	at org.springframework.beans.factory.support.DefaultSingletonBeanRegistry.getSingleton(DefaultSingletonBeanRegistry.java:234)
	at org.springframework.beans.factory.support.AbstractBeanFactory.doGetBean(AbstractBeanFactory.java:335)
	at org.springframework.beans.factory.support.AbstractBeanFactory.getBean(AbstractBeanFactory.java:200)
	at org.springframework.beans.factory.support.DefaultListableBeanFactory.preInstantiateSingletons(DefaultListableBeanFactory.java:975)
	at org.springframework.context.support.AbstractApplicationContext.finishBeanFactoryInitialization(AbstractApplicationContext.java:971)
	at org.springframework.context.support.AbstractApplicationContext.refresh(AbstractApplicationContext.java:625)
	at org.springframework.boot.web.servlet.context.ServletWebServerApplicationContext.refresh(ServletWebServerApplicationContext.java:146)
	at org.springframework.boot.SpringApplication.refresh(SpringApplication.java:755)
	at org.springframework.boot.SpringApplication.refreshContext(SpringApplication.java:456)
	at org.springframework.boot.SpringApplication.run(SpringApplication.java:335)
	at org.springframework.boot.SpringApplication.run(SpringApplication.java:1364)
	at org.springframework.boot.SpringApplication.run(SpringApplication.java:1353)
	at com.example.loan_service.LoanServiceApplication.main(LoanServiceApplication.java:11)
	at java.base/jdk.internal.reflect.NativeMethodAccessorImpl.invoke0(Native Method)
	at java.base/jdk.internal.reflect.NativeMethodAccessorImpl.invoke(NativeMethodAccessorImpl.java:77)
	at java.base/jdk.internal.reflect.DelegatingMethodAccessorImpl.invoke(DelegatingMethodAccessorImpl.java:43)
	at java.base/java.lang.reflect.Method.invoke(Method.java:569)
	at org.springframework.boot.devtools.restart.RestartLauncher.run(RestartLauncher.java:50)
2025-09-05 09:15:32 DEBUG [restartedMain] o.h.r.t.b.j.i.JdbcResourceLocalTransactionCoordinatorImpl [,] - JDBC transaction marked for rollback-only (exception provided for stack trace)
java.lang.Exception: exception just for purpose of providing stack trace
	at org.hibernate.resource.transaction.backend.jdbc.internal.JdbcResourceLocalTransactionCoordinatorImpl$TransactionDriverControlImpl.markRollbackOnly(JdbcResourceLocalTransactionCoordinatorImpl.java:309)
	at org.hibernate.internal.AbstractSharedSessionContract.buildNamedQuery(AbstractSharedSessionContract.java:1109)
	at org.hibernate.internal.AbstractSharedSessionContract.createNamedQuery(AbstractSharedSessionContract.java:987)
	at org.hibernate.internal.AbstractSharedSessionContract.createNamedQuery(AbstractSharedSessionContract.java:140)
	at jdk.internal.reflect.GeneratedMethodAccessor33.invoke(Unknown Source)
	at java.base/jdk.internal.reflect.DelegatingMethodAccessorImpl.invoke(DelegatingMethodAccessorImpl.java:43)
	at java.base/java.lang.reflect.Method.invoke(Method.java:569)
	at org.springframework.orm.jpa.ExtendedEntityManagerCreator$ExtendedEntityManagerInvocationHandler.invoke(ExtendedEntityManagerCreator.java:364)
	at jdk.proxy3/jdk.proxy3.$Proxy250.createNamedQuery(Unknown Source)
	at org.springframework.data.jpa.repository.query.NamedQuery.hasNamedQuery(NamedQuery.java:112)
	at org.springframework.data.jpa.repository.query.JpaQueryLookupStrategy$DeclaredQueryLookupStrategy.getCountQuery(JpaQueryLookupStrategy.java:204)
	at org.springframework.data.jpa.repository.query.JpaQueryLookupStrategy$DeclaredQueryLookupStrategy.resolveQuery(JpaQueryLookupStrategy.java:171)
	at org.springframework.data.jpa.repository.query.JpaQueryLookupStrategy$CreateIfNotFoundQueryLookupStrategy.resolveQuery(JpaQueryLookupStrategy.java:252)
	at org.springframework.data.jpa.repository.query.JpaQueryLookupStrategy$AbstractQueryLookupStrategy.resolveQuery(JpaQueryLookupStrategy.java:95)
	at org.springframework.data.repository.core.support.QueryExecutorMethodInterceptor.lookupQuery(QueryExecutorMethodInterceptor.java:115)
	at org.springframework.data.repository.core.support.QueryExecutorMethodInterceptor.mapMethodsToQuery(QueryExecutorMethodInterceptor.java:103)
	at org.springframework.data.repository.core.support.QueryExecutorMethodInterceptor.lambda$new$0(QueryExecutorMethodInterceptor.java:92)
	at java.base/java.util.Optional.map(Optional.java:260)
	at org.springframework.data.repository.core.support.QueryExecutorMethodInterceptor.<init>(QueryExecutorMethodInterceptor.java:92)
	at org.springframework.data.repository.core.support.RepositoryFactorySupport.getRepository(RepositoryFactorySupport.java:357)
	at org.springframework.data.repository.core.support.RepositoryFactoryBeanSupport.lambda$afterPropertiesSet$5(RepositoryFactoryBeanSupport.java:290)
	at org.springframework.data.util.Lazy.getNullable(Lazy.java:135)
	at org.springframework.data.util.Lazy.get(Lazy.java:113)
	at org.springframework.data.repository.core.support.RepositoryFactoryBeanSupport.afterPropertiesSet(RepositoryFactoryBeanSupport.java:296)
	at org.springframework.data.jpa.repository.support.JpaRepositoryFactoryBean.afterPropertiesSet(JpaRepositoryFactoryBean.java:132)
	at org.springframework.beans.factory.support.AbstractAutowireCapableBeanFactory.invokeInitMethods(AbstractAutowireCapableBeanFactory.java:1853)
	at org.springframework.beans.factory.support.AbstractAutowireCapableBeanFactory.initializeBean(AbstractAutowireCapableBeanFactory.java:1802)
	at org.springframework.beans.factory.support.AbstractAutowireCapableBeanFactory.doCreateBean(AbstractAutowireCapableBeanFactory.java:600)
	at org.springframework.beans.factory.support.AbstractAutowireCapableBeanFactory.createBean(AbstractAutowireCapableBeanFactory.java:522)
	at org.springframework.beans.factory.support.AbstractBeanFactory.lambda$doGetBean$0(AbstractBeanFactory.java:337)
	at org.springframework.beans.factory.support.DefaultSingletonBeanRegistry.getSingleton(DefaultSingletonBeanRegistry.java:234)
	at org.springframework.beans.factory.support.AbstractBeanFactory.doGetBean(AbstractBeanFactory.java:335)
	at org.springframework.beans.factory.support.AbstractBeanFactory.getBean(AbstractBeanFactory.java:200)
	at org.springframework.beans.factory.config.DependencyDescriptor.resolveCandidate(DependencyDescriptor.java:254)
	at org.springframework.beans.factory.support.DefaultListableBeanFactory.doResolveDependency(DefaultListableBeanFactory.java:1448)
	at org.springframework.beans.factory.support.DefaultListableBeanFactory.resolveDependency(DefaultListableBeanFactory.java:1358)
	at org.springframework.beans.factory.support.ConstructorResolver.resolveAutowiredArgument(ConstructorResolver.java:904)
	at org.springframework.beans.factory.support.ConstructorResolver.createArgumentArray(ConstructorResolver.java:782)
	at org.springframework.beans.factory.support.ConstructorResolver.autowireConstructor(ConstructorResolver.java:237)
	at org.springframework.beans.factory.support.AbstractAutowireCapableBeanFactory.autowireConstructor(AbstractAutowireCapableBeanFactory.java:1375)
	at org.springframework.beans.factory.support.AbstractAutowireCapableBeanFactory.createBeanInstance(AbstractAutowireCapableBeanFactory.java:1212)
	at org.springframework.beans.factory.support.AbstractAutowireCapableBeanFactory.doCreateBean(AbstractAutowireCapableBeanFactory.java:562)
	at org.springframework.beans.factory.support.AbstractAutowireCapableBeanFactory.createBean(AbstractAutowireCapableBeanFactory.java:522)
	at org.springframework.beans.factory.support.AbstractBeanFactory.lambda$doGetBean$0(AbstractBeanFactory.java:337)
	at org.springframework.beans.factory.support.DefaultSingletonBeanRegistry.getSingleton(DefaultSingletonBeanRegistry.java:234)
	at org.springframework.beans.factory.support.AbstractBeanFactory.doGetBean(AbstractBeanFactory.java:335)
	at org.springframework.beans.factory.support.AbstractBeanFactory.getBean(AbstractBeanFactory.java:200)
	at org.springframework.beans.factory.config.DependencyDescriptor.resolveCandidate(DependencyDescriptor.java:254)
	at org.springframework.beans.factory.support.DefaultListableBeanFactory.doResolveDependency(DefaultListableBeanFactory.java:1448)
	at org.springframework.beans.factory.support.DefaultListableBeanFactory.resolveDependency(DefaultListableBeanFactory.java:1358)
	at org.springframework.beans.factory.support.ConstructorResolver.resolveAutowiredArgument(ConstructorResolver.java:904)
	at org.springframework.beans.factory.support.ConstructorResolver.createArgumentArray(ConstructorResolver.java:782)
	at org.springframework.beans.factory.support.ConstructorResolver.autowireConstructor(ConstructorResolver.java:237)
	at org.springframework.beans.factory.support.AbstractAutowireCapableBeanFactory.autowireConstructor(AbstractAutowireCapableBeanFactory.java:1375)
	at org.springframework.beans.factory.support.AbstractAutowireCapableBeanFactory.createBeanInstance(AbstractAutowireCapableBeanFactory.java:1212)
	at org.springframework.beans.factory.support.AbstractAutowireCapableBeanFactory.doCreateBean(AbstractAutowireCapableBeanFactory.java:562)
	at org.springframework.beans.factory.support.AbstractAutowireCapableBeanFactory.createBean(AbstractAutowireCapableBeanFactory.java:522)
	at org.springframework.beans.factory.support.AbstractBeanFactory.lambda$doGetBean$0(AbstractBeanFactory.java:337)
	at org.springframework.beans.factory.support.DefaultSingletonBeanRegistry.getSingleton(DefaultSingletonBeanRegistry.java:234)
	at org.springframework.beans.factory.support.AbstractBeanFactory.doGetBean(AbstractBeanFactory.java:335)
	at org.springframework.beans.factory.support.AbstractBeanFactory.getBean(AbstractBeanFactory.java:200)
	at org.springframework.beans.factory.support.DefaultListableBeanFactory.preInstantiateSingletons(DefaultListableBeanFactory.java:975)
	at org.springframework.context.support.AbstractApplicationContext.finishBeanFactoryInitialization(AbstractApplicationContext.java:971)
	at org.springframework.context.support.AbstractApplicationContext.refresh(AbstractApplicationContext.java:625)
	at org.springframework.boot.web.servlet.context.ServletWebServerApplicationContext.refresh(ServletWebServerApplicationContext.java:146)
	at org.springframework.boot.SpringApplication.refresh(SpringApplication.java:755)
	at org.springframework.boot.SpringApplication.refreshContext(SpringApplication.java:456)
	at org.springframework.boot.SpringApplication.run(SpringApplication.java:335)
	at org.springframework.boot.SpringApplication.run(SpringApplication.java:1364)
	at org.springframework.boot.SpringApplication.run(SpringApplication.java:1353)
	at com.example.loan_service.LoanServiceApplication.main(LoanServiceApplication.java:11)
	at java.base/jdk.internal.reflect.NativeMethodAccessorImpl.invoke0(Native Method)
	at java.base/jdk.internal.reflect.NativeMethodAccessorImpl.invoke(NativeMethodAccessorImpl.java:77)
	at java.base/jdk.internal.reflect.DelegatingMethodAccessorImpl.invoke(DelegatingMethodAccessorImpl.java:43)
	at java.base/java.lang.reflect.Method.invoke(Method.java:569)
	at org.springframework.boot.devtools.restart.RestartLauncher.run(RestartLauncher.java:50)
2025-09-05 09:15:32 DEBUG [restartedMain] org.hibernate.orm.query.hql [,] - HQL :   SELECT COALESCE(
    SUM(
      CASE
        WHEN r.status = com.example.loan_service.models.RepaymentStatus.PAID THEN r.interest
        WHEN r.status = com.example.loan_service.models.RepaymentStatus.PARTIAL
          THEN CASE
                 WHEN r.paidAmount <= r.interest THEN r.paidAmount
                 ELSE r.interest
               END
        ELSE 0
      END
    ), 0)
  FROM Repayment r

2025-09-05 09:15:33 DEBUG [restartedMain] org.hibernate.orm.query.hql [,] - Unable to resolve unqualified attribute [com] in local from-clause
2025-09-05 09:15:33 DEBUG [restartedMain] o.hibernate.orm.query.sqm.creation [,] - Applying inferable type to SqmExpression [org.hibernate.query.sqm.tree.expression.SqmCaseSearched@7e290a40] : null -> BasicSqmPathSource(interest : BigDecimal)
2025-09-05 09:15:33 DEBUG [restartedMain] org.hibernate.orm.query.hql [,] - Unable to resolve unqualified attribute [com] in local from-clause
2025-09-05 09:15:33 DEBUG [restartedMain] o.hibernate.orm.query.sqm.creation [,] - Applying inferable type to SqmExpression [org.hibernate.query.sqm.tree.expression.SqmCaseSearched@4b7e79d2] : null -> BasicSqmPathSource(paidAmount : BigDecimal)
2025-09-05 09:15:33 DEBUG [restartedMain] org.hibernate.orm.query.sqm.ast [,] - SqmStatement Tree :
    -> [select]
      -> [query-spec]
        -> [select]
          -> [selection]
          <- [selection]
        <- [select]
        -> [from]
          -> [root] - `com.example.loan_service.entity.Repayment(r)`
          <- [root] - `com.example.loan_service.entity.Repayment(r)`
        <- [from]
      <- [query-spec]
    <- [select]

2025-09-05 09:15:33 DEBUG [restartedMain] o.h.r.t.b.j.i.JdbcResourceLocalTransactionCoordinatorImpl [,] - JDBC transaction marked for rollback-only (exception provided for stack trace)
java.lang.Exception: exception just for purpose of providing stack trace
	at org.hibernate.resource.transaction.backend.jdbc.internal.JdbcResourceLocalTransactionCoordinatorImpl$TransactionDriverControlImpl.markRollbackOnly(JdbcResourceLocalTransactionCoordinatorImpl.java:309)
	at org.hibernate.internal.AbstractSharedSessionContract.buildNamedQuery(AbstractSharedSessionContract.java:1109)
	at org.hibernate.internal.AbstractSharedSessionContract.createNamedQuery(AbstractSharedSessionContract.java:987)
	at org.hibernate.internal.AbstractSharedSessionContract.createNamedQuery(AbstractSharedSessionContract.java:140)
	at jdk.internal.reflect.GeneratedMethodAccessor33.invoke(Unknown Source)
	at java.base/jdk.internal.reflect.DelegatingMethodAccessorImpl.invoke(DelegatingMethodAccessorImpl.java:43)
	at java.base/java.lang.reflect.Method.invoke(Method.java:569)
	at org.springframework.orm.jpa.ExtendedEntityManagerCreator$ExtendedEntityManagerInvocationHandler.invoke(ExtendedEntityManagerCreator.java:364)
	at jdk.proxy3/jdk.proxy3.$Proxy250.createNamedQuery(Unknown Source)
	at org.springframework.data.jpa.repository.query.NamedQuery.hasNamedQuery(NamedQuery.java:112)
	at org.springframework.data.jpa.repository.query.JpaQueryLookupStrategy$DeclaredQueryLookupStrategy.getCountQuery(JpaQueryLookupStrategy.java:204)
	at org.springframework.data.jpa.repository.query.JpaQueryLookupStrategy$DeclaredQueryLookupStrategy.resolveQuery(JpaQueryLookupStrategy.java:171)
	at org.springframework.data.jpa.repository.query.JpaQueryLookupStrategy$CreateIfNotFoundQueryLookupStrategy.resolveQuery(JpaQueryLookupStrategy.java:252)
	at org.springframework.data.jpa.repository.query.JpaQueryLookupStrategy$AbstractQueryLookupStrategy.resolveQuery(JpaQueryLookupStrategy.java:95)
	at org.springframework.data.repository.core.support.QueryExecutorMethodInterceptor.lookupQuery(QueryExecutorMethodInterceptor.java:115)
	at org.springframework.data.repository.core.support.QueryExecutorMethodInterceptor.mapMethodsToQuery(QueryExecutorMethodInterceptor.java:103)
	at org.springframework.data.repository.core.support.QueryExecutorMethodInterceptor.lambda$new$0(QueryExecutorMethodInterceptor.java:92)
	at java.base/java.util.Optional.map(Optional.java:260)
	at org.springframework.data.repository.core.support.QueryExecutorMethodInterceptor.<init>(QueryExecutorMethodInterceptor.java:92)
	at org.springframework.data.repository.core.support.RepositoryFactorySupport.getRepository(RepositoryFactorySupport.java:357)
	at org.springframework.data.repository.core.support.RepositoryFactoryBeanSupport.lambda$afterPropertiesSet$5(RepositoryFactoryBeanSupport.java:290)
	at org.springframework.data.util.Lazy.getNullable(Lazy.java:135)
	at org.springframework.data.util.Lazy.get(Lazy.java:113)
	at org.springframework.data.repository.core.support.RepositoryFactoryBeanSupport.afterPropertiesSet(RepositoryFactoryBeanSupport.java:296)
	at org.springframework.data.jpa.repository.support.JpaRepositoryFactoryBean.afterPropertiesSet(JpaRepositoryFactoryBean.java:132)
	at org.springframework.beans.factory.support.AbstractAutowireCapableBeanFactory.invokeInitMethods(AbstractAutowireCapableBeanFactory.java:1853)
	at org.springframework.beans.factory.support.AbstractAutowireCapableBeanFactory.initializeBean(AbstractAutowireCapableBeanFactory.java:1802)
	at org.springframework.beans.factory.support.AbstractAutowireCapableBeanFactory.doCreateBean(AbstractAutowireCapableBeanFactory.java:600)
	at org.springframework.beans.factory.support.AbstractAutowireCapableBeanFactory.createBean(AbstractAutowireCapableBeanFactory.java:522)
	at org.springframework.beans.factory.support.AbstractBeanFactory.lambda$doGetBean$0(AbstractBeanFactory.java:337)
	at org.springframework.beans.factory.support.DefaultSingletonBeanRegistry.getSingleton(DefaultSingletonBeanRegistry.java:234)
	at org.springframework.beans.factory.support.AbstractBeanFactory.doGetBean(AbstractBeanFactory.java:335)
	at org.springframework.beans.factory.support.AbstractBeanFactory.getBean(AbstractBeanFactory.java:200)
	at org.springframework.beans.factory.config.DependencyDescriptor.resolveCandidate(DependencyDescriptor.java:254)
	at org.springframework.beans.factory.support.DefaultListableBeanFactory.doResolveDependency(DefaultListableBeanFactory.java:1448)
	at org.springframework.beans.factory.support.DefaultListableBeanFactory.resolveDependency(DefaultListableBeanFactory.java:1358)
	at org.springframework.beans.factory.support.ConstructorResolver.resolveAutowiredArgument(ConstructorResolver.java:904)
	at org.springframework.beans.factory.support.ConstructorResolver.createArgumentArray(ConstructorResolver.java:782)
	at org.springframework.beans.factory.support.ConstructorResolver.autowireConstructor(ConstructorResolver.java:237)
	at org.springframework.beans.factory.support.AbstractAutowireCapableBeanFactory.autowireConstructor(AbstractAutowireCapableBeanFactory.java:1375)
	at org.springframework.beans.factory.support.AbstractAutowireCapableBeanFactory.createBeanInstance(AbstractAutowireCapableBeanFactory.java:1212)
	at org.springframework.beans.factory.support.AbstractAutowireCapableBeanFactory.doCreateBean(AbstractAutowireCapableBeanFactory.java:562)
	at org.springframework.beans.factory.support.AbstractAutowireCapableBeanFactory.createBean(AbstractAutowireCapableBeanFactory.java:522)
	at org.springframework.beans.factory.support.AbstractBeanFactory.lambda$doGetBean$0(AbstractBeanFactory.java:337)
	at org.springframework.beans.factory.support.DefaultSingletonBeanRegistry.getSingleton(DefaultSingletonBeanRegistry.java:234)
	at org.springframework.beans.factory.support.AbstractBeanFactory.doGetBean(AbstractBeanFactory.java:335)
	at org.springframework.beans.factory.support.AbstractBeanFactory.getBean(AbstractBeanFactory.java:200)
	at org.springframework.beans.factory.config.DependencyDescriptor.resolveCandidate(DependencyDescriptor.java:254)
	at org.springframework.beans.factory.support.DefaultListableBeanFactory.doResolveDependency(DefaultListableBeanFactory.java:1448)
	at org.springframework.beans.factory.support.DefaultListableBeanFactory.resolveDependency(DefaultListableBeanFactory.java:1358)
	at org.springframework.beans.factory.support.ConstructorResolver.resolveAutowiredArgument(ConstructorResolver.java:904)
	at org.springframework.beans.factory.support.ConstructorResolver.createArgumentArray(ConstructorResolver.java:782)
	at org.springframework.beans.factory.support.ConstructorResolver.autowireConstructor(ConstructorResolver.java:237)
	at org.springframework.beans.factory.support.AbstractAutowireCapableBeanFactory.autowireConstructor(AbstractAutowireCapableBeanFactory.java:1375)
	at org.springframework.beans.factory.support.AbstractAutowireCapableBeanFactory.createBeanInstance(AbstractAutowireCapableBeanFactory.java:1212)
	at org.springframework.beans.factory.support.AbstractAutowireCapableBeanFactory.doCreateBean(AbstractAutowireCapableBeanFactory.java:562)
	at org.springframework.beans.factory.support.AbstractAutowireCapableBeanFactory.createBean(AbstractAutowireCapableBeanFactory.java:522)
	at org.springframework.beans.factory.support.AbstractBeanFactory.lambda$doGetBean$0(AbstractBeanFactory.java:337)
	at org.springframework.beans.factory.support.DefaultSingletonBeanRegistry.getSingleton(DefaultSingletonBeanRegistry.java:234)
	at org.springframework.beans.factory.support.AbstractBeanFactory.doGetBean(AbstractBeanFactory.java:335)
	at org.springframework.beans.factory.support.AbstractBeanFactory.getBean(AbstractBeanFactory.java:200)
	at org.springframework.beans.factory.support.DefaultListableBeanFactory.preInstantiateSingletons(DefaultListableBeanFactory.java:975)
	at org.springframework.context.support.AbstractApplicationContext.finishBeanFactoryInitialization(AbstractApplicationContext.java:971)
	at org.springframework.context.support.AbstractApplicationContext.refresh(AbstractApplicationContext.java:625)
	at org.springframework.boot.web.servlet.context.ServletWebServerApplicationContext.refresh(ServletWebServerApplicationContext.java:146)
	at org.springframework.boot.SpringApplication.refresh(SpringApplication.java:755)
	at org.springframework.boot.SpringApplication.refreshContext(SpringApplication.java:456)
	at org.springframework.boot.SpringApplication.run(SpringApplication.java:335)
	at org.springframework.boot.SpringApplication.run(SpringApplication.java:1364)
	at org.springframework.boot.SpringApplication.run(SpringApplication.java:1353)
	at com.example.loan_service.LoanServiceApplication.main(LoanServiceApplication.java:11)
	at java.base/jdk.internal.reflect.NativeMethodAccessorImpl.invoke0(Native Method)
	at java.base/jdk.internal.reflect.NativeMethodAccessorImpl.invoke(NativeMethodAccessorImpl.java:77)
	at java.base/jdk.internal.reflect.DelegatingMethodAccessorImpl.invoke(DelegatingMethodAccessorImpl.java:43)
	at java.base/java.lang.reflect.Method.invoke(Method.java:569)
	at org.springframework.boot.devtools.restart.RestartLauncher.run(RestartLauncher.java:50)
2025-09-05 09:15:33 DEBUG [restartedMain] org.hibernate.orm.query.hql [,] - HQL :   SELECT r.status, COUNT(r)
  FROM Repayment r
  GROUP BY r.status

2025-09-05 09:15:33 DEBUG [restartedMain] o.h.o.q.hql.reservedWordAsIdentifier [,] - Encountered use of reserved word as identifier : (
2025-09-05 09:15:33 DEBUG [restartedMain] org.hibernate.orm.query.sqm.ast [,] - SqmStatement Tree :
    -> [select]
      -> [query-spec]
        -> [select]
          -> [selection]
            -> [basic-path] - `com.example.loan_service.entity.Repayment(r).status`
          <- [selection]
          -> [selection]
          <- [selection]
        <- [select]
        -> [from]
          -> [root] - `com.example.loan_service.entity.Repayment(r)`
          <- [root] - `com.example.loan_service.entity.Repayment(r)`
        <- [from]
        -> [group-by]
          -> [basic-path] - `com.example.loan_service.entity.Repayment(r).status`
        <- [group-by]
      <- [query-spec]
    <- [select]

2025-09-05 09:15:33 DEBUG [restartedMain] o.h.r.t.b.j.i.JdbcResourceLocalTransactionCoordinatorImpl [,] - JDBC transaction marked for rollback-only (exception provided for stack trace)
java.lang.Exception: exception just for purpose of providing stack trace
	at org.hibernate.resource.transaction.backend.jdbc.internal.JdbcResourceLocalTransactionCoordinatorImpl$TransactionDriverControlImpl.markRollbackOnly(JdbcResourceLocalTransactionCoordinatorImpl.java:309)
	at org.hibernate.internal.AbstractSharedSessionContract.buildNamedQuery(AbstractSharedSessionContract.java:1109)
	at org.hibernate.internal.AbstractSharedSessionContract.createNamedQuery(AbstractSharedSessionContract.java:987)
	at org.hibernate.internal.AbstractSharedSessionContract.createNamedQuery(AbstractSharedSessionContract.java:140)
	at jdk.internal.reflect.GeneratedMethodAccessor33.invoke(Unknown Source)
	at java.base/jdk.internal.reflect.DelegatingMethodAccessorImpl.invoke(DelegatingMethodAccessorImpl.java:43)
	at java.base/java.lang.reflect.Method.invoke(Method.java:569)
	at org.springframework.orm.jpa.ExtendedEntityManagerCreator$ExtendedEntityManagerInvocationHandler.invoke(ExtendedEntityManagerCreator.java:364)
	at jdk.proxy3/jdk.proxy3.$Proxy250.createNamedQuery(Unknown Source)
	at org.springframework.data.jpa.repository.query.NamedQuery.hasNamedQuery(NamedQuery.java:112)
	at org.springframework.data.jpa.repository.query.JpaQueryLookupStrategy$DeclaredQueryLookupStrategy.getCountQuery(JpaQueryLookupStrategy.java:204)
	at org.springframework.data.jpa.repository.query.JpaQueryLookupStrategy$DeclaredQueryLookupStrategy.resolveQuery(JpaQueryLookupStrategy.java:171)
	at org.springframework.data.jpa.repository.query.JpaQueryLookupStrategy$CreateIfNotFoundQueryLookupStrategy.resolveQuery(JpaQueryLookupStrategy.java:252)
	at org.springframework.data.jpa.repository.query.JpaQueryLookupStrategy$AbstractQueryLookupStrategy.resolveQuery(JpaQueryLookupStrategy.java:95)
	at org.springframework.data.repository.core.support.QueryExecutorMethodInterceptor.lookupQuery(QueryExecutorMethodInterceptor.java:115)
	at org.springframework.data.repository.core.support.QueryExecutorMethodInterceptor.mapMethodsToQuery(QueryExecutorMethodInterceptor.java:103)
	at org.springframework.data.repository.core.support.QueryExecutorMethodInterceptor.lambda$new$0(QueryExecutorMethodInterceptor.java:92)
	at java.base/java.util.Optional.map(Optional.java:260)
	at org.springframework.data.repository.core.support.QueryExecutorMethodInterceptor.<init>(QueryExecutorMethodInterceptor.java:92)
	at org.springframework.data.repository.core.support.RepositoryFactorySupport.getRepository(RepositoryFactorySupport.java:357)
	at org.springframework.data.repository.core.support.RepositoryFactoryBeanSupport.lambda$afterPropertiesSet$5(RepositoryFactoryBeanSupport.java:290)
	at org.springframework.data.util.Lazy.getNullable(Lazy.java:135)
	at org.springframework.data.util.Lazy.get(Lazy.java:113)
	at org.springframework.data.repository.core.support.RepositoryFactoryBeanSupport.afterPropertiesSet(RepositoryFactoryBeanSupport.java:296)
	at org.springframework.data.jpa.repository.support.JpaRepositoryFactoryBean.afterPropertiesSet(JpaRepositoryFactoryBean.java:132)
	at org.springframework.beans.factory.support.AbstractAutowireCapableBeanFactory.invokeInitMethods(AbstractAutowireCapableBeanFactory.java:1853)
	at org.springframework.beans.factory.support.AbstractAutowireCapableBeanFactory.initializeBean(AbstractAutowireCapableBeanFactory.java:1802)
	at org.springframework.beans.factory.support.AbstractAutowireCapableBeanFactory.doCreateBean(AbstractAutowireCapableBeanFactory.java:600)
	at org.springframework.beans.factory.support.AbstractAutowireCapableBeanFactory.createBean(AbstractAutowireCapableBeanFactory.java:522)
	at org.springframework.beans.factory.support.AbstractBeanFactory.lambda$doGetBean$0(AbstractBeanFactory.java:337)
	at org.springframework.beans.factory.support.DefaultSingletonBeanRegistry.getSingleton(DefaultSingletonBeanRegistry.java:234)
	at org.springframework.beans.factory.support.AbstractBeanFactory.doGetBean(AbstractBeanFactory.java:335)
	at org.springframework.beans.factory.support.AbstractBeanFactory.getBean(AbstractBeanFactory.java:200)
	at org.springframework.beans.factory.config.DependencyDescriptor.resolveCandidate(DependencyDescriptor.java:254)
	at org.springframework.beans.factory.support.DefaultListableBeanFactory.doResolveDependency(DefaultListableBeanFactory.java:1448)
	at org.springframework.beans.factory.support.DefaultListableBeanFactory.resolveDependency(DefaultListableBeanFactory.java:1358)
	at org.springframework.beans.factory.support.ConstructorResolver.resolveAutowiredArgument(ConstructorResolver.java:904)
	at org.springframework.beans.factory.support.ConstructorResolver.createArgumentArray(ConstructorResolver.java:782)
	at org.springframework.beans.factory.support.ConstructorResolver.autowireConstructor(ConstructorResolver.java:237)
	at org.springframework.beans.factory.support.AbstractAutowireCapableBeanFactory.autowireConstructor(AbstractAutowireCapableBeanFactory.java:1375)
	at org.springframework.beans.factory.support.AbstractAutowireCapableBeanFactory.createBeanInstance(AbstractAutowireCapableBeanFactory.java:1212)
	at org.springframework.beans.factory.support.AbstractAutowireCapableBeanFactory.doCreateBean(AbstractAutowireCapableBeanFactory.java:562)
	at org.springframework.beans.factory.support.AbstractAutowireCapableBeanFactory.createBean(AbstractAutowireCapableBeanFactory.java:522)
	at org.springframework.beans.factory.support.AbstractBeanFactory.lambda$doGetBean$0(AbstractBeanFactory.java:337)
	at org.springframework.beans.factory.support.DefaultSingletonBeanRegistry.getSingleton(DefaultSingletonBeanRegistry.java:234)
	at org.springframework.beans.factory.support.AbstractBeanFactory.doGetBean(AbstractBeanFactory.java:335)
	at org.springframework.beans.factory.support.AbstractBeanFactory.getBean(AbstractBeanFactory.java:200)
	at org.springframework.beans.factory.config.DependencyDescriptor.resolveCandidate(DependencyDescriptor.java:254)
	at org.springframework.beans.factory.support.DefaultListableBeanFactory.doResolveDependency(DefaultListableBeanFactory.java:1448)
	at org.springframework.beans.factory.support.DefaultListableBeanFactory.resolveDependency(DefaultListableBeanFactory.java:1358)
	at org.springframework.beans.factory.support.ConstructorResolver.resolveAutowiredArgument(ConstructorResolver.java:904)
	at org.springframework.beans.factory.support.ConstructorResolver.createArgumentArray(ConstructorResolver.java:782)
	at org.springframework.beans.factory.support.ConstructorResolver.autowireConstructor(ConstructorResolver.java:237)
	at org.springframework.beans.factory.support.AbstractAutowireCapableBeanFactory.autowireConstructor(AbstractAutowireCapableBeanFactory.java:1375)
	at org.springframework.beans.factory.support.AbstractAutowireCapableBeanFactory.createBeanInstance(AbstractAutowireCapableBeanFactory.java:1212)
	at org.springframework.beans.factory.support.AbstractAutowireCapableBeanFactory.doCreateBean(AbstractAutowireCapableBeanFactory.java:562)
	at org.springframework.beans.factory.support.AbstractAutowireCapableBeanFactory.createBean(AbstractAutowireCapableBeanFactory.java:522)
	at org.springframework.beans.factory.support.AbstractBeanFactory.lambda$doGetBean$0(AbstractBeanFactory.java:337)
	at org.springframework.beans.factory.support.DefaultSingletonBeanRegistry.getSingleton(DefaultSingletonBeanRegistry.java:234)
	at org.springframework.beans.factory.support.AbstractBeanFactory.doGetBean(AbstractBeanFactory.java:335)
	at org.springframework.beans.factory.support.AbstractBeanFactory.getBean(AbstractBeanFactory.java:200)
	at org.springframework.beans.factory.support.DefaultListableBeanFactory.preInstantiateSingletons(DefaultListableBeanFactory.java:975)
	at org.springframework.context.support.AbstractApplicationContext.finishBeanFactoryInitialization(AbstractApplicationContext.java:971)
	at org.springframework.context.support.AbstractApplicationContext.refresh(AbstractApplicationContext.java:625)
	at org.springframework.boot.web.servlet.context.ServletWebServerApplicationContext.refresh(ServletWebServerApplicationContext.java:146)
	at org.springframework.boot.SpringApplication.refresh(SpringApplication.java:755)
	at org.springframework.boot.SpringApplication.refreshContext(SpringApplication.java:456)
	at org.springframework.boot.SpringApplication.run(SpringApplication.java:335)
	at org.springframework.boot.SpringApplication.run(SpringApplication.java:1364)
	at org.springframework.boot.SpringApplication.run(SpringApplication.java:1353)
	at com.example.loan_service.LoanServiceApplication.main(LoanServiceApplication.java:11)
	at java.base/jdk.internal.reflect.NativeMethodAccessorImpl.invoke0(Native Method)
	at java.base/jdk.internal.reflect.NativeMethodAccessorImpl.invoke(NativeMethodAccessorImpl.java:77)
	at java.base/jdk.internal.reflect.DelegatingMethodAccessorImpl.invoke(DelegatingMethodAccessorImpl.java:43)
	at java.base/java.lang.reflect.Method.invoke(Method.java:569)
	at org.springframework.boot.devtools.restart.RestartLauncher.run(RestartLauncher.java:50)
2025-09-05 09:15:33 DEBUG [restartedMain] org.hibernate.orm.query.hql [,] - HQL : SELECT r FROM Repayment r WHERE r.loan.loanId = :loanId AND r.status <> 'PAID' ORDER BY r.dueDate ASC
2025-09-05 09:15:33 DEBUG [restartedMain] o.hibernate.orm.query.sqm.creation [,] - Applying inferable type to SqmExpression [SqmNamedParameter(loanId)] : null -> SqmBasicValuedSimplePath(com.example.loan_service.entity.Repayment(r).loan.loanId)
2025-09-05 09:15:33 DEBUG [restartedMain] org.hibernate.orm.query.sqm.ast [,] - SqmStatement Tree :
    -> [select]
      -> [query-spec]
        -> [select]
          -> [selection]
            -> [root] - `com.example.loan_service.entity.Repayment(r)`
            <- [root] - `com.example.loan_service.entity.Repayment(r)`
          <- [selection]
        <- [select]
        -> [from]
          -> [root] - `com.example.loan_service.entity.Repayment(r)`
          <- [root] - `com.example.loan_service.entity.Repayment(r)`
        <- [from]
        -> [where]
          -> [and]
            -> [EQUAL]
                -> [basic-path] - `com.example.loan_service.entity.Repayment(r).loan.loanId`
                :loanId
            <- [EQUAL]
            -> [NOT_EQUAL]
                -> [basic-path] - `com.example.loan_service.entity.Repayment(r).status`
            <- [NOT_EQUAL]
          <- [and]
        <- [where]
      <- [query-spec]
    <- [select]

2025-09-05 09:15:33 DEBUG [restartedMain] o.h.r.t.b.j.i.JdbcResourceLocalTransactionCoordinatorImpl [,] - JDBC transaction marked for rollback-only (exception provided for stack trace)
java.lang.Exception: exception just for purpose of providing stack trace
	at org.hibernate.resource.transaction.backend.jdbc.internal.JdbcResourceLocalTransactionCoordinatorImpl$TransactionDriverControlImpl.markRollbackOnly(JdbcResourceLocalTransactionCoordinatorImpl.java:309)
	at org.hibernate.internal.AbstractSharedSessionContract.buildNamedQuery(AbstractSharedSessionContract.java:1109)
	at org.hibernate.internal.AbstractSharedSessionContract.createNamedQuery(AbstractSharedSessionContract.java:987)
	at org.hibernate.internal.AbstractSharedSessionContract.createNamedQuery(AbstractSharedSessionContract.java:140)
	at jdk.internal.reflect.GeneratedMethodAccessor33.invoke(Unknown Source)
	at java.base/jdk.internal.reflect.DelegatingMethodAccessorImpl.invoke(DelegatingMethodAccessorImpl.java:43)
	at java.base/java.lang.reflect.Method.invoke(Method.java:569)
	at org.springframework.orm.jpa.ExtendedEntityManagerCreator$ExtendedEntityManagerInvocationHandler.invoke(ExtendedEntityManagerCreator.java:364)
	at jdk.proxy3/jdk.proxy3.$Proxy250.createNamedQuery(Unknown Source)
	at org.springframework.data.jpa.repository.query.NamedQuery.hasNamedQuery(NamedQuery.java:112)
	at org.springframework.data.jpa.repository.query.JpaQueryLookupStrategy$DeclaredQueryLookupStrategy.getCountQuery(JpaQueryLookupStrategy.java:204)
	at org.springframework.data.jpa.repository.query.JpaQueryLookupStrategy$DeclaredQueryLookupStrategy.resolveQuery(JpaQueryLookupStrategy.java:171)
	at org.springframework.data.jpa.repository.query.JpaQueryLookupStrategy$CreateIfNotFoundQueryLookupStrategy.resolveQuery(JpaQueryLookupStrategy.java:252)
	at org.springframework.data.jpa.repository.query.JpaQueryLookupStrategy$AbstractQueryLookupStrategy.resolveQuery(JpaQueryLookupStrategy.java:95)
	at org.springframework.data.repository.core.support.QueryExecutorMethodInterceptor.lookupQuery(QueryExecutorMethodInterceptor.java:115)
	at org.springframework.data.repository.core.support.QueryExecutorMethodInterceptor.mapMethodsToQuery(QueryExecutorMethodInterceptor.java:103)
	at org.springframework.data.repository.core.support.QueryExecutorMethodInterceptor.lambda$new$0(QueryExecutorMethodInterceptor.java:92)
	at java.base/java.util.Optional.map(Optional.java:260)
	at org.springframework.data.repository.core.support.QueryExecutorMethodInterceptor.<init>(QueryExecutorMethodInterceptor.java:92)
	at org.springframework.data.repository.core.support.RepositoryFactorySupport.getRepository(RepositoryFactorySupport.java:357)
	at org.springframework.data.repository.core.support.RepositoryFactoryBeanSupport.lambda$afterPropertiesSet$5(RepositoryFactoryBeanSupport.java:290)
	at org.springframework.data.util.Lazy.getNullable(Lazy.java:135)
	at org.springframework.data.util.Lazy.get(Lazy.java:113)
	at org.springframework.data.repository.core.support.RepositoryFactoryBeanSupport.afterPropertiesSet(RepositoryFactoryBeanSupport.java:296)
	at org.springframework.data.jpa.repository.support.JpaRepositoryFactoryBean.afterPropertiesSet(JpaRepositoryFactoryBean.java:132)
	at org.springframework.beans.factory.support.AbstractAutowireCapableBeanFactory.invokeInitMethods(AbstractAutowireCapableBeanFactory.java:1853)
	at org.springframework.beans.factory.support.AbstractAutowireCapableBeanFactory.initializeBean(AbstractAutowireCapableBeanFactory.java:1802)
	at org.springframework.beans.factory.support.AbstractAutowireCapableBeanFactory.doCreateBean(AbstractAutowireCapableBeanFactory.java:600)
	at org.springframework.beans.factory.support.AbstractAutowireCapableBeanFactory.createBean(AbstractAutowireCapableBeanFactory.java:522)
	at org.springframework.beans.factory.support.AbstractBeanFactory.lambda$doGetBean$0(AbstractBeanFactory.java:337)
	at org.springframework.beans.factory.support.DefaultSingletonBeanRegistry.getSingleton(DefaultSingletonBeanRegistry.java:234)
	at org.springframework.beans.factory.support.AbstractBeanFactory.doGetBean(AbstractBeanFactory.java:335)
	at org.springframework.beans.factory.support.AbstractBeanFactory.getBean(AbstractBeanFactory.java:200)
	at org.springframework.beans.factory.config.DependencyDescriptor.resolveCandidate(DependencyDescriptor.java:254)
	at org.springframework.beans.factory.support.DefaultListableBeanFactory.doResolveDependency(DefaultListableBeanFactory.java:1448)
	at org.springframework.beans.factory.support.DefaultListableBeanFactory.resolveDependency(DefaultListableBeanFactory.java:1358)
	at org.springframework.beans.factory.support.ConstructorResolver.resolveAutowiredArgument(ConstructorResolver.java:904)
	at org.springframework.beans.factory.support.ConstructorResolver.createArgumentArray(ConstructorResolver.java:782)
	at org.springframework.beans.factory.support.ConstructorResolver.autowireConstructor(ConstructorResolver.java:237)
	at org.springframework.beans.factory.support.AbstractAutowireCapableBeanFactory.autowireConstructor(AbstractAutowireCapableBeanFactory.java:1375)
	at org.springframework.beans.factory.support.AbstractAutowireCapableBeanFactory.createBeanInstance(AbstractAutowireCapableBeanFactory.java:1212)
	at org.springframework.beans.factory.support.AbstractAutowireCapableBeanFactory.doCreateBean(AbstractAutowireCapableBeanFactory.java:562)
	at org.springframework.beans.factory.support.AbstractAutowireCapableBeanFactory.createBean(AbstractAutowireCapableBeanFactory.java:522)
	at org.springframework.beans.factory.support.AbstractBeanFactory.lambda$doGetBean$0(AbstractBeanFactory.java:337)
	at org.springframework.beans.factory.support.DefaultSingletonBeanRegistry.getSingleton(DefaultSingletonBeanRegistry.java:234)
	at org.springframework.beans.factory.support.AbstractBeanFactory.doGetBean(AbstractBeanFactory.java:335)
	at org.springframework.beans.factory.support.AbstractBeanFactory.getBean(AbstractBeanFactory.java:200)
	at org.springframework.beans.factory.config.DependencyDescriptor.resolveCandidate(DependencyDescriptor.java:254)
	at org.springframework.beans.factory.support.DefaultListableBeanFactory.doResolveDependency(DefaultListableBeanFactory.java:1448)
	at org.springframework.beans.factory.support.DefaultListableBeanFactory.resolveDependency(DefaultListableBeanFactory.java:1358)
	at org.springframework.beans.factory.support.ConstructorResolver.resolveAutowiredArgument(ConstructorResolver.java:904)
	at org.springframework.beans.factory.support.ConstructorResolver.createArgumentArray(ConstructorResolver.java:782)
	at org.springframework.beans.factory.support.ConstructorResolver.autowireConstructor(ConstructorResolver.java:237)
	at org.springframework.beans.factory.support.AbstractAutowireCapableBeanFactory.autowireConstructor(AbstractAutowireCapableBeanFactory.java:1375)
	at org.springframework.beans.factory.support.AbstractAutowireCapableBeanFactory.createBeanInstance(AbstractAutowireCapableBeanFactory.java:1212)
	at org.springframework.beans.factory.support.AbstractAutowireCapableBeanFactory.doCreateBean(AbstractAutowireCapableBeanFactory.java:562)
	at org.springframework.beans.factory.support.AbstractAutowireCapableBeanFactory.createBean(AbstractAutowireCapableBeanFactory.java:522)
	at org.springframework.beans.factory.support.AbstractBeanFactory.lambda$doGetBean$0(AbstractBeanFactory.java:337)
	at org.springframework.beans.factory.support.DefaultSingletonBeanRegistry.getSingleton(DefaultSingletonBeanRegistry.java:234)
	at org.springframework.beans.factory.support.AbstractBeanFactory.doGetBean(AbstractBeanFactory.java:335)
	at org.springframework.beans.factory.support.AbstractBeanFactory.getBean(AbstractBeanFactory.java:200)
	at org.springframework.beans.factory.support.DefaultListableBeanFactory.preInstantiateSingletons(DefaultListableBeanFactory.java:975)
	at org.springframework.context.support.AbstractApplicationContext.finishBeanFactoryInitialization(AbstractApplicationContext.java:971)
	at org.springframework.context.support.AbstractApplicationContext.refresh(AbstractApplicationContext.java:625)
	at org.springframework.boot.web.servlet.context.ServletWebServerApplicationContext.refresh(ServletWebServerApplicationContext.java:146)
	at org.springframework.boot.SpringApplication.refresh(SpringApplication.java:755)
	at org.springframework.boot.SpringApplication.refreshContext(SpringApplication.java:456)
	at org.springframework.boot.SpringApplication.run(SpringApplication.java:335)
	at org.springframework.boot.SpringApplication.run(SpringApplication.java:1364)
	at org.springframework.boot.SpringApplication.run(SpringApplication.java:1353)
	at com.example.loan_service.LoanServiceApplication.main(LoanServiceApplication.java:11)
	at java.base/jdk.internal.reflect.NativeMethodAccessorImpl.invoke0(Native Method)
	at java.base/jdk.internal.reflect.NativeMethodAccessorImpl.invoke(NativeMethodAccessorImpl.java:77)
	at java.base/jdk.internal.reflect.DelegatingMethodAccessorImpl.invoke(DelegatingMethodAccessorImpl.java:43)
	at java.base/java.lang.reflect.Method.invoke(Method.java:569)
	at org.springframework.boot.devtools.restart.RestartLauncher.run(RestartLauncher.java:50)
2025-09-05 09:15:33 DEBUG [restartedMain] org.hibernate.orm.query.hql [,] - HQL :    SELECT r FROM Repayment r
    WHERE r.loan.loanId = :loanId
      AND r.status <> :late
      AND r.dueDate < CURRENT_DATE
    ORDER BY r.dueDate ASC

2025-09-05 09:15:33 DEBUG [restartedMain] o.hibernate.orm.query.sqm.creation [,] - Applying inferable type to SqmExpression [SqmNamedParameter(loanId)] : null -> SqmBasicValuedSimplePath(com.example.loan_service.entity.Repayment(r).loan.loanId)
2025-09-05 09:15:33 DEBUG [restartedMain] o.hibernate.orm.query.sqm.creation [,] - Applying inferable type to SqmExpression [SqmNamedParameter(late)] : null -> SqmBasicValuedSimplePath(com.example.loan_service.entity.Repayment(r).status)
2025-09-05 09:15:33 DEBUG [restartedMain] org.hibernate.orm.query.sqm.ast [,] - SqmStatement Tree :
    -> [select]
      -> [query-spec]
        -> [select]
          -> [selection]
            -> [root] - `com.example.loan_service.entity.Repayment(r)`
            <- [root] - `com.example.loan_service.entity.Repayment(r)`
          <- [selection]
        <- [select]
        -> [from]
          -> [root] - `com.example.loan_service.entity.Repayment(r)`
          <- [root] - `com.example.loan_service.entity.Repayment(r)`
        <- [from]
        -> [where]
          -> [and]
            -> [EQUAL]
                -> [basic-path] - `com.example.loan_service.entity.Repayment(r).loan.loanId`
                :loanId
            <- [EQUAL]
            -> [NOT_EQUAL]
                -> [basic-path] - `com.example.loan_service.entity.Repayment(r).status`
                :late
            <- [NOT_EQUAL]
            -> [LESS_THAN]
                -> [basic-path] - `com.example.loan_service.entity.Repayment(r).dueDate`
            <- [LESS_THAN]
          <- [and]
        <- [where]
      <- [query-spec]
    <- [select]

2025-09-05 09:15:33 DEBUG [restartedMain] o.h.r.t.b.j.i.JdbcResourceLocalTransactionCoordinatorImpl [,] - JDBC transaction marked for rollback-only (exception provided for stack trace)
java.lang.Exception: exception just for purpose of providing stack trace
	at org.hibernate.resource.transaction.backend.jdbc.internal.JdbcResourceLocalTransactionCoordinatorImpl$TransactionDriverControlImpl.markRollbackOnly(JdbcResourceLocalTransactionCoordinatorImpl.java:309)
	at org.hibernate.internal.AbstractSharedSessionContract.buildNamedQuery(AbstractSharedSessionContract.java:1109)
	at org.hibernate.internal.AbstractSharedSessionContract.createNamedQuery(AbstractSharedSessionContract.java:987)
	at org.hibernate.internal.AbstractSharedSessionContract.createNamedQuery(AbstractSharedSessionContract.java:140)
	at jdk.internal.reflect.GeneratedMethodAccessor33.invoke(Unknown Source)
	at java.base/jdk.internal.reflect.DelegatingMethodAccessorImpl.invoke(DelegatingMethodAccessorImpl.java:43)
	at java.base/java.lang.reflect.Method.invoke(Method.java:569)
	at org.springframework.orm.jpa.ExtendedEntityManagerCreator$ExtendedEntityManagerInvocationHandler.invoke(ExtendedEntityManagerCreator.java:364)
	at jdk.proxy3/jdk.proxy3.$Proxy250.createNamedQuery(Unknown Source)
	at org.springframework.data.jpa.repository.query.NamedQuery.hasNamedQuery(NamedQuery.java:112)
	at org.springframework.data.jpa.repository.query.JpaQueryLookupStrategy$DeclaredQueryLookupStrategy.getCountQuery(JpaQueryLookupStrategy.java:204)
	at org.springframework.data.jpa.repository.query.JpaQueryLookupStrategy$DeclaredQueryLookupStrategy.resolveQuery(JpaQueryLookupStrategy.java:171)
	at org.springframework.data.jpa.repository.query.JpaQueryLookupStrategy$CreateIfNotFoundQueryLookupStrategy.resolveQuery(JpaQueryLookupStrategy.java:252)
	at org.springframework.data.jpa.repository.query.JpaQueryLookupStrategy$AbstractQueryLookupStrategy.resolveQuery(JpaQueryLookupStrategy.java:95)
	at org.springframework.data.repository.core.support.QueryExecutorMethodInterceptor.lookupQuery(QueryExecutorMethodInterceptor.java:115)
	at org.springframework.data.repository.core.support.QueryExecutorMethodInterceptor.mapMethodsToQuery(QueryExecutorMethodInterceptor.java:103)
	at org.springframework.data.repository.core.support.QueryExecutorMethodInterceptor.lambda$new$0(QueryExecutorMethodInterceptor.java:92)
	at java.base/java.util.Optional.map(Optional.java:260)
	at org.springframework.data.repository.core.support.QueryExecutorMethodInterceptor.<init>(QueryExecutorMethodInterceptor.java:92)
	at org.springframework.data.repository.core.support.RepositoryFactorySupport.getRepository(RepositoryFactorySupport.java:357)
	at org.springframework.data.repository.core.support.RepositoryFactoryBeanSupport.lambda$afterPropertiesSet$5(RepositoryFactoryBeanSupport.java:290)
	at org.springframework.data.util.Lazy.getNullable(Lazy.java:135)
	at org.springframework.data.util.Lazy.get(Lazy.java:113)
	at org.springframework.data.repository.core.support.RepositoryFactoryBeanSupport.afterPropertiesSet(RepositoryFactoryBeanSupport.java:296)
	at org.springframework.data.jpa.repository.support.JpaRepositoryFactoryBean.afterPropertiesSet(JpaRepositoryFactoryBean.java:132)
	at org.springframework.beans.factory.support.AbstractAutowireCapableBeanFactory.invokeInitMethods(AbstractAutowireCapableBeanFactory.java:1853)
	at org.springframework.beans.factory.support.AbstractAutowireCapableBeanFactory.initializeBean(AbstractAutowireCapableBeanFactory.java:1802)
	at org.springframework.beans.factory.support.AbstractAutowireCapableBeanFactory.doCreateBean(AbstractAutowireCapableBeanFactory.java:600)
	at org.springframework.beans.factory.support.AbstractAutowireCapableBeanFactory.createBean(AbstractAutowireCapableBeanFactory.java:522)
	at org.springframework.beans.factory.support.AbstractBeanFactory.lambda$doGetBean$0(AbstractBeanFactory.java:337)
	at org.springframework.beans.factory.support.DefaultSingletonBeanRegistry.getSingleton(DefaultSingletonBeanRegistry.java:234)
	at org.springframework.beans.factory.support.AbstractBeanFactory.doGetBean(AbstractBeanFactory.java:335)
	at org.springframework.beans.factory.support.AbstractBeanFactory.getBean(AbstractBeanFactory.java:200)
	at org.springframework.beans.factory.config.DependencyDescriptor.resolveCandidate(DependencyDescriptor.java:254)
	at org.springframework.beans.factory.support.DefaultListableBeanFactory.doResolveDependency(DefaultListableBeanFactory.java:1448)
	at org.springframework.beans.factory.support.DefaultListableBeanFactory.resolveDependency(DefaultListableBeanFactory.java:1358)
	at org.springframework.beans.factory.support.ConstructorResolver.resolveAutowiredArgument(ConstructorResolver.java:904)
	at org.springframework.beans.factory.support.ConstructorResolver.createArgumentArray(ConstructorResolver.java:782)
	at org.springframework.beans.factory.support.ConstructorResolver.autowireConstructor(ConstructorResolver.java:237)
	at org.springframework.beans.factory.support.AbstractAutowireCapableBeanFactory.autowireConstructor(AbstractAutowireCapableBeanFactory.java:1375)
	at org.springframework.beans.factory.support.AbstractAutowireCapableBeanFactory.createBeanInstance(AbstractAutowireCapableBeanFactory.java:1212)
	at org.springframework.beans.factory.support.AbstractAutowireCapableBeanFactory.doCreateBean(AbstractAutowireCapableBeanFactory.java:562)
	at org.springframework.beans.factory.support.AbstractAutowireCapableBeanFactory.createBean(AbstractAutowireCapableBeanFactory.java:522)
	at org.springframework.beans.factory.support.AbstractBeanFactory.lambda$doGetBean$0(AbstractBeanFactory.java:337)
	at org.springframework.beans.factory.support.DefaultSingletonBeanRegistry.getSingleton(DefaultSingletonBeanRegistry.java:234)
	at org.springframework.beans.factory.support.AbstractBeanFactory.doGetBean(AbstractBeanFactory.java:335)
	at org.springframework.beans.factory.support.AbstractBeanFactory.getBean(AbstractBeanFactory.java:200)
	at org.springframework.beans.factory.config.DependencyDescriptor.resolveCandidate(DependencyDescriptor.java:254)
	at org.springframework.beans.factory.support.DefaultListableBeanFactory.doResolveDependency(DefaultListableBeanFactory.java:1448)
	at org.springframework.beans.factory.support.DefaultListableBeanFactory.resolveDependency(DefaultListableBeanFactory.java:1358)
	at org.springframework.beans.factory.support.ConstructorResolver.resolveAutowiredArgument(ConstructorResolver.java:904)
	at org.springframework.beans.factory.support.ConstructorResolver.createArgumentArray(ConstructorResolver.java:782)
	at org.springframework.beans.factory.support.ConstructorResolver.autowireConstructor(ConstructorResolver.java:237)
	at org.springframework.beans.factory.support.AbstractAutowireCapableBeanFactory.autowireConstructor(AbstractAutowireCapableBeanFactory.java:1375)
	at org.springframework.beans.factory.support.AbstractAutowireCapableBeanFactory.createBeanInstance(AbstractAutowireCapableBeanFactory.java:1212)
	at org.springframework.beans.factory.support.AbstractAutowireCapableBeanFactory.doCreateBean(AbstractAutowireCapableBeanFactory.java:562)
	at org.springframework.beans.factory.support.AbstractAutowireCapableBeanFactory.createBean(AbstractAutowireCapableBeanFactory.java:522)
	at org.springframework.beans.factory.support.AbstractBeanFactory.lambda$doGetBean$0(AbstractBeanFactory.java:337)
	at org.springframework.beans.factory.support.DefaultSingletonBeanRegistry.getSingleton(DefaultSingletonBeanRegistry.java:234)
	at org.springframework.beans.factory.support.AbstractBeanFactory.doGetBean(AbstractBeanFactory.java:335)
	at org.springframework.beans.factory.support.AbstractBeanFactory.getBean(AbstractBeanFactory.java:200)
	at org.springframework.beans.factory.support.DefaultListableBeanFactory.preInstantiateSingletons(DefaultListableBeanFactory.java:975)
	at org.springframework.context.support.AbstractApplicationContext.finishBeanFactoryInitialization(AbstractApplicationContext.java:971)
	at org.springframework.context.support.AbstractApplicationContext.refresh(AbstractApplicationContext.java:625)
	at org.springframework.boot.web.servlet.context.ServletWebServerApplicationContext.refresh(ServletWebServerApplicationContext.java:146)
	at org.springframework.boot.SpringApplication.refresh(SpringApplication.java:755)
	at org.springframework.boot.SpringApplication.refreshContext(SpringApplication.java:456)
	at org.springframework.boot.SpringApplication.run(SpringApplication.java:335)
	at org.springframework.boot.SpringApplication.run(SpringApplication.java:1364)
	at org.springframework.boot.SpringApplication.run(SpringApplication.java:1353)
	at com.example.loan_service.LoanServiceApplication.main(LoanServiceApplication.java:11)
	at java.base/jdk.internal.reflect.NativeMethodAccessorImpl.invoke0(Native Method)
	at java.base/jdk.internal.reflect.NativeMethodAccessorImpl.invoke(NativeMethodAccessorImpl.java:77)
	at java.base/jdk.internal.reflect.DelegatingMethodAccessorImpl.invoke(DelegatingMethodAccessorImpl.java:43)
	at java.base/java.lang.reflect.Method.invoke(Method.java:569)
	at org.springframework.boot.devtools.restart.RestartLauncher.run(RestartLauncher.java:50)
2025-09-05 09:15:35 DEBUG [restartedMain] o.h.v.m.ResourceBundleMessageInterpolator [,] - Loaded expression factory via original TCCL
2025-09-05 09:15:35 DEBUG [restartedMain] o.h.v.i.e.AbstractConfigurationImpl [,] - Setting custom MessageInterpolator of type org.springframework.validation.beanvalidation.LocaleContextMessageInterpolator
2025-09-05 09:15:35 DEBUG [restartedMain] o.h.v.i.e.AbstractConfigurationImpl [,] - Setting custom ConstraintValidatorFactory of type org.springframework.validation.beanvalidation.SpringConstraintValidatorFactory
2025-09-05 09:15:35 DEBUG [restartedMain] o.h.v.i.x.config.ValidationXmlParser [,] - Trying to load META-INF/validation.xml for XML based Validator configuration.
2025-09-05 09:15:35 DEBUG [restartedMain] o.h.v.i.x.c.ResourceLoaderHelper [,] - Trying to load META-INF/validation.xml via user class loader
2025-09-05 09:15:35 DEBUG [restartedMain] o.h.v.i.x.c.ResourceLoaderHelper [,] - Trying to load META-INF/validation.xml via TCCL
2025-09-05 09:15:35 DEBUG [restartedMain] o.h.v.i.x.c.ResourceLoaderHelper [,] - Trying to load META-INF/validation.xml via Hibernate Validator's class loader
2025-09-05 09:15:35 DEBUG [restartedMain] o.h.v.i.x.config.ValidationXmlParser [,] - No META-INF/validation.xml found. Using annotation based configuration only.
2025-09-05 09:15:35 DEBUG [restartedMain] o.h.v.i.e.r.TraversableResolvers [,] - Found jakarta.persistence.Persistence on classpath containing 'getPersistenceUtil'. Assuming JPA 2 environment. Trying to instantiate JPA aware TraversableResolver
2025-09-05 09:15:35 DEBUG [restartedMain] o.h.v.i.e.r.TraversableResolvers [,] - Instantiated JPA aware TraversableResolver of type org.hibernate.validator.internal.engine.resolver.JPATraversableResolver.
2025-09-05 09:15:35 DEBUG [restartedMain] o.h.v.i.e.ValidatorFactoryConfigurationHelper [,] - HV000252: Using org.hibernate.validator.internal.engine.DefaultPropertyNodeNameProvider as property node name provider.
2025-09-05 09:15:35 DEBUG [restartedMain] o.h.v.i.e.ValidatorFactoryConfigurationHelper [,] - HV000234: Using org.springframework.validation.beanvalidation.LocaleContextMessageInterpolator as ValidatorFactory-scoped message interpolator.
2025-09-05 09:15:35 DEBUG [restartedMain] o.h.v.i.e.ValidatorFactoryConfigurationHelper [,] - HV000234: Using org.hibernate.validator.internal.engine.resolver.JPATraversableResolver as ValidatorFactory-scoped traversable resolver.
2025-09-05 09:15:35 DEBUG [restartedMain] o.h.v.i.e.ValidatorFactoryConfigurationHelper [,] - HV000234: Using org.hibernate.validator.internal.util.ExecutableParameterNameProvider as ValidatorFactory-scoped parameter name provider.
2025-09-05 09:15:35 DEBUG [restartedMain] o.h.v.i.e.ValidatorFactoryConfigurationHelper [,] - HV000234: Using org.hibernate.validator.internal.engine.DefaultClockProvider as ValidatorFactory-scoped clock provider.
2025-09-05 09:15:35 DEBUG [restartedMain] o.h.v.i.e.ValidatorFactoryConfigurationHelper [,] - HV000234: Using org.hibernate.validator.internal.engine.scripting.DefaultScriptEvaluatorFactory as ValidatorFactory-scoped script evaluator factory.
2025-09-05 09:36:16 DEBUG [http-nio-9827-exec-2] org.hibernate.orm.query.plan.cache [,] - Creating and caching NativeQuery ParameterInterpretation - ParameterInterpretationImpl (SELECT 
    COALESCE(SUM(r.principal + r.interest - r.paid_amount), 0) AS total_outstanding
FROM loan l
JOIN repayment r ON l.loan_id = r.loan_id
WHERE l.customer_id = ? 
  AND l.status ='approved';
) : {
    
}
2025-09-05 09:36:16 DEBUG [http-nio-9827-exec-2] org.hibernate.orm.sql.exec [,] - Skipping reading Query result cache data: cache-enabled = false, cache-mode = NORMAL
2025-09-05 09:36:16 DEBUG [http-nio-9827-exec-2] org.hibernate.SQL [,] - 
    SELECT
        COALESCE(SUM(r.principal + r.interest - r.paid_amount), 0) AS total_outstanding 
    FROM
        loan l 
    JOIN
        repayment r 
            ON l.loan_id = r.loan_id 
    WHERE
        l.customer_id = ?    
        AND l.status ='approved'; 
2025-09-05 09:36:16 DEBUG [http-nio-9827-exec-1] org.hibernate.orm.sql.ast.create [,] - Created new SQL alias : l1_0
2025-09-05 09:36:16 DEBUG [http-nio-9827-exec-1] org.hibernate.orm.sql.ast.create [,] - Registration of TableGroup [StandardTableGroup(com.example.loan_service.entity.Loan(4))] with identifierForTableGroup [com.example.loan_service.entity.Loan] for NavigablePath [com.example.loan_service.entity.Loan] 
2025-09-05 09:36:16 DEBUG [http-nio-9827-exec-1] o.h.q.s.sql.BaseSqmToSqlAstConverter [,] - Determining mapping-model type for SqmParameter : org.hibernate.query.sqm.tree.expression.SqmJpaCriteriaParameterWrapper@20409c5f
2025-09-05 09:36:16 DEBUG [http-nio-9827-exec-1] o.h.q.s.sql.BaseSqmToSqlAstConverter [,] - Determining mapping-model type for SqmPath : SqmBasicValuedSimplePath(com.example.loan_service.entity.Loan(4).status) 
2025-09-05 09:36:16 DEBUG [http-nio-9827-exec-1] o.h.q.s.sql.BaseSqmToSqlAstConverter [,] - Determining mapping-model type for SqmParameter : org.hibernate.query.sqm.tree.expression.SqmJpaCriteriaParameterWrapper@3b3b73a0
2025-09-05 09:36:16 DEBUG [http-nio-9827-exec-1] o.h.q.s.sql.BaseSqmToSqlAstConverter [,] - Determining mapping-model type for SqmPath : SqmBasicValuedSimplePath(com.example.loan_service.entity.Loan(4).customerId) 
2025-09-05 09:36:16 DEBUG [http-nio-9827-exec-1] org.hibernate.orm.results.graph.AST [,] - DomainResult Graph:
 \-EntityResultImpl [com.example.loan_service.entity.Loan(4)]
 |  +-BasicFetch [com.example.loan_service.entity.Loan(4).amount]
 |  +-BasicFetch [com.example.loan_service.entity.Loan(4).approvedAt]
 |  +-BasicFetch [com.example.loan_service.entity.Loan(4).auditCreatedAt]
 |  +-BasicFetch [com.example.loan_service.entity.Loan(4).auditCreatedBy]
 |  +-BasicFetch [com.example.loan_service.entity.Loan(4).auditLastModifiedAt]
 |  +-BasicFetch [com.example.loan_service.entity.Loan(4).auditLastModifiedBy]
 |  +-BasicFetch [com.example.loan_service.entity.Loan(4).createdAt]
 |  +-BasicFetch [com.example.loan_service.entity.Loan(4).customerId]
 |  +-BasicFetch [com.example.loan_service.entity.Loan(4).declaredIncome]
 |  +-BasicFetch [com.example.loan_service.entity.Loan(4).disbursementAccountNumber]
 |  +-BasicFetch [com.example.loan_service.entity.Loan(4).interestRate]
 |  +-BasicFetch [com.example.loan_service.entity.Loan(4).loanType]
 |  +-BasicFetch [com.example.loan_service.entity.Loan(4).pathFile]
 |  +-SelectEagerCollectionFetch [com.example.loan_service.entity.Loan(4).rejectionReasons]
 |  +-BasicFetch [com.example.loan_service.entity.Loan(4).repaymentAccountNumber]
 |  +-SelectEagerCollectionFetch [com.example.loan_service.entity.Loan(4).repayments]
 |  +-BasicFetch [com.example.loan_service.entity.Loan(4).status]
 |  \-BasicFetch [com.example.loan_service.entity.Loan(4).termMonths]

2025-09-05 09:36:16 DEBUG [http-nio-9827-exec-1] org.hibernate.orm.sql.ast.tree [,] - SQL AST Tree:
    SelectStatement {
      FromClause {
        StandardTableGroup (l1 : com.example.loan_service.entity.Loan(4)) {
          primaryTableReference : loan as l1_0
        }
      }
    }

2025-09-05 09:36:16 DEBUG [http-nio-9827-exec-1] org.hibernate.orm.sql.exec [,] - Skipping reading Query result cache data: cache-enabled = false, cache-mode = NORMAL
2025-09-05 09:36:16 DEBUG [http-nio-9827-exec-2] org.hibernate.orm.results [,] - Initializer list is empty
2025-09-05 09:36:16 DEBUG [http-nio-9827-exec-2] org.hibernate.orm.results.loading [,] - Calling top-level assembler (0 / 1) : org.hibernate.sql.results.graph.basic.BasicResultAssembler@35c5a686
2025-09-05 09:36:16 DEBUG [http-nio-9827-exec-1] org.hibernate.orm.results [,] - Initializer list:
	  com.example.loan_service.entity.Loan(4).repayments -> SelectEagerCollectionInitializer(com.example.loan_service.entity.Loan(4).repayments)@1551501025 (PluralAttribute(com.example.loan_service.entity.Loan.repayments))
	  com.example.loan_service.entity.Loan(4) -> EntityResultInitializer(com.example.loan_service.entity.Loan(4))@968492662 (SingleTableEntityPersister(com.example.loan_service.entity.Loan))
	  com.example.loan_service.entity.Loan(4).rejectionReasons -> SelectEagerCollectionInitializer(com.example.loan_service.entity.Loan(4).rejectionReasons)@627032346 (PluralAttribute(com.example.loan_service.entity.Loan.rejectionReasons))

2025-09-05 09:36:16 DEBUG [http-nio-9827-exec-2] org.hibernate.orm.results [,] - Extracted JDBC value [0] - [30812500.00]
2025-09-05 09:36:16 DEBUG [http-nio-9827-exec-1] org.hibernate.SQL [,] - 
    select
        l1_0.loan_id,
        l1_0.amount,
        l1_0.approved_at,
        l1_0.audit_created_at,
        l1_0.audit_created_by,
        l1_0.audit_last_modified_at,
        l1_0.audit_last_modified_by,
        l1_0.created_at,
        l1_0.customer_id,
        l1_0.declared_income,
        l1_0.disbursement_account_number,
        l1_0.interest_rate,
        l1_0.loan_type,
        l1_0.path_file,
        l1_0.repayment_account_number,
        l1_0.status,
        l1_0.term_months 
    from
        loan l1_0 
    where
        l1_0.status=? 
        and l1_0.customer_id=?
2025-09-05 09:36:16 DEBUG [http-nio-9827-exec-1] org.hibernate.orm.results [,] - Extracted JDBC value [0] - [101]
2025-09-05 09:36:16 DEBUG [http-nio-9827-exec-1] o.h.orm.results.loading.entity [,] - (EntityResultInitializer) Hydrated EntityKey (com.example.loan_service.entity.Loan(4)): 101
2025-09-05 09:36:16 DEBUG [http-nio-9827-exec-1] o.h.o.r.l.o.h.o.r.loading.collection [,] - (SelectEagerCollectionInitializer) Current row collection key : com.example.loan_service.entity.Loan(4).rejectionReasons#101
2025-09-05 09:36:16 DEBUG [http-nio-9827-exec-1] o.h.o.r.l.o.h.o.r.loading.collection [,] - (SelectEagerCollectionInitializer) Current row collection key : com.example.loan_service.entity.Loan(4).repayments#101
2025-09-05 09:36:16 DEBUG [http-nio-9827-exec-1] o.h.orm.results.loading.entity [,] - (EntityResultInitializer) Created new entity instance [com.example.loan_service.entity.Loan(4)#101] : 1553166987
2025-09-05 09:36:16 DEBUG [http-nio-9827-exec-1] org.hibernate.orm.results [,] - Extracted JDBC value [1] - [30000000.00]
2025-09-05 09:36:16 DEBUG [http-nio-9827-exec-1] org.hibernate.orm.results [,] - Extracted JDBC value [2] - [2025-09-04T16:07]
2025-09-05 09:36:16 DEBUG [http-nio-9827-exec-1] org.hibernate.orm.results [,] - Extracted JDBC value [3] - [2025-09-04T16:06:54.081025]
2025-09-05 09:36:16 DEBUG [http-nio-9827-exec-1] org.hibernate.orm.results [,] - Extracted JDBC value [4] - [system]
2025-09-05 09:36:16 DEBUG [http-nio-9827-exec-1] org.hibernate.orm.results [,] - Extracted JDBC value [5] - [2025-09-04T16:07:00.426646]
2025-09-05 09:36:16 DEBUG [http-nio-9827-exec-1] org.hibernate.orm.results [,] - Extracted JDBC value [6] - [system]
2025-09-05 09:36:16 DEBUG [http-nio-9827-exec-1] org.hibernate.orm.results [,] - Extracted JDBC value [7] - [2025-09-04T16:06:54]
2025-09-05 09:36:16 DEBUG [http-nio-9827-exec-1] org.hibernate.orm.results [,] - Extracted JDBC value [8] - [507]
2025-09-05 09:36:16 DEBUG [http-nio-9827-exec-1] org.hibernate.orm.results [,] - Extracted JDBC value [9] - [5000000.00]
2025-09-05 09:36:16 DEBUG [http-nio-9827-exec-1] org.hibernate.orm.results [,] - Extracted JDBC value [10] - [421040419]
2025-09-05 09:36:16 DEBUG [http-nio-9827-exec-1] org.hibernate.orm.results [,] - Extracted JDBC value [11] - [5.00]
2025-09-05 09:36:16 DEBUG [http-nio-9827-exec-1] org.hibernate.orm.results [,] - Extracted JDBC value [12] - [PERSONAL]
2025-09-05 09:36:16 DEBUG [http-nio-9827-exec-1] org.hibernate.orm.results [,] - Extracted JDBC value [13] - [loans/101/1756976814261_cach-thuc-hien-sao-ke-tai-khoan-ngan-hang-la-gi.jpg]
2025-09-05 09:36:16 DEBUG [http-nio-9827-exec-1] org.hibernate.orm.results [,] - Extracted JDBC value [14] - [421010092]
2025-09-05 09:36:16 DEBUG [http-nio-9827-exec-1] org.hibernate.orm.results [,] - Extracted JDBC value [15] - [APPROVED]
2025-09-05 09:36:16 DEBUG [http-nio-9827-exec-1] org.hibernate.orm.results [,] - Extracted JDBC value [16] - [12]
2025-09-05 09:36:16 DEBUG [http-nio-9827-exec-1] o.h.orm.results.loading.entity [,] - (EntityResultInitializer) Done materializing entityInstance : com.example.loan_service.entity.Loan(4)#101
2025-09-05 09:36:16 DEBUG [http-nio-9827-exec-1] org.hibernate.orm.results.loading [,] - Calling top-level assembler (0 / 1) : org.hibernate.sql.results.graph.entity.internal.EntityAssembler@c6fc224
2025-09-05 09:36:16 DEBUG [http-nio-9827-exec-1] org.hibernate.orm.sql.exec [,] - Skipping reading Query result cache data: cache-enabled = false, cache-mode = IGNORE
2025-09-05 09:36:16 DEBUG [http-nio-9827-exec-1] org.hibernate.orm.results [,] - Initializer list:
	  com.example.loan_service.entity.Loan.repayments -> BagInitializer(com.example.loan_service.entity.Loan.repayments)@886720425 (PluralAttribute(com.example.loan_service.entity.Loan.repayments))
	  com.example.loan_service.entity.Loan.repayments.{element}.loan -> EntityDelayedFetchInitializer(com.example.loan_service.entity.Loan.repayments.{element}.loan)@149056944 (ToOneAttributeMapping(NavigableRole[com.example.loan_service.entity.Repayment.loan])@144757419)
	  com.example.loan_service.entity.Loan.repayments.{element} -> EntityJoinedFetchInitializer(com.example.loan_service.entity.Loan.repayments.{element})@914346518 (EntityCollectionPart(com.example.loan_service.entity.Loan.repayments#{element})@1358834815)

2025-09-05 09:36:16 DEBUG [http-nio-9827-exec-1] org.hibernate.SQL [,] - 
    select
        r1_0.loan_id,
        r1_0.repayment_id,
        r1_0.audit_created_at,
        r1_0.audit_created_by,
        r1_0.audit_last_modified_at,
        r1_0.audit_last_modified_by,
        r1_0.due_date,
        r1_0.interest,
        r1_0.paid_amount,
        r1_0.principal,
        r1_0.status 
    from
        repayment r1_0 
    where
        r1_0.loan_id=?
2025-09-05 09:36:16 DEBUG [http-nio-9827-exec-1] org.hibernate.orm.results [,] - Extracted JDBC value [0] - [101]
2025-09-05 09:36:16 DEBUG [http-nio-9827-exec-1] o.h.o.r.l.o.h.o.r.loading.collection [,] - (BagInitializer) Current row collection key : com.example.loan_service.entity.Loan.repayments#101
2025-09-05 09:36:16 DEBUG [http-nio-9827-exec-1] org.hibernate.orm.results [,] - Extracted JDBC value [1] - [772]
2025-09-05 09:36:16 DEBUG [http-nio-9827-exec-1] o.h.orm.results.loading.entity [,] - (EntityJoinedFetchInitializer) Hydrated EntityKey (com.example.loan_service.entity.Loan.repayments.{element}): 772
2025-09-05 09:36:16 DEBUG [http-nio-9827-exec-1] o.h.orm.results.loading.entity [,] - (EntityJoinedFetchInitializer) Created new entity instance [com.example.loan_service.entity.Loan.repayments.{element}#772] : 234252207
2025-09-05 09:36:16 DEBUG [http-nio-9827-exec-1] org.hibernate.orm.results [,] - Extracted JDBC value [0] - [101]
2025-09-05 09:36:16 DEBUG [http-nio-9827-exec-1] o.h.o.r.l.o.h.o.r.loading.collection [,] - (BagInitializer) Responsible for loading collection [com.example.loan_service.entity.Loan.repayments#101] : org.hibernate.collection.spi.PersistentBag@1717214929
2025-09-05 09:36:16 DEBUG [http-nio-9827-exec-1] org.hibernate.orm.results [,] - Extracted JDBC value [2] - [2025-09-04T16:07:00.461325]
2025-09-05 09:36:16 DEBUG [http-nio-9827-exec-1] org.hibernate.orm.results [,] - Extracted JDBC value [3] - [system]
2025-09-05 09:36:16 DEBUG [http-nio-9827-exec-1] org.hibernate.orm.results [,] - Extracted JDBC value [4] - [2025-09-04T16:07:00.461325]
2025-09-05 09:36:16 DEBUG [http-nio-9827-exec-1] org.hibernate.orm.results [,] - Extracted JDBC value [5] - [system]
2025-09-05 09:36:16 DEBUG [http-nio-9827-exec-1] org.hibernate.orm.results [,] - Extracted JDBC value [6] - [2025-10-04]
2025-09-05 09:36:16 DEBUG [http-nio-9827-exec-1] org.hibernate.orm.results [,] - Extracted JDBC value [7] - [125000.00]
2025-09-05 09:36:16 DEBUG [http-nio-9827-exec-1] org.hibernate.orm.results [,] - Extracted JDBC value [8] - [0.00]
2025-09-05 09:36:16 DEBUG [http-nio-9827-exec-1] org.hibernate.orm.results [,] - Extracted JDBC value [9] - [2500000.00]
2025-09-05 09:36:16 DEBUG [http-nio-9827-exec-1] org.hibernate.orm.results [,] - Extracted JDBC value [10] - [UNPAID]
2025-09-05 09:36:16 DEBUG [http-nio-9827-exec-1] o.h.orm.results.loading.entity [,] - (EntityJoinedFetchInitializer) Done materializing entityInstance : com.example.loan_service.entity.Loan.repayments.{element}#772
2025-09-05 09:36:16 DEBUG [http-nio-9827-exec-1] o.h.o.r.l.o.h.o.r.loading.collection [,] - (BagInitializer) Reading element from row for collection [com.example.loan_service.entity.Loan.repayments#101] -> org.hibernate.collection.spi.PersistentBag@1717214929
2025-09-05 09:36:16 DEBUG [http-nio-9827-exec-1] org.hibernate.orm.results.loading [,] - Calling top-level assembler (0 / 1) : org.hibernate.sql.results.graph.collection.internal.CollectionAssembler@3d0926ac
2025-09-05 09:36:16 DEBUG [http-nio-9827-exec-1] org.hibernate.orm.results [,] - Extracted JDBC value [0] - [101]
2025-09-05 09:36:16 DEBUG [http-nio-9827-exec-1] o.h.o.r.l.o.h.o.r.loading.collection [,] - (BagInitializer) Current row collection key : com.example.loan_service.entity.Loan.repayments#101
2025-09-05 09:36:16 DEBUG [http-nio-9827-exec-1] org.hibernate.orm.results [,] - Extracted JDBC value [1] - [773]
2025-09-05 09:36:16 DEBUG [http-nio-9827-exec-1] o.h.orm.results.loading.entity [,] - (EntityJoinedFetchInitializer) Hydrated EntityKey (com.example.loan_service.entity.Loan.repayments.{element}): 773
2025-09-05 09:36:16 DEBUG [http-nio-9827-exec-1] o.h.orm.results.loading.entity [,] - (EntityJoinedFetchInitializer) Created new entity instance [com.example.loan_service.entity.Loan.repayments.{element}#773] : 1638178263
2025-09-05 09:36:16 DEBUG [http-nio-9827-exec-1] org.hibernate.orm.results [,] - Extracted JDBC value [0] - [101]
2025-09-05 09:36:16 DEBUG [http-nio-9827-exec-1] org.hibernate.orm.results [,] - Extracted JDBC value [2] - [2025-09-04T16:07:00.467882]
2025-09-05 09:36:16 DEBUG [http-nio-9827-exec-1] org.hibernate.orm.results [,] - Extracted JDBC value [3] - [system]
2025-09-05 09:36:16 DEBUG [http-nio-9827-exec-1] org.hibernate.orm.results [,] - Extracted JDBC value [4] - [2025-09-04T16:07:00.467882]
2025-09-05 09:36:16 DEBUG [http-nio-9827-exec-1] org.hibernate.orm.results [,] - Extracted JDBC value [5] - [system]
2025-09-05 09:36:16 DEBUG [http-nio-9827-exec-1] org.hibernate.orm.results [,] - Extracted JDBC value [6] - [2025-11-04]
2025-09-05 09:36:16 DEBUG [http-nio-9827-exec-1] org.hibernate.orm.results [,] - Extracted JDBC value [7] - [114583.33]
2025-09-05 09:36:16 DEBUG [http-nio-9827-exec-1] org.hibernate.orm.results [,] - Extracted JDBC value [8] - [0.00]
2025-09-05 09:36:16 DEBUG [http-nio-9827-exec-1] org.hibernate.orm.results [,] - Extracted JDBC value [9] - [2500000.00]
2025-09-05 09:36:16 DEBUG [http-nio-9827-exec-1] org.hibernate.orm.results [,] - Extracted JDBC value [10] - [UNPAID]
2025-09-05 09:36:16 DEBUG [http-nio-9827-exec-1] o.h.orm.results.loading.entity [,] - (EntityJoinedFetchInitializer) Done materializing entityInstance : com.example.loan_service.entity.Loan.repayments.{element}#773
2025-09-05 09:36:16 DEBUG [http-nio-9827-exec-1] o.h.o.r.l.o.h.o.r.loading.collection [,] - (BagInitializer) Reading element from row for collection [com.example.loan_service.entity.Loan.repayments#101] -> org.hibernate.collection.spi.PersistentBag@1717214929
2025-09-05 09:36:16 DEBUG [http-nio-9827-exec-1] org.hibernate.orm.results.loading [,] - Calling top-level assembler (0 / 1) : org.hibernate.sql.results.graph.collection.internal.CollectionAssembler@3d0926ac
2025-09-05 09:36:16 DEBUG [http-nio-9827-exec-1] org.hibernate.orm.results [,] - Extracted JDBC value [0] - [101]
2025-09-05 09:36:16 DEBUG [http-nio-9827-exec-1] o.h.o.r.l.o.h.o.r.loading.collection [,] - (BagInitializer) Current row collection key : com.example.loan_service.entity.Loan.repayments#101
2025-09-05 09:36:16 DEBUG [http-nio-9827-exec-1] org.hibernate.orm.results [,] - Extracted JDBC value [1] - [774]
2025-09-05 09:36:16 DEBUG [http-nio-9827-exec-1] o.h.orm.results.loading.entity [,] - (EntityJoinedFetchInitializer) Hydrated EntityKey (com.example.loan_service.entity.Loan.repayments.{element}): 774
2025-09-05 09:36:16 DEBUG [http-nio-9827-exec-1] o.h.orm.results.loading.entity [,] - (EntityJoinedFetchInitializer) Created new entity instance [com.example.loan_service.entity.Loan.repayments.{element}#774] : 798670307
2025-09-05 09:36:16 DEBUG [http-nio-9827-exec-1] org.hibernate.orm.results [,] - Extracted JDBC value [0] - [101]
2025-09-05 09:36:16 DEBUG [http-nio-9827-exec-1] org.hibernate.orm.results [,] - Extracted JDBC value [2] - [2025-09-04T16:07:00.472756]
2025-09-05 09:36:16 DEBUG [http-nio-9827-exec-1] org.hibernate.orm.results [,] - Extracted JDBC value [3] - [system]
2025-09-05 09:36:16 DEBUG [http-nio-9827-exec-1] org.hibernate.orm.results [,] - Extracted JDBC value [4] - [2025-09-04T16:07:00.472756]
2025-09-05 09:36:16 DEBUG [http-nio-9827-exec-1] org.hibernate.orm.results [,] - Extracted JDBC value [5] - [system]
2025-09-05 09:36:16 DEBUG [http-nio-9827-exec-1] org.hibernate.orm.results [,] - Extracted JDBC value [6] - [2025-12-04]
2025-09-05 09:36:16 DEBUG [http-nio-9827-exec-1] org.hibernate.orm.results [,] - Extracted JDBC value [7] - [104166.67]
2025-09-05 09:36:16 DEBUG [http-nio-9827-exec-1] org.hibernate.orm.results [,] - Extracted JDBC value [8] - [0.00]
2025-09-05 09:36:16 DEBUG [http-nio-9827-exec-1] org.hibernate.orm.results [,] - Extracted JDBC value [9] - [2500000.00]
2025-09-05 09:36:16 DEBUG [http-nio-9827-exec-1] org.hibernate.orm.results [,] - Extracted JDBC value [10] - [UNPAID]
2025-09-05 09:36:16 DEBUG [http-nio-9827-exec-1] o.h.orm.results.loading.entity [,] - (EntityJoinedFetchInitializer) Done materializing entityInstance : com.example.loan_service.entity.Loan.repayments.{element}#774
2025-09-05 09:36:16 DEBUG [http-nio-9827-exec-1] o.h.o.r.l.o.h.o.r.loading.collection [,] - (BagInitializer) Reading element from row for collection [com.example.loan_service.entity.Loan.repayments#101] -> org.hibernate.collection.spi.PersistentBag@1717214929
2025-09-05 09:36:16 DEBUG [http-nio-9827-exec-1] org.hibernate.orm.results.loading [,] - Calling top-level assembler (0 / 1) : org.hibernate.sql.results.graph.collection.internal.CollectionAssembler@3d0926ac
2025-09-05 09:36:16 DEBUG [http-nio-9827-exec-1] org.hibernate.orm.results [,] - Extracted JDBC value [0] - [101]
2025-09-05 09:36:16 DEBUG [http-nio-9827-exec-1] o.h.o.r.l.o.h.o.r.loading.collection [,] - (BagInitializer) Current row collection key : com.example.loan_service.entity.Loan.repayments#101
2025-09-05 09:36:16 DEBUG [http-nio-9827-exec-1] org.hibernate.orm.results [,] - Extracted JDBC value [1] - [775]
2025-09-05 09:36:16 DEBUG [http-nio-9827-exec-1] o.h.orm.results.loading.entity [,] - (EntityJoinedFetchInitializer) Hydrated EntityKey (com.example.loan_service.entity.Loan.repayments.{element}): 775
2025-09-05 09:36:16 DEBUG [http-nio-9827-exec-1] o.h.orm.results.loading.entity [,] - (EntityJoinedFetchInitializer) Created new entity instance [com.example.loan_service.entity.Loan.repayments.{element}#775] : 1848318382
2025-09-05 09:36:16 DEBUG [http-nio-9827-exec-1] org.hibernate.orm.results [,] - Extracted JDBC value [0] - [101]
2025-09-05 09:36:16 DEBUG [http-nio-9827-exec-1] org.hibernate.orm.results [,] - Extracted JDBC value [2] - [2025-09-04T16:07:00.477755]
2025-09-05 09:36:16 DEBUG [http-nio-9827-exec-1] org.hibernate.orm.results [,] - Extracted JDBC value [3] - [system]
2025-09-05 09:36:16 DEBUG [http-nio-9827-exec-1] org.hibernate.orm.results [,] - Extracted JDBC value [4] - [2025-09-04T16:07:00.477755]
2025-09-05 09:36:16 DEBUG [http-nio-9827-exec-1] org.hibernate.orm.results [,] - Extracted JDBC value [5] - [system]
2025-09-05 09:36:16 DEBUG [http-nio-9827-exec-1] org.hibernate.orm.results [,] - Extracted JDBC value [6] - [2026-01-04]
2025-09-05 09:36:16 DEBUG [http-nio-9827-exec-1] org.hibernate.orm.results [,] - Extracted JDBC value [7] - [93750.00]
2025-09-05 09:36:16 DEBUG [http-nio-9827-exec-1] org.hibernate.orm.results [,] - Extracted JDBC value [8] - [0.00]
2025-09-05 09:36:16 DEBUG [http-nio-9827-exec-1] org.hibernate.orm.results [,] - Extracted JDBC value [9] - [2500000.00]
2025-09-05 09:36:16 DEBUG [http-nio-9827-exec-1] org.hibernate.orm.results [,] - Extracted JDBC value [10] - [UNPAID]
2025-09-05 09:36:16 DEBUG [http-nio-9827-exec-1] o.h.orm.results.loading.entity [,] - (EntityJoinedFetchInitializer) Done materializing entityInstance : com.example.loan_service.entity.Loan.repayments.{element}#775
2025-09-05 09:36:16 DEBUG [http-nio-9827-exec-1] o.h.o.r.l.o.h.o.r.loading.collection [,] - (BagInitializer) Reading element from row for collection [com.example.loan_service.entity.Loan.repayments#101] -> org.hibernate.collection.spi.PersistentBag@1717214929
2025-09-05 09:36:16 DEBUG [http-nio-9827-exec-1] org.hibernate.orm.results.loading [,] - Calling top-level assembler (0 / 1) : org.hibernate.sql.results.graph.collection.internal.CollectionAssembler@3d0926ac
2025-09-05 09:36:16 DEBUG [http-nio-9827-exec-1] org.hibernate.orm.results [,] - Extracted JDBC value [0] - [101]
2025-09-05 09:36:16 DEBUG [http-nio-9827-exec-1] o.h.o.r.l.o.h.o.r.loading.collection [,] - (BagInitializer) Current row collection key : com.example.loan_service.entity.Loan.repayments#101
2025-09-05 09:36:16 DEBUG [http-nio-9827-exec-1] org.hibernate.orm.results [,] - Extracted JDBC value [1] - [776]
2025-09-05 09:36:16 DEBUG [http-nio-9827-exec-1] o.h.orm.results.loading.entity [,] - (EntityJoinedFetchInitializer) Hydrated EntityKey (com.example.loan_service.entity.Loan.repayments.{element}): 776
2025-09-05 09:36:16 DEBUG [http-nio-9827-exec-1] o.h.orm.results.loading.entity [,] - (EntityJoinedFetchInitializer) Created new entity instance [com.example.loan_service.entity.Loan.repayments.{element}#776] : 442728065
2025-09-05 09:36:16 DEBUG [http-nio-9827-exec-1] org.hibernate.orm.results [,] - Extracted JDBC value [0] - [101]
2025-09-05 09:36:16 DEBUG [http-nio-9827-exec-1] org.hibernate.orm.results [,] - Extracted JDBC value [2] - [2025-09-04T16:07:00.481948]
2025-09-05 09:36:16 DEBUG [http-nio-9827-exec-1] org.hibernate.orm.results [,] - Extracted JDBC value [3] - [system]
2025-09-05 09:36:16 DEBUG [http-nio-9827-exec-1] org.hibernate.orm.results [,] - Extracted JDBC value [4] - [2025-09-04T16:07:00.481948]
2025-09-05 09:36:16 DEBUG [http-nio-9827-exec-1] org.hibernate.orm.results [,] - Extracted JDBC value [5] - [system]
2025-09-05 09:36:16 DEBUG [http-nio-9827-exec-1] org.hibernate.orm.results [,] - Extracted JDBC value [6] - [2026-02-04]
2025-09-05 09:36:16 DEBUG [http-nio-9827-exec-1] org.hibernate.orm.results [,] - Extracted JDBC value [7] - [83333.33]
2025-09-05 09:36:16 DEBUG [http-nio-9827-exec-1] org.hibernate.orm.results [,] - Extracted JDBC value [8] - [0.00]
2025-09-05 09:36:16 DEBUG [http-nio-9827-exec-1] org.hibernate.orm.results [,] - Extracted JDBC value [9] - [2500000.00]
2025-09-05 09:36:16 DEBUG [http-nio-9827-exec-1] org.hibernate.orm.results [,] - Extracted JDBC value [10] - [UNPAID]
2025-09-05 09:36:16 DEBUG [http-nio-9827-exec-1] o.h.orm.results.loading.entity [,] - (EntityJoinedFetchInitializer) Done materializing entityInstance : com.example.loan_service.entity.Loan.repayments.{element}#776
2025-09-05 09:36:16 DEBUG [http-nio-9827-exec-1] o.h.o.r.l.o.h.o.r.loading.collection [,] - (BagInitializer) Reading element from row for collection [com.example.loan_service.entity.Loan.repayments#101] -> org.hibernate.collection.spi.PersistentBag@1717214929
2025-09-05 09:36:16 DEBUG [http-nio-9827-exec-1] org.hibernate.orm.results.loading [,] - Calling top-level assembler (0 / 1) : org.hibernate.sql.results.graph.collection.internal.CollectionAssembler@3d0926ac
2025-09-05 09:36:16 DEBUG [http-nio-9827-exec-1] org.hibernate.orm.results [,] - Extracted JDBC value [0] - [101]
2025-09-05 09:36:16 DEBUG [http-nio-9827-exec-1] o.h.o.r.l.o.h.o.r.loading.collection [,] - (BagInitializer) Current row collection key : com.example.loan_service.entity.Loan.repayments#101
2025-09-05 09:36:16 DEBUG [http-nio-9827-exec-1] org.hibernate.orm.results [,] - Extracted JDBC value [1] - [777]
2025-09-05 09:36:16 DEBUG [http-nio-9827-exec-1] o.h.orm.results.loading.entity [,] - (EntityJoinedFetchInitializer) Hydrated EntityKey (com.example.loan_service.entity.Loan.repayments.{element}): 777
2025-09-05 09:36:16 DEBUG [http-nio-9827-exec-1] o.h.orm.results.loading.entity [,] - (EntityJoinedFetchInitializer) Created new entity instance [com.example.loan_service.entity.Loan.repayments.{element}#777] : 1600913983
2025-09-05 09:36:16 DEBUG [http-nio-9827-exec-1] org.hibernate.orm.results [,] - Extracted JDBC value [0] - [101]
2025-09-05 09:36:16 DEBUG [http-nio-9827-exec-1] org.hibernate.orm.results [,] - Extracted JDBC value [2] - [2025-09-04T16:07:00.486032]
2025-09-05 09:36:16 DEBUG [http-nio-9827-exec-1] org.hibernate.orm.results [,] - Extracted JDBC value [3] - [system]
2025-09-05 09:36:16 DEBUG [http-nio-9827-exec-1] org.hibernate.orm.results [,] - Extracted JDBC value [4] - [2025-09-04T16:07:00.486032]
2025-09-05 09:36:16 DEBUG [http-nio-9827-exec-1] org.hibernate.orm.results [,] - Extracted JDBC value [5] - [system]
2025-09-05 09:36:16 DEBUG [http-nio-9827-exec-1] org.hibernate.orm.results [,] - Extracted JDBC value [6] - [2026-03-04]
2025-09-05 09:36:16 DEBUG [http-nio-9827-exec-1] org.hibernate.orm.results [,] - Extracted JDBC value [7] - [72916.67]
2025-09-05 09:36:16 DEBUG [http-nio-9827-exec-1] org.hibernate.orm.results [,] - Extracted JDBC value [8] - [0.00]
2025-09-05 09:36:16 DEBUG [http-nio-9827-exec-1] org.hibernate.orm.results [,] - Extracted JDBC value [9] - [2500000.00]
2025-09-05 09:36:16 DEBUG [http-nio-9827-exec-1] org.hibernate.orm.results [,] - Extracted JDBC value [10] - [UNPAID]
2025-09-05 09:36:16 DEBUG [http-nio-9827-exec-1] o.h.orm.results.loading.entity [,] - (EntityJoinedFetchInitializer) Done materializing entityInstance : com.example.loan_service.entity.Loan.repayments.{element}#777
2025-09-05 09:36:16 DEBUG [http-nio-9827-exec-1] o.h.o.r.l.o.h.o.r.loading.collection [,] - (BagInitializer) Reading element from row for collection [com.example.loan_service.entity.Loan.repayments#101] -> org.hibernate.collection.spi.PersistentBag@1717214929
2025-09-05 09:36:16 DEBUG [http-nio-9827-exec-1] org.hibernate.orm.results.loading [,] - Calling top-level assembler (0 / 1) : org.hibernate.sql.results.graph.collection.internal.CollectionAssembler@3d0926ac
2025-09-05 09:36:16 DEBUG [http-nio-9827-exec-1] org.hibernate.orm.results [,] - Extracted JDBC value [0] - [101]
2025-09-05 09:36:16 DEBUG [http-nio-9827-exec-1] o.h.o.r.l.o.h.o.r.loading.collection [,] - (BagInitializer) Current row collection key : com.example.loan_service.entity.Loan.repayments#101
2025-09-05 09:36:16 DEBUG [http-nio-9827-exec-1] org.hibernate.orm.results [,] - Extracted JDBC value [1] - [778]
2025-09-05 09:36:16 DEBUG [http-nio-9827-exec-1] o.h.orm.results.loading.entity [,] - (EntityJoinedFetchInitializer) Hydrated EntityKey (com.example.loan_service.entity.Loan.repayments.{element}): 778
2025-09-05 09:36:16 DEBUG [http-nio-9827-exec-1] o.h.orm.results.loading.entity [,] - (EntityJoinedFetchInitializer) Created new entity instance [com.example.loan_service.entity.Loan.repayments.{element}#778] : 635685268
2025-09-05 09:36:16 DEBUG [http-nio-9827-exec-1] org.hibernate.orm.results [,] - Extracted JDBC value [0] - [101]
2025-09-05 09:36:16 DEBUG [http-nio-9827-exec-1] org.hibernate.orm.results [,] - Extracted JDBC value [2] - [2025-09-04T16:07:00.492846]
2025-09-05 09:36:16 DEBUG [http-nio-9827-exec-1] org.hibernate.orm.results [,] - Extracted JDBC value [3] - [system]
2025-09-05 09:36:16 DEBUG [http-nio-9827-exec-1] org.hibernate.orm.results [,] - Extracted JDBC value [4] - [2025-09-04T16:07:00.492846]
2025-09-05 09:36:16 DEBUG [http-nio-9827-exec-1] org.hibernate.orm.results [,] - Extracted JDBC value [5] - [system]
2025-09-05 09:36:16 DEBUG [http-nio-9827-exec-1] org.hibernate.orm.results [,] - Extracted JDBC value [6] - [2026-04-04]
2025-09-05 09:36:16 DEBUG [http-nio-9827-exec-1] org.hibernate.orm.results [,] - Extracted JDBC value [7] - [62500.00]
2025-09-05 09:36:16 DEBUG [http-nio-9827-exec-1] org.hibernate.orm.results [,] - Extracted JDBC value [8] - [0.00]
2025-09-05 09:36:16 DEBUG [http-nio-9827-exec-1] org.hibernate.orm.results [,] - Extracted JDBC value [9] - [2500000.00]
2025-09-05 09:36:16 DEBUG [http-nio-9827-exec-1] org.hibernate.orm.results [,] - Extracted JDBC value [10] - [UNPAID]
2025-09-05 09:36:16 DEBUG [http-nio-9827-exec-1] o.h.orm.results.loading.entity [,] - (EntityJoinedFetchInitializer) Done materializing entityInstance : com.example.loan_service.entity.Loan.repayments.{element}#778
2025-09-05 09:36:16 DEBUG [http-nio-9827-exec-1] o.h.o.r.l.o.h.o.r.loading.collection [,] - (BagInitializer) Reading element from row for collection [com.example.loan_service.entity.Loan.repayments#101] -> org.hibernate.collection.spi.PersistentBag@1717214929
2025-09-05 09:36:16 DEBUG [http-nio-9827-exec-1] org.hibernate.orm.results.loading [,] - Calling top-level assembler (0 / 1) : org.hibernate.sql.results.graph.collection.internal.CollectionAssembler@3d0926ac
2025-09-05 09:36:16 DEBUG [http-nio-9827-exec-1] org.hibernate.orm.results [,] - Extracted JDBC value [0] - [101]
2025-09-05 09:36:16 DEBUG [http-nio-9827-exec-1] o.h.o.r.l.o.h.o.r.loading.collection [,] - (BagInitializer) Current row collection key : com.example.loan_service.entity.Loan.repayments#101
2025-09-05 09:36:16 DEBUG [http-nio-9827-exec-1] org.hibernate.orm.results [,] - Extracted JDBC value [1] - [779]
2025-09-05 09:36:16 DEBUG [http-nio-9827-exec-1] o.h.orm.results.loading.entity [,] - (EntityJoinedFetchInitializer) Hydrated EntityKey (com.example.loan_service.entity.Loan.repayments.{element}): 779
2025-09-05 09:36:16 DEBUG [http-nio-9827-exec-1] o.h.orm.results.loading.entity [,] - (EntityJoinedFetchInitializer) Created new entity instance [com.example.loan_service.entity.Loan.repayments.{element}#779] : 330515183
2025-09-05 09:36:16 DEBUG [http-nio-9827-exec-1] org.hibernate.orm.results [,] - Extracted JDBC value [0] - [101]
2025-09-05 09:36:16 DEBUG [http-nio-9827-exec-1] org.hibernate.orm.results [,] - Extracted JDBC value [2] - [2025-09-04T16:07:00.497978]
2025-09-05 09:36:16 DEBUG [http-nio-9827-exec-1] org.hibernate.orm.results [,] - Extracted JDBC value [3] - [system]
2025-09-05 09:36:16 DEBUG [http-nio-9827-exec-1] org.hibernate.orm.results [,] - Extracted JDBC value [4] - [2025-09-04T16:07:00.497978]
2025-09-05 09:36:16 DEBUG [http-nio-9827-exec-1] org.hibernate.orm.results [,] - Extracted JDBC value [5] - [system]
2025-09-05 09:36:16 DEBUG [http-nio-9827-exec-1] org.hibernate.orm.results [,] - Extracted JDBC value [6] - [2026-05-04]
2025-09-05 09:36:16 DEBUG [http-nio-9827-exec-1] org.hibernate.orm.results [,] - Extracted JDBC value [7] - [52083.33]
2025-09-05 09:36:16 DEBUG [http-nio-9827-exec-1] org.hibernate.orm.results [,] - Extracted JDBC value [8] - [0.00]
2025-09-05 09:36:16 DEBUG [http-nio-9827-exec-1] org.hibernate.orm.results [,] - Extracted JDBC value [9] - [2500000.00]
2025-09-05 09:36:16 DEBUG [http-nio-9827-exec-1] org.hibernate.orm.results [,] - Extracted JDBC value [10] - [UNPAID]
2025-09-05 09:36:16 DEBUG [http-nio-9827-exec-1] o.h.orm.results.loading.entity [,] - (EntityJoinedFetchInitializer) Done materializing entityInstance : com.example.loan_service.entity.Loan.repayments.{element}#779
2025-09-05 09:36:16 DEBUG [http-nio-9827-exec-1] o.h.o.r.l.o.h.o.r.loading.collection [,] - (BagInitializer) Reading element from row for collection [com.example.loan_service.entity.Loan.repayments#101] -> org.hibernate.collection.spi.PersistentBag@1717214929
2025-09-05 09:36:16 DEBUG [http-nio-9827-exec-1] org.hibernate.orm.results.loading [,] - Calling top-level assembler (0 / 1) : org.hibernate.sql.results.graph.collection.internal.CollectionAssembler@3d0926ac
2025-09-05 09:36:16 DEBUG [http-nio-9827-exec-1] org.hibernate.orm.results [,] - Extracted JDBC value [0] - [101]
2025-09-05 09:36:16 DEBUG [http-nio-9827-exec-1] o.h.o.r.l.o.h.o.r.loading.collection [,] - (BagInitializer) Current row collection key : com.example.loan_service.entity.Loan.repayments#101
2025-09-05 09:36:16 DEBUG [http-nio-9827-exec-1] org.hibernate.orm.results [,] - Extracted JDBC value [1] - [780]
2025-09-05 09:36:16 DEBUG [http-nio-9827-exec-1] o.h.orm.results.loading.entity [,] - (EntityJoinedFetchInitializer) Hydrated EntityKey (com.example.loan_service.entity.Loan.repayments.{element}): 780
2025-09-05 09:36:16 DEBUG [http-nio-9827-exec-1] o.h.orm.results.loading.entity [,] - (EntityJoinedFetchInitializer) Created new entity instance [com.example.loan_service.entity.Loan.repayments.{element}#780] : 312848750
2025-09-05 09:36:16 DEBUG [http-nio-9827-exec-1] org.hibernate.orm.results [,] - Extracted JDBC value [0] - [101]
2025-09-05 09:36:16 DEBUG [http-nio-9827-exec-1] org.hibernate.orm.results [,] - Extracted JDBC value [2] - [2025-09-04T16:07:00.502910]
2025-09-05 09:36:16 DEBUG [http-nio-9827-exec-1] org.hibernate.orm.results [,] - Extracted JDBC value [3] - [system]
2025-09-05 09:36:16 DEBUG [http-nio-9827-exec-1] org.hibernate.orm.results [,] - Extracted JDBC value [4] - [2025-09-04T16:07:00.502910]
2025-09-05 09:36:16 DEBUG [http-nio-9827-exec-1] org.hibernate.orm.results [,] - Extracted JDBC value [5] - [system]
2025-09-05 09:36:16 DEBUG [http-nio-9827-exec-1] org.hibernate.orm.results [,] - Extracted JDBC value [6] - [2026-06-04]
2025-09-05 09:36:16 DEBUG [http-nio-9827-exec-1] org.hibernate.orm.results [,] - Extracted JDBC value [7] - [41666.67]
2025-09-05 09:36:16 DEBUG [http-nio-9827-exec-1] org.hibernate.orm.results [,] - Extracted JDBC value [8] - [0.00]
2025-09-05 09:36:16 DEBUG [http-nio-9827-exec-1] org.hibernate.orm.results [,] - Extracted JDBC value [9] - [2500000.00]
2025-09-05 09:36:16 DEBUG [http-nio-9827-exec-1] org.hibernate.orm.results [,] - Extracted JDBC value [10] - [UNPAID]
2025-09-05 09:36:16 DEBUG [http-nio-9827-exec-1] o.h.orm.results.loading.entity [,] - (EntityJoinedFetchInitializer) Done materializing entityInstance : com.example.loan_service.entity.Loan.repayments.{element}#780
2025-09-05 09:36:16 DEBUG [http-nio-9827-exec-1] o.h.o.r.l.o.h.o.r.loading.collection [,] - (BagInitializer) Reading element from row for collection [com.example.loan_service.entity.Loan.repayments#101] -> org.hibernate.collection.spi.PersistentBag@1717214929
2025-09-05 09:36:16 DEBUG [http-nio-9827-exec-1] org.hibernate.orm.results.loading [,] - Calling top-level assembler (0 / 1) : org.hibernate.sql.results.graph.collection.internal.CollectionAssembler@3d0926ac
2025-09-05 09:36:16 DEBUG [http-nio-9827-exec-1] org.hibernate.orm.results [,] - Extracted JDBC value [0] - [101]
2025-09-05 09:36:16 DEBUG [http-nio-9827-exec-1] o.h.o.r.l.o.h.o.r.loading.collection [,] - (BagInitializer) Current row collection key : com.example.loan_service.entity.Loan.repayments#101
2025-09-05 09:36:16 DEBUG [http-nio-9827-exec-1] org.hibernate.orm.results [,] - Extracted JDBC value [1] - [781]
2025-09-05 09:36:16 DEBUG [http-nio-9827-exec-1] o.h.orm.results.loading.entity [,] - (EntityJoinedFetchInitializer) Hydrated EntityKey (com.example.loan_service.entity.Loan.repayments.{element}): 781
2025-09-05 09:36:16 DEBUG [http-nio-9827-exec-1] o.h.orm.results.loading.entity [,] - (EntityJoinedFetchInitializer) Created new entity instance [com.example.loan_service.entity.Loan.repayments.{element}#781] : 761738495
2025-09-05 09:36:16 DEBUG [http-nio-9827-exec-1] org.hibernate.orm.results [,] - Extracted JDBC value [0] - [101]
2025-09-05 09:36:16 DEBUG [http-nio-9827-exec-1] org.hibernate.orm.results [,] - Extracted JDBC value [2] - [2025-09-04T16:07:00.509395]
2025-09-05 09:36:16 DEBUG [http-nio-9827-exec-1] org.hibernate.orm.results [,] - Extracted JDBC value [3] - [system]
2025-09-05 09:36:16 DEBUG [http-nio-9827-exec-1] org.hibernate.orm.results [,] - Extracted JDBC value [4] - [2025-09-04T16:07:00.509395]
2025-09-05 09:36:16 DEBUG [http-nio-9827-exec-1] org.hibernate.orm.results [,] - Extracted JDBC value [5] - [system]
2025-09-05 09:36:16 DEBUG [http-nio-9827-exec-1] org.hibernate.orm.results [,] - Extracted JDBC value [6] - [2026-07-04]
2025-09-05 09:36:16 DEBUG [http-nio-9827-exec-1] org.hibernate.orm.results [,] - Extracted JDBC value [7] - [31250.00]
2025-09-05 09:36:16 DEBUG [http-nio-9827-exec-1] org.hibernate.orm.results [,] - Extracted JDBC value [8] - [0.00]
2025-09-05 09:36:16 DEBUG [http-nio-9827-exec-1] org.hibernate.orm.results [,] - Extracted JDBC value [9] - [2500000.00]
2025-09-05 09:36:16 DEBUG [http-nio-9827-exec-1] org.hibernate.orm.results [,] - Extracted JDBC value [10] - [UNPAID]
2025-09-05 09:36:16 DEBUG [http-nio-9827-exec-1] o.h.orm.results.loading.entity [,] - (EntityJoinedFetchInitializer) Done materializing entityInstance : com.example.loan_service.entity.Loan.repayments.{element}#781
2025-09-05 09:36:16 DEBUG [http-nio-9827-exec-1] o.h.o.r.l.o.h.o.r.loading.collection [,] - (BagInitializer) Reading element from row for collection [com.example.loan_service.entity.Loan.repayments#101] -> org.hibernate.collection.spi.PersistentBag@1717214929
2025-09-05 09:36:16 DEBUG [http-nio-9827-exec-1] org.hibernate.orm.results.loading [,] - Calling top-level assembler (0 / 1) : org.hibernate.sql.results.graph.collection.internal.CollectionAssembler@3d0926ac
2025-09-05 09:36:16 DEBUG [http-nio-9827-exec-1] org.hibernate.orm.results [,] - Extracted JDBC value [0] - [101]
2025-09-05 09:36:16 DEBUG [http-nio-9827-exec-1] o.h.o.r.l.o.h.o.r.loading.collection [,] - (BagInitializer) Current row collection key : com.example.loan_service.entity.Loan.repayments#101
2025-09-05 09:36:16 DEBUG [http-nio-9827-exec-1] org.hibernate.orm.results [,] - Extracted JDBC value [1] - [782]
2025-09-05 09:36:16 DEBUG [http-nio-9827-exec-1] o.h.orm.results.loading.entity [,] - (EntityJoinedFetchInitializer) Hydrated EntityKey (com.example.loan_service.entity.Loan.repayments.{element}): 782
2025-09-05 09:36:16 DEBUG [http-nio-9827-exec-1] o.h.orm.results.loading.entity [,] - (EntityJoinedFetchInitializer) Created new entity instance [com.example.loan_service.entity.Loan.repayments.{element}#782] : 385083310
2025-09-05 09:36:16 DEBUG [http-nio-9827-exec-1] org.hibernate.orm.results [,] - Extracted JDBC value [0] - [101]
2025-09-05 09:36:16 DEBUG [http-nio-9827-exec-1] org.hibernate.orm.results [,] - Extracted JDBC value [2] - [2025-09-04T16:07:00.513516]
2025-09-05 09:36:16 DEBUG [http-nio-9827-exec-1] org.hibernate.orm.results [,] - Extracted JDBC value [3] - [system]
2025-09-05 09:36:16 DEBUG [http-nio-9827-exec-1] org.hibernate.orm.results [,] - Extracted JDBC value [4] - [2025-09-04T16:07:00.513516]
2025-09-05 09:36:16 DEBUG [http-nio-9827-exec-1] org.hibernate.orm.results [,] - Extracted JDBC value [5] - [system]
2025-09-05 09:36:16 DEBUG [http-nio-9827-exec-1] org.hibernate.orm.results [,] - Extracted JDBC value [6] - [2026-08-04]
2025-09-05 09:36:16 DEBUG [http-nio-9827-exec-1] org.hibernate.orm.results [,] - Extracted JDBC value [7] - [20833.33]
2025-09-05 09:36:16 DEBUG [http-nio-9827-exec-1] org.hibernate.orm.results [,] - Extracted JDBC value [8] - [0.00]
2025-09-05 09:36:16 DEBUG [http-nio-9827-exec-1] org.hibernate.orm.results [,] - Extracted JDBC value [9] - [2500000.00]
2025-09-05 09:36:16 DEBUG [http-nio-9827-exec-1] org.hibernate.orm.results [,] - Extracted JDBC value [10] - [UNPAID]
2025-09-05 09:36:16 DEBUG [http-nio-9827-exec-1] o.h.orm.results.loading.entity [,] - (EntityJoinedFetchInitializer) Done materializing entityInstance : com.example.loan_service.entity.Loan.repayments.{element}#782
2025-09-05 09:36:16 DEBUG [http-nio-9827-exec-1] o.h.o.r.l.o.h.o.r.loading.collection [,] - (BagInitializer) Reading element from row for collection [com.example.loan_service.entity.Loan.repayments#101] -> org.hibernate.collection.spi.PersistentBag@1717214929
2025-09-05 09:36:16 DEBUG [http-nio-9827-exec-1] org.hibernate.orm.results.loading [,] - Calling top-level assembler (0 / 1) : org.hibernate.sql.results.graph.collection.internal.CollectionAssembler@3d0926ac
2025-09-05 09:36:16 DEBUG [http-nio-9827-exec-1] org.hibernate.orm.results [,] - Extracted JDBC value [0] - [101]
2025-09-05 09:36:16 DEBUG [http-nio-9827-exec-1] o.h.o.r.l.o.h.o.r.loading.collection [,] - (BagInitializer) Current row collection key : com.example.loan_service.entity.Loan.repayments#101
2025-09-05 09:36:16 DEBUG [http-nio-9827-exec-1] org.hibernate.orm.results [,] - Extracted JDBC value [1] - [783]
2025-09-05 09:36:16 DEBUG [http-nio-9827-exec-1] o.h.orm.results.loading.entity [,] - (EntityJoinedFetchInitializer) Hydrated EntityKey (com.example.loan_service.entity.Loan.repayments.{element}): 783
2025-09-05 09:36:16 DEBUG [http-nio-9827-exec-1] o.h.orm.results.loading.entity [,] - (EntityJoinedFetchInitializer) Created new entity instance [com.example.loan_service.entity.Loan.repayments.{element}#783] : 526281637
2025-09-05 09:36:16 DEBUG [http-nio-9827-exec-1] org.hibernate.orm.results [,] - Extracted JDBC value [0] - [101]
2025-09-05 09:36:16 DEBUG [http-nio-9827-exec-1] org.hibernate.orm.results [,] - Extracted JDBC value [2] - [2025-09-04T16:07:00.517877]
2025-09-05 09:36:16 DEBUG [http-nio-9827-exec-1] org.hibernate.orm.results [,] - Extracted JDBC value [3] - [system]
2025-09-05 09:36:16 DEBUG [http-nio-9827-exec-1] org.hibernate.orm.results [,] - Extracted JDBC value [4] - [2025-09-04T16:07:00.517877]
2025-09-05 09:36:16 DEBUG [http-nio-9827-exec-1] org.hibernate.orm.results [,] - Extracted JDBC value [5] - [system]
2025-09-05 09:36:16 DEBUG [http-nio-9827-exec-1] org.hibernate.orm.results [,] - Extracted JDBC value [6] - [2026-09-04]
2025-09-05 09:36:16 DEBUG [http-nio-9827-exec-1] org.hibernate.orm.results [,] - Extracted JDBC value [7] - [10416.67]
2025-09-05 09:36:16 DEBUG [http-nio-9827-exec-1] org.hibernate.orm.results [,] - Extracted JDBC value [8] - [0.00]
2025-09-05 09:36:16 DEBUG [http-nio-9827-exec-1] org.hibernate.orm.results [,] - Extracted JDBC value [9] - [2500000.00]
2025-09-05 09:36:16 DEBUG [http-nio-9827-exec-1] org.hibernate.orm.results [,] - Extracted JDBC value [10] - [UNPAID]
2025-09-05 09:36:16 DEBUG [http-nio-9827-exec-1] o.h.orm.results.loading.entity [,] - (EntityJoinedFetchInitializer) Done materializing entityInstance : com.example.loan_service.entity.Loan.repayments.{element}#783
2025-09-05 09:36:16 DEBUG [http-nio-9827-exec-1] o.h.o.r.l.o.h.o.r.loading.collection [,] - (BagInitializer) Reading element from row for collection [com.example.loan_service.entity.Loan.repayments#101] -> org.hibernate.collection.spi.PersistentBag@1717214929
2025-09-05 09:36:16 DEBUG [http-nio-9827-exec-1] org.hibernate.orm.results.loading [,] - Calling top-level assembler (0 / 1) : org.hibernate.sql.results.graph.collection.internal.CollectionAssembler@3d0926ac
2025-09-05 09:36:16 DEBUG [http-nio-9827-exec-1] o.h.s.results.internal.ResultsHelper [,] - Collection fully initialized: [com.example.loan_service.entity.Loan.repayments#101]
2025-09-05 09:36:16 DEBUG [http-nio-9827-exec-1] org.hibernate.orm.sql.exec [,] - Skipping reading Query result cache data: cache-enabled = false, cache-mode = IGNORE
2025-09-05 09:36:16 DEBUG [http-nio-9827-exec-1] org.hibernate.orm.results [,] - Initializer list:
	  com.example.loan_service.entity.Loan.rejectionReasons.{element}.loan -> EntityDelayedFetchInitializer(com.example.loan_service.entity.Loan.rejectionReasons.{element}.loan)@19882117 (ToOneAttributeMapping(NavigableRole[com.example.loan_service.entity.LoanRejectionReason.loan])@1917088098)
	  com.example.loan_service.entity.Loan.rejectionReasons.{element} -> EntityJoinedFetchInitializer(com.example.loan_service.entity.Loan.rejectionReasons.{element})@2114777504 (EntityCollectionPart(com.example.loan_service.entity.Loan.rejectionReasons#{element})@69288400)
	  com.example.loan_service.entity.Loan.rejectionReasons -> BagInitializer(com.example.loan_service.entity.Loan.rejectionReasons)@2121278105 (PluralAttribute(com.example.loan_service.entity.Loan.rejectionReasons))

2025-09-05 09:36:16 DEBUG [http-nio-9827-exec-1] org.hibernate.SQL [,] - 
    select
        rr1_0.loan_id,
        rr1_0.id,
        rr1_0.created_at,
        rr1_0.reason 
    from
        loan_rejection_reason rr1_0 
    where
        rr1_0.loan_id=?
2025-09-05 09:36:16 DEBUG [http-nio-9827-exec-1] o.h.s.results.internal.ResultsHelper [,] - Collection fully initialized: [com.example.loan_service.entity.Loan.rejectionReasons#101]
2025-09-05 13:46:18 DEBUG [http-nio-9827-exec-6] org.hibernate.orm.sql.exec [,] - Skipping reading Query result cache data: cache-enabled = false, cache-mode = NORMAL
2025-09-05 13:46:18 DEBUG [http-nio-9827-exec-6] org.hibernate.SQL [,] - 
    SELECT
        COALESCE(SUM(r.principal + r.interest - r.paid_amount), 0) AS total_outstanding 
    FROM
        loan l 
    JOIN
        repayment r 
            ON l.loan_id = r.loan_id 
    WHERE
        l.customer_id = ?    
        AND l.status ='approved'; 
2025-09-05 13:46:18 DEBUG [http-nio-9827-exec-5] org.hibernate.orm.sql.ast.create [,] - Created new SQL alias : l1_0
2025-09-05 13:46:18 DEBUG [http-nio-9827-exec-5] org.hibernate.orm.sql.ast.create [,] - Registration of TableGroup [StandardTableGroup(com.example.loan_service.entity.Loan(4))] with identifierForTableGroup [com.example.loan_service.entity.Loan] for NavigablePath [com.example.loan_service.entity.Loan] 
2025-09-05 13:46:18 DEBUG [http-nio-9827-exec-5] o.h.q.s.sql.BaseSqmToSqlAstConverter [,] - Determining mapping-model type for SqmParameter : org.hibernate.query.sqm.tree.expression.SqmJpaCriteriaParameterWrapper@5c62055c
2025-09-05 13:46:18 DEBUG [http-nio-9827-exec-5] o.h.q.s.sql.BaseSqmToSqlAstConverter [,] - Determining mapping-model type for SqmPath : SqmBasicValuedSimplePath(com.example.loan_service.entity.Loan(4).status) 
2025-09-05 13:46:18 DEBUG [http-nio-9827-exec-5] o.h.q.s.sql.BaseSqmToSqlAstConverter [,] - Determining mapping-model type for SqmParameter : org.hibernate.query.sqm.tree.expression.SqmJpaCriteriaParameterWrapper@2d5bd483
2025-09-05 13:46:18 DEBUG [http-nio-9827-exec-5] o.h.q.s.sql.BaseSqmToSqlAstConverter [,] - Determining mapping-model type for SqmPath : SqmBasicValuedSimplePath(com.example.loan_service.entity.Loan(4).customerId) 
2025-09-05 13:46:18 DEBUG [http-nio-9827-exec-5] org.hibernate.orm.results.graph.AST [,] - DomainResult Graph:
 \-EntityResultImpl [com.example.loan_service.entity.Loan(4)]
 |  +-BasicFetch [com.example.loan_service.entity.Loan(4).amount]
 |  +-BasicFetch [com.example.loan_service.entity.Loan(4).approvedAt]
 |  +-BasicFetch [com.example.loan_service.entity.Loan(4).auditCreatedAt]
 |  +-BasicFetch [com.example.loan_service.entity.Loan(4).auditCreatedBy]
 |  +-BasicFetch [com.example.loan_service.entity.Loan(4).auditLastModifiedAt]
 |  +-BasicFetch [com.example.loan_service.entity.Loan(4).auditLastModifiedBy]
 |  +-BasicFetch [com.example.loan_service.entity.Loan(4).createdAt]
 |  +-BasicFetch [com.example.loan_service.entity.Loan(4).customerId]
 |  +-BasicFetch [com.example.loan_service.entity.Loan(4).declaredIncome]
 |  +-BasicFetch [com.example.loan_service.entity.Loan(4).disbursementAccountNumber]
 |  +-BasicFetch [com.example.loan_service.entity.Loan(4).interestRate]
 |  +-BasicFetch [com.example.loan_service.entity.Loan(4).loanType]
 |  +-BasicFetch [com.example.loan_service.entity.Loan(4).pathFile]
 |  +-SelectEagerCollectionFetch [com.example.loan_service.entity.Loan(4).rejectionReasons]
 |  +-BasicFetch [com.example.loan_service.entity.Loan(4).repaymentAccountNumber]
 |  +-SelectEagerCollectionFetch [com.example.loan_service.entity.Loan(4).repayments]
 |  +-BasicFetch [com.example.loan_service.entity.Loan(4).status]
 |  \-BasicFetch [com.example.loan_service.entity.Loan(4).termMonths]

2025-09-05 13:46:18 DEBUG [http-nio-9827-exec-6] org.hibernate.orm.results [,] - Initializer list is empty
2025-09-05 13:46:18 DEBUG [http-nio-9827-exec-5] org.hibernate.orm.sql.ast.tree [,] - SQL AST Tree:
    SelectStatement {
      FromClause {
        StandardTableGroup (l1 : com.example.loan_service.entity.Loan(4)) {
          primaryTableReference : loan as l1_0
        }
      }
    }

2025-09-05 13:46:18 DEBUG [http-nio-9827-exec-6] org.hibernate.orm.results.loading [,] - Calling top-level assembler (0 / 1) : org.hibernate.sql.results.graph.basic.BasicResultAssembler@53ddd109
2025-09-05 13:46:18 DEBUG [http-nio-9827-exec-6] org.hibernate.orm.results [,] - Extracted JDBC value [0] - [0.00]
2025-09-05 13:46:18 DEBUG [http-nio-9827-exec-5] org.hibernate.orm.sql.exec [,] - Skipping reading Query result cache data: cache-enabled = false, cache-mode = NORMAL
2025-09-05 13:46:18 DEBUG [http-nio-9827-exec-5] org.hibernate.orm.results [,] - Initializer list:
	  com.example.loan_service.entity.Loan(4).repayments -> SelectEagerCollectionInitializer(com.example.loan_service.entity.Loan(4).repayments)@1580152307 (PluralAttribute(com.example.loan_service.entity.Loan.repayments))
	  com.example.loan_service.entity.Loan(4) -> EntityResultInitializer(com.example.loan_service.entity.Loan(4))@1676393777 (SingleTableEntityPersister(com.example.loan_service.entity.Loan))
	  com.example.loan_service.entity.Loan(4).rejectionReasons -> SelectEagerCollectionInitializer(com.example.loan_service.entity.Loan(4).rejectionReasons)@1072988690 (PluralAttribute(com.example.loan_service.entity.Loan.rejectionReasons))

2025-09-05 13:46:18 DEBUG [http-nio-9827-exec-5] org.hibernate.SQL [,] - 
    select
        l1_0.loan_id,
        l1_0.amount,
        l1_0.approved_at,
        l1_0.audit_created_at,
        l1_0.audit_created_by,
        l1_0.audit_last_modified_at,
        l1_0.audit_last_modified_by,
        l1_0.created_at,
        l1_0.customer_id,
        l1_0.declared_income,
        l1_0.disbursement_account_number,
        l1_0.interest_rate,
        l1_0.loan_type,
        l1_0.path_file,
        l1_0.repayment_account_number,
        l1_0.status,
        l1_0.term_months 
    from
        loan l1_0 
    where
        l1_0.status=? 
        and l1_0.customer_id=?
2025-09-05 13:47:32 DEBUG [http-nio-9827-exec-10] org.hibernate.orm.sql.exec [,] - Skipping reading Query result cache data: cache-enabled = false, cache-mode = NORMAL
2025-09-05 13:47:32 DEBUG [http-nio-9827-exec-10] org.hibernate.SQL [,] - 
    SELECT
        COALESCE(SUM(r.principal + r.interest - r.paid_amount), 0) AS total_outstanding 
    FROM
        loan l 
    JOIN
        repayment r 
            ON l.loan_id = r.loan_id 
    WHERE
        l.customer_id = ?    
        AND l.status ='approved'; 
2025-09-05 13:47:32 DEBUG [http-nio-9827-exec-10] org.hibernate.orm.results [,] - Initializer list is empty
2025-09-05 13:47:32 DEBUG [http-nio-9827-exec-10] org.hibernate.orm.results.loading [,] - Calling top-level assembler (0 / 1) : org.hibernate.sql.results.graph.basic.BasicResultAssembler@fa62b67
2025-09-05 13:47:32 DEBUG [http-nio-9827-exec-10] org.hibernate.orm.results [,] - Extracted JDBC value [0] - [0.00]
2025-09-05 13:47:32 DEBUG [http-nio-9827-exec-9] org.hibernate.orm.sql.ast.create [,] - Created new SQL alias : l1_0
2025-09-05 13:47:32 DEBUG [http-nio-9827-exec-9] org.hibernate.orm.sql.ast.create [,] - Registration of TableGroup [StandardTableGroup(com.example.loan_service.entity.Loan(4))] with identifierForTableGroup [com.example.loan_service.entity.Loan] for NavigablePath [com.example.loan_service.entity.Loan] 
2025-09-05 13:47:32 DEBUG [http-nio-9827-exec-9] o.h.q.s.sql.BaseSqmToSqlAstConverter [,] - Determining mapping-model type for SqmParameter : org.hibernate.query.sqm.tree.expression.SqmJpaCriteriaParameterWrapper@3533151e
2025-09-05 13:47:32 DEBUG [http-nio-9827-exec-9] o.h.q.s.sql.BaseSqmToSqlAstConverter [,] - Determining mapping-model type for SqmPath : SqmBasicValuedSimplePath(com.example.loan_service.entity.Loan(4).status) 
2025-09-05 13:47:32 DEBUG [http-nio-9827-exec-9] o.h.q.s.sql.BaseSqmToSqlAstConverter [,] - Determining mapping-model type for SqmParameter : org.hibernate.query.sqm.tree.expression.SqmJpaCriteriaParameterWrapper@531b4b52
2025-09-05 13:47:32 DEBUG [http-nio-9827-exec-9] o.h.q.s.sql.BaseSqmToSqlAstConverter [,] - Determining mapping-model type for SqmPath : SqmBasicValuedSimplePath(com.example.loan_service.entity.Loan(4).customerId) 
2025-09-05 13:47:32 DEBUG [http-nio-9827-exec-9] org.hibernate.orm.results.graph.AST [,] - DomainResult Graph:
 \-EntityResultImpl [com.example.loan_service.entity.Loan(4)]
 |  +-BasicFetch [com.example.loan_service.entity.Loan(4).amount]
 |  +-BasicFetch [com.example.loan_service.entity.Loan(4).approvedAt]
 |  +-BasicFetch [com.example.loan_service.entity.Loan(4).auditCreatedAt]
 |  +-BasicFetch [com.example.loan_service.entity.Loan(4).auditCreatedBy]
 |  +-BasicFetch [com.example.loan_service.entity.Loan(4).auditLastModifiedAt]
 |  +-BasicFetch [com.example.loan_service.entity.Loan(4).auditLastModifiedBy]
 |  +-BasicFetch [com.example.loan_service.entity.Loan(4).createdAt]
 |  +-BasicFetch [com.example.loan_service.entity.Loan(4).customerId]
 |  +-BasicFetch [com.example.loan_service.entity.Loan(4).declaredIncome]
 |  +-BasicFetch [com.example.loan_service.entity.Loan(4).disbursementAccountNumber]
 |  +-BasicFetch [com.example.loan_service.entity.Loan(4).interestRate]
 |  +-BasicFetch [com.example.loan_service.entity.Loan(4).loanType]
 |  +-BasicFetch [com.example.loan_service.entity.Loan(4).pathFile]
 |  +-SelectEagerCollectionFetch [com.example.loan_service.entity.Loan(4).rejectionReasons]
 |  +-BasicFetch [com.example.loan_service.entity.Loan(4).repaymentAccountNumber]
 |  +-SelectEagerCollectionFetch [com.example.loan_service.entity.Loan(4).repayments]
 |  +-BasicFetch [com.example.loan_service.entity.Loan(4).status]
 |  \-BasicFetch [com.example.loan_service.entity.Loan(4).termMonths]

2025-09-05 13:47:32 DEBUG [http-nio-9827-exec-9] org.hibernate.orm.sql.ast.tree [,] - SQL AST Tree:
    SelectStatement {
      FromClause {
        StandardTableGroup (l1 : com.example.loan_service.entity.Loan(4)) {
          primaryTableReference : loan as l1_0
        }
      }
    }

2025-09-05 13:47:32 DEBUG [http-nio-9827-exec-9] org.hibernate.orm.sql.exec [,] - Skipping reading Query result cache data: cache-enabled = false, cache-mode = NORMAL
2025-09-05 13:47:32 DEBUG [http-nio-9827-exec-9] org.hibernate.orm.results [,] - Initializer list:
	  com.example.loan_service.entity.Loan(4).repayments -> SelectEagerCollectionInitializer(com.example.loan_service.entity.Loan(4).repayments)@1160851948 (PluralAttribute(com.example.loan_service.entity.Loan.repayments))
	  com.example.loan_service.entity.Loan(4) -> EntityResultInitializer(com.example.loan_service.entity.Loan(4))@1200428903 (SingleTableEntityPersister(com.example.loan_service.entity.Loan))
	  com.example.loan_service.entity.Loan(4).rejectionReasons -> SelectEagerCollectionInitializer(com.example.loan_service.entity.Loan(4).rejectionReasons)@1482477870 (PluralAttribute(com.example.loan_service.entity.Loan.rejectionReasons))

2025-09-05 13:47:32 DEBUG [http-nio-9827-exec-9] org.hibernate.SQL [,] - 
    select
        l1_0.loan_id,
        l1_0.amount,
        l1_0.approved_at,
        l1_0.audit_created_at,
        l1_0.audit_created_by,
        l1_0.audit_last_modified_at,
        l1_0.audit_last_modified_by,
        l1_0.created_at,
        l1_0.customer_id,
        l1_0.declared_income,
        l1_0.disbursement_account_number,
        l1_0.interest_rate,
        l1_0.loan_type,
        l1_0.path_file,
        l1_0.repayment_account_number,
        l1_0.status,
        l1_0.term_months 
    from
        loan l1_0 
    where
        l1_0.status=? 
        and l1_0.customer_id=?
2025-09-05 16:05:05 DEBUG [http-nio-9827-exec-4] org.hibernate.orm.sql.ast.create [,] - Created new SQL alias : l1_0
2025-09-05 16:05:05 DEBUG [http-nio-9827-exec-4] org.hibernate.orm.sql.ast.create [,] - Registration of TableGroup [StandardTableGroup(com.example.loan_service.entity.Loan(l))] with identifierForTableGroup [com.example.loan_service.entity.Loan] for NavigablePath [com.example.loan_service.entity.Loan] 
2025-09-05 16:05:05 DEBUG [http-nio-9827-exec-4] o.h.q.s.sql.BaseSqmToSqlAstConverter [,] - Determining mapping-model type for SqmParameter : SqmNamedParameter(status)
2025-09-05 16:05:05 DEBUG [http-nio-9827-exec-4] o.h.q.s.sql.BaseSqmToSqlAstConverter [,] - Determining mapping-model type for SqmPath : SqmBasicValuedSimplePath(com.example.loan_service.entity.Loan(l).status) 
2025-09-05 16:05:05 DEBUG [http-nio-9827-exec-4] org.hibernate.orm.results.graph.AST [,] - DomainResult Graph:
 \-EntityResultImpl [com.example.loan_service.entity.Loan(l)]
 |  +-BasicFetch [com.example.loan_service.entity.Loan(l).amount]
 |  +-BasicFetch [com.example.loan_service.entity.Loan(l).approvedAt]
 |  +-BasicFetch [com.example.loan_service.entity.Loan(l).auditCreatedAt]
 |  +-BasicFetch [com.example.loan_service.entity.Loan(l).auditCreatedBy]
 |  +-BasicFetch [com.example.loan_service.entity.Loan(l).auditLastModifiedAt]
 |  +-BasicFetch [com.example.loan_service.entity.Loan(l).auditLastModifiedBy]
 |  +-BasicFetch [com.example.loan_service.entity.Loan(l).createdAt]
 |  +-BasicFetch [com.example.loan_service.entity.Loan(l).customerId]
 |  +-BasicFetch [com.example.loan_service.entity.Loan(l).declaredIncome]
 |  +-BasicFetch [com.example.loan_service.entity.Loan(l).disbursementAccountNumber]
 |  +-BasicFetch [com.example.loan_service.entity.Loan(l).interestRate]
 |  +-BasicFetch [com.example.loan_service.entity.Loan(l).loanType]
 |  +-BasicFetch [com.example.loan_service.entity.Loan(l).pathFile]
 |  +-SelectEagerCollectionFetch [com.example.loan_service.entity.Loan(l).rejectionReasons]
 |  +-BasicFetch [com.example.loan_service.entity.Loan(l).repaymentAccountNumber]
 |  +-SelectEagerCollectionFetch [com.example.loan_service.entity.Loan(l).repayments]
 |  +-BasicFetch [com.example.loan_service.entity.Loan(l).status]
 |  \-BasicFetch [com.example.loan_service.entity.Loan(l).termMonths]

2025-09-05 16:05:05 DEBUG [http-nio-9827-exec-4] org.hibernate.orm.sql.ast.tree [,] - SQL AST Tree:
    SelectStatement {
      FromClause {
        StandardTableGroup (l1 : com.example.loan_service.entity.Loan(l)) {
          primaryTableReference : loan as l1_0
        }
      }
    }

2025-09-05 16:05:05 DEBUG [http-nio-9827-exec-4] org.hibernate.orm.sql.exec [,] - Skipping reading Query result cache data: cache-enabled = false, cache-mode = NORMAL
2025-09-05 16:05:05 DEBUG [http-nio-9827-exec-4] org.hibernate.orm.results [,] - Initializer list:
	  com.example.loan_service.entity.Loan(l).repayments -> SelectEagerCollectionInitializer(com.example.loan_service.entity.Loan(l).repayments)@2028579572 (PluralAttribute(com.example.loan_service.entity.Loan.repayments))
	  com.example.loan_service.entity.Loan(l) -> EntityResultInitializer(com.example.loan_service.entity.Loan(l))@1729983042 (SingleTableEntityPersister(com.example.loan_service.entity.Loan))
	  com.example.loan_service.entity.Loan(l).rejectionReasons -> SelectEagerCollectionInitializer(com.example.loan_service.entity.Loan(l).rejectionReasons)@1853453352 (PluralAttribute(com.example.loan_service.entity.Loan.rejectionReasons))

2025-09-05 16:05:05 DEBUG [http-nio-9827-exec-4] org.hibernate.SQL [,] - 
    select
        l1_0.loan_id,
        l1_0.amount,
        l1_0.approved_at,
        l1_0.audit_created_at,
        l1_0.audit_created_by,
        l1_0.audit_last_modified_at,
        l1_0.audit_last_modified_by,
        l1_0.created_at,
        l1_0.customer_id,
        l1_0.declared_income,
        l1_0.disbursement_account_number,
        l1_0.interest_rate,
        l1_0.loan_type,
        l1_0.path_file,
        l1_0.repayment_account_number,
        l1_0.status,
        l1_0.term_months 
    from
        loan l1_0 
    where
        l1_0.status=? 
    order by
        l1_0.created_at desc
2025-09-05 16:05:05 DEBUG [http-nio-9827-exec-4] org.hibernate.orm.results [,] - Extracted JDBC value [0] - [93]
2025-09-05 16:05:05 DEBUG [http-nio-9827-exec-4] o.h.orm.results.loading.entity [,] - (EntityResultInitializer) Hydrated EntityKey (com.example.loan_service.entity.Loan(l)): 93
2025-09-05 16:05:05 DEBUG [http-nio-9827-exec-4] o.h.o.r.l.o.h.o.r.loading.collection [,] - (SelectEagerCollectionInitializer) Current row collection key : com.example.loan_service.entity.Loan(l).rejectionReasons#93
2025-09-05 16:05:05 DEBUG [http-nio-9827-exec-4] o.h.o.r.l.o.h.o.r.loading.collection [,] - (SelectEagerCollectionInitializer) Current row collection key : com.example.loan_service.entity.Loan(l).repayments#93
2025-09-05 16:05:05 DEBUG [http-nio-9827-exec-4] o.h.orm.results.loading.entity [,] - (EntityResultInitializer) Created new entity instance [com.example.loan_service.entity.Loan(l)#93] : 1737426314
2025-09-05 16:05:05 DEBUG [http-nio-9827-exec-4] org.hibernate.orm.results [,] - Extracted JDBC value [1] - [50000000.00]
2025-09-05 16:05:05 DEBUG [http-nio-9827-exec-4] org.hibernate.orm.results [,] - Extracted JDBC value [2] - [null]
2025-09-05 16:05:05 DEBUG [http-nio-9827-exec-4] org.hibernate.orm.results [,] - Extracted JDBC value [3] - [2025-08-19T10:32:09.454109]
2025-09-05 16:05:05 DEBUG [http-nio-9827-exec-4] org.hibernate.orm.results [,] - Extracted JDBC value [4] - [system]
2025-09-05 16:05:05 DEBUG [http-nio-9827-exec-4] org.hibernate.orm.results [,] - Extracted JDBC value [5] - [2025-08-19T10:32:09.454109]
2025-09-05 16:05:05 DEBUG [http-nio-9827-exec-4] org.hibernate.orm.results [,] - Extracted JDBC value [6] - [system]
2025-09-05 16:05:05 DEBUG [http-nio-9827-exec-4] org.hibernate.orm.results [,] - Extracted JDBC value [7] - [2025-08-19T10:32:09]
2025-09-05 16:05:05 DEBUG [http-nio-9827-exec-4] org.hibernate.orm.results [,] - Extracted JDBC value [8] - [505]
2025-09-05 16:05:05 DEBUG [http-nio-9827-exec-4] org.hibernate.orm.results [,] - Extracted JDBC value [9] - [null]
2025-09-05 16:05:05 DEBUG [http-nio-9827-exec-4] org.hibernate.orm.results [,] - Extracted JDBC value [10] - []
2025-09-05 16:05:05 DEBUG [http-nio-9827-exec-4] org.hibernate.orm.results [,] - Extracted JDBC value [11] - [6.50]
2025-09-05 16:05:05 DEBUG [http-nio-9827-exec-4] org.hibernate.orm.results [,] - Extracted JDBC value [12] - [PERSONAL]
2025-09-05 16:05:05 DEBUG [http-nio-9827-exec-4] org.hibernate.orm.results [,] - Extracted JDBC value [13] - [null]
2025-09-05 16:05:05 DEBUG [http-nio-9827-exec-4] org.hibernate.orm.results [,] - Extracted JDBC value [14] - [421010934]
2025-09-05 16:05:05 DEBUG [http-nio-9827-exec-4] org.hibernate.orm.results [,] - Extracted JDBC value [15] - [PENDING]
2025-09-05 16:05:05 DEBUG [http-nio-9827-exec-4] org.hibernate.orm.results [,] - Extracted JDBC value [16] - [12]
2025-09-05 16:05:05 DEBUG [http-nio-9827-exec-4] o.h.orm.results.loading.entity [,] - (EntityResultInitializer) Done materializing entityInstance : com.example.loan_service.entity.Loan(l)#93
2025-09-05 16:05:05 DEBUG [http-nio-9827-exec-4] org.hibernate.orm.results.loading [,] - Calling top-level assembler (0 / 1) : org.hibernate.sql.results.graph.entity.internal.EntityAssembler@2ae85480
2025-09-05 16:05:05 DEBUG [http-nio-9827-exec-4] org.hibernate.orm.results [,] - Extracted JDBC value [0] - [89]
2025-09-05 16:05:05 DEBUG [http-nio-9827-exec-4] o.h.orm.results.loading.entity [,] - (EntityResultInitializer) Hydrated EntityKey (com.example.loan_service.entity.Loan(l)): 89
2025-09-05 16:05:05 DEBUG [http-nio-9827-exec-4] o.h.o.r.l.o.h.o.r.loading.collection [,] - (SelectEagerCollectionInitializer) Current row collection key : com.example.loan_service.entity.Loan(l).rejectionReasons#89
2025-09-05 16:05:05 DEBUG [http-nio-9827-exec-4] o.h.o.r.l.o.h.o.r.loading.collection [,] - (SelectEagerCollectionInitializer) Current row collection key : com.example.loan_service.entity.Loan(l).repayments#89
2025-09-05 16:05:05 DEBUG [http-nio-9827-exec-4] o.h.orm.results.loading.entity [,] - (EntityResultInitializer) Created new entity instance [com.example.loan_service.entity.Loan(l)#89] : 894740226
2025-09-05 16:05:05 DEBUG [http-nio-9827-exec-4] org.hibernate.orm.results [,] - Extracted JDBC value [1] - [50000000.00]
2025-09-05 16:05:05 DEBUG [http-nio-9827-exec-4] org.hibernate.orm.results [,] - Extracted JDBC value [2] - [2025-08-18T16:35:14]
2025-09-05 16:05:05 DEBUG [http-nio-9827-exec-4] org.hibernate.orm.results [,] - Extracted JDBC value [3] - [2025-08-18T16:35:05.717004]
2025-09-05 16:05:05 DEBUG [http-nio-9827-exec-4] org.hibernate.orm.results [,] - Extracted JDBC value [4] - [system]
2025-09-05 16:05:05 DEBUG [http-nio-9827-exec-4] org.hibernate.orm.results [,] - Extracted JDBC value [5] - [2025-08-19T11:03:36.700530]
2025-09-05 16:05:05 DEBUG [http-nio-9827-exec-4] org.hibernate.orm.results [,] - Extracted JDBC value [6] - [system]
2025-09-05 16:05:05 DEBUG [http-nio-9827-exec-4] org.hibernate.orm.results [,] - Extracted JDBC value [7] - [2025-08-18T16:35:06]
2025-09-05 16:05:05 DEBUG [http-nio-9827-exec-4] org.hibernate.orm.results [,] - Extracted JDBC value [8] - [505]
2025-09-05 16:05:05 DEBUG [http-nio-9827-exec-4] org.hibernate.orm.results [,] - Extracted JDBC value [9] - [null]
2025-09-05 16:05:05 DEBUG [http-nio-9827-exec-4] org.hibernate.orm.results [,] - Extracted JDBC value [10] - [null]
2025-09-05 16:05:05 DEBUG [http-nio-9827-exec-4] org.hibernate.orm.results [,] - Extracted JDBC value [11] - [8.50]
2025-09-05 16:05:05 DEBUG [http-nio-9827-exec-4] org.hibernate.orm.results [,] - Extracted JDBC value [12] - [PERSONAL]
2025-09-05 16:05:05 DEBUG [http-nio-9827-exec-4] org.hibernate.orm.results [,] - Extracted JDBC value [13] - [null]
2025-09-05 16:05:05 DEBUG [http-nio-9827-exec-4] org.hibernate.orm.results [,] - Extracted JDBC value [14] - [421010934]
2025-09-05 16:05:05 DEBUG [http-nio-9827-exec-4] org.hibernate.orm.results [,] - Extracted JDBC value [15] - [PENDING]
2025-09-05 16:05:05 DEBUG [http-nio-9827-exec-4] org.hibernate.orm.results [,] - Extracted JDBC value [16] - [24]
2025-09-05 16:05:05 DEBUG [http-nio-9827-exec-4] o.h.orm.results.loading.entity [,] - (EntityResultInitializer) Done materializing entityInstance : com.example.loan_service.entity.Loan(l)#89
2025-09-05 16:05:05 DEBUG [http-nio-9827-exec-4] org.hibernate.orm.results.loading [,] - Calling top-level assembler (0 / 1) : org.hibernate.sql.results.graph.entity.internal.EntityAssembler@2ae85480
2025-09-05 16:05:05 DEBUG [http-nio-9827-exec-4] org.hibernate.orm.sql.exec [,] - Skipping reading Query result cache data: cache-enabled = false, cache-mode = IGNORE
2025-09-05 16:05:05 DEBUG [http-nio-9827-exec-4] org.hibernate.orm.results [,] - Initializer list:
	  com.example.loan_service.entity.Loan.repayments -> BagInitializer(com.example.loan_service.entity.Loan.repayments)@212824941 (PluralAttribute(com.example.loan_service.entity.Loan.repayments))
	  com.example.loan_service.entity.Loan.repayments.{element}.loan -> EntityDelayedFetchInitializer(com.example.loan_service.entity.Loan.repayments.{element}.loan)@763242335 (ToOneAttributeMapping(NavigableRole[com.example.loan_service.entity.Repayment.loan])@144757419)
	  com.example.loan_service.entity.Loan.repayments.{element} -> EntityJoinedFetchInitializer(com.example.loan_service.entity.Loan.repayments.{element})@1680363525 (EntityCollectionPart(com.example.loan_service.entity.Loan.repayments#{element})@1358834815)

2025-09-05 16:05:05 DEBUG [http-nio-9827-exec-4] org.hibernate.SQL [,] - 
    select
        r1_0.loan_id,
        r1_0.repayment_id,
        r1_0.audit_created_at,
        r1_0.audit_created_by,
        r1_0.audit_last_modified_at,
        r1_0.audit_last_modified_by,
        r1_0.due_date,
        r1_0.interest,
        r1_0.paid_amount,
        r1_0.principal,
        r1_0.status 
    from
        repayment r1_0 
    where
        r1_0.loan_id=?
2025-09-05 16:05:05 DEBUG [http-nio-9827-exec-4] o.h.s.results.internal.ResultsHelper [,] - Collection fully initialized: [com.example.loan_service.entity.Loan.repayments#89]
2025-09-05 16:05:05 DEBUG [http-nio-9827-exec-4] org.hibernate.orm.sql.exec [,] - Skipping reading Query result cache data: cache-enabled = false, cache-mode = IGNORE
2025-09-05 16:05:05 DEBUG [http-nio-9827-exec-4] org.hibernate.orm.results [,] - Initializer list:
	  com.example.loan_service.entity.Loan.rejectionReasons.{element}.loan -> EntityDelayedFetchInitializer(com.example.loan_service.entity.Loan.rejectionReasons.{element}.loan)@1760894293 (ToOneAttributeMapping(NavigableRole[com.example.loan_service.entity.LoanRejectionReason.loan])@1917088098)
	  com.example.loan_service.entity.Loan.rejectionReasons.{element} -> EntityJoinedFetchInitializer(com.example.loan_service.entity.Loan.rejectionReasons.{element})@247783812 (EntityCollectionPart(com.example.loan_service.entity.Loan.rejectionReasons#{element})@69288400)
	  com.example.loan_service.entity.Loan.rejectionReasons -> BagInitializer(com.example.loan_service.entity.Loan.rejectionReasons)@105283442 (PluralAttribute(com.example.loan_service.entity.Loan.rejectionReasons))

2025-09-05 16:05:05 DEBUG [http-nio-9827-exec-4] org.hibernate.SQL [,] - 
    select
        rr1_0.loan_id,
        rr1_0.id,
        rr1_0.created_at,
        rr1_0.reason 
    from
        loan_rejection_reason rr1_0 
    where
        rr1_0.loan_id=?
2025-09-05 16:05:05 DEBUG [http-nio-9827-exec-4] o.h.s.results.internal.ResultsHelper [,] - Collection fully initialized: [com.example.loan_service.entity.Loan.rejectionReasons#89]
2025-09-05 16:05:05 DEBUG [http-nio-9827-exec-4] org.hibernate.orm.sql.exec [,] - Skipping reading Query result cache data: cache-enabled = false, cache-mode = IGNORE
2025-09-05 16:05:05 DEBUG [http-nio-9827-exec-4] org.hibernate.orm.results [,] - Initializer list:
	  com.example.loan_service.entity.Loan.repayments -> BagInitializer(com.example.loan_service.entity.Loan.repayments)@1245456740 (PluralAttribute(com.example.loan_service.entity.Loan.repayments))
	  com.example.loan_service.entity.Loan.repayments.{element}.loan -> EntityDelayedFetchInitializer(com.example.loan_service.entity.Loan.repayments.{element}.loan)@176881733 (ToOneAttributeMapping(NavigableRole[com.example.loan_service.entity.Repayment.loan])@144757419)
	  com.example.loan_service.entity.Loan.repayments.{element} -> EntityJoinedFetchInitializer(com.example.loan_service.entity.Loan.repayments.{element})@2006949731 (EntityCollectionPart(com.example.loan_service.entity.Loan.repayments#{element})@1358834815)

2025-09-05 16:05:05 DEBUG [http-nio-9827-exec-4] org.hibernate.SQL [,] - 
    select
        r1_0.loan_id,
        r1_0.repayment_id,
        r1_0.audit_created_at,
        r1_0.audit_created_by,
        r1_0.audit_last_modified_at,
        r1_0.audit_last_modified_by,
        r1_0.due_date,
        r1_0.interest,
        r1_0.paid_amount,
        r1_0.principal,
        r1_0.status 
    from
        repayment r1_0 
    where
        r1_0.loan_id=?
2025-09-05 16:05:05 DEBUG [http-nio-9827-exec-4] o.h.s.results.internal.ResultsHelper [,] - Collection fully initialized: [com.example.loan_service.entity.Loan.repayments#93]
2025-09-05 16:05:05 DEBUG [http-nio-9827-exec-4] org.hibernate.orm.sql.exec [,] - Skipping reading Query result cache data: cache-enabled = false, cache-mode = IGNORE
2025-09-05 16:05:05 DEBUG [http-nio-9827-exec-4] org.hibernate.orm.results [,] - Initializer list:
	  com.example.loan_service.entity.Loan.rejectionReasons.{element}.loan -> EntityDelayedFetchInitializer(com.example.loan_service.entity.Loan.rejectionReasons.{element}.loan)@1505737430 (ToOneAttributeMapping(NavigableRole[com.example.loan_service.entity.LoanRejectionReason.loan])@1917088098)
	  com.example.loan_service.entity.Loan.rejectionReasons.{element} -> EntityJoinedFetchInitializer(com.example.loan_service.entity.Loan.rejectionReasons.{element})@1312243555 (EntityCollectionPart(com.example.loan_service.entity.Loan.rejectionReasons#{element})@69288400)
	  com.example.loan_service.entity.Loan.rejectionReasons -> BagInitializer(com.example.loan_service.entity.Loan.rejectionReasons)@301199347 (PluralAttribute(com.example.loan_service.entity.Loan.rejectionReasons))

2025-09-05 16:05:05 DEBUG [http-nio-9827-exec-4] org.hibernate.SQL [,] - 
    select
        rr1_0.loan_id,
        rr1_0.id,
        rr1_0.created_at,
        rr1_0.reason 
    from
        loan_rejection_reason rr1_0 
    where
        rr1_0.loan_id=?
2025-09-05 16:05:05 DEBUG [http-nio-9827-exec-4] o.h.s.results.internal.ResultsHelper [,] - Collection fully initialized: [com.example.loan_service.entity.Loan.rejectionReasons#93]
2025-09-05 16:59:56 DEBUG [http-nio-9827-exec-6] org.hibernate.orm.sql.exec [,] - Skipping reading Query result cache data: cache-enabled = false, cache-mode = NORMAL
2025-09-05 16:59:56 DEBUG [http-nio-9827-exec-6] org.hibernate.orm.results [,] - Initializer list:
	  com.example.loan_service.entity.Loan(l).repayments -> SelectEagerCollectionInitializer(com.example.loan_service.entity.Loan(l).repayments)@794632600 (PluralAttribute(com.example.loan_service.entity.Loan.repayments))
	  com.example.loan_service.entity.Loan(l) -> EntityResultInitializer(com.example.loan_service.entity.Loan(l))@1229983023 (SingleTableEntityPersister(com.example.loan_service.entity.Loan))
	  com.example.loan_service.entity.Loan(l).rejectionReasons -> SelectEagerCollectionInitializer(com.example.loan_service.entity.Loan(l).rejectionReasons)@1775788153 (PluralAttribute(com.example.loan_service.entity.Loan.rejectionReasons))

2025-09-05 16:59:56 DEBUG [http-nio-9827-exec-6] org.hibernate.SQL [,] - 
    select
        l1_0.loan_id,
        l1_0.amount,
        l1_0.approved_at,
        l1_0.audit_created_at,
        l1_0.audit_created_by,
        l1_0.audit_last_modified_at,
        l1_0.audit_last_modified_by,
        l1_0.created_at,
        l1_0.customer_id,
        l1_0.declared_income,
        l1_0.disbursement_account_number,
        l1_0.interest_rate,
        l1_0.loan_type,
        l1_0.path_file,
        l1_0.repayment_account_number,
        l1_0.status,
        l1_0.term_months 
    from
        loan l1_0 
    where
        l1_0.status=? 
    order by
        l1_0.created_at desc
2025-09-05 16:59:56 DEBUG [http-nio-9827-exec-6] org.hibernate.orm.results [,] - Extracted JDBC value [0] - [93]
2025-09-05 16:59:56 DEBUG [http-nio-9827-exec-6] o.h.orm.results.loading.entity [,] - (EntityResultInitializer) Hydrated EntityKey (com.example.loan_service.entity.Loan(l)): 93
2025-09-05 16:59:56 DEBUG [http-nio-9827-exec-6] o.h.o.r.l.o.h.o.r.loading.collection [,] - (SelectEagerCollectionInitializer) Current row collection key : com.example.loan_service.entity.Loan(l).rejectionReasons#93
2025-09-05 16:59:56 DEBUG [http-nio-9827-exec-6] o.h.o.r.l.o.h.o.r.loading.collection [,] - (SelectEagerCollectionInitializer) Current row collection key : com.example.loan_service.entity.Loan(l).repayments#93
2025-09-05 16:59:56 DEBUG [http-nio-9827-exec-6] o.h.orm.results.loading.entity [,] - (EntityResultInitializer) Created new entity instance [com.example.loan_service.entity.Loan(l)#93] : 681594843
2025-09-05 16:59:56 DEBUG [http-nio-9827-exec-6] org.hibernate.orm.results [,] - Extracted JDBC value [1] - [50000000.00]
2025-09-05 16:59:56 DEBUG [http-nio-9827-exec-6] org.hibernate.orm.results [,] - Extracted JDBC value [2] - [null]
2025-09-05 16:59:56 DEBUG [http-nio-9827-exec-6] org.hibernate.orm.results [,] - Extracted JDBC value [3] - [2025-08-19T10:32:09.454109]
2025-09-05 16:59:56 DEBUG [http-nio-9827-exec-6] org.hibernate.orm.results [,] - Extracted JDBC value [4] - [system]
2025-09-05 16:59:56 DEBUG [http-nio-9827-exec-6] org.hibernate.orm.results [,] - Extracted JDBC value [5] - [2025-08-19T10:32:09.454109]
2025-09-05 16:59:56 DEBUG [http-nio-9827-exec-6] org.hibernate.orm.results [,] - Extracted JDBC value [6] - [system]
2025-09-05 16:59:56 DEBUG [http-nio-9827-exec-6] org.hibernate.orm.results [,] - Extracted JDBC value [7] - [2025-08-19T10:32:09]
2025-09-05 16:59:56 DEBUG [http-nio-9827-exec-6] org.hibernate.orm.results [,] - Extracted JDBC value [8] - [505]
2025-09-05 16:59:56 DEBUG [http-nio-9827-exec-6] org.hibernate.orm.results [,] - Extracted JDBC value [9] - [null]
2025-09-05 16:59:56 DEBUG [http-nio-9827-exec-6] org.hibernate.orm.results [,] - Extracted JDBC value [10] - []
2025-09-05 16:59:56 DEBUG [http-nio-9827-exec-6] org.hibernate.orm.results [,] - Extracted JDBC value [11] - [6.50]
2025-09-05 16:59:56 DEBUG [http-nio-9827-exec-6] org.hibernate.orm.results [,] - Extracted JDBC value [12] - [PERSONAL]
2025-09-05 16:59:56 DEBUG [http-nio-9827-exec-6] org.hibernate.orm.results [,] - Extracted JDBC value [13] - [null]
2025-09-05 16:59:56 DEBUG [http-nio-9827-exec-6] org.hibernate.orm.results [,] - Extracted JDBC value [14] - [421010934]
2025-09-05 16:59:56 DEBUG [http-nio-9827-exec-6] org.hibernate.orm.results [,] - Extracted JDBC value [15] - [PENDING]
2025-09-05 16:59:56 DEBUG [http-nio-9827-exec-6] org.hibernate.orm.results [,] - Extracted JDBC value [16] - [12]
2025-09-05 16:59:56 DEBUG [http-nio-9827-exec-6] o.h.orm.results.loading.entity [,] - (EntityResultInitializer) Done materializing entityInstance : com.example.loan_service.entity.Loan(l)#93
2025-09-05 16:59:56 DEBUG [http-nio-9827-exec-6] org.hibernate.orm.results.loading [,] - Calling top-level assembler (0 / 1) : org.hibernate.sql.results.graph.entity.internal.EntityAssembler@7919b5f3
2025-09-05 16:59:56 DEBUG [http-nio-9827-exec-6] org.hibernate.orm.results [,] - Extracted JDBC value [0] - [89]
2025-09-05 16:59:56 DEBUG [http-nio-9827-exec-6] o.h.orm.results.loading.entity [,] - (EntityResultInitializer) Hydrated EntityKey (com.example.loan_service.entity.Loan(l)): 89
2025-09-05 16:59:56 DEBUG [http-nio-9827-exec-6] o.h.o.r.l.o.h.o.r.loading.collection [,] - (SelectEagerCollectionInitializer) Current row collection key : com.example.loan_service.entity.Loan(l).rejectionReasons#89
2025-09-05 16:59:56 DEBUG [http-nio-9827-exec-6] o.h.o.r.l.o.h.o.r.loading.collection [,] - (SelectEagerCollectionInitializer) Current row collection key : com.example.loan_service.entity.Loan(l).repayments#89
2025-09-05 16:59:56 DEBUG [http-nio-9827-exec-6] o.h.orm.results.loading.entity [,] - (EntityResultInitializer) Created new entity instance [com.example.loan_service.entity.Loan(l)#89] : 1408099228
2025-09-05 16:59:56 DEBUG [http-nio-9827-exec-6] org.hibernate.orm.results [,] - Extracted JDBC value [1] - [50000000.00]
2025-09-05 16:59:56 DEBUG [http-nio-9827-exec-6] org.hibernate.orm.results [,] - Extracted JDBC value [2] - [2025-08-18T16:35:14]
2025-09-05 16:59:56 DEBUG [http-nio-9827-exec-6] org.hibernate.orm.results [,] - Extracted JDBC value [3] - [2025-08-18T16:35:05.717004]
2025-09-05 16:59:56 DEBUG [http-nio-9827-exec-6] org.hibernate.orm.results [,] - Extracted JDBC value [4] - [system]
2025-09-05 16:59:56 DEBUG [http-nio-9827-exec-6] org.hibernate.orm.results [,] - Extracted JDBC value [5] - [2025-08-19T11:03:36.700530]
2025-09-05 16:59:56 DEBUG [http-nio-9827-exec-6] org.hibernate.orm.results [,] - Extracted JDBC value [6] - [system]
2025-09-05 16:59:56 DEBUG [http-nio-9827-exec-6] org.hibernate.orm.results [,] - Extracted JDBC value [7] - [2025-08-18T16:35:06]
2025-09-05 16:59:56 DEBUG [http-nio-9827-exec-6] org.hibernate.orm.results [,] - Extracted JDBC value [8] - [505]
2025-09-05 16:59:56 DEBUG [http-nio-9827-exec-6] org.hibernate.orm.results [,] - Extracted JDBC value [9] - [null]
2025-09-05 16:59:56 DEBUG [http-nio-9827-exec-6] org.hibernate.orm.results [,] - Extracted JDBC value [10] - [null]
2025-09-05 16:59:56 DEBUG [http-nio-9827-exec-6] org.hibernate.orm.results [,] - Extracted JDBC value [11] - [8.50]
2025-09-05 16:59:56 DEBUG [http-nio-9827-exec-6] org.hibernate.orm.results [,] - Extracted JDBC value [12] - [PERSONAL]
2025-09-05 16:59:56 DEBUG [http-nio-9827-exec-6] org.hibernate.orm.results [,] - Extracted JDBC value [13] - [null]
2025-09-05 16:59:56 DEBUG [http-nio-9827-exec-6] org.hibernate.orm.results [,] - Extracted JDBC value [14] - [421010934]
2025-09-05 16:59:56 DEBUG [http-nio-9827-exec-6] org.hibernate.orm.results [,] - Extracted JDBC value [15] - [PENDING]
2025-09-05 16:59:56 DEBUG [http-nio-9827-exec-6] org.hibernate.orm.results [,] - Extracted JDBC value [16] - [24]
2025-09-05 16:59:56 DEBUG [http-nio-9827-exec-6] o.h.orm.results.loading.entity [,] - (EntityResultInitializer) Done materializing entityInstance : com.example.loan_service.entity.Loan(l)#89
2025-09-05 16:59:56 DEBUG [http-nio-9827-exec-6] org.hibernate.orm.results.loading [,] - Calling top-level assembler (0 / 1) : org.hibernate.sql.results.graph.entity.internal.EntityAssembler@7919b5f3
2025-09-05 16:59:56 DEBUG [http-nio-9827-exec-6] org.hibernate.orm.sql.exec [,] - Skipping reading Query result cache data: cache-enabled = false, cache-mode = IGNORE
2025-09-05 16:59:56 DEBUG [http-nio-9827-exec-6] org.hibernate.orm.results [,] - Initializer list:
	  com.example.loan_service.entity.Loan.repayments -> BagInitializer(com.example.loan_service.entity.Loan.repayments)@1723271177 (PluralAttribute(com.example.loan_service.entity.Loan.repayments))
	  com.example.loan_service.entity.Loan.repayments.{element}.loan -> EntityDelayedFetchInitializer(com.example.loan_service.entity.Loan.repayments.{element}.loan)@1193294704 (ToOneAttributeMapping(NavigableRole[com.example.loan_service.entity.Repayment.loan])@144757419)
	  com.example.loan_service.entity.Loan.repayments.{element} -> EntityJoinedFetchInitializer(com.example.loan_service.entity.Loan.repayments.{element})@1791738603 (EntityCollectionPart(com.example.loan_service.entity.Loan.repayments#{element})@1358834815)

2025-09-05 16:59:56 DEBUG [http-nio-9827-exec-6] org.hibernate.SQL [,] - 
    select
        r1_0.loan_id,
        r1_0.repayment_id,
        r1_0.audit_created_at,
        r1_0.audit_created_by,
        r1_0.audit_last_modified_at,
        r1_0.audit_last_modified_by,
        r1_0.due_date,
        r1_0.interest,
        r1_0.paid_amount,
        r1_0.principal,
        r1_0.status 
    from
        repayment r1_0 
    where
        r1_0.loan_id=?
2025-09-05 16:59:56 DEBUG [http-nio-9827-exec-6] o.h.s.results.internal.ResultsHelper [,] - Collection fully initialized: [com.example.loan_service.entity.Loan.repayments#89]
2025-09-05 16:59:56 DEBUG [http-nio-9827-exec-6] org.hibernate.orm.sql.exec [,] - Skipping reading Query result cache data: cache-enabled = false, cache-mode = IGNORE
2025-09-05 16:59:56 DEBUG [http-nio-9827-exec-6] org.hibernate.orm.results [,] - Initializer list:
	  com.example.loan_service.entity.Loan.rejectionReasons.{element}.loan -> EntityDelayedFetchInitializer(com.example.loan_service.entity.Loan.rejectionReasons.{element}.loan)@1263449872 (ToOneAttributeMapping(NavigableRole[com.example.loan_service.entity.LoanRejectionReason.loan])@1917088098)
	  com.example.loan_service.entity.Loan.rejectionReasons.{element} -> EntityJoinedFetchInitializer(com.example.loan_service.entity.Loan.rejectionReasons.{element})@1008568489 (EntityCollectionPart(com.example.loan_service.entity.Loan.rejectionReasons#{element})@69288400)
	  com.example.loan_service.entity.Loan.rejectionReasons -> BagInitializer(com.example.loan_service.entity.Loan.rejectionReasons)@1487511174 (PluralAttribute(com.example.loan_service.entity.Loan.rejectionReasons))

2025-09-05 16:59:56 DEBUG [http-nio-9827-exec-6] org.hibernate.SQL [,] - 
    select
        rr1_0.loan_id,
        rr1_0.id,
        rr1_0.created_at,
        rr1_0.reason 
    from
        loan_rejection_reason rr1_0 
    where
        rr1_0.loan_id=?
2025-09-05 16:59:56 DEBUG [http-nio-9827-exec-6] o.h.s.results.internal.ResultsHelper [,] - Collection fully initialized: [com.example.loan_service.entity.Loan.rejectionReasons#89]
2025-09-05 16:59:56 DEBUG [http-nio-9827-exec-6] org.hibernate.orm.sql.exec [,] - Skipping reading Query result cache data: cache-enabled = false, cache-mode = IGNORE
2025-09-05 16:59:56 DEBUG [http-nio-9827-exec-6] org.hibernate.orm.results [,] - Initializer list:
	  com.example.loan_service.entity.Loan.repayments -> BagInitializer(com.example.loan_service.entity.Loan.repayments)@1790583601 (PluralAttribute(com.example.loan_service.entity.Loan.repayments))
	  com.example.loan_service.entity.Loan.repayments.{element}.loan -> EntityDelayedFetchInitializer(com.example.loan_service.entity.Loan.repayments.{element}.loan)@1712264743 (ToOneAttributeMapping(NavigableRole[com.example.loan_service.entity.Repayment.loan])@144757419)
	  com.example.loan_service.entity.Loan.repayments.{element} -> EntityJoinedFetchInitializer(com.example.loan_service.entity.Loan.repayments.{element})@303278301 (EntityCollectionPart(com.example.loan_service.entity.Loan.repayments#{element})@1358834815)

2025-09-05 16:59:56 DEBUG [http-nio-9827-exec-6] org.hibernate.SQL [,] - 
    select
        r1_0.loan_id,
        r1_0.repayment_id,
        r1_0.audit_created_at,
        r1_0.audit_created_by,
        r1_0.audit_last_modified_at,
        r1_0.audit_last_modified_by,
        r1_0.due_date,
        r1_0.interest,
        r1_0.paid_amount,
        r1_0.principal,
        r1_0.status 
    from
        repayment r1_0 
    where
        r1_0.loan_id=?
2025-09-05 16:59:56 DEBUG [http-nio-9827-exec-6] o.h.s.results.internal.ResultsHelper [,] - Collection fully initialized: [com.example.loan_service.entity.Loan.repayments#93]
2025-09-05 16:59:56 DEBUG [http-nio-9827-exec-6] org.hibernate.orm.sql.exec [,] - Skipping reading Query result cache data: cache-enabled = false, cache-mode = IGNORE
2025-09-05 16:59:56 DEBUG [http-nio-9827-exec-6] org.hibernate.orm.results [,] - Initializer list:
	  com.example.loan_service.entity.Loan.rejectionReasons.{element}.loan -> EntityDelayedFetchInitializer(com.example.loan_service.entity.Loan.rejectionReasons.{element}.loan)@1486639146 (ToOneAttributeMapping(NavigableRole[com.example.loan_service.entity.LoanRejectionReason.loan])@1917088098)
	  com.example.loan_service.entity.Loan.rejectionReasons.{element} -> EntityJoinedFetchInitializer(com.example.loan_service.entity.Loan.rejectionReasons.{element})@1549994030 (EntityCollectionPart(com.example.loan_service.entity.Loan.rejectionReasons#{element})@69288400)
	  com.example.loan_service.entity.Loan.rejectionReasons -> BagInitializer(com.example.loan_service.entity.Loan.rejectionReasons)@592003150 (PluralAttribute(com.example.loan_service.entity.Loan.rejectionReasons))

2025-09-05 16:59:56 DEBUG [http-nio-9827-exec-6] org.hibernate.SQL [,] - 
    select
        rr1_0.loan_id,
        rr1_0.id,
        rr1_0.created_at,
        rr1_0.reason 
    from
        loan_rejection_reason rr1_0 
    where
        rr1_0.loan_id=?
2025-09-05 16:59:56 DEBUG [http-nio-9827-exec-6] o.h.s.results.internal.ResultsHelper [,] - Collection fully initialized: [com.example.loan_service.entity.Loan.rejectionReasons#93]
2025-09-05 17:15:17 DEBUG [SpringContextShutdownHook] o.h.internal.SessionFactoryImpl [,] - HHH000031: Closing
2025-09-05 17:15:17 DEBUG [SpringContextShutdownHook] o.h.type.spi.TypeConfiguration$Scope [,] - Un-scoping TypeConfiguration [org.hibernate.type.spi.TypeConfiguration$Scope@73e422b5] from SessionFactory [org.hibernate.internal.SessionFactoryImpl@5f5eaa4a]
2025-09-05 17:15:17 DEBUG [SpringContextShutdownHook] o.h.s.i.AbstractServiceRegistryImpl [,] - Implicitly destroying ServiceRegistry on de-registration of all child ServiceRegistries
2025-09-05 17:15:17 DEBUG [SpringContextShutdownHook] o.h.b.r.i.BootstrapServiceRegistryImpl [,] - Implicitly destroying Boot-strap registry on de-registration of all child ServiceRegistries
