2025-07-03 22:06:57.360 INFO  [main] c.m.m.MasterServiceApplication [,] - Starting MasterServiceApplication using Java 17.0.11 with PID 32224 (C:\Study\java-banking-phase2\backend\master-service\target\classes started by Thiên Vỹ in C:\Study\java-banking-phase2)
2025-07-03 22:06:57.391 DEBUG [main] c.m.m.MasterServiceApplication [,] - Running with Spring Boot v3.2.0, Spring v6.1.1
2025-07-03 22:06:57.394 INFO  [main] c.m.m.MasterServiceApplication [,] - No active profile set, falling back to 1 default profile: "default"
2025-07-03 22:07:05.141 INFO  [main] c.m.m.MasterServiceApplication [,] - Started MasterServiceApplication in 8.406 seconds (process running for 11.878)
2025-07-03 22:12:11.391 INFO  [main] c.m.m.MasterServiceApplication [,] - Starting MasterServiceApplication using Java 17.0.11 with PID 37436 (C:\Study\java-banking-phase2\backend\master-service\target\classes started by Thiên Vỹ in C:\Study\java-banking-phase2)
2025-07-03 22:12:11.424 DEBUG [main] c.m.m.MasterServiceApplication [,] - Running with Spring Boot v3.2.0, Spring v6.1.1
2025-07-03 22:12:11.426 INFO  [main] c.m.m.MasterServiceApplication [,] - No active profile set, falling back to 1 default profile: "default"
2025-07-03 22:12:25.784 INFO  [main] c.m.m.MasterServiceApplication [,] - Started MasterServiceApplication in 15.975 seconds (process running for 22.565)
2025-07-03 22:17:17.081 INFO  [main] c.m.m.MasterServiceApplication [,] - Starting MasterServiceApplication using Java 17.0.11 with PID 30220 (C:\Study\java-banking-phase2\backend\master-service\target\classes started by Thiên Vỹ in C:\Study\java-banking-phase2)
2025-07-03 22:17:17.101 DEBUG [main] c.m.m.MasterServiceApplication [,] - Running with Spring Boot v3.2.0, Spring v6.1.1
2025-07-03 22:17:17.104 INFO  [main] c.m.m.MasterServiceApplication [,] - No active profile set, falling back to 1 default profile: "default"
2025-07-03 22:17:29.299 INFO  [main] c.m.m.MasterServiceApplication [,] - Started MasterServiceApplication in 13.507 seconds (process running for 18.481)
2025-07-03 22:21:35.839 DEBUG [http-nio-8086-exec-1] o.s.web.client.RestTemplate [d28e6288f199648de9c14f1e70fd72c6,07283c64a29fce5f] - HTTP GET http://localhost:8180/realms/myrealm/.well-known/openid-configuration
2025-07-03 22:21:35.865 DEBUG [http-nio-8086-exec-1] o.s.web.client.RestTemplate [d28e6288f199648de9c14f1e70fd72c6,07283c64a29fce5f] - Accept=[application/json, application/*+json]
2025-07-03 22:21:35.933 DEBUG [http-nio-8086-exec-1] o.s.web.client.RestTemplate [d28e6288f199648de9c14f1e70fd72c6,07283c64a29fce5f] - Response 200 OK
2025-07-03 22:21:35.936 DEBUG [http-nio-8086-exec-1] o.s.web.client.RestTemplate [d28e6288f199648de9c14f1e70fd72c6,07283c64a29fce5f] - Reading to [java.util.Map<java.lang.String, java.lang.Object>]
2025-07-03 22:21:36.066 DEBUG [http-nio-8086-exec-1] o.s.web.client.RestTemplate [d28e6288f199648de9c14f1e70fd72c6,07283c64a29fce5f] - HTTP GET http://localhost:8180/realms/myrealm/protocol/openid-connect/certs
2025-07-03 22:21:36.068 DEBUG [http-nio-8086-exec-1] o.s.web.client.RestTemplate [d28e6288f199648de9c14f1e70fd72c6,07283c64a29fce5f] - Accept=[text/plain, application/json, application/*+json, */*]
2025-07-03 22:21:36.090 DEBUG [http-nio-8086-exec-1] o.s.web.client.RestTemplate [d28e6288f199648de9c14f1e70fd72c6,07283c64a29fce5f] - Response 200 OK
2025-07-03 22:21:36.092 DEBUG [http-nio-8086-exec-1] o.s.web.client.RestTemplate [d28e6288f199648de9c14f1e70fd72c6,07283c64a29fce5f] - Reading to [java.lang.String] as "application/json;charset=UTF-8"
2025-07-03 22:21:36.734 INFO  [http-nio-8086-exec-1] c.m.m.controller.MasterController [d28e6288f199648de9c14f1e70fd72c6,07283c64a29fce5f] - Received Master card registration request: CardRegistrationRequest(accountNumber=97045271637061218, cifCode=9704527163706, cardType=MASTER, customerName=null)
2025-07-03 22:21:36.763 INFO  [http-nio-8086-exec-1] c.m.m.service.impl.MasterServiceImpl [d28e6288f199648de9c14f1e70fd72c6,07283c64a29fce5f] - === RETRY ATTEMPT - Calling Master API for card registration: CardRegistrationRequest(accountNumber=97045271637061218, cifCode=9704527163706, cardType=MASTER, customerName=null) ===
2025-07-03 22:21:36.763 DEBUG [http-nio-8086-exec-1] c.m.m.service.impl.MasterServiceImpl [d28e6288f199648de9c14f1e70fd72c6,07283c64a29fce5f] - Method called with @Retry annotation - attempt will be tracked by Resilience4j
2025-07-03 22:21:36.764 DEBUG [http-nio-8086-exec-1] c.m.m.service.impl.MasterServiceImpl [d28e6288f199648de9c14f1e70fd72c6,07283c64a29fce5f] - Current thread: http-nio-8086-exec-1, Class: com.master.masterservice.service.impl.MasterServiceImpl
2025-07-03 22:21:36.769 DEBUG [http-nio-8086-exec-1] o.s.web.client.RestTemplate [d28e6288f199648de9c14f1e70fd72c6,07283c64a29fce5f] - HTTP POST http://localhost:8091/api/master/registration
2025-07-03 22:21:36.781 DEBUG [http-nio-8086-exec-1] o.s.web.client.RestTemplate [d28e6288f199648de9c14f1e70fd72c6,07283c64a29fce5f] - Accept=[application/json, application/*+json]
2025-07-03 22:21:36.813 DEBUG [http-nio-8086-exec-1] o.s.web.client.RestTemplate [d28e6288f199648de9c14f1e70fd72c6,07283c64a29fce5f] - Writing [CardRegistrationRequest(accountNumber=97045271637061218, cifCode=9704527163706, cardType=MASTER, customerName=null)] as "application/json"
2025-07-03 22:21:37.060 DEBUG [http-nio-8086-exec-1] o.s.web.client.RestTemplate [d28e6288f199648de9c14f1e70fd72c6,07283c64a29fce5f] - Response 500 INTERNAL_SERVER_ERROR
2025-07-03 22:21:37.067 ERROR [http-nio-8086-exec-1] c.m.m.service.impl.MasterServiceImpl [d28e6288f199648de9c14f1e70fd72c6,07283c64a29fce5f] - Server error calling Master API for account: 97045271637061218. Status: 500 INTERNAL_SERVER_ERROR, Error: 500 Server Error: "{<EOL><EOL>  "timestamp": "2025-06-25T09:00:00.000+07:00",<EOL><EOL>  "status": 500,<EOL><EOL>  "error": "Internal Server Error",<EOL><EOL>  "message": "Something went wrong on the server.",<EOL><EOL>  "path": "/api/master/registration"<EOL><EOL>}" - WILL RETRY
2025-07-03 22:21:37.074 INFO  [http-nio-8086-exec-1] c.m.masterservice.config.RetryConfig [d28e6288f199648de9c14f1e70fd72c6,07283c64a29fce5f] - === RETRY EVENT - Attempt #1 for: mastercard-registration ===
2025-07-03 22:21:37.578 INFO  [http-nio-8086-exec-1] c.m.m.service.impl.MasterServiceImpl [d28e6288f199648de9c14f1e70fd72c6,07283c64a29fce5f] - === RETRY ATTEMPT - Calling Master API for card registration: CardRegistrationRequest(accountNumber=97045271637061218, cifCode=9704527163706, cardType=MASTER, customerName=null) ===
2025-07-03 22:21:37.580 DEBUG [http-nio-8086-exec-1] c.m.m.service.impl.MasterServiceImpl [d28e6288f199648de9c14f1e70fd72c6,07283c64a29fce5f] - Method called with @Retry annotation - attempt will be tracked by Resilience4j
2025-07-03 22:21:37.580 DEBUG [http-nio-8086-exec-1] c.m.m.service.impl.MasterServiceImpl [d28e6288f199648de9c14f1e70fd72c6,07283c64a29fce5f] - Current thread: http-nio-8086-exec-1, Class: com.master.masterservice.service.impl.MasterServiceImpl
2025-07-03 22:21:37.583 DEBUG [http-nio-8086-exec-1] o.s.web.client.RestTemplate [d28e6288f199648de9c14f1e70fd72c6,07283c64a29fce5f] - HTTP POST http://localhost:8091/api/master/registration
2025-07-03 22:21:37.584 DEBUG [http-nio-8086-exec-1] o.s.web.client.RestTemplate [d28e6288f199648de9c14f1e70fd72c6,07283c64a29fce5f] - Accept=[application/json, application/*+json]
2025-07-03 22:21:37.584 DEBUG [http-nio-8086-exec-1] o.s.web.client.RestTemplate [d28e6288f199648de9c14f1e70fd72c6,07283c64a29fce5f] - Writing [CardRegistrationRequest(accountNumber=97045271637061218, cifCode=9704527163706, cardType=MASTER, customerName=null)] as "application/json"
2025-07-03 22:21:37.615 DEBUG [http-nio-8086-exec-1] o.s.web.client.RestTemplate [d28e6288f199648de9c14f1e70fd72c6,07283c64a29fce5f] - Response 500 INTERNAL_SERVER_ERROR
2025-07-03 22:21:37.619 ERROR [http-nio-8086-exec-1] c.m.m.service.impl.MasterServiceImpl [d28e6288f199648de9c14f1e70fd72c6,07283c64a29fce5f] - Server error calling Master API for account: 97045271637061218. Status: 500 INTERNAL_SERVER_ERROR, Error: 500 Server Error: "{<EOL><EOL>  "timestamp": "2025-06-25T09:00:00.000+07:00",<EOL><EOL>  "status": 500,<EOL><EOL>  "error": "Internal Server Error",<EOL><EOL>  "message": "Something went wrong on the server.",<EOL><EOL>  "path": "/api/master/registration"<EOL><EOL>}" - WILL RETRY
2025-07-03 22:21:37.621 INFO  [http-nio-8086-exec-1] c.m.masterservice.config.RetryConfig [d28e6288f199648de9c14f1e70fd72c6,07283c64a29fce5f] - === RETRY EVENT - Attempt #2 for: mastercard-registration ===
2025-07-03 22:21:38.137 INFO  [http-nio-8086-exec-1] c.m.m.service.impl.MasterServiceImpl [d28e6288f199648de9c14f1e70fd72c6,07283c64a29fce5f] - === RETRY ATTEMPT - Calling Master API for card registration: CardRegistrationRequest(accountNumber=97045271637061218, cifCode=9704527163706, cardType=MASTER, customerName=null) ===
2025-07-03 22:21:38.140 DEBUG [http-nio-8086-exec-1] c.m.m.service.impl.MasterServiceImpl [d28e6288f199648de9c14f1e70fd72c6,07283c64a29fce5f] - Method called with @Retry annotation - attempt will be tracked by Resilience4j
2025-07-03 22:21:38.141 DEBUG [http-nio-8086-exec-1] c.m.m.service.impl.MasterServiceImpl [d28e6288f199648de9c14f1e70fd72c6,07283c64a29fce5f] - Current thread: http-nio-8086-exec-1, Class: com.master.masterservice.service.impl.MasterServiceImpl
2025-07-03 22:21:38.145 DEBUG [http-nio-8086-exec-1] o.s.web.client.RestTemplate [d28e6288f199648de9c14f1e70fd72c6,07283c64a29fce5f] - HTTP POST http://localhost:8091/api/master/registration
2025-07-03 22:21:38.146 DEBUG [http-nio-8086-exec-1] o.s.web.client.RestTemplate [d28e6288f199648de9c14f1e70fd72c6,07283c64a29fce5f] - Accept=[application/json, application/*+json]
2025-07-03 22:21:38.148 DEBUG [http-nio-8086-exec-1] o.s.web.client.RestTemplate [d28e6288f199648de9c14f1e70fd72c6,07283c64a29fce5f] - Writing [CardRegistrationRequest(accountNumber=97045271637061218, cifCode=9704527163706, cardType=MASTER, customerName=null)] as "application/json"
2025-07-03 22:21:38.208 DEBUG [http-nio-8086-exec-1] o.s.web.client.RestTemplate [d28e6288f199648de9c14f1e70fd72c6,07283c64a29fce5f] - Response 500 INTERNAL_SERVER_ERROR
2025-07-03 22:21:38.211 ERROR [http-nio-8086-exec-1] c.m.m.service.impl.MasterServiceImpl [d28e6288f199648de9c14f1e70fd72c6,07283c64a29fce5f] - Server error calling Master API for account: 97045271637061218. Status: 500 INTERNAL_SERVER_ERROR, Error: 500 Server Error: "{<EOL><EOL>  "timestamp": "2025-06-25T09:00:00.000+07:00",<EOL><EOL>  "status": 500,<EOL><EOL>  "error": "Internal Server Error",<EOL><EOL>  "message": "Something went wrong on the server.",<EOL><EOL>  "path": "/api/master/registration"<EOL><EOL>}" - WILL RETRY
2025-07-03 22:21:38.217 ERROR [http-nio-8086-exec-1] c.m.masterservice.config.RetryConfig [d28e6288f199648de9c14f1e70fd72c6,07283c64a29fce5f] - === RETRY FAILED - After 3 attempts for: mastercard-registration, Last exception: 500 Server Error: "{<EOL><EOL>  "timestamp": "2025-06-25T09:00:00.000+07:00",<EOL><EOL>  "status": 500,<EOL><EOL>  "error": "Internal Server Error",<EOL><EOL>  "message": "Something went wrong on the server.",<EOL><EOL>  "path": "/api/master/registration"<EOL><EOL>}" ===
2025-07-03 22:21:38.220 ERROR [http-nio-8086-exec-1] c.m.m.service.impl.MasterServiceImpl [d28e6288f199648de9c14f1e70fd72c6,07283c64a29fce5f] - === FALLBACK TRIGGERED === Master registration failed for account: 97045271637061218 after all retry attempts. Error type: InternalServerError, Message: 500 Server Error: "{<EOL><EOL>  "timestamp": "2025-06-25T09:00:00.000+07:00",<EOL><EOL>  "status": 500,<EOL><EOL>  "error": "Internal Server Error",<EOL><EOL>  "message": "Something went wrong on the server.",<EOL><EOL>  "path": "/api/master/registration"<EOL><EOL>}"
2025-07-03 22:21:38.222 ERROR [http-nio-8086-exec-1] c.m.m.service.impl.MasterServiceImpl [d28e6288f199648de9c14f1e70fd72c6,07283c64a29fce5f] - Full exception trace:
org.springframework.web.client.HttpServerErrorException$InternalServerError: 500 Server Error: "{<EOL><EOL>  "timestamp": "2025-06-25T09:00:00.000+07:00",<EOL><EOL>  "status": 500,<EOL><EOL>  "error": "Internal Server Error",<EOL><EOL>  "message": "Something went wrong on the server.",<EOL><EOL>  "path": "/api/master/registration"<EOL><EOL>}"
	at org.springframework.web.client.HttpServerErrorException.create(HttpServerErrorException.java:102)
	at org.springframework.web.client.DefaultResponseErrorHandler.handleError(DefaultResponseErrorHandler.java:186)
	at org.springframework.web.client.DefaultResponseErrorHandler.handleError(DefaultResponseErrorHandler.java:137)
	at org.springframework.web.client.ResponseErrorHandler.handleError(ResponseErrorHandler.java:63)
	at org.springframework.web.client.RestTemplate.handleResponse(RestTemplate.java:932)
	at org.springframework.web.client.RestTemplate.doExecute(RestTemplate.java:881)
	at org.springframework.web.client.RestTemplate.execute(RestTemplate.java:781)
	at org.springframework.web.client.RestTemplate.postForEntity(RestTemplate.java:529)
	at com.master.masterservice.service.impl.MasterServiceImpl.registerCard(MasterServiceImpl.java:51)
	at java.base/jdk.internal.reflect.NativeMethodAccessorImpl.invoke0(Native Method)
	at java.base/jdk.internal.reflect.NativeMethodAccessorImpl.invoke(NativeMethodAccessorImpl.java:77)
	at java.base/jdk.internal.reflect.DelegatingMethodAccessorImpl.invoke(DelegatingMethodAccessorImpl.java:43)
	at java.base/java.lang.reflect.Method.invoke(Method.java:568)
	at org.springframework.aop.support.AopUtils.invokeJoinpointUsingReflection(AopUtils.java:352)
	at org.springframework.aop.framework.ReflectiveMethodInvocation.invokeJoinpoint(ReflectiveMethodInvocation.java:196)
	at org.springframework.aop.framework.ReflectiveMethodInvocation.proceed(ReflectiveMethodInvocation.java:163)
	at org.springframework.aop.framework.CglibAopProxy$CglibMethodInvocation.proceed(CglibAopProxy.java:765)
	at org.springframework.aop.aspectj.MethodInvocationProceedingJoinPoint.proceed(MethodInvocationProceedingJoinPoint.java:89)
	at io.github.resilience4j.retry.Retry.lambda$decorateCheckedSupplier$1(Retry.java:135)
	at io.github.resilience4j.retry.Retry.executeCheckedSupplier(Retry.java:350)
	at io.github.resilience4j.spring6.retry.configure.RetryAspect.handleDefaultJoinPoint(RetryAspect.java:175)
	at io.github.resilience4j.spring6.retry.configure.RetryAspect.proceed(RetryAspect.java:132)
	at io.github.resilience4j.spring6.retry.configure.RetryAspect.lambda$retryAroundAdvice$0(RetryAspect.java:116)
	at io.github.resilience4j.spring6.fallback.DefaultFallbackDecorator.lambda$decorate$0(DefaultFallbackDecorator.java:36)
	at io.github.resilience4j.spring6.fallback.FallbackExecutor.execute(FallbackExecutor.java:39)
	at io.github.resilience4j.spring6.retry.configure.RetryAspect.retryAroundAdvice(RetryAspect.java:117)
	at java.base/jdk.internal.reflect.NativeMethodAccessorImpl.invoke0(Native Method)
	at java.base/jdk.internal.reflect.NativeMethodAccessorImpl.invoke(NativeMethodAccessorImpl.java:77)
	at java.base/jdk.internal.reflect.DelegatingMethodAccessorImpl.invoke(DelegatingMethodAccessorImpl.java:43)
	at java.base/java.lang.reflect.Method.invoke(Method.java:568)
	at org.springframework.aop.aspectj.AbstractAspectJAdvice.invokeAdviceMethodWithGivenArgs(AbstractAspectJAdvice.java:637)
	at org.springframework.aop.aspectj.AbstractAspectJAdvice.invokeAdviceMethod(AbstractAspectJAdvice.java:627)
	at org.springframework.aop.aspectj.AspectJAroundAdvice.invoke(AspectJAroundAdvice.java:71)
	at org.springframework.aop.framework.ReflectiveMethodInvocation.proceed(ReflectiveMethodInvocation.java:173)
	at org.springframework.aop.framework.CglibAopProxy$CglibMethodInvocation.proceed(CglibAopProxy.java:765)
	at org.springframework.aop.interceptor.ExposeInvocationInterceptor.invoke(ExposeInvocationInterceptor.java:97)
	at org.springframework.aop.framework.ReflectiveMethodInvocation.proceed(ReflectiveMethodInvocation.java:184)
	at org.springframework.aop.framework.CglibAopProxy$CglibMethodInvocation.proceed(CglibAopProxy.java:765)
	at org.springframework.aop.framework.CglibAopProxy$DynamicAdvisedInterceptor.intercept(CglibAopProxy.java:717)
	at com.master.masterservice.service.impl.MasterServiceImpl$$SpringCGLIB$$0.registerCard(<generated>)
	at com.master.masterservice.controller.MasterController.registerCard(MasterController.java:25)
	at java.base/jdk.internal.reflect.NativeMethodAccessorImpl.invoke0(Native Method)
	at java.base/jdk.internal.reflect.NativeMethodAccessorImpl.invoke(NativeMethodAccessorImpl.java:77)
	at java.base/jdk.internal.reflect.DelegatingMethodAccessorImpl.invoke(DelegatingMethodAccessorImpl.java:43)
	at java.base/java.lang.reflect.Method.invoke(Method.java:568)
	at org.springframework.web.method.support.InvocableHandlerMethod.doInvoke(InvocableHandlerMethod.java:254)
	at org.springframework.web.method.support.InvocableHandlerMethod.invokeForRequest(InvocableHandlerMethod.java:182)
	at org.springframework.web.servlet.mvc.method.annotation.ServletInvocableHandlerMethod.invokeAndHandle(ServletInvocableHandlerMethod.java:118)
	at org.springframework.web.servlet.mvc.method.annotation.RequestMappingHandlerAdapter.invokeHandlerMethod(RequestMappingHandlerAdapter.java:917)
	at org.springframework.web.servlet.mvc.method.annotation.RequestMappingHandlerAdapter.handleInternal(RequestMappingHandlerAdapter.java:829)
	at org.springframework.web.servlet.mvc.method.AbstractHandlerMethodAdapter.handle(AbstractHandlerMethodAdapter.java:87)
	at org.springframework.web.servlet.DispatcherServlet.doDispatch(DispatcherServlet.java:1089)
	at org.springframework.web.servlet.DispatcherServlet.doService(DispatcherServlet.java:979)
	at org.springframework.web.servlet.FrameworkServlet.processRequest(FrameworkServlet.java:1014)
	at org.springframework.web.servlet.FrameworkServlet.doPost(FrameworkServlet.java:914)
	at jakarta.servlet.http.HttpServlet.service(HttpServlet.java:590)
	at org.springframework.web.servlet.FrameworkServlet.service(FrameworkServlet.java:885)
	at jakarta.servlet.http.HttpServlet.service(HttpServlet.java:658)
	at org.apache.catalina.core.ApplicationFilterChain.internalDoFilter(ApplicationFilterChain.java:205)
	at org.apache.catalina.core.ApplicationFilterChain.doFilter(ApplicationFilterChain.java:149)
	at org.apache.tomcat.websocket.server.WsFilter.doFilter(WsFilter.java:51)
	at org.apache.catalina.core.ApplicationFilterChain.internalDoFilter(ApplicationFilterChain.java:174)
	at org.apache.catalina.core.ApplicationFilterChain.doFilter(ApplicationFilterChain.java:149)
	at org.springframework.security.web.FilterChainProxy.lambda$doFilterInternal$3(FilterChainProxy.java:231)
	at org.springframework.security.web.ObservationFilterChainDecorator$FilterObservation$SimpleFilterObservation.lambda$wrap$1(ObservationFilterChainDecorator.java:479)
	at org.springframework.security.web.ObservationFilterChainDecorator$AroundFilterObservation$SimpleAroundFilterObservation.lambda$wrap$1(ObservationFilterChainDecorator.java:340)
	at org.springframework.security.web.ObservationFilterChainDecorator.lambda$wrapSecured$0(ObservationFilterChainDecorator.java:82)
	at org.springframework.security.web.ObservationFilterChainDecorator$VirtualFilterChain.doFilter(ObservationFilterChainDecorator.java:128)
	at org.springframework.security.web.access.intercept.AuthorizationFilter.doFilter(AuthorizationFilter.java:100)
	at org.springframework.security.web.ObservationFilterChainDecorator$ObservationFilter.wrapFilter(ObservationFilterChainDecorator.java:240)
	at org.springframework.security.web.ObservationFilterChainDecorator$ObservationFilter.doFilter(ObservationFilterChainDecorator.java:227)
	at org.springframework.security.web.ObservationFilterChainDecorator$VirtualFilterChain.doFilter(ObservationFilterChainDecorator.java:137)
	at org.springframework.security.web.access.ExceptionTranslationFilter.doFilter(ExceptionTranslationFilter.java:126)
	at org.springframework.security.web.access.ExceptionTranslationFilter.doFilter(ExceptionTranslationFilter.java:120)
	at org.springframework.security.web.ObservationFilterChainDecorator$ObservationFilter.wrapFilter(ObservationFilterChainDecorator.java:240)
	at org.springframework.security.web.ObservationFilterChainDecorator$ObservationFilter.doFilter(ObservationFilterChainDecorator.java:227)
	at org.springframework.security.web.ObservationFilterChainDecorator$VirtualFilterChain.doFilter(ObservationFilterChainDecorator.java:137)
	at org.springframework.security.web.session.SessionManagementFilter.doFilter(SessionManagementFilter.java:131)
	at org.springframework.security.web.session.SessionManagementFilter.doFilter(SessionManagementFilter.java:85)
	at org.springframework.security.web.ObservationFilterChainDecorator$ObservationFilter.wrapFilter(ObservationFilterChainDecorator.java:240)
	at org.springframework.security.web.ObservationFilterChainDecorator$ObservationFilter.doFilter(ObservationFilterChainDecorator.java:227)
	at org.springframework.security.web.ObservationFilterChainDecorator$VirtualFilterChain.doFilter(ObservationFilterChainDecorator.java:137)
	at org.springframework.security.web.authentication.AnonymousAuthenticationFilter.doFilter(AnonymousAuthenticationFilter.java:100)
	at org.springframework.security.web.ObservationFilterChainDecorator$ObservationFilter.wrapFilter(ObservationFilterChainDecorator.java:240)
	at org.springframework.security.web.ObservationFilterChainDecorator$ObservationFilter.doFilter(ObservationFilterChainDecorator.java:227)
	at org.springframework.security.web.ObservationFilterChainDecorator$VirtualFilterChain.doFilter(ObservationFilterChainDecorator.java:137)
	at org.springframework.security.web.servletapi.SecurityContextHolderAwareRequestFilter.doFilter(SecurityContextHolderAwareRequestFilter.java:179)
	at org.springframework.security.web.ObservationFilterChainDecorator$ObservationFilter.wrapFilter(ObservationFilterChainDecorator.java:240)
	at org.springframework.security.web.ObservationFilterChainDecorator$ObservationFilter.doFilter(ObservationFilterChainDecorator.java:227)
	at org.springframework.security.web.ObservationFilterChainDecorator$VirtualFilterChain.doFilter(ObservationFilterChainDecorator.java:137)
	at org.springframework.security.web.savedrequest.RequestCacheAwareFilter.doFilter(RequestCacheAwareFilter.java:63)
	at org.springframework.security.web.ObservationFilterChainDecorator$ObservationFilter.wrapFilter(ObservationFilterChainDecorator.java:240)
	at org.springframework.security.web.ObservationFilterChainDecorator$ObservationFilter.doFilter(ObservationFilterChainDecorator.java:227)
	at org.springframework.security.web.ObservationFilterChainDecorator$VirtualFilterChain.doFilter(ObservationFilterChainDecorator.java:137)
	at org.springframework.security.oauth2.server.resource.web.authentication.BearerTokenAuthenticationFilter.doFilterInternal(BearerTokenAuthenticationFilter.java:145)
	at org.springframework.web.filter.OncePerRequestFilter.doFilter(OncePerRequestFilter.java:116)
	at org.springframework.security.web.ObservationFilterChainDecorator$ObservationFilter.wrapFilter(ObservationFilterChainDecorator.java:240)
	at org.springframework.security.web.ObservationFilterChainDecorator$ObservationFilter.doFilter(ObservationFilterChainDecorator.java:227)
	at org.springframework.security.web.ObservationFilterChainDecorator$VirtualFilterChain.doFilter(ObservationFilterChainDecorator.java:137)
	at org.springframework.security.web.authentication.logout.LogoutFilter.doFilter(LogoutFilter.java:107)
	at org.springframework.security.web.authentication.logout.LogoutFilter.doFilter(LogoutFilter.java:93)
	at org.springframework.security.web.ObservationFilterChainDecorator$ObservationFilter.wrapFilter(ObservationFilterChainDecorator.java:240)
	at org.springframework.security.web.ObservationFilterChainDecorator$ObservationFilter.doFilter(ObservationFilterChainDecorator.java:227)
	at org.springframework.security.web.ObservationFilterChainDecorator$VirtualFilterChain.doFilter(ObservationFilterChainDecorator.java:137)
	at org.springframework.web.filter.CorsFilter.doFilterInternal(CorsFilter.java:91)
	at org.springframework.web.filter.OncePerRequestFilter.doFilter(OncePerRequestFilter.java:116)
	at org.springframework.security.web.ObservationFilterChainDecorator$ObservationFilter.wrapFilter(ObservationFilterChainDecorator.java:240)
	at org.springframework.security.web.ObservationFilterChainDecorator$ObservationFilter.doFilter(ObservationFilterChainDecorator.java:227)
	at org.springframework.security.web.ObservationFilterChainDecorator$VirtualFilterChain.doFilter(ObservationFilterChainDecorator.java:137)
	at org.springframework.security.web.header.HeaderWriterFilter.doHeadersAfter(HeaderWriterFilter.java:90)
	at org.springframework.security.web.header.HeaderWriterFilter.doFilterInternal(HeaderWriterFilter.java:75)
	at org.springframework.web.filter.OncePerRequestFilter.doFilter(OncePerRequestFilter.java:116)
	at org.springframework.security.web.ObservationFilterChainDecorator$ObservationFilter.wrapFilter(ObservationFilterChainDecorator.java:240)
	at org.springframework.security.web.ObservationFilterChainDecorator$ObservationFilter.doFilter(ObservationFilterChainDecorator.java:227)
	at org.springframework.security.web.ObservationFilterChainDecorator$VirtualFilterChain.doFilter(ObservationFilterChainDecorator.java:137)
	at org.springframework.security.web.context.SecurityContextHolderFilter.doFilter(SecurityContextHolderFilter.java:82)
	at org.springframework.security.web.context.SecurityContextHolderFilter.doFilter(SecurityContextHolderFilter.java:69)
	at org.springframework.security.web.ObservationFilterChainDecorator$ObservationFilter.wrapFilter(ObservationFilterChainDecorator.java:240)
	at org.springframework.security.web.ObservationFilterChainDecorator$ObservationFilter.doFilter(ObservationFilterChainDecorator.java:227)
	at org.springframework.security.web.ObservationFilterChainDecorator$VirtualFilterChain.doFilter(ObservationFilterChainDecorator.java:137)
	at org.springframework.security.web.context.request.async.WebAsyncManagerIntegrationFilter.doFilterInternal(WebAsyncManagerIntegrationFilter.java:62)
	at org.springframework.web.filter.OncePerRequestFilter.doFilter(OncePerRequestFilter.java:116)
	at org.springframework.security.web.ObservationFilterChainDecorator$ObservationFilter.wrapFilter(ObservationFilterChainDecorator.java:240)
	at org.springframework.security.web.ObservationFilterChainDecorator$ObservationFilter.doFilter(ObservationFilterChainDecorator.java:227)
	at org.springframework.security.web.ObservationFilterChainDecorator$VirtualFilterChain.doFilter(ObservationFilterChainDecorator.java:137)
	at org.springframework.security.web.session.DisableEncodeUrlFilter.doFilterInternal(DisableEncodeUrlFilter.java:42)
	at org.springframework.web.filter.OncePerRequestFilter.doFilter(OncePerRequestFilter.java:116)
	at org.springframework.security.web.ObservationFilterChainDecorator$ObservationFilter.wrapFilter(ObservationFilterChainDecorator.java:240)
	at org.springframework.security.web.ObservationFilterChainDecorator$AroundFilterObservation$SimpleAroundFilterObservation.lambda$wrap$0(ObservationFilterChainDecorator.java:323)
	at org.springframework.security.web.ObservationFilterChainDecorator$ObservationFilter.doFilter(ObservationFilterChainDecorator.java:224)
	at org.springframework.security.web.ObservationFilterChainDecorator$VirtualFilterChain.doFilter(ObservationFilterChainDecorator.java:137)
	at org.springframework.security.web.FilterChainProxy.doFilterInternal(FilterChainProxy.java:233)
	at org.springframework.security.web.FilterChainProxy.doFilter(FilterChainProxy.java:191)
	at org.springframework.web.filter.DelegatingFilterProxy.invokeDelegate(DelegatingFilterProxy.java:352)
	at org.springframework.web.filter.DelegatingFilterProxy.doFilter(DelegatingFilterProxy.java:268)
	at org.apache.catalina.core.ApplicationFilterChain.internalDoFilter(ApplicationFilterChain.java:174)
	at org.apache.catalina.core.ApplicationFilterChain.doFilter(ApplicationFilterChain.java:149)
	at org.springframework.web.filter.RequestContextFilter.doFilterInternal(RequestContextFilter.java:100)
	at org.springframework.web.filter.OncePerRequestFilter.doFilter(OncePerRequestFilter.java:116)
	at org.apache.catalina.core.ApplicationFilterChain.internalDoFilter(ApplicationFilterChain.java:174)
	at org.apache.catalina.core.ApplicationFilterChain.doFilter(ApplicationFilterChain.java:149)
	at org.springframework.web.filter.FormContentFilter.doFilterInternal(FormContentFilter.java:93)
	at org.springframework.web.filter.OncePerRequestFilter.doFilter(OncePerRequestFilter.java:116)
	at org.apache.catalina.core.ApplicationFilterChain.internalDoFilter(ApplicationFilterChain.java:174)
	at org.apache.catalina.core.ApplicationFilterChain.doFilter(ApplicationFilterChain.java:149)
	at org.springframework.web.servlet.v6_0.OpenTelemetryHandlerMappingFilter.doFilter(OpenTelemetryHandlerMappingFilter.java:78)
	at org.apache.catalina.core.ApplicationFilterChain.internalDoFilter(ApplicationFilterChain.java:174)
	at org.apache.catalina.core.ApplicationFilterChain.doFilter(ApplicationFilterChain.java:149)
	at org.springframework.web.filter.ServerHttpObservationFilter.doFilterInternal(ServerHttpObservationFilter.java:109)
	at org.springframework.web.filter.OncePerRequestFilter.doFilter(OncePerRequestFilter.java:116)
	at org.apache.catalina.core.ApplicationFilterChain.internalDoFilter(ApplicationFilterChain.java:174)
	at org.apache.catalina.core.ApplicationFilterChain.doFilter(ApplicationFilterChain.java:149)
	at org.springframework.web.filter.CharacterEncodingFilter.doFilterInternal(CharacterEncodingFilter.java:201)
	at org.springframework.web.filter.OncePerRequestFilter.doFilter(OncePerRequestFilter.java:116)
	at org.apache.catalina.core.ApplicationFilterChain.internalDoFilter(ApplicationFilterChain.java:174)
	at org.apache.catalina.core.ApplicationFilterChain.doFilter(ApplicationFilterChain.java:149)
	at org.apache.catalina.core.StandardWrapperValve.invoke(StandardWrapperValve.java:167)
	at org.apache.catalina.core.StandardContextValve.invoke(StandardContextValve.java:90)
	at org.apache.catalina.authenticator.AuthenticatorBase.invoke(AuthenticatorBase.java:482)
	at org.apache.catalina.core.StandardHostValve.invoke(StandardHostValve.java:115)
	at org.apache.catalina.valves.ErrorReportValve.invoke(ErrorReportValve.java:93)
	at org.apache.catalina.core.StandardEngineValve.invoke(StandardEngineValve.java:74)
	at org.apache.catalina.connector.CoyoteAdapter.service(CoyoteAdapter.java:340)
	at org.apache.coyote.http11.Http11Processor.service(Http11Processor.java:391)
	at org.apache.coyote.AbstractProcessorLight.process(AbstractProcessorLight.java:63)
	at org.apache.coyote.AbstractProtocol$ConnectionHandler.process(AbstractProtocol.java:896)
	at org.apache.tomcat.util.net.NioEndpoint$SocketProcessor.doRun(NioEndpoint.java:1744)
	at org.apache.tomcat.util.net.SocketProcessorBase.run(SocketProcessorBase.java:52)
	at org.apache.tomcat.util.threads.ThreadPoolExecutor.runWorker(ThreadPoolExecutor.java:1191)
	at org.apache.tomcat.util.threads.ThreadPoolExecutor$Worker.run(ThreadPoolExecutor.java:659)
	at org.apache.tomcat.util.threads.TaskThread$WrappingRunnable.run(TaskThread.java:61)
	at java.base/java.lang.Thread.run(Thread.java:842)
2025-07-03 22:22:22.626 INFO  [http-nio-8086-exec-2] c.m.m.controller.MasterController [12c28d90485f19b2e8aad2ed60b6e7bb,63a3491b05eeed14] - Received Master card registration request: CardRegistrationRequest(accountNumber=97045271637061218, cifCode=9704527163706, cardType=MASTER, customerName=null)
2025-07-03 22:22:22.627 INFO  [http-nio-8086-exec-2] c.m.m.service.impl.MasterServiceImpl [12c28d90485f19b2e8aad2ed60b6e7bb,63a3491b05eeed14] - === RETRY ATTEMPT - Calling Master API for card registration: CardRegistrationRequest(accountNumber=97045271637061218, cifCode=9704527163706, cardType=MASTER, customerName=null) ===
2025-07-03 22:22:22.627 DEBUG [http-nio-8086-exec-2] c.m.m.service.impl.MasterServiceImpl [12c28d90485f19b2e8aad2ed60b6e7bb,63a3491b05eeed14] - Method called with @Retry annotation - attempt will be tracked by Resilience4j
2025-07-03 22:22:22.627 DEBUG [http-nio-8086-exec-2] c.m.m.service.impl.MasterServiceImpl [12c28d90485f19b2e8aad2ed60b6e7bb,63a3491b05eeed14] - Current thread: http-nio-8086-exec-2, Class: com.master.masterservice.service.impl.MasterServiceImpl
2025-07-03 22:22:22.628 DEBUG [http-nio-8086-exec-2] o.s.web.client.RestTemplate [12c28d90485f19b2e8aad2ed60b6e7bb,63a3491b05eeed14] - HTTP POST http://localhost:8091/api/master/registration
2025-07-03 22:22:22.628 DEBUG [http-nio-8086-exec-2] o.s.web.client.RestTemplate [12c28d90485f19b2e8aad2ed60b6e7bb,63a3491b05eeed14] - Accept=[application/json, application/*+json]
2025-07-03 22:22:22.629 DEBUG [http-nio-8086-exec-2] o.s.web.client.RestTemplate [12c28d90485f19b2e8aad2ed60b6e7bb,63a3491b05eeed14] - Writing [CardRegistrationRequest(accountNumber=97045271637061218, cifCode=9704527163706, cardType=MASTER, customerName=null)] as "application/json"
2025-07-03 22:22:22.640 DEBUG [http-nio-8086-exec-2] o.s.web.client.RestTemplate [12c28d90485f19b2e8aad2ed60b6e7bb,63a3491b05eeed14] - Response 500 INTERNAL_SERVER_ERROR
2025-07-03 22:22:22.643 ERROR [http-nio-8086-exec-2] c.m.m.service.impl.MasterServiceImpl [12c28d90485f19b2e8aad2ed60b6e7bb,63a3491b05eeed14] - Server error calling Master API for account: 97045271637061218. Status: 500 INTERNAL_SERVER_ERROR, Error: 500 Server Error: "{<EOL><EOL>  "timestamp": "2025-06-25T09:00:00.000+07:00",<EOL><EOL>  "status": 500,<EOL><EOL>  "error": "Internal Server Error",<EOL><EOL>  "message": "Something went wrong on the server.",<EOL><EOL>  "path": "/api/master/registration"<EOL><EOL>}" - WILL RETRY
2025-07-03 22:22:22.644 INFO  [http-nio-8086-exec-2] c.m.masterservice.config.RetryConfig [12c28d90485f19b2e8aad2ed60b6e7bb,63a3491b05eeed14] - === RETRY EVENT - Attempt #1 for: mastercard-registration ===
2025-07-03 22:22:23.149 INFO  [http-nio-8086-exec-2] c.m.m.service.impl.MasterServiceImpl [12c28d90485f19b2e8aad2ed60b6e7bb,63a3491b05eeed14] - === RETRY ATTEMPT - Calling Master API for card registration: CardRegistrationRequest(accountNumber=97045271637061218, cifCode=9704527163706, cardType=MASTER, customerName=null) ===
2025-07-03 22:22:23.150 DEBUG [http-nio-8086-exec-2] c.m.m.service.impl.MasterServiceImpl [12c28d90485f19b2e8aad2ed60b6e7bb,63a3491b05eeed14] - Method called with @Retry annotation - attempt will be tracked by Resilience4j
2025-07-03 22:22:23.150 DEBUG [http-nio-8086-exec-2] c.m.m.service.impl.MasterServiceImpl [12c28d90485f19b2e8aad2ed60b6e7bb,63a3491b05eeed14] - Current thread: http-nio-8086-exec-2, Class: com.master.masterservice.service.impl.MasterServiceImpl
2025-07-03 22:22:23.150 DEBUG [http-nio-8086-exec-2] o.s.web.client.RestTemplate [12c28d90485f19b2e8aad2ed60b6e7bb,63a3491b05eeed14] - HTTP POST http://localhost:8091/api/master/registration
2025-07-03 22:22:23.150 DEBUG [http-nio-8086-exec-2] o.s.web.client.RestTemplate [12c28d90485f19b2e8aad2ed60b6e7bb,63a3491b05eeed14] - Accept=[application/json, application/*+json]
2025-07-03 22:22:23.151 DEBUG [http-nio-8086-exec-2] o.s.web.client.RestTemplate [12c28d90485f19b2e8aad2ed60b6e7bb,63a3491b05eeed14] - Writing [CardRegistrationRequest(accountNumber=97045271637061218, cifCode=9704527163706, cardType=MASTER, customerName=null)] as "application/json"
2025-07-03 22:22:23.170 DEBUG [http-nio-8086-exec-2] o.s.web.client.RestTemplate [12c28d90485f19b2e8aad2ed60b6e7bb,63a3491b05eeed14] - Response 500 INTERNAL_SERVER_ERROR
2025-07-03 22:22:23.170 ERROR [http-nio-8086-exec-2] c.m.m.service.impl.MasterServiceImpl [12c28d90485f19b2e8aad2ed60b6e7bb,63a3491b05eeed14] - Server error calling Master API for account: 97045271637061218. Status: 500 INTERNAL_SERVER_ERROR, Error: 500 Server Error: "{<EOL><EOL>  "timestamp": "2025-06-25T09:00:00.000+07:00",<EOL><EOL>  "status": 500,<EOL><EOL>  "error": "Internal Server Error",<EOL><EOL>  "message": "Something went wrong on the server.",<EOL><EOL>  "path": "/api/master/registration"<EOL><EOL>}" - WILL RETRY
2025-07-03 22:22:23.170 INFO  [http-nio-8086-exec-2] c.m.masterservice.config.RetryConfig [12c28d90485f19b2e8aad2ed60b6e7bb,63a3491b05eeed14] - === RETRY EVENT - Attempt #2 for: mastercard-registration ===
2025-07-03 22:22:23.674 INFO  [http-nio-8086-exec-2] c.m.m.service.impl.MasterServiceImpl [12c28d90485f19b2e8aad2ed60b6e7bb,63a3491b05eeed14] - === RETRY ATTEMPT - Calling Master API for card registration: CardRegistrationRequest(accountNumber=97045271637061218, cifCode=9704527163706, cardType=MASTER, customerName=null) ===
2025-07-03 22:22:23.674 DEBUG [http-nio-8086-exec-2] c.m.m.service.impl.MasterServiceImpl [12c28d90485f19b2e8aad2ed60b6e7bb,63a3491b05eeed14] - Method called with @Retry annotation - attempt will be tracked by Resilience4j
2025-07-03 22:22:23.674 DEBUG [http-nio-8086-exec-2] c.m.m.service.impl.MasterServiceImpl [12c28d90485f19b2e8aad2ed60b6e7bb,63a3491b05eeed14] - Current thread: http-nio-8086-exec-2, Class: com.master.masterservice.service.impl.MasterServiceImpl
2025-07-03 22:22:23.675 DEBUG [http-nio-8086-exec-2] o.s.web.client.RestTemplate [12c28d90485f19b2e8aad2ed60b6e7bb,63a3491b05eeed14] - HTTP POST http://localhost:8091/api/master/registration
2025-07-03 22:22:23.675 DEBUG [http-nio-8086-exec-2] o.s.web.client.RestTemplate [12c28d90485f19b2e8aad2ed60b6e7bb,63a3491b05eeed14] - Accept=[application/json, application/*+json]
2025-07-03 22:22:23.675 DEBUG [http-nio-8086-exec-2] o.s.web.client.RestTemplate [12c28d90485f19b2e8aad2ed60b6e7bb,63a3491b05eeed14] - Writing [CardRegistrationRequest(accountNumber=97045271637061218, cifCode=9704527163706, cardType=MASTER, customerName=null)] as "application/json"
2025-07-03 22:22:23.694 DEBUG [http-nio-8086-exec-2] o.s.web.client.RestTemplate [12c28d90485f19b2e8aad2ed60b6e7bb,63a3491b05eeed14] - Response 500 INTERNAL_SERVER_ERROR
2025-07-03 22:22:23.695 ERROR [http-nio-8086-exec-2] c.m.m.service.impl.MasterServiceImpl [12c28d90485f19b2e8aad2ed60b6e7bb,63a3491b05eeed14] - Server error calling Master API for account: 97045271637061218. Status: 500 INTERNAL_SERVER_ERROR, Error: 500 Server Error: "{<EOL><EOL>  "timestamp": "2025-06-25T09:00:00.000+07:00",<EOL><EOL>  "status": 500,<EOL><EOL>  "error": "Internal Server Error",<EOL><EOL>  "message": "Something went wrong on the server.",<EOL><EOL>  "path": "/api/master/registration"<EOL><EOL>}" - WILL RETRY
2025-07-03 22:22:23.695 ERROR [http-nio-8086-exec-2] c.m.masterservice.config.RetryConfig [12c28d90485f19b2e8aad2ed60b6e7bb,63a3491b05eeed14] - === RETRY FAILED - After 3 attempts for: mastercard-registration, Last exception: 500 Server Error: "{<EOL><EOL>  "timestamp": "2025-06-25T09:00:00.000+07:00",<EOL><EOL>  "status": 500,<EOL><EOL>  "error": "Internal Server Error",<EOL><EOL>  "message": "Something went wrong on the server.",<EOL><EOL>  "path": "/api/master/registration"<EOL><EOL>}" ===
2025-07-03 22:22:23.696 ERROR [http-nio-8086-exec-2] c.m.m.service.impl.MasterServiceImpl [12c28d90485f19b2e8aad2ed60b6e7bb,63a3491b05eeed14] - === FALLBACK TRIGGERED === Master registration failed for account: 97045271637061218 after all retry attempts. Error type: InternalServerError, Message: 500 Server Error: "{<EOL><EOL>  "timestamp": "2025-06-25T09:00:00.000+07:00",<EOL><EOL>  "status": 500,<EOL><EOL>  "error": "Internal Server Error",<EOL><EOL>  "message": "Something went wrong on the server.",<EOL><EOL>  "path": "/api/master/registration"<EOL><EOL>}"
2025-07-03 22:22:23.696 ERROR [http-nio-8086-exec-2] c.m.m.service.impl.MasterServiceImpl [12c28d90485f19b2e8aad2ed60b6e7bb,63a3491b05eeed14] - Full exception trace:
org.springframework.web.client.HttpServerErrorException$InternalServerError: 500 Server Error: "{<EOL><EOL>  "timestamp": "2025-06-25T09:00:00.000+07:00",<EOL><EOL>  "status": 500,<EOL><EOL>  "error": "Internal Server Error",<EOL><EOL>  "message": "Something went wrong on the server.",<EOL><EOL>  "path": "/api/master/registration"<EOL><EOL>}"
	at org.springframework.web.client.HttpServerErrorException.create(HttpServerErrorException.java:102)
	at org.springframework.web.client.DefaultResponseErrorHandler.handleError(DefaultResponseErrorHandler.java:186)
	at org.springframework.web.client.DefaultResponseErrorHandler.handleError(DefaultResponseErrorHandler.java:137)
	at org.springframework.web.client.ResponseErrorHandler.handleError(ResponseErrorHandler.java:63)
	at org.springframework.web.client.RestTemplate.handleResponse(RestTemplate.java:932)
	at org.springframework.web.client.RestTemplate.doExecute(RestTemplate.java:881)
	at org.springframework.web.client.RestTemplate.execute(RestTemplate.java:781)
	at org.springframework.web.client.RestTemplate.postForEntity(RestTemplate.java:529)
	at com.master.masterservice.service.impl.MasterServiceImpl.registerCard(MasterServiceImpl.java:51)
	at java.base/jdk.internal.reflect.NativeMethodAccessorImpl.invoke0(Native Method)
	at java.base/jdk.internal.reflect.NativeMethodAccessorImpl.invoke(NativeMethodAccessorImpl.java:77)
	at java.base/jdk.internal.reflect.DelegatingMethodAccessorImpl.invoke(DelegatingMethodAccessorImpl.java:43)
	at java.base/java.lang.reflect.Method.invoke(Method.java:568)
	at org.springframework.aop.support.AopUtils.invokeJoinpointUsingReflection(AopUtils.java:352)
	at org.springframework.aop.framework.ReflectiveMethodInvocation.invokeJoinpoint(ReflectiveMethodInvocation.java:196)
	at org.springframework.aop.framework.ReflectiveMethodInvocation.proceed(ReflectiveMethodInvocation.java:163)
	at org.springframework.aop.framework.CglibAopProxy$CglibMethodInvocation.proceed(CglibAopProxy.java:765)
	at org.springframework.aop.aspectj.MethodInvocationProceedingJoinPoint.proceed(MethodInvocationProceedingJoinPoint.java:89)
	at io.github.resilience4j.retry.Retry.lambda$decorateCheckedSupplier$1(Retry.java:135)
	at io.github.resilience4j.retry.Retry.executeCheckedSupplier(Retry.java:350)
	at io.github.resilience4j.spring6.retry.configure.RetryAspect.handleDefaultJoinPoint(RetryAspect.java:175)
	at io.github.resilience4j.spring6.retry.configure.RetryAspect.proceed(RetryAspect.java:132)
	at io.github.resilience4j.spring6.retry.configure.RetryAspect.lambda$retryAroundAdvice$0(RetryAspect.java:116)
	at io.github.resilience4j.spring6.fallback.DefaultFallbackDecorator.lambda$decorate$0(DefaultFallbackDecorator.java:36)
	at io.github.resilience4j.spring6.fallback.FallbackExecutor.execute(FallbackExecutor.java:39)
	at io.github.resilience4j.spring6.retry.configure.RetryAspect.retryAroundAdvice(RetryAspect.java:117)
	at java.base/jdk.internal.reflect.NativeMethodAccessorImpl.invoke0(Native Method)
	at java.base/jdk.internal.reflect.NativeMethodAccessorImpl.invoke(NativeMethodAccessorImpl.java:77)
	at java.base/jdk.internal.reflect.DelegatingMethodAccessorImpl.invoke(DelegatingMethodAccessorImpl.java:43)
	at java.base/java.lang.reflect.Method.invoke(Method.java:568)
	at org.springframework.aop.aspectj.AbstractAspectJAdvice.invokeAdviceMethodWithGivenArgs(AbstractAspectJAdvice.java:637)
	at org.springframework.aop.aspectj.AbstractAspectJAdvice.invokeAdviceMethod(AbstractAspectJAdvice.java:627)
	at org.springframework.aop.aspectj.AspectJAroundAdvice.invoke(AspectJAroundAdvice.java:71)
	at org.springframework.aop.framework.ReflectiveMethodInvocation.proceed(ReflectiveMethodInvocation.java:173)
	at org.springframework.aop.framework.CglibAopProxy$CglibMethodInvocation.proceed(CglibAopProxy.java:765)
	at org.springframework.aop.interceptor.ExposeInvocationInterceptor.invoke(ExposeInvocationInterceptor.java:97)
	at org.springframework.aop.framework.ReflectiveMethodInvocation.proceed(ReflectiveMethodInvocation.java:184)
	at org.springframework.aop.framework.CglibAopProxy$CglibMethodInvocation.proceed(CglibAopProxy.java:765)
	at org.springframework.aop.framework.CglibAopProxy$DynamicAdvisedInterceptor.intercept(CglibAopProxy.java:717)
	at com.master.masterservice.service.impl.MasterServiceImpl$$SpringCGLIB$$0.registerCard(<generated>)
	at com.master.masterservice.controller.MasterController.registerCard(MasterController.java:25)
	at java.base/jdk.internal.reflect.NativeMethodAccessorImpl.invoke0(Native Method)
	at java.base/jdk.internal.reflect.NativeMethodAccessorImpl.invoke(NativeMethodAccessorImpl.java:77)
	at java.base/jdk.internal.reflect.DelegatingMethodAccessorImpl.invoke(DelegatingMethodAccessorImpl.java:43)
	at java.base/java.lang.reflect.Method.invoke(Method.java:568)
	at org.springframework.web.method.support.InvocableHandlerMethod.doInvoke(InvocableHandlerMethod.java:254)
	at org.springframework.web.method.support.InvocableHandlerMethod.invokeForRequest(InvocableHandlerMethod.java:182)
	at org.springframework.web.servlet.mvc.method.annotation.ServletInvocableHandlerMethod.invokeAndHandle(ServletInvocableHandlerMethod.java:118)
	at org.springframework.web.servlet.mvc.method.annotation.RequestMappingHandlerAdapter.invokeHandlerMethod(RequestMappingHandlerAdapter.java:917)
	at org.springframework.web.servlet.mvc.method.annotation.RequestMappingHandlerAdapter.handleInternal(RequestMappingHandlerAdapter.java:829)
	at org.springframework.web.servlet.mvc.method.AbstractHandlerMethodAdapter.handle(AbstractHandlerMethodAdapter.java:87)
	at org.springframework.web.servlet.DispatcherServlet.doDispatch(DispatcherServlet.java:1089)
	at org.springframework.web.servlet.DispatcherServlet.doService(DispatcherServlet.java:979)
	at org.springframework.web.servlet.FrameworkServlet.processRequest(FrameworkServlet.java:1014)
	at org.springframework.web.servlet.FrameworkServlet.doPost(FrameworkServlet.java:914)
	at jakarta.servlet.http.HttpServlet.service(HttpServlet.java:590)
	at org.springframework.web.servlet.FrameworkServlet.service(FrameworkServlet.java:885)
	at jakarta.servlet.http.HttpServlet.service(HttpServlet.java:658)
	at org.apache.catalina.core.ApplicationFilterChain.internalDoFilter(ApplicationFilterChain.java:205)
	at org.apache.catalina.core.ApplicationFilterChain.doFilter(ApplicationFilterChain.java:149)
	at org.apache.tomcat.websocket.server.WsFilter.doFilter(WsFilter.java:51)
	at org.apache.catalina.core.ApplicationFilterChain.internalDoFilter(ApplicationFilterChain.java:174)
	at org.apache.catalina.core.ApplicationFilterChain.doFilter(ApplicationFilterChain.java:149)
	at org.springframework.security.web.FilterChainProxy.lambda$doFilterInternal$3(FilterChainProxy.java:231)
	at org.springframework.security.web.ObservationFilterChainDecorator$FilterObservation$SimpleFilterObservation.lambda$wrap$1(ObservationFilterChainDecorator.java:479)
	at org.springframework.security.web.ObservationFilterChainDecorator$AroundFilterObservation$SimpleAroundFilterObservation.lambda$wrap$1(ObservationFilterChainDecorator.java:340)
	at org.springframework.security.web.ObservationFilterChainDecorator.lambda$wrapSecured$0(ObservationFilterChainDecorator.java:82)
	at org.springframework.security.web.ObservationFilterChainDecorator$VirtualFilterChain.doFilter(ObservationFilterChainDecorator.java:128)
	at org.springframework.security.web.access.intercept.AuthorizationFilter.doFilter(AuthorizationFilter.java:100)
	at org.springframework.security.web.ObservationFilterChainDecorator$ObservationFilter.wrapFilter(ObservationFilterChainDecorator.java:240)
	at org.springframework.security.web.ObservationFilterChainDecorator$ObservationFilter.doFilter(ObservationFilterChainDecorator.java:227)
	at org.springframework.security.web.ObservationFilterChainDecorator$VirtualFilterChain.doFilter(ObservationFilterChainDecorator.java:137)
	at org.springframework.security.web.access.ExceptionTranslationFilter.doFilter(ExceptionTranslationFilter.java:126)
	at org.springframework.security.web.access.ExceptionTranslationFilter.doFilter(ExceptionTranslationFilter.java:120)
	at org.springframework.security.web.ObservationFilterChainDecorator$ObservationFilter.wrapFilter(ObservationFilterChainDecorator.java:240)
	at org.springframework.security.web.ObservationFilterChainDecorator$ObservationFilter.doFilter(ObservationFilterChainDecorator.java:227)
	at org.springframework.security.web.ObservationFilterChainDecorator$VirtualFilterChain.doFilter(ObservationFilterChainDecorator.java:137)
	at org.springframework.security.web.session.SessionManagementFilter.doFilter(SessionManagementFilter.java:131)
	at org.springframework.security.web.session.SessionManagementFilter.doFilter(SessionManagementFilter.java:85)
	at org.springframework.security.web.ObservationFilterChainDecorator$ObservationFilter.wrapFilter(ObservationFilterChainDecorator.java:240)
	at org.springframework.security.web.ObservationFilterChainDecorator$ObservationFilter.doFilter(ObservationFilterChainDecorator.java:227)
	at org.springframework.security.web.ObservationFilterChainDecorator$VirtualFilterChain.doFilter(ObservationFilterChainDecorator.java:137)
	at org.springframework.security.web.authentication.AnonymousAuthenticationFilter.doFilter(AnonymousAuthenticationFilter.java:100)
	at org.springframework.security.web.ObservationFilterChainDecorator$ObservationFilter.wrapFilter(ObservationFilterChainDecorator.java:240)
	at org.springframework.security.web.ObservationFilterChainDecorator$ObservationFilter.doFilter(ObservationFilterChainDecorator.java:227)
	at org.springframework.security.web.ObservationFilterChainDecorator$VirtualFilterChain.doFilter(ObservationFilterChainDecorator.java:137)
	at org.springframework.security.web.servletapi.SecurityContextHolderAwareRequestFilter.doFilter(SecurityContextHolderAwareRequestFilter.java:179)
	at org.springframework.security.web.ObservationFilterChainDecorator$ObservationFilter.wrapFilter(ObservationFilterChainDecorator.java:240)
	at org.springframework.security.web.ObservationFilterChainDecorator$ObservationFilter.doFilter(ObservationFilterChainDecorator.java:227)
	at org.springframework.security.web.ObservationFilterChainDecorator$VirtualFilterChain.doFilter(ObservationFilterChainDecorator.java:137)
	at org.springframework.security.web.savedrequest.RequestCacheAwareFilter.doFilter(RequestCacheAwareFilter.java:63)
	at org.springframework.security.web.ObservationFilterChainDecorator$ObservationFilter.wrapFilter(ObservationFilterChainDecorator.java:240)
	at org.springframework.security.web.ObservationFilterChainDecorator$ObservationFilter.doFilter(ObservationFilterChainDecorator.java:227)
	at org.springframework.security.web.ObservationFilterChainDecorator$VirtualFilterChain.doFilter(ObservationFilterChainDecorator.java:137)
	at org.springframework.security.oauth2.server.resource.web.authentication.BearerTokenAuthenticationFilter.doFilterInternal(BearerTokenAuthenticationFilter.java:145)
	at org.springframework.web.filter.OncePerRequestFilter.doFilter(OncePerRequestFilter.java:116)
	at org.springframework.security.web.ObservationFilterChainDecorator$ObservationFilter.wrapFilter(ObservationFilterChainDecorator.java:240)
	at org.springframework.security.web.ObservationFilterChainDecorator$ObservationFilter.doFilter(ObservationFilterChainDecorator.java:227)
	at org.springframework.security.web.ObservationFilterChainDecorator$VirtualFilterChain.doFilter(ObservationFilterChainDecorator.java:137)
	at org.springframework.security.web.authentication.logout.LogoutFilter.doFilter(LogoutFilter.java:107)
	at org.springframework.security.web.authentication.logout.LogoutFilter.doFilter(LogoutFilter.java:93)
	at org.springframework.security.web.ObservationFilterChainDecorator$ObservationFilter.wrapFilter(ObservationFilterChainDecorator.java:240)
	at org.springframework.security.web.ObservationFilterChainDecorator$ObservationFilter.doFilter(ObservationFilterChainDecorator.java:227)
	at org.springframework.security.web.ObservationFilterChainDecorator$VirtualFilterChain.doFilter(ObservationFilterChainDecorator.java:137)
	at org.springframework.web.filter.CorsFilter.doFilterInternal(CorsFilter.java:91)
	at org.springframework.web.filter.OncePerRequestFilter.doFilter(OncePerRequestFilter.java:116)
	at org.springframework.security.web.ObservationFilterChainDecorator$ObservationFilter.wrapFilter(ObservationFilterChainDecorator.java:240)
	at org.springframework.security.web.ObservationFilterChainDecorator$ObservationFilter.doFilter(ObservationFilterChainDecorator.java:227)
	at org.springframework.security.web.ObservationFilterChainDecorator$VirtualFilterChain.doFilter(ObservationFilterChainDecorator.java:137)
	at org.springframework.security.web.header.HeaderWriterFilter.doHeadersAfter(HeaderWriterFilter.java:90)
	at org.springframework.security.web.header.HeaderWriterFilter.doFilterInternal(HeaderWriterFilter.java:75)
	at org.springframework.web.filter.OncePerRequestFilter.doFilter(OncePerRequestFilter.java:116)
	at org.springframework.security.web.ObservationFilterChainDecorator$ObservationFilter.wrapFilter(ObservationFilterChainDecorator.java:240)
	at org.springframework.security.web.ObservationFilterChainDecorator$ObservationFilter.doFilter(ObservationFilterChainDecorator.java:227)
	at org.springframework.security.web.ObservationFilterChainDecorator$VirtualFilterChain.doFilter(ObservationFilterChainDecorator.java:137)
	at org.springframework.security.web.context.SecurityContextHolderFilter.doFilter(SecurityContextHolderFilter.java:82)
	at org.springframework.security.web.context.SecurityContextHolderFilter.doFilter(SecurityContextHolderFilter.java:69)
	at org.springframework.security.web.ObservationFilterChainDecorator$ObservationFilter.wrapFilter(ObservationFilterChainDecorator.java:240)
	at org.springframework.security.web.ObservationFilterChainDecorator$ObservationFilter.doFilter(ObservationFilterChainDecorator.java:227)
	at org.springframework.security.web.ObservationFilterChainDecorator$VirtualFilterChain.doFilter(ObservationFilterChainDecorator.java:137)
	at org.springframework.security.web.context.request.async.WebAsyncManagerIntegrationFilter.doFilterInternal(WebAsyncManagerIntegrationFilter.java:62)
	at org.springframework.web.filter.OncePerRequestFilter.doFilter(OncePerRequestFilter.java:116)
	at org.springframework.security.web.ObservationFilterChainDecorator$ObservationFilter.wrapFilter(ObservationFilterChainDecorator.java:240)
	at org.springframework.security.web.ObservationFilterChainDecorator$ObservationFilter.doFilter(ObservationFilterChainDecorator.java:227)
	at org.springframework.security.web.ObservationFilterChainDecorator$VirtualFilterChain.doFilter(ObservationFilterChainDecorator.java:137)
	at org.springframework.security.web.session.DisableEncodeUrlFilter.doFilterInternal(DisableEncodeUrlFilter.java:42)
	at org.springframework.web.filter.OncePerRequestFilter.doFilter(OncePerRequestFilter.java:116)
	at org.springframework.security.web.ObservationFilterChainDecorator$ObservationFilter.wrapFilter(ObservationFilterChainDecorator.java:240)
	at org.springframework.security.web.ObservationFilterChainDecorator$AroundFilterObservation$SimpleAroundFilterObservation.lambda$wrap$0(ObservationFilterChainDecorator.java:323)
	at org.springframework.security.web.ObservationFilterChainDecorator$ObservationFilter.doFilter(ObservationFilterChainDecorator.java:224)
	at org.springframework.security.web.ObservationFilterChainDecorator$VirtualFilterChain.doFilter(ObservationFilterChainDecorator.java:137)
	at org.springframework.security.web.FilterChainProxy.doFilterInternal(FilterChainProxy.java:233)
	at org.springframework.security.web.FilterChainProxy.doFilter(FilterChainProxy.java:191)
	at org.springframework.web.filter.DelegatingFilterProxy.invokeDelegate(DelegatingFilterProxy.java:352)
	at org.springframework.web.filter.DelegatingFilterProxy.doFilter(DelegatingFilterProxy.java:268)
	at org.apache.catalina.core.ApplicationFilterChain.internalDoFilter(ApplicationFilterChain.java:174)
	at org.apache.catalina.core.ApplicationFilterChain.doFilter(ApplicationFilterChain.java:149)
	at org.springframework.web.filter.RequestContextFilter.doFilterInternal(RequestContextFilter.java:100)
	at org.springframework.web.filter.OncePerRequestFilter.doFilter(OncePerRequestFilter.java:116)
	at org.apache.catalina.core.ApplicationFilterChain.internalDoFilter(ApplicationFilterChain.java:174)
	at org.apache.catalina.core.ApplicationFilterChain.doFilter(ApplicationFilterChain.java:149)
	at org.springframework.web.filter.FormContentFilter.doFilterInternal(FormContentFilter.java:93)
	at org.springframework.web.filter.OncePerRequestFilter.doFilter(OncePerRequestFilter.java:116)
	at org.apache.catalina.core.ApplicationFilterChain.internalDoFilter(ApplicationFilterChain.java:174)
	at org.apache.catalina.core.ApplicationFilterChain.doFilter(ApplicationFilterChain.java:149)
	at org.springframework.web.servlet.v6_0.OpenTelemetryHandlerMappingFilter.doFilter(OpenTelemetryHandlerMappingFilter.java:78)
	at org.apache.catalina.core.ApplicationFilterChain.internalDoFilter(ApplicationFilterChain.java:174)
	at org.apache.catalina.core.ApplicationFilterChain.doFilter(ApplicationFilterChain.java:149)
	at org.springframework.web.filter.ServerHttpObservationFilter.doFilterInternal(ServerHttpObservationFilter.java:109)
	at org.springframework.web.filter.OncePerRequestFilter.doFilter(OncePerRequestFilter.java:116)
	at org.apache.catalina.core.ApplicationFilterChain.internalDoFilter(ApplicationFilterChain.java:174)
	at org.apache.catalina.core.ApplicationFilterChain.doFilter(ApplicationFilterChain.java:149)
	at org.springframework.web.filter.CharacterEncodingFilter.doFilterInternal(CharacterEncodingFilter.java:201)
	at org.springframework.web.filter.OncePerRequestFilter.doFilter(OncePerRequestFilter.java:116)
	at org.apache.catalina.core.ApplicationFilterChain.internalDoFilter(ApplicationFilterChain.java:174)
	at org.apache.catalina.core.ApplicationFilterChain.doFilter(ApplicationFilterChain.java:149)
	at org.apache.catalina.core.StandardWrapperValve.invoke(StandardWrapperValve.java:167)
	at org.apache.catalina.core.StandardContextValve.invoke(StandardContextValve.java:90)
	at org.apache.catalina.authenticator.AuthenticatorBase.invoke(AuthenticatorBase.java:482)
	at org.apache.catalina.core.StandardHostValve.invoke(StandardHostValve.java:115)
	at org.apache.catalina.valves.ErrorReportValve.invoke(ErrorReportValve.java:93)
	at org.apache.catalina.core.StandardEngineValve.invoke(StandardEngineValve.java:74)
	at org.apache.catalina.connector.CoyoteAdapter.service(CoyoteAdapter.java:340)
	at org.apache.coyote.http11.Http11Processor.service(Http11Processor.java:391)
	at org.apache.coyote.AbstractProcessorLight.process(AbstractProcessorLight.java:63)
	at org.apache.coyote.AbstractProtocol$ConnectionHandler.process(AbstractProtocol.java:896)
	at org.apache.tomcat.util.net.NioEndpoint$SocketProcessor.doRun(NioEndpoint.java:1744)
	at org.apache.tomcat.util.net.SocketProcessorBase.run(SocketProcessorBase.java:52)
	at org.apache.tomcat.util.threads.ThreadPoolExecutor.runWorker(ThreadPoolExecutor.java:1191)
	at org.apache.tomcat.util.threads.ThreadPoolExecutor$Worker.run(ThreadPoolExecutor.java:659)
	at org.apache.tomcat.util.threads.TaskThread$WrappingRunnable.run(TaskThread.java:61)
	at java.base/java.lang.Thread.run(Thread.java:842)
2025-07-03 22:26:20.372 INFO  [http-nio-8086-exec-4] c.m.m.controller.MasterController [ae1ec23e43367984717e63d9b77f3214,91b9e5230dc21c4f] - Received Master card registration request: CardRegistrationRequest(accountNumber=97045271637061218, cifCode=9704527163706, cardType=MASTER, customerName=null)
2025-07-03 22:26:20.373 INFO  [http-nio-8086-exec-4] c.m.m.service.impl.MasterServiceImpl [ae1ec23e43367984717e63d9b77f3214,91b9e5230dc21c4f] - === RETRY ATTEMPT - Calling Master API for card registration: CardRegistrationRequest(accountNumber=97045271637061218, cifCode=9704527163706, cardType=MASTER, customerName=null) ===
2025-07-03 22:26:20.374 DEBUG [http-nio-8086-exec-4] c.m.m.service.impl.MasterServiceImpl [ae1ec23e43367984717e63d9b77f3214,91b9e5230dc21c4f] - Method called with @Retry annotation - attempt will be tracked by Resilience4j
2025-07-03 22:26:20.374 DEBUG [http-nio-8086-exec-4] c.m.m.service.impl.MasterServiceImpl [ae1ec23e43367984717e63d9b77f3214,91b9e5230dc21c4f] - Current thread: http-nio-8086-exec-4, Class: com.master.masterservice.service.impl.MasterServiceImpl
2025-07-03 22:26:20.375 DEBUG [http-nio-8086-exec-4] o.s.web.client.RestTemplate [ae1ec23e43367984717e63d9b77f3214,91b9e5230dc21c4f] - HTTP POST http://localhost:8091/api/master/registration
2025-07-03 22:26:20.375 DEBUG [http-nio-8086-exec-4] o.s.web.client.RestTemplate [ae1ec23e43367984717e63d9b77f3214,91b9e5230dc21c4f] - Accept=[application/json, application/*+json]
2025-07-03 22:26:20.375 DEBUG [http-nio-8086-exec-4] o.s.web.client.RestTemplate [ae1ec23e43367984717e63d9b77f3214,91b9e5230dc21c4f] - Writing [CardRegistrationRequest(accountNumber=97045271637061218, cifCode=9704527163706, cardType=MASTER, customerName=null)] as "application/json"
2025-07-03 22:26:20.389 DEBUG [http-nio-8086-exec-4] o.s.web.client.RestTemplate [ae1ec23e43367984717e63d9b77f3214,91b9e5230dc21c4f] - Response 500 INTERNAL_SERVER_ERROR
2025-07-03 22:26:20.391 ERROR [http-nio-8086-exec-4] c.m.m.service.impl.MasterServiceImpl [ae1ec23e43367984717e63d9b77f3214,91b9e5230dc21c4f] - Server error calling Master API for account: 97045271637061218. Status: 500 INTERNAL_SERVER_ERROR, Error: 500 Server Error: "{<EOL><EOL>  "timestamp": "2025-06-25T09:00:00.000+07:00",<EOL><EOL>  "status": 500,<EOL><EOL>  "error": "Internal Server Error",<EOL><EOL>  "message": "Something went wrong on the server.",<EOL><EOL>  "path": "/api/master/registration"<EOL><EOL>}" - WILL RETRY
2025-07-03 22:26:20.392 INFO  [http-nio-8086-exec-4] c.m.masterservice.config.RetryConfig [ae1ec23e43367984717e63d9b77f3214,91b9e5230dc21c4f] - === RETRY EVENT - Attempt #1 for: mastercard-registration ===
2025-07-03 22:26:20.906 INFO  [http-nio-8086-exec-4] c.m.m.service.impl.MasterServiceImpl [ae1ec23e43367984717e63d9b77f3214,91b9e5230dc21c4f] - === RETRY ATTEMPT - Calling Master API for card registration: CardRegistrationRequest(accountNumber=97045271637061218, cifCode=9704527163706, cardType=MASTER, customerName=null) ===
2025-07-03 22:26:20.907 DEBUG [http-nio-8086-exec-4] c.m.m.service.impl.MasterServiceImpl [ae1ec23e43367984717e63d9b77f3214,91b9e5230dc21c4f] - Method called with @Retry annotation - attempt will be tracked by Resilience4j
2025-07-03 22:26:20.908 DEBUG [http-nio-8086-exec-4] c.m.m.service.impl.MasterServiceImpl [ae1ec23e43367984717e63d9b77f3214,91b9e5230dc21c4f] - Current thread: http-nio-8086-exec-4, Class: com.master.masterservice.service.impl.MasterServiceImpl
2025-07-03 22:26:20.910 DEBUG [http-nio-8086-exec-4] o.s.web.client.RestTemplate [ae1ec23e43367984717e63d9b77f3214,91b9e5230dc21c4f] - HTTP POST http://localhost:8091/api/master/registration
2025-07-03 22:26:20.911 DEBUG [http-nio-8086-exec-4] o.s.web.client.RestTemplate [ae1ec23e43367984717e63d9b77f3214,91b9e5230dc21c4f] - Accept=[application/json, application/*+json]
2025-07-03 22:26:20.912 DEBUG [http-nio-8086-exec-4] o.s.web.client.RestTemplate [ae1ec23e43367984717e63d9b77f3214,91b9e5230dc21c4f] - Writing [CardRegistrationRequest(accountNumber=97045271637061218, cifCode=9704527163706, cardType=MASTER, customerName=null)] as "application/json"
2025-07-03 22:26:20.933 DEBUG [http-nio-8086-exec-4] o.s.web.client.RestTemplate [ae1ec23e43367984717e63d9b77f3214,91b9e5230dc21c4f] - Response 500 INTERNAL_SERVER_ERROR
2025-07-03 22:26:20.935 ERROR [http-nio-8086-exec-4] c.m.m.service.impl.MasterServiceImpl [ae1ec23e43367984717e63d9b77f3214,91b9e5230dc21c4f] - Server error calling Master API for account: 97045271637061218. Status: 500 INTERNAL_SERVER_ERROR, Error: 500 Server Error: "{<EOL><EOL>  "timestamp": "2025-06-25T09:00:00.000+07:00",<EOL><EOL>  "status": 500,<EOL><EOL>  "error": "Internal Server Error",<EOL><EOL>  "message": "Something went wrong on the server.",<EOL><EOL>  "path": "/api/master/registration"<EOL><EOL>}" - WILL RETRY
2025-07-03 22:26:20.936 INFO  [http-nio-8086-exec-4] c.m.masterservice.config.RetryConfig [ae1ec23e43367984717e63d9b77f3214,91b9e5230dc21c4f] - === RETRY EVENT - Attempt #2 for: mastercard-registration ===
2025-07-03 22:26:21.445 INFO  [http-nio-8086-exec-4] c.m.m.service.impl.MasterServiceImpl [ae1ec23e43367984717e63d9b77f3214,91b9e5230dc21c4f] - === RETRY ATTEMPT - Calling Master API for card registration: CardRegistrationRequest(accountNumber=97045271637061218, cifCode=9704527163706, cardType=MASTER, customerName=null) ===
2025-07-03 22:26:21.447 DEBUG [http-nio-8086-exec-4] c.m.m.service.impl.MasterServiceImpl [ae1ec23e43367984717e63d9b77f3214,91b9e5230dc21c4f] - Method called with @Retry annotation - attempt will be tracked by Resilience4j
2025-07-03 22:26:21.447 DEBUG [http-nio-8086-exec-4] c.m.m.service.impl.MasterServiceImpl [ae1ec23e43367984717e63d9b77f3214,91b9e5230dc21c4f] - Current thread: http-nio-8086-exec-4, Class: com.master.masterservice.service.impl.MasterServiceImpl
2025-07-03 22:26:21.449 DEBUG [http-nio-8086-exec-4] o.s.web.client.RestTemplate [ae1ec23e43367984717e63d9b77f3214,91b9e5230dc21c4f] - HTTP POST http://localhost:8091/api/master/registration
2025-07-03 22:26:21.450 DEBUG [http-nio-8086-exec-4] o.s.web.client.RestTemplate [ae1ec23e43367984717e63d9b77f3214,91b9e5230dc21c4f] - Accept=[application/json, application/*+json]
2025-07-03 22:26:21.451 DEBUG [http-nio-8086-exec-4] o.s.web.client.RestTemplate [ae1ec23e43367984717e63d9b77f3214,91b9e5230dc21c4f] - Writing [CardRegistrationRequest(accountNumber=97045271637061218, cifCode=9704527163706, cardType=MASTER, customerName=null)] as "application/json"
2025-07-03 22:26:21.483 DEBUG [http-nio-8086-exec-4] o.s.web.client.RestTemplate [ae1ec23e43367984717e63d9b77f3214,91b9e5230dc21c4f] - Response 500 INTERNAL_SERVER_ERROR
2025-07-03 22:26:21.487 ERROR [http-nio-8086-exec-4] c.m.m.service.impl.MasterServiceImpl [ae1ec23e43367984717e63d9b77f3214,91b9e5230dc21c4f] - Server error calling Master API for account: 97045271637061218. Status: 500 INTERNAL_SERVER_ERROR, Error: 500 Server Error: "{<EOL><EOL>  "timestamp": "2025-06-25T09:00:00.000+07:00",<EOL><EOL>  "status": 500,<EOL><EOL>  "error": "Internal Server Error",<EOL><EOL>  "message": "Something went wrong on the server.",<EOL><EOL>  "path": "/api/master/registration"<EOL><EOL>}" - WILL RETRY
2025-07-03 22:26:21.487 ERROR [http-nio-8086-exec-4] c.m.masterservice.config.RetryConfig [ae1ec23e43367984717e63d9b77f3214,91b9e5230dc21c4f] - === RETRY FAILED - After 3 attempts for: mastercard-registration, Last exception: 500 Server Error: "{<EOL><EOL>  "timestamp": "2025-06-25T09:00:00.000+07:00",<EOL><EOL>  "status": 500,<EOL><EOL>  "error": "Internal Server Error",<EOL><EOL>  "message": "Something went wrong on the server.",<EOL><EOL>  "path": "/api/master/registration"<EOL><EOL>}" ===
2025-07-03 22:26:21.488 ERROR [http-nio-8086-exec-4] c.m.m.service.impl.MasterServiceImpl [ae1ec23e43367984717e63d9b77f3214,91b9e5230dc21c4f] - === FALLBACK TRIGGERED === Master registration failed for account: 97045271637061218 after all retry attempts. Error type: InternalServerError, Message: 500 Server Error: "{<EOL><EOL>  "timestamp": "2025-06-25T09:00:00.000+07:00",<EOL><EOL>  "status": 500,<EOL><EOL>  "error": "Internal Server Error",<EOL><EOL>  "message": "Something went wrong on the server.",<EOL><EOL>  "path": "/api/master/registration"<EOL><EOL>}"
2025-07-03 22:26:21.489 ERROR [http-nio-8086-exec-4] c.m.m.service.impl.MasterServiceImpl [ae1ec23e43367984717e63d9b77f3214,91b9e5230dc21c4f] - Full exception trace:
org.springframework.web.client.HttpServerErrorException$InternalServerError: 500 Server Error: "{<EOL><EOL>  "timestamp": "2025-06-25T09:00:00.000+07:00",<EOL><EOL>  "status": 500,<EOL><EOL>  "error": "Internal Server Error",<EOL><EOL>  "message": "Something went wrong on the server.",<EOL><EOL>  "path": "/api/master/registration"<EOL><EOL>}"
	at org.springframework.web.client.HttpServerErrorException.create(HttpServerErrorException.java:102)
	at org.springframework.web.client.DefaultResponseErrorHandler.handleError(DefaultResponseErrorHandler.java:186)
	at org.springframework.web.client.DefaultResponseErrorHandler.handleError(DefaultResponseErrorHandler.java:137)
	at org.springframework.web.client.ResponseErrorHandler.handleError(ResponseErrorHandler.java:63)
	at org.springframework.web.client.RestTemplate.handleResponse(RestTemplate.java:932)
	at org.springframework.web.client.RestTemplate.doExecute(RestTemplate.java:881)
	at org.springframework.web.client.RestTemplate.execute(RestTemplate.java:781)
	at org.springframework.web.client.RestTemplate.postForEntity(RestTemplate.java:529)
	at com.master.masterservice.service.impl.MasterServiceImpl.registerCard(MasterServiceImpl.java:51)
	at java.base/jdk.internal.reflect.NativeMethodAccessorImpl.invoke0(Native Method)
	at java.base/jdk.internal.reflect.NativeMethodAccessorImpl.invoke(NativeMethodAccessorImpl.java:77)
	at java.base/jdk.internal.reflect.DelegatingMethodAccessorImpl.invoke(DelegatingMethodAccessorImpl.java:43)
	at java.base/java.lang.reflect.Method.invoke(Method.java:568)
	at org.springframework.aop.support.AopUtils.invokeJoinpointUsingReflection(AopUtils.java:352)
	at org.springframework.aop.framework.ReflectiveMethodInvocation.invokeJoinpoint(ReflectiveMethodInvocation.java:196)
	at org.springframework.aop.framework.ReflectiveMethodInvocation.proceed(ReflectiveMethodInvocation.java:163)
	at org.springframework.aop.framework.CglibAopProxy$CglibMethodInvocation.proceed(CglibAopProxy.java:765)
	at org.springframework.aop.aspectj.MethodInvocationProceedingJoinPoint.proceed(MethodInvocationProceedingJoinPoint.java:89)
	at io.github.resilience4j.retry.Retry.lambda$decorateCheckedSupplier$1(Retry.java:135)
	at io.github.resilience4j.retry.Retry.executeCheckedSupplier(Retry.java:350)
	at io.github.resilience4j.spring6.retry.configure.RetryAspect.handleDefaultJoinPoint(RetryAspect.java:175)
	at io.github.resilience4j.spring6.retry.configure.RetryAspect.proceed(RetryAspect.java:132)
	at io.github.resilience4j.spring6.retry.configure.RetryAspect.lambda$retryAroundAdvice$0(RetryAspect.java:116)
	at io.github.resilience4j.spring6.fallback.DefaultFallbackDecorator.lambda$decorate$0(DefaultFallbackDecorator.java:36)
	at io.github.resilience4j.spring6.fallback.FallbackExecutor.execute(FallbackExecutor.java:39)
	at io.github.resilience4j.spring6.retry.configure.RetryAspect.retryAroundAdvice(RetryAspect.java:117)
	at java.base/jdk.internal.reflect.NativeMethodAccessorImpl.invoke0(Native Method)
	at java.base/jdk.internal.reflect.NativeMethodAccessorImpl.invoke(NativeMethodAccessorImpl.java:77)
	at java.base/jdk.internal.reflect.DelegatingMethodAccessorImpl.invoke(DelegatingMethodAccessorImpl.java:43)
	at java.base/java.lang.reflect.Method.invoke(Method.java:568)
	at org.springframework.aop.aspectj.AbstractAspectJAdvice.invokeAdviceMethodWithGivenArgs(AbstractAspectJAdvice.java:637)
	at org.springframework.aop.aspectj.AbstractAspectJAdvice.invokeAdviceMethod(AbstractAspectJAdvice.java:627)
	at org.springframework.aop.aspectj.AspectJAroundAdvice.invoke(AspectJAroundAdvice.java:71)
	at org.springframework.aop.framework.ReflectiveMethodInvocation.proceed(ReflectiveMethodInvocation.java:173)
	at org.springframework.aop.framework.CglibAopProxy$CglibMethodInvocation.proceed(CglibAopProxy.java:765)
	at org.springframework.aop.interceptor.ExposeInvocationInterceptor.invoke(ExposeInvocationInterceptor.java:97)
	at org.springframework.aop.framework.ReflectiveMethodInvocation.proceed(ReflectiveMethodInvocation.java:184)
	at org.springframework.aop.framework.CglibAopProxy$CglibMethodInvocation.proceed(CglibAopProxy.java:765)
	at org.springframework.aop.framework.CglibAopProxy$DynamicAdvisedInterceptor.intercept(CglibAopProxy.java:717)
	at com.master.masterservice.service.impl.MasterServiceImpl$$SpringCGLIB$$0.registerCard(<generated>)
	at com.master.masterservice.controller.MasterController.registerCard(MasterController.java:25)
	at java.base/jdk.internal.reflect.NativeMethodAccessorImpl.invoke0(Native Method)
	at java.base/jdk.internal.reflect.NativeMethodAccessorImpl.invoke(NativeMethodAccessorImpl.java:77)
	at java.base/jdk.internal.reflect.DelegatingMethodAccessorImpl.invoke(DelegatingMethodAccessorImpl.java:43)
	at java.base/java.lang.reflect.Method.invoke(Method.java:568)
	at org.springframework.web.method.support.InvocableHandlerMethod.doInvoke(InvocableHandlerMethod.java:254)
	at org.springframework.web.method.support.InvocableHandlerMethod.invokeForRequest(InvocableHandlerMethod.java:182)
	at org.springframework.web.servlet.mvc.method.annotation.ServletInvocableHandlerMethod.invokeAndHandle(ServletInvocableHandlerMethod.java:118)
	at org.springframework.web.servlet.mvc.method.annotation.RequestMappingHandlerAdapter.invokeHandlerMethod(RequestMappingHandlerAdapter.java:917)
	at org.springframework.web.servlet.mvc.method.annotation.RequestMappingHandlerAdapter.handleInternal(RequestMappingHandlerAdapter.java:829)
	at org.springframework.web.servlet.mvc.method.AbstractHandlerMethodAdapter.handle(AbstractHandlerMethodAdapter.java:87)
	at org.springframework.web.servlet.DispatcherServlet.doDispatch(DispatcherServlet.java:1089)
	at org.springframework.web.servlet.DispatcherServlet.doService(DispatcherServlet.java:979)
	at org.springframework.web.servlet.FrameworkServlet.processRequest(FrameworkServlet.java:1014)
	at org.springframework.web.servlet.FrameworkServlet.doPost(FrameworkServlet.java:914)
	at jakarta.servlet.http.HttpServlet.service(HttpServlet.java:590)
	at org.springframework.web.servlet.FrameworkServlet.service(FrameworkServlet.java:885)
	at jakarta.servlet.http.HttpServlet.service(HttpServlet.java:658)
	at org.apache.catalina.core.ApplicationFilterChain.internalDoFilter(ApplicationFilterChain.java:205)
	at org.apache.catalina.core.ApplicationFilterChain.doFilter(ApplicationFilterChain.java:149)
	at org.apache.tomcat.websocket.server.WsFilter.doFilter(WsFilter.java:51)
	at org.apache.catalina.core.ApplicationFilterChain.internalDoFilter(ApplicationFilterChain.java:174)
	at org.apache.catalina.core.ApplicationFilterChain.doFilter(ApplicationFilterChain.java:149)
	at org.springframework.security.web.FilterChainProxy.lambda$doFilterInternal$3(FilterChainProxy.java:231)
	at org.springframework.security.web.ObservationFilterChainDecorator$FilterObservation$SimpleFilterObservation.lambda$wrap$1(ObservationFilterChainDecorator.java:479)
	at org.springframework.security.web.ObservationFilterChainDecorator$AroundFilterObservation$SimpleAroundFilterObservation.lambda$wrap$1(ObservationFilterChainDecorator.java:340)
	at org.springframework.security.web.ObservationFilterChainDecorator.lambda$wrapSecured$0(ObservationFilterChainDecorator.java:82)
	at org.springframework.security.web.ObservationFilterChainDecorator$VirtualFilterChain.doFilter(ObservationFilterChainDecorator.java:128)
	at org.springframework.security.web.access.intercept.AuthorizationFilter.doFilter(AuthorizationFilter.java:100)
	at org.springframework.security.web.ObservationFilterChainDecorator$ObservationFilter.wrapFilter(ObservationFilterChainDecorator.java:240)
	at org.springframework.security.web.ObservationFilterChainDecorator$ObservationFilter.doFilter(ObservationFilterChainDecorator.java:227)
	at org.springframework.security.web.ObservationFilterChainDecorator$VirtualFilterChain.doFilter(ObservationFilterChainDecorator.java:137)
	at org.springframework.security.web.access.ExceptionTranslationFilter.doFilter(ExceptionTranslationFilter.java:126)
	at org.springframework.security.web.access.ExceptionTranslationFilter.doFilter(ExceptionTranslationFilter.java:120)
	at org.springframework.security.web.ObservationFilterChainDecorator$ObservationFilter.wrapFilter(ObservationFilterChainDecorator.java:240)
	at org.springframework.security.web.ObservationFilterChainDecorator$ObservationFilter.doFilter(ObservationFilterChainDecorator.java:227)
	at org.springframework.security.web.ObservationFilterChainDecorator$VirtualFilterChain.doFilter(ObservationFilterChainDecorator.java:137)
	at org.springframework.security.web.session.SessionManagementFilter.doFilter(SessionManagementFilter.java:131)
	at org.springframework.security.web.session.SessionManagementFilter.doFilter(SessionManagementFilter.java:85)
	at org.springframework.security.web.ObservationFilterChainDecorator$ObservationFilter.wrapFilter(ObservationFilterChainDecorator.java:240)
	at org.springframework.security.web.ObservationFilterChainDecorator$ObservationFilter.doFilter(ObservationFilterChainDecorator.java:227)
	at org.springframework.security.web.ObservationFilterChainDecorator$VirtualFilterChain.doFilter(ObservationFilterChainDecorator.java:137)
	at org.springframework.security.web.authentication.AnonymousAuthenticationFilter.doFilter(AnonymousAuthenticationFilter.java:100)
	at org.springframework.security.web.ObservationFilterChainDecorator$ObservationFilter.wrapFilter(ObservationFilterChainDecorator.java:240)
	at org.springframework.security.web.ObservationFilterChainDecorator$ObservationFilter.doFilter(ObservationFilterChainDecorator.java:227)
	at org.springframework.security.web.ObservationFilterChainDecorator$VirtualFilterChain.doFilter(ObservationFilterChainDecorator.java:137)
	at org.springframework.security.web.servletapi.SecurityContextHolderAwareRequestFilter.doFilter(SecurityContextHolderAwareRequestFilter.java:179)
	at org.springframework.security.web.ObservationFilterChainDecorator$ObservationFilter.wrapFilter(ObservationFilterChainDecorator.java:240)
	at org.springframework.security.web.ObservationFilterChainDecorator$ObservationFilter.doFilter(ObservationFilterChainDecorator.java:227)
	at org.springframework.security.web.ObservationFilterChainDecorator$VirtualFilterChain.doFilter(ObservationFilterChainDecorator.java:137)
	at org.springframework.security.web.savedrequest.RequestCacheAwareFilter.doFilter(RequestCacheAwareFilter.java:63)
	at org.springframework.security.web.ObservationFilterChainDecorator$ObservationFilter.wrapFilter(ObservationFilterChainDecorator.java:240)
	at org.springframework.security.web.ObservationFilterChainDecorator$ObservationFilter.doFilter(ObservationFilterChainDecorator.java:227)
	at org.springframework.security.web.ObservationFilterChainDecorator$VirtualFilterChain.doFilter(ObservationFilterChainDecorator.java:137)
	at org.springframework.security.oauth2.server.resource.web.authentication.BearerTokenAuthenticationFilter.doFilterInternal(BearerTokenAuthenticationFilter.java:145)
	at org.springframework.web.filter.OncePerRequestFilter.doFilter(OncePerRequestFilter.java:116)
	at org.springframework.security.web.ObservationFilterChainDecorator$ObservationFilter.wrapFilter(ObservationFilterChainDecorator.java:240)
	at org.springframework.security.web.ObservationFilterChainDecorator$ObservationFilter.doFilter(ObservationFilterChainDecorator.java:227)
	at org.springframework.security.web.ObservationFilterChainDecorator$VirtualFilterChain.doFilter(ObservationFilterChainDecorator.java:137)
	at org.springframework.security.web.authentication.logout.LogoutFilter.doFilter(LogoutFilter.java:107)
	at org.springframework.security.web.authentication.logout.LogoutFilter.doFilter(LogoutFilter.java:93)
	at org.springframework.security.web.ObservationFilterChainDecorator$ObservationFilter.wrapFilter(ObservationFilterChainDecorator.java:240)
	at org.springframework.security.web.ObservationFilterChainDecorator$ObservationFilter.doFilter(ObservationFilterChainDecorator.java:227)
	at org.springframework.security.web.ObservationFilterChainDecorator$VirtualFilterChain.doFilter(ObservationFilterChainDecorator.java:137)
	at org.springframework.web.filter.CorsFilter.doFilterInternal(CorsFilter.java:91)
	at org.springframework.web.filter.OncePerRequestFilter.doFilter(OncePerRequestFilter.java:116)
	at org.springframework.security.web.ObservationFilterChainDecorator$ObservationFilter.wrapFilter(ObservationFilterChainDecorator.java:240)
	at org.springframework.security.web.ObservationFilterChainDecorator$ObservationFilter.doFilter(ObservationFilterChainDecorator.java:227)
	at org.springframework.security.web.ObservationFilterChainDecorator$VirtualFilterChain.doFilter(ObservationFilterChainDecorator.java:137)
	at org.springframework.security.web.header.HeaderWriterFilter.doHeadersAfter(HeaderWriterFilter.java:90)
	at org.springframework.security.web.header.HeaderWriterFilter.doFilterInternal(HeaderWriterFilter.java:75)
	at org.springframework.web.filter.OncePerRequestFilter.doFilter(OncePerRequestFilter.java:116)
	at org.springframework.security.web.ObservationFilterChainDecorator$ObservationFilter.wrapFilter(ObservationFilterChainDecorator.java:240)
	at org.springframework.security.web.ObservationFilterChainDecorator$ObservationFilter.doFilter(ObservationFilterChainDecorator.java:227)
	at org.springframework.security.web.ObservationFilterChainDecorator$VirtualFilterChain.doFilter(ObservationFilterChainDecorator.java:137)
	at org.springframework.security.web.context.SecurityContextHolderFilter.doFilter(SecurityContextHolderFilter.java:82)
	at org.springframework.security.web.context.SecurityContextHolderFilter.doFilter(SecurityContextHolderFilter.java:69)
	at org.springframework.security.web.ObservationFilterChainDecorator$ObservationFilter.wrapFilter(ObservationFilterChainDecorator.java:240)
	at org.springframework.security.web.ObservationFilterChainDecorator$ObservationFilter.doFilter(ObservationFilterChainDecorator.java:227)
	at org.springframework.security.web.ObservationFilterChainDecorator$VirtualFilterChain.doFilter(ObservationFilterChainDecorator.java:137)
	at org.springframework.security.web.context.request.async.WebAsyncManagerIntegrationFilter.doFilterInternal(WebAsyncManagerIntegrationFilter.java:62)
	at org.springframework.web.filter.OncePerRequestFilter.doFilter(OncePerRequestFilter.java:116)
	at org.springframework.security.web.ObservationFilterChainDecorator$ObservationFilter.wrapFilter(ObservationFilterChainDecorator.java:240)
	at org.springframework.security.web.ObservationFilterChainDecorator$ObservationFilter.doFilter(ObservationFilterChainDecorator.java:227)
	at org.springframework.security.web.ObservationFilterChainDecorator$VirtualFilterChain.doFilter(ObservationFilterChainDecorator.java:137)
	at org.springframework.security.web.session.DisableEncodeUrlFilter.doFilterInternal(DisableEncodeUrlFilter.java:42)
	at org.springframework.web.filter.OncePerRequestFilter.doFilter(OncePerRequestFilter.java:116)
	at org.springframework.security.web.ObservationFilterChainDecorator$ObservationFilter.wrapFilter(ObservationFilterChainDecorator.java:240)
	at org.springframework.security.web.ObservationFilterChainDecorator$AroundFilterObservation$SimpleAroundFilterObservation.lambda$wrap$0(ObservationFilterChainDecorator.java:323)
	at org.springframework.security.web.ObservationFilterChainDecorator$ObservationFilter.doFilter(ObservationFilterChainDecorator.java:224)
	at org.springframework.security.web.ObservationFilterChainDecorator$VirtualFilterChain.doFilter(ObservationFilterChainDecorator.java:137)
	at org.springframework.security.web.FilterChainProxy.doFilterInternal(FilterChainProxy.java:233)
	at org.springframework.security.web.FilterChainProxy.doFilter(FilterChainProxy.java:191)
	at org.springframework.web.filter.DelegatingFilterProxy.invokeDelegate(DelegatingFilterProxy.java:352)
	at org.springframework.web.filter.DelegatingFilterProxy.doFilter(DelegatingFilterProxy.java:268)
	at org.apache.catalina.core.ApplicationFilterChain.internalDoFilter(ApplicationFilterChain.java:174)
	at org.apache.catalina.core.ApplicationFilterChain.doFilter(ApplicationFilterChain.java:149)
	at org.springframework.web.filter.RequestContextFilter.doFilterInternal(RequestContextFilter.java:100)
	at org.springframework.web.filter.OncePerRequestFilter.doFilter(OncePerRequestFilter.java:116)
	at org.apache.catalina.core.ApplicationFilterChain.internalDoFilter(ApplicationFilterChain.java:174)
	at org.apache.catalina.core.ApplicationFilterChain.doFilter(ApplicationFilterChain.java:149)
	at org.springframework.web.filter.FormContentFilter.doFilterInternal(FormContentFilter.java:93)
	at org.springframework.web.filter.OncePerRequestFilter.doFilter(OncePerRequestFilter.java:116)
	at org.apache.catalina.core.ApplicationFilterChain.internalDoFilter(ApplicationFilterChain.java:174)
	at org.apache.catalina.core.ApplicationFilterChain.doFilter(ApplicationFilterChain.java:149)
	at org.springframework.web.servlet.v6_0.OpenTelemetryHandlerMappingFilter.doFilter(OpenTelemetryHandlerMappingFilter.java:78)
	at org.apache.catalina.core.ApplicationFilterChain.internalDoFilter(ApplicationFilterChain.java:174)
	at org.apache.catalina.core.ApplicationFilterChain.doFilter(ApplicationFilterChain.java:149)
	at org.springframework.web.filter.ServerHttpObservationFilter.doFilterInternal(ServerHttpObservationFilter.java:109)
	at org.springframework.web.filter.OncePerRequestFilter.doFilter(OncePerRequestFilter.java:116)
	at org.apache.catalina.core.ApplicationFilterChain.internalDoFilter(ApplicationFilterChain.java:174)
	at org.apache.catalina.core.ApplicationFilterChain.doFilter(ApplicationFilterChain.java:149)
	at org.springframework.web.filter.CharacterEncodingFilter.doFilterInternal(CharacterEncodingFilter.java:201)
	at org.springframework.web.filter.OncePerRequestFilter.doFilter(OncePerRequestFilter.java:116)
	at org.apache.catalina.core.ApplicationFilterChain.internalDoFilter(ApplicationFilterChain.java:174)
	at org.apache.catalina.core.ApplicationFilterChain.doFilter(ApplicationFilterChain.java:149)
	at org.apache.catalina.core.StandardWrapperValve.invoke(StandardWrapperValve.java:167)
	at org.apache.catalina.core.StandardContextValve.invoke(StandardContextValve.java:90)
	at org.apache.catalina.authenticator.AuthenticatorBase.invoke(AuthenticatorBase.java:482)
	at org.apache.catalina.core.StandardHostValve.invoke(StandardHostValve.java:115)
	at org.apache.catalina.valves.ErrorReportValve.invoke(ErrorReportValve.java:93)
	at org.apache.catalina.core.StandardEngineValve.invoke(StandardEngineValve.java:74)
	at org.apache.catalina.connector.CoyoteAdapter.service(CoyoteAdapter.java:340)
	at org.apache.coyote.http11.Http11Processor.service(Http11Processor.java:391)
	at org.apache.coyote.AbstractProcessorLight.process(AbstractProcessorLight.java:63)
	at org.apache.coyote.AbstractProtocol$ConnectionHandler.process(AbstractProtocol.java:896)
	at org.apache.tomcat.util.net.NioEndpoint$SocketProcessor.doRun(NioEndpoint.java:1744)
	at org.apache.tomcat.util.net.SocketProcessorBase.run(SocketProcessorBase.java:52)
	at org.apache.tomcat.util.threads.ThreadPoolExecutor.runWorker(ThreadPoolExecutor.java:1191)
	at org.apache.tomcat.util.threads.ThreadPoolExecutor$Worker.run(ThreadPoolExecutor.java:659)
	at org.apache.tomcat.util.threads.TaskThread$WrappingRunnable.run(TaskThread.java:61)
	at java.base/java.lang.Thread.run(Thread.java:842)
2025-07-03 22:42:24.508 DEBUG [http-nio-8086-exec-6] o.s.web.client.RestTemplate [112a8c39fb631bbb42393bb48165cfad,18e6e557fd3f9e1a] - HTTP GET http://localhost:8180/realms/myrealm/protocol/openid-connect/certs
2025-07-03 22:42:24.513 DEBUG [http-nio-8086-exec-6] o.s.web.client.RestTemplate [112a8c39fb631bbb42393bb48165cfad,18e6e557fd3f9e1a] - Accept=[text/plain, application/json, application/*+json, */*]
2025-07-03 22:42:24.537 DEBUG [http-nio-8086-exec-6] o.s.web.client.RestTemplate [112a8c39fb631bbb42393bb48165cfad,18e6e557fd3f9e1a] - Response 200 OK
2025-07-03 22:42:24.540 DEBUG [http-nio-8086-exec-6] o.s.web.client.RestTemplate [112a8c39fb631bbb42393bb48165cfad,18e6e557fd3f9e1a] - Reading to [java.lang.String] as "application/json;charset=UTF-8"
2025-07-03 22:42:24.576 INFO  [http-nio-8086-exec-6] c.m.m.controller.MasterController [112a8c39fb631bbb42393bb48165cfad,18e6e557fd3f9e1a] - Received Master card registration request: CardRegistrationRequest(accountNumber=97045271637061218, cifCode=9704527163706, cardType=MASTER, customerName=null)
2025-07-03 22:42:24.581 INFO  [http-nio-8086-exec-6] c.m.m.service.impl.MasterServiceImpl [112a8c39fb631bbb42393bb48165cfad,18e6e557fd3f9e1a] - === RETRY ATTEMPT - Calling Master API for card registration: CardRegistrationRequest(accountNumber=97045271637061218, cifCode=9704527163706, cardType=MASTER, customerName=null) ===
2025-07-03 22:42:24.581 DEBUG [http-nio-8086-exec-6] c.m.m.service.impl.MasterServiceImpl [112a8c39fb631bbb42393bb48165cfad,18e6e557fd3f9e1a] - Method called with @Retry annotation - attempt will be tracked by Resilience4j
2025-07-03 22:42:24.581 DEBUG [http-nio-8086-exec-6] c.m.m.service.impl.MasterServiceImpl [112a8c39fb631bbb42393bb48165cfad,18e6e557fd3f9e1a] - Current thread: http-nio-8086-exec-6, Class: com.master.masterservice.service.impl.MasterServiceImpl
2025-07-03 22:42:24.583 DEBUG [http-nio-8086-exec-6] o.s.web.client.RestTemplate [112a8c39fb631bbb42393bb48165cfad,18e6e557fd3f9e1a] - HTTP POST http://localhost:8091/api/master/registration
2025-07-03 22:42:24.583 DEBUG [http-nio-8086-exec-6] o.s.web.client.RestTemplate [112a8c39fb631bbb42393bb48165cfad,18e6e557fd3f9e1a] - Accept=[application/json, application/*+json]
2025-07-03 22:42:24.585 DEBUG [http-nio-8086-exec-6] o.s.web.client.RestTemplate [112a8c39fb631bbb42393bb48165cfad,18e6e557fd3f9e1a] - Writing [CardRegistrationRequest(accountNumber=97045271637061218, cifCode=9704527163706, cardType=MASTER, customerName=null)] as "application/json"
2025-07-03 22:42:24.650 DEBUG [http-nio-8086-exec-6] o.s.web.client.RestTemplate [112a8c39fb631bbb42393bb48165cfad,18e6e557fd3f9e1a] - Response 500 INTERNAL_SERVER_ERROR
2025-07-03 22:42:24.652 ERROR [http-nio-8086-exec-6] c.m.m.service.impl.MasterServiceImpl [112a8c39fb631bbb42393bb48165cfad,18e6e557fd3f9e1a] - Server error calling Master API for account: 97045271637061218. Status: 500 INTERNAL_SERVER_ERROR, Error: 500 Server Error: "{<EOL><EOL>  "timestamp": "2025-06-25T09:00:00.000+07:00",<EOL><EOL>  "status": 500,<EOL><EOL>  "error": "Internal Server Error",<EOL><EOL>  "message": "Something went wrong on the server.",<EOL><EOL>  "path": "/api/master/registration"<EOL><EOL>}" - WILL RETRY
2025-07-03 22:42:24.654 INFO  [http-nio-8086-exec-6] c.m.masterservice.config.RetryConfig [112a8c39fb631bbb42393bb48165cfad,18e6e557fd3f9e1a] - === RETRY EVENT - Attempt #1 for: mastercard-registration ===
2025-07-03 22:42:25.162 INFO  [http-nio-8086-exec-6] c.m.m.service.impl.MasterServiceImpl [112a8c39fb631bbb42393bb48165cfad,18e6e557fd3f9e1a] - === RETRY ATTEMPT - Calling Master API for card registration: CardRegistrationRequest(accountNumber=97045271637061218, cifCode=9704527163706, cardType=MASTER, customerName=null) ===
2025-07-03 22:42:25.163 DEBUG [http-nio-8086-exec-6] c.m.m.service.impl.MasterServiceImpl [112a8c39fb631bbb42393bb48165cfad,18e6e557fd3f9e1a] - Method called with @Retry annotation - attempt will be tracked by Resilience4j
2025-07-03 22:42:25.163 DEBUG [http-nio-8086-exec-6] c.m.m.service.impl.MasterServiceImpl [112a8c39fb631bbb42393bb48165cfad,18e6e557fd3f9e1a] - Current thread: http-nio-8086-exec-6, Class: com.master.masterservice.service.impl.MasterServiceImpl
2025-07-03 22:42:25.165 DEBUG [http-nio-8086-exec-6] o.s.web.client.RestTemplate [112a8c39fb631bbb42393bb48165cfad,18e6e557fd3f9e1a] - HTTP POST http://localhost:8091/api/master/registration
2025-07-03 22:42:25.165 DEBUG [http-nio-8086-exec-6] o.s.web.client.RestTemplate [112a8c39fb631bbb42393bb48165cfad,18e6e557fd3f9e1a] - Accept=[application/json, application/*+json]
2025-07-03 22:42:25.166 DEBUG [http-nio-8086-exec-6] o.s.web.client.RestTemplate [112a8c39fb631bbb42393bb48165cfad,18e6e557fd3f9e1a] - Writing [CardRegistrationRequest(accountNumber=97045271637061218, cifCode=9704527163706, cardType=MASTER, customerName=null)] as "application/json"
2025-07-03 22:42:25.193 DEBUG [http-nio-8086-exec-6] o.s.web.client.RestTemplate [112a8c39fb631bbb42393bb48165cfad,18e6e557fd3f9e1a] - Response 500 INTERNAL_SERVER_ERROR
2025-07-03 22:42:25.195 ERROR [http-nio-8086-exec-6] c.m.m.service.impl.MasterServiceImpl [112a8c39fb631bbb42393bb48165cfad,18e6e557fd3f9e1a] - Server error calling Master API for account: 97045271637061218. Status: 500 INTERNAL_SERVER_ERROR, Error: 500 Server Error: "{<EOL><EOL>  "timestamp": "2025-06-25T09:00:00.000+07:00",<EOL><EOL>  "status": 500,<EOL><EOL>  "error": "Internal Server Error",<EOL><EOL>  "message": "Something went wrong on the server.",<EOL><EOL>  "path": "/api/master/registration"<EOL><EOL>}" - WILL RETRY
2025-07-03 22:42:25.196 INFO  [http-nio-8086-exec-6] c.m.masterservice.config.RetryConfig [112a8c39fb631bbb42393bb48165cfad,18e6e557fd3f9e1a] - === RETRY EVENT - Attempt #2 for: mastercard-registration ===
2025-07-03 22:42:25.704 INFO  [http-nio-8086-exec-6] c.m.m.service.impl.MasterServiceImpl [112a8c39fb631bbb42393bb48165cfad,18e6e557fd3f9e1a] - === RETRY ATTEMPT - Calling Master API for card registration: CardRegistrationRequest(accountNumber=97045271637061218, cifCode=9704527163706, cardType=MASTER, customerName=null) ===
2025-07-03 22:42:25.704 DEBUG [http-nio-8086-exec-6] c.m.m.service.impl.MasterServiceImpl [112a8c39fb631bbb42393bb48165cfad,18e6e557fd3f9e1a] - Method called with @Retry annotation - attempt will be tracked by Resilience4j
2025-07-03 22:42:25.705 DEBUG [http-nio-8086-exec-6] c.m.m.service.impl.MasterServiceImpl [112a8c39fb631bbb42393bb48165cfad,18e6e557fd3f9e1a] - Current thread: http-nio-8086-exec-6, Class: com.master.masterservice.service.impl.MasterServiceImpl
2025-07-03 22:42:25.705 DEBUG [http-nio-8086-exec-6] o.s.web.client.RestTemplate [112a8c39fb631bbb42393bb48165cfad,18e6e557fd3f9e1a] - HTTP POST http://localhost:8091/api/master/registration
2025-07-03 22:42:25.705 DEBUG [http-nio-8086-exec-6] o.s.web.client.RestTemplate [112a8c39fb631bbb42393bb48165cfad,18e6e557fd3f9e1a] - Accept=[application/json, application/*+json]
2025-07-03 22:42:25.705 DEBUG [http-nio-8086-exec-6] o.s.web.client.RestTemplate [112a8c39fb631bbb42393bb48165cfad,18e6e557fd3f9e1a] - Writing [CardRegistrationRequest(accountNumber=97045271637061218, cifCode=9704527163706, cardType=MASTER, customerName=null)] as "application/json"
2025-07-03 22:42:25.728 DEBUG [http-nio-8086-exec-6] o.s.web.client.RestTemplate [112a8c39fb631bbb42393bb48165cfad,18e6e557fd3f9e1a] - Response 500 INTERNAL_SERVER_ERROR
2025-07-03 22:42:25.730 ERROR [http-nio-8086-exec-6] c.m.m.service.impl.MasterServiceImpl [112a8c39fb631bbb42393bb48165cfad,18e6e557fd3f9e1a] - Server error calling Master API for account: 97045271637061218. Status: 500 INTERNAL_SERVER_ERROR, Error: 500 Server Error: "{<EOL><EOL>  "timestamp": "2025-06-25T09:00:00.000+07:00",<EOL><EOL>  "status": 500,<EOL><EOL>  "error": "Internal Server Error",<EOL><EOL>  "message": "Something went wrong on the server.",<EOL><EOL>  "path": "/api/master/registration"<EOL><EOL>}" - WILL RETRY
2025-07-03 22:42:25.731 ERROR [http-nio-8086-exec-6] c.m.masterservice.config.RetryConfig [112a8c39fb631bbb42393bb48165cfad,18e6e557fd3f9e1a] - === RETRY FAILED - After 3 attempts for: mastercard-registration, Last exception: 500 Server Error: "{<EOL><EOL>  "timestamp": "2025-06-25T09:00:00.000+07:00",<EOL><EOL>  "status": 500,<EOL><EOL>  "error": "Internal Server Error",<EOL><EOL>  "message": "Something went wrong on the server.",<EOL><EOL>  "path": "/api/master/registration"<EOL><EOL>}" ===
2025-07-03 22:42:25.731 ERROR [http-nio-8086-exec-6] c.m.m.service.impl.MasterServiceImpl [112a8c39fb631bbb42393bb48165cfad,18e6e557fd3f9e1a] - === FALLBACK TRIGGERED === Master registration failed for account: 97045271637061218 after all retry attempts. Error type: InternalServerError, Message: 500 Server Error: "{<EOL><EOL>  "timestamp": "2025-06-25T09:00:00.000+07:00",<EOL><EOL>  "status": 500,<EOL><EOL>  "error": "Internal Server Error",<EOL><EOL>  "message": "Something went wrong on the server.",<EOL><EOL>  "path": "/api/master/registration"<EOL><EOL>}"
2025-07-03 22:42:25.731 ERROR [http-nio-8086-exec-6] c.m.m.service.impl.MasterServiceImpl [112a8c39fb631bbb42393bb48165cfad,18e6e557fd3f9e1a] - Full exception trace:
org.springframework.web.client.HttpServerErrorException$InternalServerError: 500 Server Error: "{<EOL><EOL>  "timestamp": "2025-06-25T09:00:00.000+07:00",<EOL><EOL>  "status": 500,<EOL><EOL>  "error": "Internal Server Error",<EOL><EOL>  "message": "Something went wrong on the server.",<EOL><EOL>  "path": "/api/master/registration"<EOL><EOL>}"
	at org.springframework.web.client.HttpServerErrorException.create(HttpServerErrorException.java:102)
	at org.springframework.web.client.DefaultResponseErrorHandler.handleError(DefaultResponseErrorHandler.java:186)
	at org.springframework.web.client.DefaultResponseErrorHandler.handleError(DefaultResponseErrorHandler.java:137)
	at org.springframework.web.client.ResponseErrorHandler.handleError(ResponseErrorHandler.java:63)
	at org.springframework.web.client.RestTemplate.handleResponse(RestTemplate.java:932)
	at org.springframework.web.client.RestTemplate.doExecute(RestTemplate.java:881)
	at org.springframework.web.client.RestTemplate.execute(RestTemplate.java:781)
	at org.springframework.web.client.RestTemplate.postForEntity(RestTemplate.java:529)
	at com.master.masterservice.service.impl.MasterServiceImpl.registerCard(MasterServiceImpl.java:51)
	at java.base/jdk.internal.reflect.NativeMethodAccessorImpl.invoke0(Native Method)
	at java.base/jdk.internal.reflect.NativeMethodAccessorImpl.invoke(NativeMethodAccessorImpl.java:77)
	at java.base/jdk.internal.reflect.DelegatingMethodAccessorImpl.invoke(DelegatingMethodAccessorImpl.java:43)
	at java.base/java.lang.reflect.Method.invoke(Method.java:568)
	at org.springframework.aop.support.AopUtils.invokeJoinpointUsingReflection(AopUtils.java:352)
	at org.springframework.aop.framework.ReflectiveMethodInvocation.invokeJoinpoint(ReflectiveMethodInvocation.java:196)
	at org.springframework.aop.framework.ReflectiveMethodInvocation.proceed(ReflectiveMethodInvocation.java:163)
	at org.springframework.aop.framework.CglibAopProxy$CglibMethodInvocation.proceed(CglibAopProxy.java:765)
	at org.springframework.aop.aspectj.MethodInvocationProceedingJoinPoint.proceed(MethodInvocationProceedingJoinPoint.java:89)
	at io.github.resilience4j.retry.Retry.lambda$decorateCheckedSupplier$1(Retry.java:135)
	at io.github.resilience4j.retry.Retry.executeCheckedSupplier(Retry.java:350)
	at io.github.resilience4j.spring6.retry.configure.RetryAspect.handleDefaultJoinPoint(RetryAspect.java:175)
	at io.github.resilience4j.spring6.retry.configure.RetryAspect.proceed(RetryAspect.java:132)
	at io.github.resilience4j.spring6.retry.configure.RetryAspect.lambda$retryAroundAdvice$0(RetryAspect.java:116)
	at io.github.resilience4j.spring6.fallback.DefaultFallbackDecorator.lambda$decorate$0(DefaultFallbackDecorator.java:36)
	at io.github.resilience4j.spring6.fallback.FallbackExecutor.execute(FallbackExecutor.java:39)
	at io.github.resilience4j.spring6.retry.configure.RetryAspect.retryAroundAdvice(RetryAspect.java:117)
	at java.base/jdk.internal.reflect.NativeMethodAccessorImpl.invoke0(Native Method)
	at java.base/jdk.internal.reflect.NativeMethodAccessorImpl.invoke(NativeMethodAccessorImpl.java:77)
	at java.base/jdk.internal.reflect.DelegatingMethodAccessorImpl.invoke(DelegatingMethodAccessorImpl.java:43)
	at java.base/java.lang.reflect.Method.invoke(Method.java:568)
	at org.springframework.aop.aspectj.AbstractAspectJAdvice.invokeAdviceMethodWithGivenArgs(AbstractAspectJAdvice.java:637)
	at org.springframework.aop.aspectj.AbstractAspectJAdvice.invokeAdviceMethod(AbstractAspectJAdvice.java:627)
	at org.springframework.aop.aspectj.AspectJAroundAdvice.invoke(AspectJAroundAdvice.java:71)
	at org.springframework.aop.framework.ReflectiveMethodInvocation.proceed(ReflectiveMethodInvocation.java:173)
	at org.springframework.aop.framework.CglibAopProxy$CglibMethodInvocation.proceed(CglibAopProxy.java:765)
	at org.springframework.aop.interceptor.ExposeInvocationInterceptor.invoke(ExposeInvocationInterceptor.java:97)
	at org.springframework.aop.framework.ReflectiveMethodInvocation.proceed(ReflectiveMethodInvocation.java:184)
	at org.springframework.aop.framework.CglibAopProxy$CglibMethodInvocation.proceed(CglibAopProxy.java:765)
	at org.springframework.aop.framework.CglibAopProxy$DynamicAdvisedInterceptor.intercept(CglibAopProxy.java:717)
	at com.master.masterservice.service.impl.MasterServiceImpl$$SpringCGLIB$$0.registerCard(<generated>)
	at com.master.masterservice.controller.MasterController.registerCard(MasterController.java:25)
	at java.base/jdk.internal.reflect.NativeMethodAccessorImpl.invoke0(Native Method)
	at java.base/jdk.internal.reflect.NativeMethodAccessorImpl.invoke(NativeMethodAccessorImpl.java:77)
	at java.base/jdk.internal.reflect.DelegatingMethodAccessorImpl.invoke(DelegatingMethodAccessorImpl.java:43)
	at java.base/java.lang.reflect.Method.invoke(Method.java:568)
	at org.springframework.web.method.support.InvocableHandlerMethod.doInvoke(InvocableHandlerMethod.java:254)
	at org.springframework.web.method.support.InvocableHandlerMethod.invokeForRequest(InvocableHandlerMethod.java:182)
	at org.springframework.web.servlet.mvc.method.annotation.ServletInvocableHandlerMethod.invokeAndHandle(ServletInvocableHandlerMethod.java:118)
	at org.springframework.web.servlet.mvc.method.annotation.RequestMappingHandlerAdapter.invokeHandlerMethod(RequestMappingHandlerAdapter.java:917)
	at org.springframework.web.servlet.mvc.method.annotation.RequestMappingHandlerAdapter.handleInternal(RequestMappingHandlerAdapter.java:829)
	at org.springframework.web.servlet.mvc.method.AbstractHandlerMethodAdapter.handle(AbstractHandlerMethodAdapter.java:87)
	at org.springframework.web.servlet.DispatcherServlet.doDispatch(DispatcherServlet.java:1089)
	at org.springframework.web.servlet.DispatcherServlet.doService(DispatcherServlet.java:979)
	at org.springframework.web.servlet.FrameworkServlet.processRequest(FrameworkServlet.java:1014)
	at org.springframework.web.servlet.FrameworkServlet.doPost(FrameworkServlet.java:914)
	at jakarta.servlet.http.HttpServlet.service(HttpServlet.java:590)
	at org.springframework.web.servlet.FrameworkServlet.service(FrameworkServlet.java:885)
	at jakarta.servlet.http.HttpServlet.service(HttpServlet.java:658)
	at org.apache.catalina.core.ApplicationFilterChain.internalDoFilter(ApplicationFilterChain.java:205)
	at org.apache.catalina.core.ApplicationFilterChain.doFilter(ApplicationFilterChain.java:149)
	at org.apache.tomcat.websocket.server.WsFilter.doFilter(WsFilter.java:51)
	at org.apache.catalina.core.ApplicationFilterChain.internalDoFilter(ApplicationFilterChain.java:174)
	at org.apache.catalina.core.ApplicationFilterChain.doFilter(ApplicationFilterChain.java:149)
	at org.springframework.security.web.FilterChainProxy.lambda$doFilterInternal$3(FilterChainProxy.java:231)
	at org.springframework.security.web.ObservationFilterChainDecorator$FilterObservation$SimpleFilterObservation.lambda$wrap$1(ObservationFilterChainDecorator.java:479)
	at org.springframework.security.web.ObservationFilterChainDecorator$AroundFilterObservation$SimpleAroundFilterObservation.lambda$wrap$1(ObservationFilterChainDecorator.java:340)
	at org.springframework.security.web.ObservationFilterChainDecorator.lambda$wrapSecured$0(ObservationFilterChainDecorator.java:82)
	at org.springframework.security.web.ObservationFilterChainDecorator$VirtualFilterChain.doFilter(ObservationFilterChainDecorator.java:128)
	at org.springframework.security.web.access.intercept.AuthorizationFilter.doFilter(AuthorizationFilter.java:100)
	at org.springframework.security.web.ObservationFilterChainDecorator$ObservationFilter.wrapFilter(ObservationFilterChainDecorator.java:240)
	at org.springframework.security.web.ObservationFilterChainDecorator$ObservationFilter.doFilter(ObservationFilterChainDecorator.java:227)
	at org.springframework.security.web.ObservationFilterChainDecorator$VirtualFilterChain.doFilter(ObservationFilterChainDecorator.java:137)
	at org.springframework.security.web.access.ExceptionTranslationFilter.doFilter(ExceptionTranslationFilter.java:126)
	at org.springframework.security.web.access.ExceptionTranslationFilter.doFilter(ExceptionTranslationFilter.java:120)
	at org.springframework.security.web.ObservationFilterChainDecorator$ObservationFilter.wrapFilter(ObservationFilterChainDecorator.java:240)
	at org.springframework.security.web.ObservationFilterChainDecorator$ObservationFilter.doFilter(ObservationFilterChainDecorator.java:227)
	at org.springframework.security.web.ObservationFilterChainDecorator$VirtualFilterChain.doFilter(ObservationFilterChainDecorator.java:137)
	at org.springframework.security.web.session.SessionManagementFilter.doFilter(SessionManagementFilter.java:131)
	at org.springframework.security.web.session.SessionManagementFilter.doFilter(SessionManagementFilter.java:85)
	at org.springframework.security.web.ObservationFilterChainDecorator$ObservationFilter.wrapFilter(ObservationFilterChainDecorator.java:240)
	at org.springframework.security.web.ObservationFilterChainDecorator$ObservationFilter.doFilter(ObservationFilterChainDecorator.java:227)
	at org.springframework.security.web.ObservationFilterChainDecorator$VirtualFilterChain.doFilter(ObservationFilterChainDecorator.java:137)
	at org.springframework.security.web.authentication.AnonymousAuthenticationFilter.doFilter(AnonymousAuthenticationFilter.java:100)
	at org.springframework.security.web.ObservationFilterChainDecorator$ObservationFilter.wrapFilter(ObservationFilterChainDecorator.java:240)
	at org.springframework.security.web.ObservationFilterChainDecorator$ObservationFilter.doFilter(ObservationFilterChainDecorator.java:227)
	at org.springframework.security.web.ObservationFilterChainDecorator$VirtualFilterChain.doFilter(ObservationFilterChainDecorator.java:137)
	at org.springframework.security.web.servletapi.SecurityContextHolderAwareRequestFilter.doFilter(SecurityContextHolderAwareRequestFilter.java:179)
	at org.springframework.security.web.ObservationFilterChainDecorator$ObservationFilter.wrapFilter(ObservationFilterChainDecorator.java:240)
	at org.springframework.security.web.ObservationFilterChainDecorator$ObservationFilter.doFilter(ObservationFilterChainDecorator.java:227)
	at org.springframework.security.web.ObservationFilterChainDecorator$VirtualFilterChain.doFilter(ObservationFilterChainDecorator.java:137)
	at org.springframework.security.web.savedrequest.RequestCacheAwareFilter.doFilter(RequestCacheAwareFilter.java:63)
	at org.springframework.security.web.ObservationFilterChainDecorator$ObservationFilter.wrapFilter(ObservationFilterChainDecorator.java:240)
	at org.springframework.security.web.ObservationFilterChainDecorator$ObservationFilter.doFilter(ObservationFilterChainDecorator.java:227)
	at org.springframework.security.web.ObservationFilterChainDecorator$VirtualFilterChain.doFilter(ObservationFilterChainDecorator.java:137)
	at org.springframework.security.oauth2.server.resource.web.authentication.BearerTokenAuthenticationFilter.doFilterInternal(BearerTokenAuthenticationFilter.java:145)
	at org.springframework.web.filter.OncePerRequestFilter.doFilter(OncePerRequestFilter.java:116)
	at org.springframework.security.web.ObservationFilterChainDecorator$ObservationFilter.wrapFilter(ObservationFilterChainDecorator.java:240)
	at org.springframework.security.web.ObservationFilterChainDecorator$ObservationFilter.doFilter(ObservationFilterChainDecorator.java:227)
	at org.springframework.security.web.ObservationFilterChainDecorator$VirtualFilterChain.doFilter(ObservationFilterChainDecorator.java:137)
	at org.springframework.security.web.authentication.logout.LogoutFilter.doFilter(LogoutFilter.java:107)
	at org.springframework.security.web.authentication.logout.LogoutFilter.doFilter(LogoutFilter.java:93)
	at org.springframework.security.web.ObservationFilterChainDecorator$ObservationFilter.wrapFilter(ObservationFilterChainDecorator.java:240)
	at org.springframework.security.web.ObservationFilterChainDecorator$ObservationFilter.doFilter(ObservationFilterChainDecorator.java:227)
	at org.springframework.security.web.ObservationFilterChainDecorator$VirtualFilterChain.doFilter(ObservationFilterChainDecorator.java:137)
	at org.springframework.web.filter.CorsFilter.doFilterInternal(CorsFilter.java:91)
	at org.springframework.web.filter.OncePerRequestFilter.doFilter(OncePerRequestFilter.java:116)
	at org.springframework.security.web.ObservationFilterChainDecorator$ObservationFilter.wrapFilter(ObservationFilterChainDecorator.java:240)
	at org.springframework.security.web.ObservationFilterChainDecorator$ObservationFilter.doFilter(ObservationFilterChainDecorator.java:227)
	at org.springframework.security.web.ObservationFilterChainDecorator$VirtualFilterChain.doFilter(ObservationFilterChainDecorator.java:137)
	at org.springframework.security.web.header.HeaderWriterFilter.doHeadersAfter(HeaderWriterFilter.java:90)
	at org.springframework.security.web.header.HeaderWriterFilter.doFilterInternal(HeaderWriterFilter.java:75)
	at org.springframework.web.filter.OncePerRequestFilter.doFilter(OncePerRequestFilter.java:116)
	at org.springframework.security.web.ObservationFilterChainDecorator$ObservationFilter.wrapFilter(ObservationFilterChainDecorator.java:240)
	at org.springframework.security.web.ObservationFilterChainDecorator$ObservationFilter.doFilter(ObservationFilterChainDecorator.java:227)
	at org.springframework.security.web.ObservationFilterChainDecorator$VirtualFilterChain.doFilter(ObservationFilterChainDecorator.java:137)
	at org.springframework.security.web.context.SecurityContextHolderFilter.doFilter(SecurityContextHolderFilter.java:82)
	at org.springframework.security.web.context.SecurityContextHolderFilter.doFilter(SecurityContextHolderFilter.java:69)
	at org.springframework.security.web.ObservationFilterChainDecorator$ObservationFilter.wrapFilter(ObservationFilterChainDecorator.java:240)
	at org.springframework.security.web.ObservationFilterChainDecorator$ObservationFilter.doFilter(ObservationFilterChainDecorator.java:227)
	at org.springframework.security.web.ObservationFilterChainDecorator$VirtualFilterChain.doFilter(ObservationFilterChainDecorator.java:137)
	at org.springframework.security.web.context.request.async.WebAsyncManagerIntegrationFilter.doFilterInternal(WebAsyncManagerIntegrationFilter.java:62)
	at org.springframework.web.filter.OncePerRequestFilter.doFilter(OncePerRequestFilter.java:116)
	at org.springframework.security.web.ObservationFilterChainDecorator$ObservationFilter.wrapFilter(ObservationFilterChainDecorator.java:240)
	at org.springframework.security.web.ObservationFilterChainDecorator$ObservationFilter.doFilter(ObservationFilterChainDecorator.java:227)
	at org.springframework.security.web.ObservationFilterChainDecorator$VirtualFilterChain.doFilter(ObservationFilterChainDecorator.java:137)
	at org.springframework.security.web.session.DisableEncodeUrlFilter.doFilterInternal(DisableEncodeUrlFilter.java:42)
	at org.springframework.web.filter.OncePerRequestFilter.doFilter(OncePerRequestFilter.java:116)
	at org.springframework.security.web.ObservationFilterChainDecorator$ObservationFilter.wrapFilter(ObservationFilterChainDecorator.java:240)
	at org.springframework.security.web.ObservationFilterChainDecorator$AroundFilterObservation$SimpleAroundFilterObservation.lambda$wrap$0(ObservationFilterChainDecorator.java:323)
	at org.springframework.security.web.ObservationFilterChainDecorator$ObservationFilter.doFilter(ObservationFilterChainDecorator.java:224)
	at org.springframework.security.web.ObservationFilterChainDecorator$VirtualFilterChain.doFilter(ObservationFilterChainDecorator.java:137)
	at org.springframework.security.web.FilterChainProxy.doFilterInternal(FilterChainProxy.java:233)
	at org.springframework.security.web.FilterChainProxy.doFilter(FilterChainProxy.java:191)
	at org.springframework.web.filter.DelegatingFilterProxy.invokeDelegate(DelegatingFilterProxy.java:352)
	at org.springframework.web.filter.DelegatingFilterProxy.doFilter(DelegatingFilterProxy.java:268)
	at org.apache.catalina.core.ApplicationFilterChain.internalDoFilter(ApplicationFilterChain.java:174)
	at org.apache.catalina.core.ApplicationFilterChain.doFilter(ApplicationFilterChain.java:149)
	at org.springframework.web.filter.RequestContextFilter.doFilterInternal(RequestContextFilter.java:100)
	at org.springframework.web.filter.OncePerRequestFilter.doFilter(OncePerRequestFilter.java:116)
	at org.apache.catalina.core.ApplicationFilterChain.internalDoFilter(ApplicationFilterChain.java:174)
	at org.apache.catalina.core.ApplicationFilterChain.doFilter(ApplicationFilterChain.java:149)
	at org.springframework.web.filter.FormContentFilter.doFilterInternal(FormContentFilter.java:93)
	at org.springframework.web.filter.OncePerRequestFilter.doFilter(OncePerRequestFilter.java:116)
	at org.apache.catalina.core.ApplicationFilterChain.internalDoFilter(ApplicationFilterChain.java:174)
	at org.apache.catalina.core.ApplicationFilterChain.doFilter(ApplicationFilterChain.java:149)
	at org.springframework.web.servlet.v6_0.OpenTelemetryHandlerMappingFilter.doFilter(OpenTelemetryHandlerMappingFilter.java:78)
	at org.apache.catalina.core.ApplicationFilterChain.internalDoFilter(ApplicationFilterChain.java:174)
	at org.apache.catalina.core.ApplicationFilterChain.doFilter(ApplicationFilterChain.java:149)
	at org.springframework.web.filter.ServerHttpObservationFilter.doFilterInternal(ServerHttpObservationFilter.java:109)
	at org.springframework.web.filter.OncePerRequestFilter.doFilter(OncePerRequestFilter.java:116)
	at org.apache.catalina.core.ApplicationFilterChain.internalDoFilter(ApplicationFilterChain.java:174)
	at org.apache.catalina.core.ApplicationFilterChain.doFilter(ApplicationFilterChain.java:149)
	at org.springframework.web.filter.CharacterEncodingFilter.doFilterInternal(CharacterEncodingFilter.java:201)
	at org.springframework.web.filter.OncePerRequestFilter.doFilter(OncePerRequestFilter.java:116)
	at org.apache.catalina.core.ApplicationFilterChain.internalDoFilter(ApplicationFilterChain.java:174)
	at org.apache.catalina.core.ApplicationFilterChain.doFilter(ApplicationFilterChain.java:149)
	at org.apache.catalina.core.StandardWrapperValve.invoke(StandardWrapperValve.java:167)
	at org.apache.catalina.core.StandardContextValve.invoke(StandardContextValve.java:90)
	at org.apache.catalina.authenticator.AuthenticatorBase.invoke(AuthenticatorBase.java:482)
	at org.apache.catalina.core.StandardHostValve.invoke(StandardHostValve.java:115)
	at org.apache.catalina.valves.ErrorReportValve.invoke(ErrorReportValve.java:93)
	at org.apache.catalina.core.StandardEngineValve.invoke(StandardEngineValve.java:74)
	at org.apache.catalina.connector.CoyoteAdapter.service(CoyoteAdapter.java:340)
	at org.apache.coyote.http11.Http11Processor.service(Http11Processor.java:391)
	at org.apache.coyote.AbstractProcessorLight.process(AbstractProcessorLight.java:63)
	at org.apache.coyote.AbstractProtocol$ConnectionHandler.process(AbstractProtocol.java:896)
	at org.apache.tomcat.util.net.NioEndpoint$SocketProcessor.doRun(NioEndpoint.java:1744)
	at org.apache.tomcat.util.net.SocketProcessorBase.run(SocketProcessorBase.java:52)
	at org.apache.tomcat.util.threads.ThreadPoolExecutor.runWorker(ThreadPoolExecutor.java:1191)
	at org.apache.tomcat.util.threads.ThreadPoolExecutor$Worker.run(ThreadPoolExecutor.java:659)
	at org.apache.tomcat.util.threads.TaskThread$WrappingRunnable.run(TaskThread.java:61)
	at java.base/java.lang.Thread.run(Thread.java:842)
2025-07-03 22:44:08.411 INFO  [http-nio-8086-exec-8] c.m.m.controller.MasterController [9f3d84ddeb4db505660209c27a2c500e,118edc512e4ceeac] - Received Master card registration request: CardRegistrationRequest(accountNumber=97045271637061218, cifCode=9704527163706, cardType=MASTER, customerName=null)
2025-07-03 22:44:08.412 INFO  [http-nio-8086-exec-8] c.m.m.service.impl.MasterServiceImpl [9f3d84ddeb4db505660209c27a2c500e,118edc512e4ceeac] - === RETRY ATTEMPT - Calling Master API for card registration: CardRegistrationRequest(accountNumber=97045271637061218, cifCode=9704527163706, cardType=MASTER, customerName=null) ===
2025-07-03 22:44:08.413 DEBUG [http-nio-8086-exec-8] c.m.m.service.impl.MasterServiceImpl [9f3d84ddeb4db505660209c27a2c500e,118edc512e4ceeac] - Method called with @Retry annotation - attempt will be tracked by Resilience4j
2025-07-03 22:44:08.413 DEBUG [http-nio-8086-exec-8] c.m.m.service.impl.MasterServiceImpl [9f3d84ddeb4db505660209c27a2c500e,118edc512e4ceeac] - Current thread: http-nio-8086-exec-8, Class: com.master.masterservice.service.impl.MasterServiceImpl
2025-07-03 22:44:08.413 DEBUG [http-nio-8086-exec-8] o.s.web.client.RestTemplate [9f3d84ddeb4db505660209c27a2c500e,118edc512e4ceeac] - HTTP POST http://localhost:8091/api/master/registration
2025-07-03 22:44:08.413 DEBUG [http-nio-8086-exec-8] o.s.web.client.RestTemplate [9f3d84ddeb4db505660209c27a2c500e,118edc512e4ceeac] - Accept=[application/json, application/*+json]
2025-07-03 22:44:08.413 DEBUG [http-nio-8086-exec-8] o.s.web.client.RestTemplate [9f3d84ddeb4db505660209c27a2c500e,118edc512e4ceeac] - Writing [CardRegistrationRequest(accountNumber=97045271637061218, cifCode=9704527163706, cardType=MASTER, customerName=null)] as "application/json"
2025-07-03 22:44:08.427 DEBUG [http-nio-8086-exec-8] o.s.web.client.RestTemplate [9f3d84ddeb4db505660209c27a2c500e,118edc512e4ceeac] - Response 500 INTERNAL_SERVER_ERROR
2025-07-03 22:44:08.429 ERROR [http-nio-8086-exec-8] c.m.m.service.impl.MasterServiceImpl [9f3d84ddeb4db505660209c27a2c500e,118edc512e4ceeac] - Server error calling Master API for account: 97045271637061218. Status: 500 INTERNAL_SERVER_ERROR, Error: 500 Server Error: "{<EOL><EOL>  "timestamp": "2025-06-25T09:00:00.000+07:00",<EOL><EOL>  "status": 500,<EOL><EOL>  "error": "Internal Server Error",<EOL><EOL>  "message": "Something went wrong on the server.",<EOL><EOL>  "path": "/api/master/registration"<EOL><EOL>}" - WILL RETRY
2025-07-03 22:44:08.429 INFO  [http-nio-8086-exec-8] c.m.masterservice.config.RetryConfig [9f3d84ddeb4db505660209c27a2c500e,118edc512e4ceeac] - === RETRY EVENT - Attempt #1 for: mastercard-registration ===
2025-07-03 22:44:08.942 INFO  [http-nio-8086-exec-8] c.m.m.service.impl.MasterServiceImpl [9f3d84ddeb4db505660209c27a2c500e,118edc512e4ceeac] - === RETRY ATTEMPT - Calling Master API for card registration: CardRegistrationRequest(accountNumber=97045271637061218, cifCode=9704527163706, cardType=MASTER, customerName=null) ===
2025-07-03 22:44:08.942 DEBUG [http-nio-8086-exec-8] c.m.m.service.impl.MasterServiceImpl [9f3d84ddeb4db505660209c27a2c500e,118edc512e4ceeac] - Method called with @Retry annotation - attempt will be tracked by Resilience4j
2025-07-03 22:44:08.943 DEBUG [http-nio-8086-exec-8] c.m.m.service.impl.MasterServiceImpl [9f3d84ddeb4db505660209c27a2c500e,118edc512e4ceeac] - Current thread: http-nio-8086-exec-8, Class: com.master.masterservice.service.impl.MasterServiceImpl
2025-07-03 22:44:08.943 DEBUG [http-nio-8086-exec-8] o.s.web.client.RestTemplate [9f3d84ddeb4db505660209c27a2c500e,118edc512e4ceeac] - HTTP POST http://localhost:8091/api/master/registration
2025-07-03 22:44:08.944 DEBUG [http-nio-8086-exec-8] o.s.web.client.RestTemplate [9f3d84ddeb4db505660209c27a2c500e,118edc512e4ceeac] - Accept=[application/json, application/*+json]
2025-07-03 22:44:08.944 DEBUG [http-nio-8086-exec-8] o.s.web.client.RestTemplate [9f3d84ddeb4db505660209c27a2c500e,118edc512e4ceeac] - Writing [CardRegistrationRequest(accountNumber=97045271637061218, cifCode=9704527163706, cardType=MASTER, customerName=null)] as "application/json"
2025-07-03 22:44:08.964 DEBUG [http-nio-8086-exec-8] o.s.web.client.RestTemplate [9f3d84ddeb4db505660209c27a2c500e,118edc512e4ceeac] - Response 500 INTERNAL_SERVER_ERROR
2025-07-03 22:44:08.966 ERROR [http-nio-8086-exec-8] c.m.m.service.impl.MasterServiceImpl [9f3d84ddeb4db505660209c27a2c500e,118edc512e4ceeac] - Server error calling Master API for account: 97045271637061218. Status: 500 INTERNAL_SERVER_ERROR, Error: 500 Server Error: "{<EOL><EOL>  "timestamp": "2025-06-25T09:00:00.000+07:00",<EOL><EOL>  "status": 500,<EOL><EOL>  "error": "Internal Server Error",<EOL><EOL>  "message": "Something went wrong on the server.",<EOL><EOL>  "path": "/api/master/registration"<EOL><EOL>}" - WILL RETRY
2025-07-03 22:44:08.967 INFO  [http-nio-8086-exec-8] c.m.masterservice.config.RetryConfig [9f3d84ddeb4db505660209c27a2c500e,118edc512e4ceeac] - === RETRY EVENT - Attempt #2 for: mastercard-registration ===
2025-07-03 22:44:09.469 INFO  [http-nio-8086-exec-8] c.m.m.service.impl.MasterServiceImpl [9f3d84ddeb4db505660209c27a2c500e,118edc512e4ceeac] - === RETRY ATTEMPT - Calling Master API for card registration: CardRegistrationRequest(accountNumber=97045271637061218, cifCode=9704527163706, cardType=MASTER, customerName=null) ===
2025-07-03 22:44:09.470 DEBUG [http-nio-8086-exec-8] c.m.m.service.impl.MasterServiceImpl [9f3d84ddeb4db505660209c27a2c500e,118edc512e4ceeac] - Method called with @Retry annotation - attempt will be tracked by Resilience4j
2025-07-03 22:44:09.470 DEBUG [http-nio-8086-exec-8] c.m.m.service.impl.MasterServiceImpl [9f3d84ddeb4db505660209c27a2c500e,118edc512e4ceeac] - Current thread: http-nio-8086-exec-8, Class: com.master.masterservice.service.impl.MasterServiceImpl
2025-07-03 22:44:09.471 DEBUG [http-nio-8086-exec-8] o.s.web.client.RestTemplate [9f3d84ddeb4db505660209c27a2c500e,118edc512e4ceeac] - HTTP POST http://localhost:8091/api/master/registration
2025-07-03 22:44:09.471 DEBUG [http-nio-8086-exec-8] o.s.web.client.RestTemplate [9f3d84ddeb4db505660209c27a2c500e,118edc512e4ceeac] - Accept=[application/json, application/*+json]
2025-07-03 22:44:09.471 DEBUG [http-nio-8086-exec-8] o.s.web.client.RestTemplate [9f3d84ddeb4db505660209c27a2c500e,118edc512e4ceeac] - Writing [CardRegistrationRequest(accountNumber=97045271637061218, cifCode=9704527163706, cardType=MASTER, customerName=null)] as "application/json"
2025-07-03 22:44:09.496 DEBUG [http-nio-8086-exec-8] o.s.web.client.RestTemplate [9f3d84ddeb4db505660209c27a2c500e,118edc512e4ceeac] - Response 500 INTERNAL_SERVER_ERROR
2025-07-03 22:44:09.498 ERROR [http-nio-8086-exec-8] c.m.m.service.impl.MasterServiceImpl [9f3d84ddeb4db505660209c27a2c500e,118edc512e4ceeac] - Server error calling Master API for account: 97045271637061218. Status: 500 INTERNAL_SERVER_ERROR, Error: 500 Server Error: "{<EOL><EOL>  "timestamp": "2025-06-25T09:00:00.000+07:00",<EOL><EOL>  "status": 500,<EOL><EOL>  "error": "Internal Server Error",<EOL><EOL>  "message": "Something went wrong on the server.",<EOL><EOL>  "path": "/api/master/registration"<EOL><EOL>}" - WILL RETRY
2025-07-03 22:44:09.498 ERROR [http-nio-8086-exec-8] c.m.masterservice.config.RetryConfig [9f3d84ddeb4db505660209c27a2c500e,118edc512e4ceeac] - === RETRY FAILED - After 3 attempts for: mastercard-registration, Last exception: 500 Server Error: "{<EOL><EOL>  "timestamp": "2025-06-25T09:00:00.000+07:00",<EOL><EOL>  "status": 500,<EOL><EOL>  "error": "Internal Server Error",<EOL><EOL>  "message": "Something went wrong on the server.",<EOL><EOL>  "path": "/api/master/registration"<EOL><EOL>}" ===
2025-07-03 22:44:09.499 ERROR [http-nio-8086-exec-8] c.m.m.service.impl.MasterServiceImpl [9f3d84ddeb4db505660209c27a2c500e,118edc512e4ceeac] - === FALLBACK TRIGGERED === Master registration failed for account: 97045271637061218 after all retry attempts. Error type: InternalServerError, Message: 500 Server Error: "{<EOL><EOL>  "timestamp": "2025-06-25T09:00:00.000+07:00",<EOL><EOL>  "status": 500,<EOL><EOL>  "error": "Internal Server Error",<EOL><EOL>  "message": "Something went wrong on the server.",<EOL><EOL>  "path": "/api/master/registration"<EOL><EOL>}"
2025-07-03 22:44:09.499 ERROR [http-nio-8086-exec-8] c.m.m.service.impl.MasterServiceImpl [9f3d84ddeb4db505660209c27a2c500e,118edc512e4ceeac] - Full exception trace:
org.springframework.web.client.HttpServerErrorException$InternalServerError: 500 Server Error: "{<EOL><EOL>  "timestamp": "2025-06-25T09:00:00.000+07:00",<EOL><EOL>  "status": 500,<EOL><EOL>  "error": "Internal Server Error",<EOL><EOL>  "message": "Something went wrong on the server.",<EOL><EOL>  "path": "/api/master/registration"<EOL><EOL>}"
	at org.springframework.web.client.HttpServerErrorException.create(HttpServerErrorException.java:102)
	at org.springframework.web.client.DefaultResponseErrorHandler.handleError(DefaultResponseErrorHandler.java:186)
	at org.springframework.web.client.DefaultResponseErrorHandler.handleError(DefaultResponseErrorHandler.java:137)
	at org.springframework.web.client.ResponseErrorHandler.handleError(ResponseErrorHandler.java:63)
	at org.springframework.web.client.RestTemplate.handleResponse(RestTemplate.java:932)
	at org.springframework.web.client.RestTemplate.doExecute(RestTemplate.java:881)
	at org.springframework.web.client.RestTemplate.execute(RestTemplate.java:781)
	at org.springframework.web.client.RestTemplate.postForEntity(RestTemplate.java:529)
	at com.master.masterservice.service.impl.MasterServiceImpl.registerCard(MasterServiceImpl.java:51)
	at java.base/jdk.internal.reflect.NativeMethodAccessorImpl.invoke0(Native Method)
	at java.base/jdk.internal.reflect.NativeMethodAccessorImpl.invoke(NativeMethodAccessorImpl.java:77)
	at java.base/jdk.internal.reflect.DelegatingMethodAccessorImpl.invoke(DelegatingMethodAccessorImpl.java:43)
	at java.base/java.lang.reflect.Method.invoke(Method.java:568)
	at org.springframework.aop.support.AopUtils.invokeJoinpointUsingReflection(AopUtils.java:352)
	at org.springframework.aop.framework.ReflectiveMethodInvocation.invokeJoinpoint(ReflectiveMethodInvocation.java:196)
	at org.springframework.aop.framework.ReflectiveMethodInvocation.proceed(ReflectiveMethodInvocation.java:163)
	at org.springframework.aop.framework.CglibAopProxy$CglibMethodInvocation.proceed(CglibAopProxy.java:765)
	at org.springframework.aop.aspectj.MethodInvocationProceedingJoinPoint.proceed(MethodInvocationProceedingJoinPoint.java:89)
	at io.github.resilience4j.retry.Retry.lambda$decorateCheckedSupplier$1(Retry.java:135)
	at io.github.resilience4j.retry.Retry.executeCheckedSupplier(Retry.java:350)
	at io.github.resilience4j.spring6.retry.configure.RetryAspect.handleDefaultJoinPoint(RetryAspect.java:175)
	at io.github.resilience4j.spring6.retry.configure.RetryAspect.proceed(RetryAspect.java:132)
	at io.github.resilience4j.spring6.retry.configure.RetryAspect.lambda$retryAroundAdvice$0(RetryAspect.java:116)
	at io.github.resilience4j.spring6.fallback.DefaultFallbackDecorator.lambda$decorate$0(DefaultFallbackDecorator.java:36)
	at io.github.resilience4j.spring6.fallback.FallbackExecutor.execute(FallbackExecutor.java:39)
	at io.github.resilience4j.spring6.retry.configure.RetryAspect.retryAroundAdvice(RetryAspect.java:117)
	at java.base/jdk.internal.reflect.NativeMethodAccessorImpl.invoke0(Native Method)
	at java.base/jdk.internal.reflect.NativeMethodAccessorImpl.invoke(NativeMethodAccessorImpl.java:77)
	at java.base/jdk.internal.reflect.DelegatingMethodAccessorImpl.invoke(DelegatingMethodAccessorImpl.java:43)
	at java.base/java.lang.reflect.Method.invoke(Method.java:568)
	at org.springframework.aop.aspectj.AbstractAspectJAdvice.invokeAdviceMethodWithGivenArgs(AbstractAspectJAdvice.java:637)
	at org.springframework.aop.aspectj.AbstractAspectJAdvice.invokeAdviceMethod(AbstractAspectJAdvice.java:627)
	at org.springframework.aop.aspectj.AspectJAroundAdvice.invoke(AspectJAroundAdvice.java:71)
	at org.springframework.aop.framework.ReflectiveMethodInvocation.proceed(ReflectiveMethodInvocation.java:173)
	at org.springframework.aop.framework.CglibAopProxy$CglibMethodInvocation.proceed(CglibAopProxy.java:765)
	at org.springframework.aop.interceptor.ExposeInvocationInterceptor.invoke(ExposeInvocationInterceptor.java:97)
	at org.springframework.aop.framework.ReflectiveMethodInvocation.proceed(ReflectiveMethodInvocation.java:184)
	at org.springframework.aop.framework.CglibAopProxy$CglibMethodInvocation.proceed(CglibAopProxy.java:765)
	at org.springframework.aop.framework.CglibAopProxy$DynamicAdvisedInterceptor.intercept(CglibAopProxy.java:717)
	at com.master.masterservice.service.impl.MasterServiceImpl$$SpringCGLIB$$0.registerCard(<generated>)
	at com.master.masterservice.controller.MasterController.registerCard(MasterController.java:25)
	at java.base/jdk.internal.reflect.NativeMethodAccessorImpl.invoke0(Native Method)
	at java.base/jdk.internal.reflect.NativeMethodAccessorImpl.invoke(NativeMethodAccessorImpl.java:77)
	at java.base/jdk.internal.reflect.DelegatingMethodAccessorImpl.invoke(DelegatingMethodAccessorImpl.java:43)
	at java.base/java.lang.reflect.Method.invoke(Method.java:568)
	at org.springframework.web.method.support.InvocableHandlerMethod.doInvoke(InvocableHandlerMethod.java:254)
	at org.springframework.web.method.support.InvocableHandlerMethod.invokeForRequest(InvocableHandlerMethod.java:182)
	at org.springframework.web.servlet.mvc.method.annotation.ServletInvocableHandlerMethod.invokeAndHandle(ServletInvocableHandlerMethod.java:118)
	at org.springframework.web.servlet.mvc.method.annotation.RequestMappingHandlerAdapter.invokeHandlerMethod(RequestMappingHandlerAdapter.java:917)
	at org.springframework.web.servlet.mvc.method.annotation.RequestMappingHandlerAdapter.handleInternal(RequestMappingHandlerAdapter.java:829)
	at org.springframework.web.servlet.mvc.method.AbstractHandlerMethodAdapter.handle(AbstractHandlerMethodAdapter.java:87)
	at org.springframework.web.servlet.DispatcherServlet.doDispatch(DispatcherServlet.java:1089)
	at org.springframework.web.servlet.DispatcherServlet.doService(DispatcherServlet.java:979)
	at org.springframework.web.servlet.FrameworkServlet.processRequest(FrameworkServlet.java:1014)
	at org.springframework.web.servlet.FrameworkServlet.doPost(FrameworkServlet.java:914)
	at jakarta.servlet.http.HttpServlet.service(HttpServlet.java:590)
	at org.springframework.web.servlet.FrameworkServlet.service(FrameworkServlet.java:885)
	at jakarta.servlet.http.HttpServlet.service(HttpServlet.java:658)
	at org.apache.catalina.core.ApplicationFilterChain.internalDoFilter(ApplicationFilterChain.java:205)
	at org.apache.catalina.core.ApplicationFilterChain.doFilter(ApplicationFilterChain.java:149)
	at org.apache.tomcat.websocket.server.WsFilter.doFilter(WsFilter.java:51)
	at org.apache.catalina.core.ApplicationFilterChain.internalDoFilter(ApplicationFilterChain.java:174)
	at org.apache.catalina.core.ApplicationFilterChain.doFilter(ApplicationFilterChain.java:149)
	at org.springframework.security.web.FilterChainProxy.lambda$doFilterInternal$3(FilterChainProxy.java:231)
	at org.springframework.security.web.ObservationFilterChainDecorator$FilterObservation$SimpleFilterObservation.lambda$wrap$1(ObservationFilterChainDecorator.java:479)
	at org.springframework.security.web.ObservationFilterChainDecorator$AroundFilterObservation$SimpleAroundFilterObservation.lambda$wrap$1(ObservationFilterChainDecorator.java:340)
	at org.springframework.security.web.ObservationFilterChainDecorator.lambda$wrapSecured$0(ObservationFilterChainDecorator.java:82)
	at org.springframework.security.web.ObservationFilterChainDecorator$VirtualFilterChain.doFilter(ObservationFilterChainDecorator.java:128)
	at org.springframework.security.web.access.intercept.AuthorizationFilter.doFilter(AuthorizationFilter.java:100)
	at org.springframework.security.web.ObservationFilterChainDecorator$ObservationFilter.wrapFilter(ObservationFilterChainDecorator.java:240)
	at org.springframework.security.web.ObservationFilterChainDecorator$ObservationFilter.doFilter(ObservationFilterChainDecorator.java:227)
	at org.springframework.security.web.ObservationFilterChainDecorator$VirtualFilterChain.doFilter(ObservationFilterChainDecorator.java:137)
	at org.springframework.security.web.access.ExceptionTranslationFilter.doFilter(ExceptionTranslationFilter.java:126)
	at org.springframework.security.web.access.ExceptionTranslationFilter.doFilter(ExceptionTranslationFilter.java:120)
	at org.springframework.security.web.ObservationFilterChainDecorator$ObservationFilter.wrapFilter(ObservationFilterChainDecorator.java:240)
	at org.springframework.security.web.ObservationFilterChainDecorator$ObservationFilter.doFilter(ObservationFilterChainDecorator.java:227)
	at org.springframework.security.web.ObservationFilterChainDecorator$VirtualFilterChain.doFilter(ObservationFilterChainDecorator.java:137)
	at org.springframework.security.web.session.SessionManagementFilter.doFilter(SessionManagementFilter.java:131)
	at org.springframework.security.web.session.SessionManagementFilter.doFilter(SessionManagementFilter.java:85)
	at org.springframework.security.web.ObservationFilterChainDecorator$ObservationFilter.wrapFilter(ObservationFilterChainDecorator.java:240)
	at org.springframework.security.web.ObservationFilterChainDecorator$ObservationFilter.doFilter(ObservationFilterChainDecorator.java:227)
	at org.springframework.security.web.ObservationFilterChainDecorator$VirtualFilterChain.doFilter(ObservationFilterChainDecorator.java:137)
	at org.springframework.security.web.authentication.AnonymousAuthenticationFilter.doFilter(AnonymousAuthenticationFilter.java:100)
	at org.springframework.security.web.ObservationFilterChainDecorator$ObservationFilter.wrapFilter(ObservationFilterChainDecorator.java:240)
	at org.springframework.security.web.ObservationFilterChainDecorator$ObservationFilter.doFilter(ObservationFilterChainDecorator.java:227)
	at org.springframework.security.web.ObservationFilterChainDecorator$VirtualFilterChain.doFilter(ObservationFilterChainDecorator.java:137)
	at org.springframework.security.web.servletapi.SecurityContextHolderAwareRequestFilter.doFilter(SecurityContextHolderAwareRequestFilter.java:179)
	at org.springframework.security.web.ObservationFilterChainDecorator$ObservationFilter.wrapFilter(ObservationFilterChainDecorator.java:240)
	at org.springframework.security.web.ObservationFilterChainDecorator$ObservationFilter.doFilter(ObservationFilterChainDecorator.java:227)
	at org.springframework.security.web.ObservationFilterChainDecorator$VirtualFilterChain.doFilter(ObservationFilterChainDecorator.java:137)
	at org.springframework.security.web.savedrequest.RequestCacheAwareFilter.doFilter(RequestCacheAwareFilter.java:63)
	at org.springframework.security.web.ObservationFilterChainDecorator$ObservationFilter.wrapFilter(ObservationFilterChainDecorator.java:240)
	at org.springframework.security.web.ObservationFilterChainDecorator$ObservationFilter.doFilter(ObservationFilterChainDecorator.java:227)
	at org.springframework.security.web.ObservationFilterChainDecorator$VirtualFilterChain.doFilter(ObservationFilterChainDecorator.java:137)
	at org.springframework.security.oauth2.server.resource.web.authentication.BearerTokenAuthenticationFilter.doFilterInternal(BearerTokenAuthenticationFilter.java:145)
	at org.springframework.web.filter.OncePerRequestFilter.doFilter(OncePerRequestFilter.java:116)
	at org.springframework.security.web.ObservationFilterChainDecorator$ObservationFilter.wrapFilter(ObservationFilterChainDecorator.java:240)
	at org.springframework.security.web.ObservationFilterChainDecorator$ObservationFilter.doFilter(ObservationFilterChainDecorator.java:227)
	at org.springframework.security.web.ObservationFilterChainDecorator$VirtualFilterChain.doFilter(ObservationFilterChainDecorator.java:137)
	at org.springframework.security.web.authentication.logout.LogoutFilter.doFilter(LogoutFilter.java:107)
	at org.springframework.security.web.authentication.logout.LogoutFilter.doFilter(LogoutFilter.java:93)
	at org.springframework.security.web.ObservationFilterChainDecorator$ObservationFilter.wrapFilter(ObservationFilterChainDecorator.java:240)
	at org.springframework.security.web.ObservationFilterChainDecorator$ObservationFilter.doFilter(ObservationFilterChainDecorator.java:227)
	at org.springframework.security.web.ObservationFilterChainDecorator$VirtualFilterChain.doFilter(ObservationFilterChainDecorator.java:137)
	at org.springframework.web.filter.CorsFilter.doFilterInternal(CorsFilter.java:91)
	at org.springframework.web.filter.OncePerRequestFilter.doFilter(OncePerRequestFilter.java:116)
	at org.springframework.security.web.ObservationFilterChainDecorator$ObservationFilter.wrapFilter(ObservationFilterChainDecorator.java:240)
	at org.springframework.security.web.ObservationFilterChainDecorator$ObservationFilter.doFilter(ObservationFilterChainDecorator.java:227)
	at org.springframework.security.web.ObservationFilterChainDecorator$VirtualFilterChain.doFilter(ObservationFilterChainDecorator.java:137)
	at org.springframework.security.web.header.HeaderWriterFilter.doHeadersAfter(HeaderWriterFilter.java:90)
	at org.springframework.security.web.header.HeaderWriterFilter.doFilterInternal(HeaderWriterFilter.java:75)
	at org.springframework.web.filter.OncePerRequestFilter.doFilter(OncePerRequestFilter.java:116)
	at org.springframework.security.web.ObservationFilterChainDecorator$ObservationFilter.wrapFilter(ObservationFilterChainDecorator.java:240)
	at org.springframework.security.web.ObservationFilterChainDecorator$ObservationFilter.doFilter(ObservationFilterChainDecorator.java:227)
	at org.springframework.security.web.ObservationFilterChainDecorator$VirtualFilterChain.doFilter(ObservationFilterChainDecorator.java:137)
	at org.springframework.security.web.context.SecurityContextHolderFilter.doFilter(SecurityContextHolderFilter.java:82)
	at org.springframework.security.web.context.SecurityContextHolderFilter.doFilter(SecurityContextHolderFilter.java:69)
	at org.springframework.security.web.ObservationFilterChainDecorator$ObservationFilter.wrapFilter(ObservationFilterChainDecorator.java:240)
	at org.springframework.security.web.ObservationFilterChainDecorator$ObservationFilter.doFilter(ObservationFilterChainDecorator.java:227)
	at org.springframework.security.web.ObservationFilterChainDecorator$VirtualFilterChain.doFilter(ObservationFilterChainDecorator.java:137)
	at org.springframework.security.web.context.request.async.WebAsyncManagerIntegrationFilter.doFilterInternal(WebAsyncManagerIntegrationFilter.java:62)
	at org.springframework.web.filter.OncePerRequestFilter.doFilter(OncePerRequestFilter.java:116)
	at org.springframework.security.web.ObservationFilterChainDecorator$ObservationFilter.wrapFilter(ObservationFilterChainDecorator.java:240)
	at org.springframework.security.web.ObservationFilterChainDecorator$ObservationFilter.doFilter(ObservationFilterChainDecorator.java:227)
	at org.springframework.security.web.ObservationFilterChainDecorator$VirtualFilterChain.doFilter(ObservationFilterChainDecorator.java:137)
	at org.springframework.security.web.session.DisableEncodeUrlFilter.doFilterInternal(DisableEncodeUrlFilter.java:42)
	at org.springframework.web.filter.OncePerRequestFilter.doFilter(OncePerRequestFilter.java:116)
	at org.springframework.security.web.ObservationFilterChainDecorator$ObservationFilter.wrapFilter(ObservationFilterChainDecorator.java:240)
	at org.springframework.security.web.ObservationFilterChainDecorator$AroundFilterObservation$SimpleAroundFilterObservation.lambda$wrap$0(ObservationFilterChainDecorator.java:323)
	at org.springframework.security.web.ObservationFilterChainDecorator$ObservationFilter.doFilter(ObservationFilterChainDecorator.java:224)
	at org.springframework.security.web.ObservationFilterChainDecorator$VirtualFilterChain.doFilter(ObservationFilterChainDecorator.java:137)
	at org.springframework.security.web.FilterChainProxy.doFilterInternal(FilterChainProxy.java:233)
	at org.springframework.security.web.FilterChainProxy.doFilter(FilterChainProxy.java:191)
	at org.springframework.web.filter.DelegatingFilterProxy.invokeDelegate(DelegatingFilterProxy.java:352)
	at org.springframework.web.filter.DelegatingFilterProxy.doFilter(DelegatingFilterProxy.java:268)
	at org.apache.catalina.core.ApplicationFilterChain.internalDoFilter(ApplicationFilterChain.java:174)
	at org.apache.catalina.core.ApplicationFilterChain.doFilter(ApplicationFilterChain.java:149)
	at org.springframework.web.filter.RequestContextFilter.doFilterInternal(RequestContextFilter.java:100)
	at org.springframework.web.filter.OncePerRequestFilter.doFilter(OncePerRequestFilter.java:116)
	at org.apache.catalina.core.ApplicationFilterChain.internalDoFilter(ApplicationFilterChain.java:174)
	at org.apache.catalina.core.ApplicationFilterChain.doFilter(ApplicationFilterChain.java:149)
	at org.springframework.web.filter.FormContentFilter.doFilterInternal(FormContentFilter.java:93)
	at org.springframework.web.filter.OncePerRequestFilter.doFilter(OncePerRequestFilter.java:116)
	at org.apache.catalina.core.ApplicationFilterChain.internalDoFilter(ApplicationFilterChain.java:174)
	at org.apache.catalina.core.ApplicationFilterChain.doFilter(ApplicationFilterChain.java:149)
	at org.springframework.web.servlet.v6_0.OpenTelemetryHandlerMappingFilter.doFilter(OpenTelemetryHandlerMappingFilter.java:78)
	at org.apache.catalina.core.ApplicationFilterChain.internalDoFilter(ApplicationFilterChain.java:174)
	at org.apache.catalina.core.ApplicationFilterChain.doFilter(ApplicationFilterChain.java:149)
	at org.springframework.web.filter.ServerHttpObservationFilter.doFilterInternal(ServerHttpObservationFilter.java:109)
	at org.springframework.web.filter.OncePerRequestFilter.doFilter(OncePerRequestFilter.java:116)
	at org.apache.catalina.core.ApplicationFilterChain.internalDoFilter(ApplicationFilterChain.java:174)
	at org.apache.catalina.core.ApplicationFilterChain.doFilter(ApplicationFilterChain.java:149)
	at org.springframework.web.filter.CharacterEncodingFilter.doFilterInternal(CharacterEncodingFilter.java:201)
	at org.springframework.web.filter.OncePerRequestFilter.doFilter(OncePerRequestFilter.java:116)
	at org.apache.catalina.core.ApplicationFilterChain.internalDoFilter(ApplicationFilterChain.java:174)
	at org.apache.catalina.core.ApplicationFilterChain.doFilter(ApplicationFilterChain.java:149)
	at org.apache.catalina.core.StandardWrapperValve.invoke(StandardWrapperValve.java:167)
	at org.apache.catalina.core.StandardContextValve.invoke(StandardContextValve.java:90)
	at org.apache.catalina.authenticator.AuthenticatorBase.invoke(AuthenticatorBase.java:482)
	at org.apache.catalina.core.StandardHostValve.invoke(StandardHostValve.java:115)
	at org.apache.catalina.valves.ErrorReportValve.invoke(ErrorReportValve.java:93)
	at org.apache.catalina.core.StandardEngineValve.invoke(StandardEngineValve.java:74)
	at org.apache.catalina.connector.CoyoteAdapter.service(CoyoteAdapter.java:340)
	at org.apache.coyote.http11.Http11Processor.service(Http11Processor.java:391)
	at org.apache.coyote.AbstractProcessorLight.process(AbstractProcessorLight.java:63)
	at org.apache.coyote.AbstractProtocol$ConnectionHandler.process(AbstractProtocol.java:896)
	at org.apache.tomcat.util.net.NioEndpoint$SocketProcessor.doRun(NioEndpoint.java:1744)
	at org.apache.tomcat.util.net.SocketProcessorBase.run(SocketProcessorBase.java:52)
	at org.apache.tomcat.util.threads.ThreadPoolExecutor.runWorker(ThreadPoolExecutor.java:1191)
	at org.apache.tomcat.util.threads.ThreadPoolExecutor$Worker.run(ThreadPoolExecutor.java:659)
	at org.apache.tomcat.util.threads.TaskThread$WrappingRunnable.run(TaskThread.java:61)
	at java.base/java.lang.Thread.run(Thread.java:842)
2025-07-03 22:55:43.136 DEBUG [http-nio-8086-exec-10] o.s.web.client.RestTemplate [fdff4507b3450b37f935b8be51ea6acd,7b39255dcaa3db07] - HTTP GET http://localhost:8180/realms/myrealm/protocol/openid-connect/certs
2025-07-03 22:55:43.144 DEBUG [http-nio-8086-exec-10] o.s.web.client.RestTemplate [fdff4507b3450b37f935b8be51ea6acd,7b39255dcaa3db07] - Accept=[text/plain, application/json, application/*+json, */*]
2025-07-03 22:55:43.171 DEBUG [http-nio-8086-exec-10] o.s.web.client.RestTemplate [fdff4507b3450b37f935b8be51ea6acd,7b39255dcaa3db07] - Response 200 OK
2025-07-03 22:55:43.173 DEBUG [http-nio-8086-exec-10] o.s.web.client.RestTemplate [fdff4507b3450b37f935b8be51ea6acd,7b39255dcaa3db07] - Reading to [java.lang.String] as "application/json;charset=UTF-8"
2025-07-03 22:55:43.289 INFO  [http-nio-8086-exec-10] c.m.m.controller.MasterController [fdff4507b3450b37f935b8be51ea6acd,7b39255dcaa3db07] - Received Master card registration request: CardRegistrationRequest(accountNumber=97045271637061757, cifCode=9704527163706, cardType=MASTER, customerName=null)
2025-07-03 22:55:43.349 INFO  [http-nio-8086-exec-10] c.m.m.service.impl.MasterServiceImpl [fdff4507b3450b37f935b8be51ea6acd,7b39255dcaa3db07] - === RETRY ATTEMPT - Calling Master API for card registration: CardRegistrationRequest(accountNumber=97045271637061757, cifCode=9704527163706, cardType=MASTER, customerName=null) ===
2025-07-03 22:55:43.350 DEBUG [http-nio-8086-exec-10] c.m.m.service.impl.MasterServiceImpl [fdff4507b3450b37f935b8be51ea6acd,7b39255dcaa3db07] - Method called with @Retry annotation - attempt will be tracked by Resilience4j
2025-07-03 22:55:43.350 DEBUG [http-nio-8086-exec-10] c.m.m.service.impl.MasterServiceImpl [fdff4507b3450b37f935b8be51ea6acd,7b39255dcaa3db07] - Current thread: http-nio-8086-exec-10, Class: com.master.masterservice.service.impl.MasterServiceImpl
2025-07-03 22:55:43.355 DEBUG [http-nio-8086-exec-10] o.s.web.client.RestTemplate [fdff4507b3450b37f935b8be51ea6acd,7b39255dcaa3db07] - HTTP POST http://localhost:8091/api/master/registration
2025-07-03 22:55:43.355 DEBUG [http-nio-8086-exec-10] o.s.web.client.RestTemplate [fdff4507b3450b37f935b8be51ea6acd,7b39255dcaa3db07] - Accept=[application/json, application/*+json]
2025-07-03 22:55:43.357 DEBUG [http-nio-8086-exec-10] o.s.web.client.RestTemplate [fdff4507b3450b37f935b8be51ea6acd,7b39255dcaa3db07] - Writing [CardRegistrationRequest(accountNumber=97045271637061757, cifCode=9704527163706, cardType=MASTER, customerName=null)] as "application/json"
2025-07-03 22:55:43.536 DEBUG [http-nio-8086-exec-10] o.s.web.client.RestTemplate [fdff4507b3450b37f935b8be51ea6acd,7b39255dcaa3db07] - Response 500 INTERNAL_SERVER_ERROR
2025-07-03 22:55:43.542 ERROR [http-nio-8086-exec-10] c.m.m.service.impl.MasterServiceImpl [fdff4507b3450b37f935b8be51ea6acd,7b39255dcaa3db07] - Server error calling Master API for account: 97045271637061757. Status: 500 INTERNAL_SERVER_ERROR, Error: 500 Server Error: "{<EOL><EOL>  "timestamp": "2025-06-25T09:00:00.000+07:00",<EOL><EOL>  "status": 500,<EOL><EOL>  "error": "Internal Server Error",<EOL><EOL>  "message": "Something went wrong on the server.",<EOL><EOL>  "path": "/api/master/registration"<EOL><EOL>}" - WILL RETRY
2025-07-03 22:55:43.545 INFO  [http-nio-8086-exec-10] c.m.masterservice.config.RetryConfig [fdff4507b3450b37f935b8be51ea6acd,7b39255dcaa3db07] - === RETRY EVENT - Attempt #1 for: mastercard-registration ===
2025-07-03 22:55:44.062 INFO  [http-nio-8086-exec-10] c.m.m.service.impl.MasterServiceImpl [fdff4507b3450b37f935b8be51ea6acd,7b39255dcaa3db07] - === RETRY ATTEMPT - Calling Master API for card registration: CardRegistrationRequest(accountNumber=97045271637061757, cifCode=9704527163706, cardType=MASTER, customerName=null) ===
2025-07-03 22:55:44.062 DEBUG [http-nio-8086-exec-10] c.m.m.service.impl.MasterServiceImpl [fdff4507b3450b37f935b8be51ea6acd,7b39255dcaa3db07] - Method called with @Retry annotation - attempt will be tracked by Resilience4j
2025-07-03 22:55:44.062 DEBUG [http-nio-8086-exec-10] c.m.m.service.impl.MasterServiceImpl [fdff4507b3450b37f935b8be51ea6acd,7b39255dcaa3db07] - Current thread: http-nio-8086-exec-10, Class: com.master.masterservice.service.impl.MasterServiceImpl
2025-07-03 22:55:44.063 DEBUG [http-nio-8086-exec-10] o.s.web.client.RestTemplate [fdff4507b3450b37f935b8be51ea6acd,7b39255dcaa3db07] - HTTP POST http://localhost:8091/api/master/registration
2025-07-03 22:55:44.063 DEBUG [http-nio-8086-exec-10] o.s.web.client.RestTemplate [fdff4507b3450b37f935b8be51ea6acd,7b39255dcaa3db07] - Accept=[application/json, application/*+json]
2025-07-03 22:55:44.063 DEBUG [http-nio-8086-exec-10] o.s.web.client.RestTemplate [fdff4507b3450b37f935b8be51ea6acd,7b39255dcaa3db07] - Writing [CardRegistrationRequest(accountNumber=97045271637061757, cifCode=9704527163706, cardType=MASTER, customerName=null)] as "application/json"
2025-07-03 22:55:44.112 DEBUG [http-nio-8086-exec-10] o.s.web.client.RestTemplate [fdff4507b3450b37f935b8be51ea6acd,7b39255dcaa3db07] - Response 500 INTERNAL_SERVER_ERROR
2025-07-03 22:55:44.114 ERROR [http-nio-8086-exec-10] c.m.m.service.impl.MasterServiceImpl [fdff4507b3450b37f935b8be51ea6acd,7b39255dcaa3db07] - Server error calling Master API for account: 97045271637061757. Status: 500 INTERNAL_SERVER_ERROR, Error: 500 Server Error: "{<EOL><EOL>  "timestamp": "2025-06-25T09:00:00.000+07:00",<EOL><EOL>  "status": 500,<EOL><EOL>  "error": "Internal Server Error",<EOL><EOL>  "message": "Something went wrong on the server.",<EOL><EOL>  "path": "/api/master/registration"<EOL><EOL>}" - WILL RETRY
2025-07-03 22:55:44.115 INFO  [http-nio-8086-exec-10] c.m.masterservice.config.RetryConfig [fdff4507b3450b37f935b8be51ea6acd,7b39255dcaa3db07] - === RETRY EVENT - Attempt #2 for: mastercard-registration ===
2025-07-03 22:55:44.618 INFO  [http-nio-8086-exec-10] c.m.m.service.impl.MasterServiceImpl [fdff4507b3450b37f935b8be51ea6acd,7b39255dcaa3db07] - === RETRY ATTEMPT - Calling Master API for card registration: CardRegistrationRequest(accountNumber=97045271637061757, cifCode=9704527163706, cardType=MASTER, customerName=null) ===
2025-07-03 22:55:44.619 DEBUG [http-nio-8086-exec-10] c.m.m.service.impl.MasterServiceImpl [fdff4507b3450b37f935b8be51ea6acd,7b39255dcaa3db07] - Method called with @Retry annotation - attempt will be tracked by Resilience4j
2025-07-03 22:55:44.620 DEBUG [http-nio-8086-exec-10] c.m.m.service.impl.MasterServiceImpl [fdff4507b3450b37f935b8be51ea6acd,7b39255dcaa3db07] - Current thread: http-nio-8086-exec-10, Class: com.master.masterservice.service.impl.MasterServiceImpl
2025-07-03 22:55:44.623 DEBUG [http-nio-8086-exec-10] o.s.web.client.RestTemplate [fdff4507b3450b37f935b8be51ea6acd,7b39255dcaa3db07] - HTTP POST http://localhost:8091/api/master/registration
2025-07-03 22:55:44.626 DEBUG [http-nio-8086-exec-10] o.s.web.client.RestTemplate [fdff4507b3450b37f935b8be51ea6acd,7b39255dcaa3db07] - Accept=[application/json, application/*+json]
2025-07-03 22:55:44.627 DEBUG [http-nio-8086-exec-10] o.s.web.client.RestTemplate [fdff4507b3450b37f935b8be51ea6acd,7b39255dcaa3db07] - Writing [CardRegistrationRequest(accountNumber=97045271637061757, cifCode=9704527163706, cardType=MASTER, customerName=null)] as "application/json"
2025-07-03 22:55:44.679 DEBUG [http-nio-8086-exec-10] o.s.web.client.RestTemplate [fdff4507b3450b37f935b8be51ea6acd,7b39255dcaa3db07] - Response 500 INTERNAL_SERVER_ERROR
2025-07-03 22:55:44.687 ERROR [http-nio-8086-exec-10] c.m.m.service.impl.MasterServiceImpl [fdff4507b3450b37f935b8be51ea6acd,7b39255dcaa3db07] - Server error calling Master API for account: 97045271637061757. Status: 500 INTERNAL_SERVER_ERROR, Error: 500 Server Error: "{<EOL><EOL>  "timestamp": "2025-06-25T09:00:00.000+07:00",<EOL><EOL>  "status": 500,<EOL><EOL>  "error": "Internal Server Error",<EOL><EOL>  "message": "Something went wrong on the server.",<EOL><EOL>  "path": "/api/master/registration"<EOL><EOL>}" - WILL RETRY
2025-07-03 22:55:44.693 ERROR [http-nio-8086-exec-10] c.m.masterservice.config.RetryConfig [fdff4507b3450b37f935b8be51ea6acd,7b39255dcaa3db07] - === RETRY FAILED - After 3 attempts for: mastercard-registration, Last exception: 500 Server Error: "{<EOL><EOL>  "timestamp": "2025-06-25T09:00:00.000+07:00",<EOL><EOL>  "status": 500,<EOL><EOL>  "error": "Internal Server Error",<EOL><EOL>  "message": "Something went wrong on the server.",<EOL><EOL>  "path": "/api/master/registration"<EOL><EOL>}" ===
2025-07-03 22:55:44.696 ERROR [http-nio-8086-exec-10] c.m.m.service.impl.MasterServiceImpl [fdff4507b3450b37f935b8be51ea6acd,7b39255dcaa3db07] - === FALLBACK TRIGGERED === Master registration failed for account: 97045271637061757 after all retry attempts. Error type: InternalServerError, Message: 500 Server Error: "{<EOL><EOL>  "timestamp": "2025-06-25T09:00:00.000+07:00",<EOL><EOL>  "status": 500,<EOL><EOL>  "error": "Internal Server Error",<EOL><EOL>  "message": "Something went wrong on the server.",<EOL><EOL>  "path": "/api/master/registration"<EOL><EOL>}"
2025-07-03 22:55:44.705 ERROR [http-nio-8086-exec-10] c.m.m.service.impl.MasterServiceImpl [fdff4507b3450b37f935b8be51ea6acd,7b39255dcaa3db07] - Full exception trace:
org.springframework.web.client.HttpServerErrorException$InternalServerError: 500 Server Error: "{<EOL><EOL>  "timestamp": "2025-06-25T09:00:00.000+07:00",<EOL><EOL>  "status": 500,<EOL><EOL>  "error": "Internal Server Error",<EOL><EOL>  "message": "Something went wrong on the server.",<EOL><EOL>  "path": "/api/master/registration"<EOL><EOL>}"
	at org.springframework.web.client.HttpServerErrorException.create(HttpServerErrorException.java:102)
	at org.springframework.web.client.DefaultResponseErrorHandler.handleError(DefaultResponseErrorHandler.java:186)
	at org.springframework.web.client.DefaultResponseErrorHandler.handleError(DefaultResponseErrorHandler.java:137)
	at org.springframework.web.client.ResponseErrorHandler.handleError(ResponseErrorHandler.java:63)
	at org.springframework.web.client.RestTemplate.handleResponse(RestTemplate.java:932)
	at org.springframework.web.client.RestTemplate.doExecute(RestTemplate.java:881)
	at org.springframework.web.client.RestTemplate.execute(RestTemplate.java:781)
	at org.springframework.web.client.RestTemplate.postForEntity(RestTemplate.java:529)
	at com.master.masterservice.service.impl.MasterServiceImpl.registerCard(MasterServiceImpl.java:51)
	at jdk.internal.reflect.GeneratedMethodAccessor31.invoke(Unknown Source)
	at java.base/jdk.internal.reflect.DelegatingMethodAccessorImpl.invoke(DelegatingMethodAccessorImpl.java:43)
	at java.base/java.lang.reflect.Method.invoke(Method.java:568)
	at org.springframework.aop.support.AopUtils.invokeJoinpointUsingReflection(AopUtils.java:352)
	at org.springframework.aop.framework.ReflectiveMethodInvocation.invokeJoinpoint(ReflectiveMethodInvocation.java:196)
	at org.springframework.aop.framework.ReflectiveMethodInvocation.proceed(ReflectiveMethodInvocation.java:163)
	at org.springframework.aop.framework.CglibAopProxy$CglibMethodInvocation.proceed(CglibAopProxy.java:765)
	at org.springframework.aop.aspectj.MethodInvocationProceedingJoinPoint.proceed(MethodInvocationProceedingJoinPoint.java:89)
	at io.github.resilience4j.retry.Retry.lambda$decorateCheckedSupplier$1(Retry.java:135)
	at io.github.resilience4j.retry.Retry.executeCheckedSupplier(Retry.java:350)
	at io.github.resilience4j.spring6.retry.configure.RetryAspect.handleDefaultJoinPoint(RetryAspect.java:175)
	at io.github.resilience4j.spring6.retry.configure.RetryAspect.proceed(RetryAspect.java:132)
	at io.github.resilience4j.spring6.retry.configure.RetryAspect.lambda$retryAroundAdvice$0(RetryAspect.java:116)
	at io.github.resilience4j.spring6.fallback.DefaultFallbackDecorator.lambda$decorate$0(DefaultFallbackDecorator.java:36)
	at io.github.resilience4j.spring6.fallback.FallbackExecutor.execute(FallbackExecutor.java:39)
	at io.github.resilience4j.spring6.retry.configure.RetryAspect.retryAroundAdvice(RetryAspect.java:117)
	at java.base/jdk.internal.reflect.NativeMethodAccessorImpl.invoke0(Native Method)
	at java.base/jdk.internal.reflect.NativeMethodAccessorImpl.invoke(NativeMethodAccessorImpl.java:77)
	at java.base/jdk.internal.reflect.DelegatingMethodAccessorImpl.invoke(DelegatingMethodAccessorImpl.java:43)
	at java.base/java.lang.reflect.Method.invoke(Method.java:568)
	at org.springframework.aop.aspectj.AbstractAspectJAdvice.invokeAdviceMethodWithGivenArgs(AbstractAspectJAdvice.java:637)
	at org.springframework.aop.aspectj.AbstractAspectJAdvice.invokeAdviceMethod(AbstractAspectJAdvice.java:627)
	at org.springframework.aop.aspectj.AspectJAroundAdvice.invoke(AspectJAroundAdvice.java:71)
	at org.springframework.aop.framework.ReflectiveMethodInvocation.proceed(ReflectiveMethodInvocation.java:173)
	at org.springframework.aop.framework.CglibAopProxy$CglibMethodInvocation.proceed(CglibAopProxy.java:765)
	at org.springframework.aop.interceptor.ExposeInvocationInterceptor.invoke(ExposeInvocationInterceptor.java:97)
	at org.springframework.aop.framework.ReflectiveMethodInvocation.proceed(ReflectiveMethodInvocation.java:184)
	at org.springframework.aop.framework.CglibAopProxy$CglibMethodInvocation.proceed(CglibAopProxy.java:765)
	at org.springframework.aop.framework.CglibAopProxy$DynamicAdvisedInterceptor.intercept(CglibAopProxy.java:717)
	at com.master.masterservice.service.impl.MasterServiceImpl$$SpringCGLIB$$0.registerCard(<generated>)
	at com.master.masterservice.controller.MasterController.registerCard(MasterController.java:25)
	at java.base/jdk.internal.reflect.NativeMethodAccessorImpl.invoke0(Native Method)
	at java.base/jdk.internal.reflect.NativeMethodAccessorImpl.invoke(NativeMethodAccessorImpl.java:77)
	at java.base/jdk.internal.reflect.DelegatingMethodAccessorImpl.invoke(DelegatingMethodAccessorImpl.java:43)
	at java.base/java.lang.reflect.Method.invoke(Method.java:568)
	at org.springframework.web.method.support.InvocableHandlerMethod.doInvoke(InvocableHandlerMethod.java:254)
	at org.springframework.web.method.support.InvocableHandlerMethod.invokeForRequest(InvocableHandlerMethod.java:182)
	at org.springframework.web.servlet.mvc.method.annotation.ServletInvocableHandlerMethod.invokeAndHandle(ServletInvocableHandlerMethod.java:118)
	at org.springframework.web.servlet.mvc.method.annotation.RequestMappingHandlerAdapter.invokeHandlerMethod(RequestMappingHandlerAdapter.java:917)
	at org.springframework.web.servlet.mvc.method.annotation.RequestMappingHandlerAdapter.handleInternal(RequestMappingHandlerAdapter.java:829)
	at org.springframework.web.servlet.mvc.method.AbstractHandlerMethodAdapter.handle(AbstractHandlerMethodAdapter.java:87)
	at org.springframework.web.servlet.DispatcherServlet.doDispatch(DispatcherServlet.java:1089)
	at org.springframework.web.servlet.DispatcherServlet.doService(DispatcherServlet.java:979)
	at org.springframework.web.servlet.FrameworkServlet.processRequest(FrameworkServlet.java:1014)
	at org.springframework.web.servlet.FrameworkServlet.doPost(FrameworkServlet.java:914)
	at jakarta.servlet.http.HttpServlet.service(HttpServlet.java:590)
	at org.springframework.web.servlet.FrameworkServlet.service(FrameworkServlet.java:885)
	at jakarta.servlet.http.HttpServlet.service(HttpServlet.java:658)
	at org.apache.catalina.core.ApplicationFilterChain.internalDoFilter(ApplicationFilterChain.java:205)
	at org.apache.catalina.core.ApplicationFilterChain.doFilter(ApplicationFilterChain.java:149)
	at org.apache.tomcat.websocket.server.WsFilter.doFilter(WsFilter.java:51)
	at org.apache.catalina.core.ApplicationFilterChain.internalDoFilter(ApplicationFilterChain.java:174)
	at org.apache.catalina.core.ApplicationFilterChain.doFilter(ApplicationFilterChain.java:149)
	at org.springframework.security.web.FilterChainProxy.lambda$doFilterInternal$3(FilterChainProxy.java:231)
	at org.springframework.security.web.ObservationFilterChainDecorator$FilterObservation$SimpleFilterObservation.lambda$wrap$1(ObservationFilterChainDecorator.java:479)
	at org.springframework.security.web.ObservationFilterChainDecorator$AroundFilterObservation$SimpleAroundFilterObservation.lambda$wrap$1(ObservationFilterChainDecorator.java:340)
	at org.springframework.security.web.ObservationFilterChainDecorator.lambda$wrapSecured$0(ObservationFilterChainDecorator.java:82)
	at org.springframework.security.web.ObservationFilterChainDecorator$VirtualFilterChain.doFilter(ObservationFilterChainDecorator.java:128)
	at org.springframework.security.web.access.intercept.AuthorizationFilter.doFilter(AuthorizationFilter.java:100)
	at org.springframework.security.web.ObservationFilterChainDecorator$ObservationFilter.wrapFilter(ObservationFilterChainDecorator.java:240)
	at org.springframework.security.web.ObservationFilterChainDecorator$ObservationFilter.doFilter(ObservationFilterChainDecorator.java:227)
	at org.springframework.security.web.ObservationFilterChainDecorator$VirtualFilterChain.doFilter(ObservationFilterChainDecorator.java:137)
	at org.springframework.security.web.access.ExceptionTranslationFilter.doFilter(ExceptionTranslationFilter.java:126)
	at org.springframework.security.web.access.ExceptionTranslationFilter.doFilter(ExceptionTranslationFilter.java:120)
	at org.springframework.security.web.ObservationFilterChainDecorator$ObservationFilter.wrapFilter(ObservationFilterChainDecorator.java:240)
	at org.springframework.security.web.ObservationFilterChainDecorator$ObservationFilter.doFilter(ObservationFilterChainDecorator.java:227)
	at org.springframework.security.web.ObservationFilterChainDecorator$VirtualFilterChain.doFilter(ObservationFilterChainDecorator.java:137)
	at org.springframework.security.web.session.SessionManagementFilter.doFilter(SessionManagementFilter.java:131)
	at org.springframework.security.web.session.SessionManagementFilter.doFilter(SessionManagementFilter.java:85)
	at org.springframework.security.web.ObservationFilterChainDecorator$ObservationFilter.wrapFilter(ObservationFilterChainDecorator.java:240)
	at org.springframework.security.web.ObservationFilterChainDecorator$ObservationFilter.doFilter(ObservationFilterChainDecorator.java:227)
	at org.springframework.security.web.ObservationFilterChainDecorator$VirtualFilterChain.doFilter(ObservationFilterChainDecorator.java:137)
	at org.springframework.security.web.authentication.AnonymousAuthenticationFilter.doFilter(AnonymousAuthenticationFilter.java:100)
	at org.springframework.security.web.ObservationFilterChainDecorator$ObservationFilter.wrapFilter(ObservationFilterChainDecorator.java:240)
	at org.springframework.security.web.ObservationFilterChainDecorator$ObservationFilter.doFilter(ObservationFilterChainDecorator.java:227)
	at org.springframework.security.web.ObservationFilterChainDecorator$VirtualFilterChain.doFilter(ObservationFilterChainDecorator.java:137)
	at org.springframework.security.web.servletapi.SecurityContextHolderAwareRequestFilter.doFilter(SecurityContextHolderAwareRequestFilter.java:179)
	at org.springframework.security.web.ObservationFilterChainDecorator$ObservationFilter.wrapFilter(ObservationFilterChainDecorator.java:240)
	at org.springframework.security.web.ObservationFilterChainDecorator$ObservationFilter.doFilter(ObservationFilterChainDecorator.java:227)
	at org.springframework.security.web.ObservationFilterChainDecorator$VirtualFilterChain.doFilter(ObservationFilterChainDecorator.java:137)
	at org.springframework.security.web.savedrequest.RequestCacheAwareFilter.doFilter(RequestCacheAwareFilter.java:63)
	at org.springframework.security.web.ObservationFilterChainDecorator$ObservationFilter.wrapFilter(ObservationFilterChainDecorator.java:240)
	at org.springframework.security.web.ObservationFilterChainDecorator$ObservationFilter.doFilter(ObservationFilterChainDecorator.java:227)
	at org.springframework.security.web.ObservationFilterChainDecorator$VirtualFilterChain.doFilter(ObservationFilterChainDecorator.java:137)
	at org.springframework.security.oauth2.server.resource.web.authentication.BearerTokenAuthenticationFilter.doFilterInternal(BearerTokenAuthenticationFilter.java:145)
	at org.springframework.web.filter.OncePerRequestFilter.doFilter(OncePerRequestFilter.java:116)
	at org.springframework.security.web.ObservationFilterChainDecorator$ObservationFilter.wrapFilter(ObservationFilterChainDecorator.java:240)
	at org.springframework.security.web.ObservationFilterChainDecorator$ObservationFilter.doFilter(ObservationFilterChainDecorator.java:227)
	at org.springframework.security.web.ObservationFilterChainDecorator$VirtualFilterChain.doFilter(ObservationFilterChainDecorator.java:137)
	at org.springframework.security.web.authentication.logout.LogoutFilter.doFilter(LogoutFilter.java:107)
	at org.springframework.security.web.authentication.logout.LogoutFilter.doFilter(LogoutFilter.java:93)
	at org.springframework.security.web.ObservationFilterChainDecorator$ObservationFilter.wrapFilter(ObservationFilterChainDecorator.java:240)
	at org.springframework.security.web.ObservationFilterChainDecorator$ObservationFilter.doFilter(ObservationFilterChainDecorator.java:227)
	at org.springframework.security.web.ObservationFilterChainDecorator$VirtualFilterChain.doFilter(ObservationFilterChainDecorator.java:137)
	at org.springframework.web.filter.CorsFilter.doFilterInternal(CorsFilter.java:91)
	at org.springframework.web.filter.OncePerRequestFilter.doFilter(OncePerRequestFilter.java:116)
	at org.springframework.security.web.ObservationFilterChainDecorator$ObservationFilter.wrapFilter(ObservationFilterChainDecorator.java:240)
	at org.springframework.security.web.ObservationFilterChainDecorator$ObservationFilter.doFilter(ObservationFilterChainDecorator.java:227)
	at org.springframework.security.web.ObservationFilterChainDecorator$VirtualFilterChain.doFilter(ObservationFilterChainDecorator.java:137)
	at org.springframework.security.web.header.HeaderWriterFilter.doHeadersAfter(HeaderWriterFilter.java:90)
	at org.springframework.security.web.header.HeaderWriterFilter.doFilterInternal(HeaderWriterFilter.java:75)
	at org.springframework.web.filter.OncePerRequestFilter.doFilter(OncePerRequestFilter.java:116)
	at org.springframework.security.web.ObservationFilterChainDecorator$ObservationFilter.wrapFilter(ObservationFilterChainDecorator.java:240)
	at org.springframework.security.web.ObservationFilterChainDecorator$ObservationFilter.doFilter(ObservationFilterChainDecorator.java:227)
	at org.springframework.security.web.ObservationFilterChainDecorator$VirtualFilterChain.doFilter(ObservationFilterChainDecorator.java:137)
	at org.springframework.security.web.context.SecurityContextHolderFilter.doFilter(SecurityContextHolderFilter.java:82)
	at org.springframework.security.web.context.SecurityContextHolderFilter.doFilter(SecurityContextHolderFilter.java:69)
	at org.springframework.security.web.ObservationFilterChainDecorator$ObservationFilter.wrapFilter(ObservationFilterChainDecorator.java:240)
	at org.springframework.security.web.ObservationFilterChainDecorator$ObservationFilter.doFilter(ObservationFilterChainDecorator.java:227)
	at org.springframework.security.web.ObservationFilterChainDecorator$VirtualFilterChain.doFilter(ObservationFilterChainDecorator.java:137)
	at org.springframework.security.web.context.request.async.WebAsyncManagerIntegrationFilter.doFilterInternal(WebAsyncManagerIntegrationFilter.java:62)
	at org.springframework.web.filter.OncePerRequestFilter.doFilter(OncePerRequestFilter.java:116)
	at org.springframework.security.web.ObservationFilterChainDecorator$ObservationFilter.wrapFilter(ObservationFilterChainDecorator.java:240)
	at org.springframework.security.web.ObservationFilterChainDecorator$ObservationFilter.doFilter(ObservationFilterChainDecorator.java:227)
	at org.springframework.security.web.ObservationFilterChainDecorator$VirtualFilterChain.doFilter(ObservationFilterChainDecorator.java:137)
	at org.springframework.security.web.session.DisableEncodeUrlFilter.doFilterInternal(DisableEncodeUrlFilter.java:42)
	at org.springframework.web.filter.OncePerRequestFilter.doFilter(OncePerRequestFilter.java:116)
	at org.springframework.security.web.ObservationFilterChainDecorator$ObservationFilter.wrapFilter(ObservationFilterChainDecorator.java:240)
	at org.springframework.security.web.ObservationFilterChainDecorator$AroundFilterObservation$SimpleAroundFilterObservation.lambda$wrap$0(ObservationFilterChainDecorator.java:323)
	at org.springframework.security.web.ObservationFilterChainDecorator$ObservationFilter.doFilter(ObservationFilterChainDecorator.java:224)
	at org.springframework.security.web.ObservationFilterChainDecorator$VirtualFilterChain.doFilter(ObservationFilterChainDecorator.java:137)
	at org.springframework.security.web.FilterChainProxy.doFilterInternal(FilterChainProxy.java:233)
	at org.springframework.security.web.FilterChainProxy.doFilter(FilterChainProxy.java:191)
	at org.springframework.web.filter.DelegatingFilterProxy.invokeDelegate(DelegatingFilterProxy.java:352)
	at org.springframework.web.filter.DelegatingFilterProxy.doFilter(DelegatingFilterProxy.java:268)
	at org.apache.catalina.core.ApplicationFilterChain.internalDoFilter(ApplicationFilterChain.java:174)
	at org.apache.catalina.core.ApplicationFilterChain.doFilter(ApplicationFilterChain.java:149)
	at org.springframework.web.filter.RequestContextFilter.doFilterInternal(RequestContextFilter.java:100)
	at org.springframework.web.filter.OncePerRequestFilter.doFilter(OncePerRequestFilter.java:116)
	at org.apache.catalina.core.ApplicationFilterChain.internalDoFilter(ApplicationFilterChain.java:174)
	at org.apache.catalina.core.ApplicationFilterChain.doFilter(ApplicationFilterChain.java:149)
	at org.springframework.web.filter.FormContentFilter.doFilterInternal(FormContentFilter.java:93)
	at org.springframework.web.filter.OncePerRequestFilter.doFilter(OncePerRequestFilter.java:116)
	at org.apache.catalina.core.ApplicationFilterChain.internalDoFilter(ApplicationFilterChain.java:174)
	at org.apache.catalina.core.ApplicationFilterChain.doFilter(ApplicationFilterChain.java:149)
	at org.springframework.web.servlet.v6_0.OpenTelemetryHandlerMappingFilter.doFilter(OpenTelemetryHandlerMappingFilter.java:78)
	at org.apache.catalina.core.ApplicationFilterChain.internalDoFilter(ApplicationFilterChain.java:174)
	at org.apache.catalina.core.ApplicationFilterChain.doFilter(ApplicationFilterChain.java:149)
	at org.springframework.web.filter.ServerHttpObservationFilter.doFilterInternal(ServerHttpObservationFilter.java:109)
	at org.springframework.web.filter.OncePerRequestFilter.doFilter(OncePerRequestFilter.java:116)
	at org.apache.catalina.core.ApplicationFilterChain.internalDoFilter(ApplicationFilterChain.java:174)
	at org.apache.catalina.core.ApplicationFilterChain.doFilter(ApplicationFilterChain.java:149)
	at org.springframework.web.filter.CharacterEncodingFilter.doFilterInternal(CharacterEncodingFilter.java:201)
	at org.springframework.web.filter.OncePerRequestFilter.doFilter(OncePerRequestFilter.java:116)
	at org.apache.catalina.core.ApplicationFilterChain.internalDoFilter(ApplicationFilterChain.java:174)
	at org.apache.catalina.core.ApplicationFilterChain.doFilter(ApplicationFilterChain.java:149)
	at org.apache.catalina.core.StandardWrapperValve.invoke(StandardWrapperValve.java:167)
	at org.apache.catalina.core.StandardContextValve.invoke(StandardContextValve.java:90)
	at org.apache.catalina.authenticator.AuthenticatorBase.invoke(AuthenticatorBase.java:482)
	at org.apache.catalina.core.StandardHostValve.invoke(StandardHostValve.java:115)
	at org.apache.catalina.valves.ErrorReportValve.invoke(ErrorReportValve.java:93)
	at org.apache.catalina.core.StandardEngineValve.invoke(StandardEngineValve.java:74)
	at org.apache.catalina.connector.CoyoteAdapter.service(CoyoteAdapter.java:340)
	at org.apache.coyote.http11.Http11Processor.service(Http11Processor.java:391)
	at org.apache.coyote.AbstractProcessorLight.process(AbstractProcessorLight.java:63)
	at org.apache.coyote.AbstractProtocol$ConnectionHandler.process(AbstractProtocol.java:896)
	at org.apache.tomcat.util.net.NioEndpoint$SocketProcessor.doRun(NioEndpoint.java:1744)
	at org.apache.tomcat.util.net.SocketProcessorBase.run(SocketProcessorBase.java:52)
	at org.apache.tomcat.util.threads.ThreadPoolExecutor.runWorker(ThreadPoolExecutor.java:1191)
	at org.apache.tomcat.util.threads.ThreadPoolExecutor$Worker.run(ThreadPoolExecutor.java:659)
	at org.apache.tomcat.util.threads.TaskThread$WrappingRunnable.run(TaskThread.java:61)
	at java.base/java.lang.Thread.run(Thread.java:842)
2025-07-03 22:59:55.645 INFO  [http-nio-8086-exec-2] c.m.m.controller.MasterController [7767c251203b8059cae740eb3bc11f87,b1b664da73b1dda9] - Received Master card registration request: CardRegistrationRequest(accountNumber=97045271637061022, cifCode=9704527163706, cardType=MASTER, customerName=null)
2025-07-03 22:59:55.651 INFO  [http-nio-8086-exec-2] c.m.m.service.impl.MasterServiceImpl [7767c251203b8059cae740eb3bc11f87,b1b664da73b1dda9] - === RETRY ATTEMPT - Calling Master API for card registration: CardRegistrationRequest(accountNumber=97045271637061022, cifCode=9704527163706, cardType=MASTER, customerName=null) ===
2025-07-03 22:59:55.652 DEBUG [http-nio-8086-exec-2] c.m.m.service.impl.MasterServiceImpl [7767c251203b8059cae740eb3bc11f87,b1b664da73b1dda9] - Method called with @Retry annotation - attempt will be tracked by Resilience4j
2025-07-03 22:59:55.652 DEBUG [http-nio-8086-exec-2] c.m.m.service.impl.MasterServiceImpl [7767c251203b8059cae740eb3bc11f87,b1b664da73b1dda9] - Current thread: http-nio-8086-exec-2, Class: com.master.masterservice.service.impl.MasterServiceImpl
2025-07-03 22:59:55.655 DEBUG [http-nio-8086-exec-2] o.s.web.client.RestTemplate [7767c251203b8059cae740eb3bc11f87,b1b664da73b1dda9] - HTTP POST http://localhost:8091/api/master/registration
2025-07-03 22:59:55.656 DEBUG [http-nio-8086-exec-2] o.s.web.client.RestTemplate [7767c251203b8059cae740eb3bc11f87,b1b664da73b1dda9] - Accept=[application/json, application/*+json]
2025-07-03 22:59:55.657 DEBUG [http-nio-8086-exec-2] o.s.web.client.RestTemplate [7767c251203b8059cae740eb3bc11f87,b1b664da73b1dda9] - Writing [CardRegistrationRequest(accountNumber=97045271637061022, cifCode=9704527163706, cardType=MASTER, customerName=null)] as "application/json"
2025-07-03 22:59:55.752 DEBUG [http-nio-8086-exec-2] o.s.web.client.RestTemplate [7767c251203b8059cae740eb3bc11f87,b1b664da73b1dda9] - Response 500 INTERNAL_SERVER_ERROR
2025-07-03 22:59:55.756 ERROR [http-nio-8086-exec-2] c.m.m.service.impl.MasterServiceImpl [7767c251203b8059cae740eb3bc11f87,b1b664da73b1dda9] - Server error calling Master API for account: 97045271637061022. Status: 500 INTERNAL_SERVER_ERROR, Error: 500 Server Error: "{<EOL><EOL>  "timestamp": "2025-06-25T09:00:00.000+07:00",<EOL><EOL>  "status": 500,<EOL><EOL>  "error": "Internal Server Error",<EOL><EOL>  "message": "Something went wrong on the server.",<EOL><EOL>  "path": "/api/master/registration"<EOL><EOL>}" - WILL RETRY
2025-07-03 22:59:55.757 INFO  [http-nio-8086-exec-2] c.m.masterservice.config.RetryConfig [7767c251203b8059cae740eb3bc11f87,b1b664da73b1dda9] - === RETRY EVENT - Attempt #1 for: mastercard-registration ===
2025-07-03 22:59:56.266 INFO  [http-nio-8086-exec-2] c.m.m.service.impl.MasterServiceImpl [7767c251203b8059cae740eb3bc11f87,b1b664da73b1dda9] - === RETRY ATTEMPT - Calling Master API for card registration: CardRegistrationRequest(accountNumber=97045271637061022, cifCode=9704527163706, cardType=MASTER, customerName=null) ===
2025-07-03 22:59:56.270 DEBUG [http-nio-8086-exec-2] c.m.m.service.impl.MasterServiceImpl [7767c251203b8059cae740eb3bc11f87,b1b664da73b1dda9] - Method called with @Retry annotation - attempt will be tracked by Resilience4j
2025-07-03 22:59:56.271 DEBUG [http-nio-8086-exec-2] c.m.m.service.impl.MasterServiceImpl [7767c251203b8059cae740eb3bc11f87,b1b664da73b1dda9] - Current thread: http-nio-8086-exec-2, Class: com.master.masterservice.service.impl.MasterServiceImpl
2025-07-03 22:59:56.276 DEBUG [http-nio-8086-exec-2] o.s.web.client.RestTemplate [7767c251203b8059cae740eb3bc11f87,b1b664da73b1dda9] - HTTP POST http://localhost:8091/api/master/registration
2025-07-03 22:59:56.278 DEBUG [http-nio-8086-exec-2] o.s.web.client.RestTemplate [7767c251203b8059cae740eb3bc11f87,b1b664da73b1dda9] - Accept=[application/json, application/*+json]
2025-07-03 22:59:56.278 DEBUG [http-nio-8086-exec-2] o.s.web.client.RestTemplate [7767c251203b8059cae740eb3bc11f87,b1b664da73b1dda9] - Writing [CardRegistrationRequest(accountNumber=97045271637061022, cifCode=9704527163706, cardType=MASTER, customerName=null)] as "application/json"
2025-07-03 22:59:56.331 DEBUG [http-nio-8086-exec-2] o.s.web.client.RestTemplate [7767c251203b8059cae740eb3bc11f87,b1b664da73b1dda9] - Response 500 INTERNAL_SERVER_ERROR
2025-07-03 22:59:56.333 ERROR [http-nio-8086-exec-2] c.m.m.service.impl.MasterServiceImpl [7767c251203b8059cae740eb3bc11f87,b1b664da73b1dda9] - Server error calling Master API for account: 97045271637061022. Status: 500 INTERNAL_SERVER_ERROR, Error: 500 Server Error: "{<EOL><EOL>  "timestamp": "2025-06-25T09:00:00.000+07:00",<EOL><EOL>  "status": 500,<EOL><EOL>  "error": "Internal Server Error",<EOL><EOL>  "message": "Something went wrong on the server.",<EOL><EOL>  "path": "/api/master/registration"<EOL><EOL>}" - WILL RETRY
2025-07-03 22:59:56.334 INFO  [http-nio-8086-exec-2] c.m.masterservice.config.RetryConfig [7767c251203b8059cae740eb3bc11f87,b1b664da73b1dda9] - === RETRY EVENT - Attempt #2 for: mastercard-registration ===
2025-07-03 22:59:56.838 INFO  [http-nio-8086-exec-2] c.m.m.service.impl.MasterServiceImpl [7767c251203b8059cae740eb3bc11f87,b1b664da73b1dda9] - === RETRY ATTEMPT - Calling Master API for card registration: CardRegistrationRequest(accountNumber=97045271637061022, cifCode=9704527163706, cardType=MASTER, customerName=null) ===
2025-07-03 22:59:56.839 DEBUG [http-nio-8086-exec-2] c.m.m.service.impl.MasterServiceImpl [7767c251203b8059cae740eb3bc11f87,b1b664da73b1dda9] - Method called with @Retry annotation - attempt will be tracked by Resilience4j
2025-07-03 22:59:56.839 DEBUG [http-nio-8086-exec-2] c.m.m.service.impl.MasterServiceImpl [7767c251203b8059cae740eb3bc11f87,b1b664da73b1dda9] - Current thread: http-nio-8086-exec-2, Class: com.master.masterservice.service.impl.MasterServiceImpl
2025-07-03 22:59:56.840 DEBUG [http-nio-8086-exec-2] o.s.web.client.RestTemplate [7767c251203b8059cae740eb3bc11f87,b1b664da73b1dda9] - HTTP POST http://localhost:8091/api/master/registration
2025-07-03 22:59:56.840 DEBUG [http-nio-8086-exec-2] o.s.web.client.RestTemplate [7767c251203b8059cae740eb3bc11f87,b1b664da73b1dda9] - Accept=[application/json, application/*+json]
2025-07-03 22:59:56.840 DEBUG [http-nio-8086-exec-2] o.s.web.client.RestTemplate [7767c251203b8059cae740eb3bc11f87,b1b664da73b1dda9] - Writing [CardRegistrationRequest(accountNumber=97045271637061022, cifCode=9704527163706, cardType=MASTER, customerName=null)] as "application/json"
2025-07-03 22:59:56.866 DEBUG [http-nio-8086-exec-2] o.s.web.client.RestTemplate [7767c251203b8059cae740eb3bc11f87,b1b664da73b1dda9] - Response 500 INTERNAL_SERVER_ERROR
2025-07-03 22:59:56.868 ERROR [http-nio-8086-exec-2] c.m.m.service.impl.MasterServiceImpl [7767c251203b8059cae740eb3bc11f87,b1b664da73b1dda9] - Server error calling Master API for account: 97045271637061022. Status: 500 INTERNAL_SERVER_ERROR, Error: 500 Server Error: "{<EOL><EOL>  "timestamp": "2025-06-25T09:00:00.000+07:00",<EOL><EOL>  "status": 500,<EOL><EOL>  "error": "Internal Server Error",<EOL><EOL>  "message": "Something went wrong on the server.",<EOL><EOL>  "path": "/api/master/registration"<EOL><EOL>}" - WILL RETRY
2025-07-03 22:59:56.869 ERROR [http-nio-8086-exec-2] c.m.masterservice.config.RetryConfig [7767c251203b8059cae740eb3bc11f87,b1b664da73b1dda9] - === RETRY FAILED - After 3 attempts for: mastercard-registration, Last exception: 500 Server Error: "{<EOL><EOL>  "timestamp": "2025-06-25T09:00:00.000+07:00",<EOL><EOL>  "status": 500,<EOL><EOL>  "error": "Internal Server Error",<EOL><EOL>  "message": "Something went wrong on the server.",<EOL><EOL>  "path": "/api/master/registration"<EOL><EOL>}" ===
2025-07-03 22:59:56.869 ERROR [http-nio-8086-exec-2] c.m.m.service.impl.MasterServiceImpl [7767c251203b8059cae740eb3bc11f87,b1b664da73b1dda9] - === FALLBACK TRIGGERED === Master registration failed for account: 97045271637061022 after all retry attempts. Error type: InternalServerError, Message: 500 Server Error: "{<EOL><EOL>  "timestamp": "2025-06-25T09:00:00.000+07:00",<EOL><EOL>  "status": 500,<EOL><EOL>  "error": "Internal Server Error",<EOL><EOL>  "message": "Something went wrong on the server.",<EOL><EOL>  "path": "/api/master/registration"<EOL><EOL>}"
2025-07-03 22:59:56.869 ERROR [http-nio-8086-exec-2] c.m.m.service.impl.MasterServiceImpl [7767c251203b8059cae740eb3bc11f87,b1b664da73b1dda9] - Full exception trace:
org.springframework.web.client.HttpServerErrorException$InternalServerError: 500 Server Error: "{<EOL><EOL>  "timestamp": "2025-06-25T09:00:00.000+07:00",<EOL><EOL>  "status": 500,<EOL><EOL>  "error": "Internal Server Error",<EOL><EOL>  "message": "Something went wrong on the server.",<EOL><EOL>  "path": "/api/master/registration"<EOL><EOL>}"
	at org.springframework.web.client.HttpServerErrorException.create(HttpServerErrorException.java:102)
	at org.springframework.web.client.DefaultResponseErrorHandler.handleError(DefaultResponseErrorHandler.java:186)
	at org.springframework.web.client.DefaultResponseErrorHandler.handleError(DefaultResponseErrorHandler.java:137)
	at org.springframework.web.client.ResponseErrorHandler.handleError(ResponseErrorHandler.java:63)
	at org.springframework.web.client.RestTemplate.handleResponse(RestTemplate.java:932)
	at org.springframework.web.client.RestTemplate.doExecute(RestTemplate.java:881)
	at org.springframework.web.client.RestTemplate.execute(RestTemplate.java:781)
	at org.springframework.web.client.RestTemplate.postForEntity(RestTemplate.java:529)
	at com.master.masterservice.service.impl.MasterServiceImpl.registerCard(MasterServiceImpl.java:51)
	at jdk.internal.reflect.GeneratedMethodAccessor31.invoke(Unknown Source)
	at java.base/jdk.internal.reflect.DelegatingMethodAccessorImpl.invoke(DelegatingMethodAccessorImpl.java:43)
	at java.base/java.lang.reflect.Method.invoke(Method.java:568)
	at org.springframework.aop.support.AopUtils.invokeJoinpointUsingReflection(AopUtils.java:352)
	at org.springframework.aop.framework.ReflectiveMethodInvocation.invokeJoinpoint(ReflectiveMethodInvocation.java:196)
	at org.springframework.aop.framework.ReflectiveMethodInvocation.proceed(ReflectiveMethodInvocation.java:163)
	at org.springframework.aop.framework.CglibAopProxy$CglibMethodInvocation.proceed(CglibAopProxy.java:765)
	at org.springframework.aop.aspectj.MethodInvocationProceedingJoinPoint.proceed(MethodInvocationProceedingJoinPoint.java:89)
	at io.github.resilience4j.retry.Retry.lambda$decorateCheckedSupplier$1(Retry.java:135)
	at io.github.resilience4j.retry.Retry.executeCheckedSupplier(Retry.java:350)
	at io.github.resilience4j.spring6.retry.configure.RetryAspect.handleDefaultJoinPoint(RetryAspect.java:175)
	at io.github.resilience4j.spring6.retry.configure.RetryAspect.proceed(RetryAspect.java:132)
	at io.github.resilience4j.spring6.retry.configure.RetryAspect.lambda$retryAroundAdvice$0(RetryAspect.java:116)
	at io.github.resilience4j.spring6.fallback.DefaultFallbackDecorator.lambda$decorate$0(DefaultFallbackDecorator.java:36)
	at io.github.resilience4j.spring6.fallback.FallbackExecutor.execute(FallbackExecutor.java:39)
	at io.github.resilience4j.spring6.retry.configure.RetryAspect.retryAroundAdvice(RetryAspect.java:117)
	at java.base/jdk.internal.reflect.NativeMethodAccessorImpl.invoke0(Native Method)
	at java.base/jdk.internal.reflect.NativeMethodAccessorImpl.invoke(NativeMethodAccessorImpl.java:77)
	at java.base/jdk.internal.reflect.DelegatingMethodAccessorImpl.invoke(DelegatingMethodAccessorImpl.java:43)
	at java.base/java.lang.reflect.Method.invoke(Method.java:568)
	at org.springframework.aop.aspectj.AbstractAspectJAdvice.invokeAdviceMethodWithGivenArgs(AbstractAspectJAdvice.java:637)
	at org.springframework.aop.aspectj.AbstractAspectJAdvice.invokeAdviceMethod(AbstractAspectJAdvice.java:627)
	at org.springframework.aop.aspectj.AspectJAroundAdvice.invoke(AspectJAroundAdvice.java:71)
	at org.springframework.aop.framework.ReflectiveMethodInvocation.proceed(ReflectiveMethodInvocation.java:173)
	at org.springframework.aop.framework.CglibAopProxy$CglibMethodInvocation.proceed(CglibAopProxy.java:765)
	at org.springframework.aop.interceptor.ExposeInvocationInterceptor.invoke(ExposeInvocationInterceptor.java:97)
	at org.springframework.aop.framework.ReflectiveMethodInvocation.proceed(ReflectiveMethodInvocation.java:184)
	at org.springframework.aop.framework.CglibAopProxy$CglibMethodInvocation.proceed(CglibAopProxy.java:765)
	at org.springframework.aop.framework.CglibAopProxy$DynamicAdvisedInterceptor.intercept(CglibAopProxy.java:717)
	at com.master.masterservice.service.impl.MasterServiceImpl$$SpringCGLIB$$0.registerCard(<generated>)
	at com.master.masterservice.controller.MasterController.registerCard(MasterController.java:25)
	at java.base/jdk.internal.reflect.NativeMethodAccessorImpl.invoke0(Native Method)
	at java.base/jdk.internal.reflect.NativeMethodAccessorImpl.invoke(NativeMethodAccessorImpl.java:77)
	at java.base/jdk.internal.reflect.DelegatingMethodAccessorImpl.invoke(DelegatingMethodAccessorImpl.java:43)
	at java.base/java.lang.reflect.Method.invoke(Method.java:568)
	at org.springframework.web.method.support.InvocableHandlerMethod.doInvoke(InvocableHandlerMethod.java:254)
	at org.springframework.web.method.support.InvocableHandlerMethod.invokeForRequest(InvocableHandlerMethod.java:182)
	at org.springframework.web.servlet.mvc.method.annotation.ServletInvocableHandlerMethod.invokeAndHandle(ServletInvocableHandlerMethod.java:118)
	at org.springframework.web.servlet.mvc.method.annotation.RequestMappingHandlerAdapter.invokeHandlerMethod(RequestMappingHandlerAdapter.java:917)
	at org.springframework.web.servlet.mvc.method.annotation.RequestMappingHandlerAdapter.handleInternal(RequestMappingHandlerAdapter.java:829)
	at org.springframework.web.servlet.mvc.method.AbstractHandlerMethodAdapter.handle(AbstractHandlerMethodAdapter.java:87)
	at org.springframework.web.servlet.DispatcherServlet.doDispatch(DispatcherServlet.java:1089)
	at org.springframework.web.servlet.DispatcherServlet.doService(DispatcherServlet.java:979)
	at org.springframework.web.servlet.FrameworkServlet.processRequest(FrameworkServlet.java:1014)
	at org.springframework.web.servlet.FrameworkServlet.doPost(FrameworkServlet.java:914)
	at jakarta.servlet.http.HttpServlet.service(HttpServlet.java:590)
	at org.springframework.web.servlet.FrameworkServlet.service(FrameworkServlet.java:885)
	at jakarta.servlet.http.HttpServlet.service(HttpServlet.java:658)
	at org.apache.catalina.core.ApplicationFilterChain.internalDoFilter(ApplicationFilterChain.java:205)
	at org.apache.catalina.core.ApplicationFilterChain.doFilter(ApplicationFilterChain.java:149)
	at org.apache.tomcat.websocket.server.WsFilter.doFilter(WsFilter.java:51)
	at org.apache.catalina.core.ApplicationFilterChain.internalDoFilter(ApplicationFilterChain.java:174)
	at org.apache.catalina.core.ApplicationFilterChain.doFilter(ApplicationFilterChain.java:149)
	at org.springframework.security.web.FilterChainProxy.lambda$doFilterInternal$3(FilterChainProxy.java:231)
	at org.springframework.security.web.ObservationFilterChainDecorator$FilterObservation$SimpleFilterObservation.lambda$wrap$1(ObservationFilterChainDecorator.java:479)
	at org.springframework.security.web.ObservationFilterChainDecorator$AroundFilterObservation$SimpleAroundFilterObservation.lambda$wrap$1(ObservationFilterChainDecorator.java:340)
	at org.springframework.security.web.ObservationFilterChainDecorator.lambda$wrapSecured$0(ObservationFilterChainDecorator.java:82)
	at org.springframework.security.web.ObservationFilterChainDecorator$VirtualFilterChain.doFilter(ObservationFilterChainDecorator.java:128)
	at org.springframework.security.web.access.intercept.AuthorizationFilter.doFilter(AuthorizationFilter.java:100)
	at org.springframework.security.web.ObservationFilterChainDecorator$ObservationFilter.wrapFilter(ObservationFilterChainDecorator.java:240)
	at org.springframework.security.web.ObservationFilterChainDecorator$ObservationFilter.doFilter(ObservationFilterChainDecorator.java:227)
	at org.springframework.security.web.ObservationFilterChainDecorator$VirtualFilterChain.doFilter(ObservationFilterChainDecorator.java:137)
	at org.springframework.security.web.access.ExceptionTranslationFilter.doFilter(ExceptionTranslationFilter.java:126)
	at org.springframework.security.web.access.ExceptionTranslationFilter.doFilter(ExceptionTranslationFilter.java:120)
	at org.springframework.security.web.ObservationFilterChainDecorator$ObservationFilter.wrapFilter(ObservationFilterChainDecorator.java:240)
	at org.springframework.security.web.ObservationFilterChainDecorator$ObservationFilter.doFilter(ObservationFilterChainDecorator.java:227)
	at org.springframework.security.web.ObservationFilterChainDecorator$VirtualFilterChain.doFilter(ObservationFilterChainDecorator.java:137)
	at org.springframework.security.web.session.SessionManagementFilter.doFilter(SessionManagementFilter.java:131)
	at org.springframework.security.web.session.SessionManagementFilter.doFilter(SessionManagementFilter.java:85)
	at org.springframework.security.web.ObservationFilterChainDecorator$ObservationFilter.wrapFilter(ObservationFilterChainDecorator.java:240)
	at org.springframework.security.web.ObservationFilterChainDecorator$ObservationFilter.doFilter(ObservationFilterChainDecorator.java:227)
	at org.springframework.security.web.ObservationFilterChainDecorator$VirtualFilterChain.doFilter(ObservationFilterChainDecorator.java:137)
	at org.springframework.security.web.authentication.AnonymousAuthenticationFilter.doFilter(AnonymousAuthenticationFilter.java:100)
	at org.springframework.security.web.ObservationFilterChainDecorator$ObservationFilter.wrapFilter(ObservationFilterChainDecorator.java:240)
	at org.springframework.security.web.ObservationFilterChainDecorator$ObservationFilter.doFilter(ObservationFilterChainDecorator.java:227)
	at org.springframework.security.web.ObservationFilterChainDecorator$VirtualFilterChain.doFilter(ObservationFilterChainDecorator.java:137)
	at org.springframework.security.web.servletapi.SecurityContextHolderAwareRequestFilter.doFilter(SecurityContextHolderAwareRequestFilter.java:179)
	at org.springframework.security.web.ObservationFilterChainDecorator$ObservationFilter.wrapFilter(ObservationFilterChainDecorator.java:240)
	at org.springframework.security.web.ObservationFilterChainDecorator$ObservationFilter.doFilter(ObservationFilterChainDecorator.java:227)
	at org.springframework.security.web.ObservationFilterChainDecorator$VirtualFilterChain.doFilter(ObservationFilterChainDecorator.java:137)
	at org.springframework.security.web.savedrequest.RequestCacheAwareFilter.doFilter(RequestCacheAwareFilter.java:63)
	at org.springframework.security.web.ObservationFilterChainDecorator$ObservationFilter.wrapFilter(ObservationFilterChainDecorator.java:240)
	at org.springframework.security.web.ObservationFilterChainDecorator$ObservationFilter.doFilter(ObservationFilterChainDecorator.java:227)
	at org.springframework.security.web.ObservationFilterChainDecorator$VirtualFilterChain.doFilter(ObservationFilterChainDecorator.java:137)
	at org.springframework.security.oauth2.server.resource.web.authentication.BearerTokenAuthenticationFilter.doFilterInternal(BearerTokenAuthenticationFilter.java:145)
	at org.springframework.web.filter.OncePerRequestFilter.doFilter(OncePerRequestFilter.java:116)
	at org.springframework.security.web.ObservationFilterChainDecorator$ObservationFilter.wrapFilter(ObservationFilterChainDecorator.java:240)
	at org.springframework.security.web.ObservationFilterChainDecorator$ObservationFilter.doFilter(ObservationFilterChainDecorator.java:227)
	at org.springframework.security.web.ObservationFilterChainDecorator$VirtualFilterChain.doFilter(ObservationFilterChainDecorator.java:137)
	at org.springframework.security.web.authentication.logout.LogoutFilter.doFilter(LogoutFilter.java:107)
	at org.springframework.security.web.authentication.logout.LogoutFilter.doFilter(LogoutFilter.java:93)
	at org.springframework.security.web.ObservationFilterChainDecorator$ObservationFilter.wrapFilter(ObservationFilterChainDecorator.java:240)
	at org.springframework.security.web.ObservationFilterChainDecorator$ObservationFilter.doFilter(ObservationFilterChainDecorator.java:227)
	at org.springframework.security.web.ObservationFilterChainDecorator$VirtualFilterChain.doFilter(ObservationFilterChainDecorator.java:137)
	at org.springframework.web.filter.CorsFilter.doFilterInternal(CorsFilter.java:91)
	at org.springframework.web.filter.OncePerRequestFilter.doFilter(OncePerRequestFilter.java:116)
	at org.springframework.security.web.ObservationFilterChainDecorator$ObservationFilter.wrapFilter(ObservationFilterChainDecorator.java:240)
	at org.springframework.security.web.ObservationFilterChainDecorator$ObservationFilter.doFilter(ObservationFilterChainDecorator.java:227)
	at org.springframework.security.web.ObservationFilterChainDecorator$VirtualFilterChain.doFilter(ObservationFilterChainDecorator.java:137)
	at org.springframework.security.web.header.HeaderWriterFilter.doHeadersAfter(HeaderWriterFilter.java:90)
	at org.springframework.security.web.header.HeaderWriterFilter.doFilterInternal(HeaderWriterFilter.java:75)
	at org.springframework.web.filter.OncePerRequestFilter.doFilter(OncePerRequestFilter.java:116)
	at org.springframework.security.web.ObservationFilterChainDecorator$ObservationFilter.wrapFilter(ObservationFilterChainDecorator.java:240)
	at org.springframework.security.web.ObservationFilterChainDecorator$ObservationFilter.doFilter(ObservationFilterChainDecorator.java:227)
	at org.springframework.security.web.ObservationFilterChainDecorator$VirtualFilterChain.doFilter(ObservationFilterChainDecorator.java:137)
	at org.springframework.security.web.context.SecurityContextHolderFilter.doFilter(SecurityContextHolderFilter.java:82)
	at org.springframework.security.web.context.SecurityContextHolderFilter.doFilter(SecurityContextHolderFilter.java:69)
	at org.springframework.security.web.ObservationFilterChainDecorator$ObservationFilter.wrapFilter(ObservationFilterChainDecorator.java:240)
	at org.springframework.security.web.ObservationFilterChainDecorator$ObservationFilter.doFilter(ObservationFilterChainDecorator.java:227)
	at org.springframework.security.web.ObservationFilterChainDecorator$VirtualFilterChain.doFilter(ObservationFilterChainDecorator.java:137)
	at org.springframework.security.web.context.request.async.WebAsyncManagerIntegrationFilter.doFilterInternal(WebAsyncManagerIntegrationFilter.java:62)
	at org.springframework.web.filter.OncePerRequestFilter.doFilter(OncePerRequestFilter.java:116)
	at org.springframework.security.web.ObservationFilterChainDecorator$ObservationFilter.wrapFilter(ObservationFilterChainDecorator.java:240)
	at org.springframework.security.web.ObservationFilterChainDecorator$ObservationFilter.doFilter(ObservationFilterChainDecorator.java:227)
	at org.springframework.security.web.ObservationFilterChainDecorator$VirtualFilterChain.doFilter(ObservationFilterChainDecorator.java:137)
	at org.springframework.security.web.session.DisableEncodeUrlFilter.doFilterInternal(DisableEncodeUrlFilter.java:42)
	at org.springframework.web.filter.OncePerRequestFilter.doFilter(OncePerRequestFilter.java:116)
	at org.springframework.security.web.ObservationFilterChainDecorator$ObservationFilter.wrapFilter(ObservationFilterChainDecorator.java:240)
	at org.springframework.security.web.ObservationFilterChainDecorator$AroundFilterObservation$SimpleAroundFilterObservation.lambda$wrap$0(ObservationFilterChainDecorator.java:323)
	at org.springframework.security.web.ObservationFilterChainDecorator$ObservationFilter.doFilter(ObservationFilterChainDecorator.java:224)
	at org.springframework.security.web.ObservationFilterChainDecorator$VirtualFilterChain.doFilter(ObservationFilterChainDecorator.java:137)
	at org.springframework.security.web.FilterChainProxy.doFilterInternal(FilterChainProxy.java:233)
	at org.springframework.security.web.FilterChainProxy.doFilter(FilterChainProxy.java:191)
	at org.springframework.web.filter.DelegatingFilterProxy.invokeDelegate(DelegatingFilterProxy.java:352)
	at org.springframework.web.filter.DelegatingFilterProxy.doFilter(DelegatingFilterProxy.java:268)
	at org.apache.catalina.core.ApplicationFilterChain.internalDoFilter(ApplicationFilterChain.java:174)
	at org.apache.catalina.core.ApplicationFilterChain.doFilter(ApplicationFilterChain.java:149)
	at org.springframework.web.filter.RequestContextFilter.doFilterInternal(RequestContextFilter.java:100)
	at org.springframework.web.filter.OncePerRequestFilter.doFilter(OncePerRequestFilter.java:116)
	at org.apache.catalina.core.ApplicationFilterChain.internalDoFilter(ApplicationFilterChain.java:174)
	at org.apache.catalina.core.ApplicationFilterChain.doFilter(ApplicationFilterChain.java:149)
	at org.springframework.web.filter.FormContentFilter.doFilterInternal(FormContentFilter.java:93)
	at org.springframework.web.filter.OncePerRequestFilter.doFilter(OncePerRequestFilter.java:116)
	at org.apache.catalina.core.ApplicationFilterChain.internalDoFilter(ApplicationFilterChain.java:174)
	at org.apache.catalina.core.ApplicationFilterChain.doFilter(ApplicationFilterChain.java:149)
	at org.springframework.web.servlet.v6_0.OpenTelemetryHandlerMappingFilter.doFilter(OpenTelemetryHandlerMappingFilter.java:78)
	at org.apache.catalina.core.ApplicationFilterChain.internalDoFilter(ApplicationFilterChain.java:174)
	at org.apache.catalina.core.ApplicationFilterChain.doFilter(ApplicationFilterChain.java:149)
	at org.springframework.web.filter.ServerHttpObservationFilter.doFilterInternal(ServerHttpObservationFilter.java:109)
	at org.springframework.web.filter.OncePerRequestFilter.doFilter(OncePerRequestFilter.java:116)
	at org.apache.catalina.core.ApplicationFilterChain.internalDoFilter(ApplicationFilterChain.java:174)
	at org.apache.catalina.core.ApplicationFilterChain.doFilter(ApplicationFilterChain.java:149)
	at org.springframework.web.filter.CharacterEncodingFilter.doFilterInternal(CharacterEncodingFilter.java:201)
	at org.springframework.web.filter.OncePerRequestFilter.doFilter(OncePerRequestFilter.java:116)
	at org.apache.catalina.core.ApplicationFilterChain.internalDoFilter(ApplicationFilterChain.java:174)
	at org.apache.catalina.core.ApplicationFilterChain.doFilter(ApplicationFilterChain.java:149)
	at org.apache.catalina.core.StandardWrapperValve.invoke(StandardWrapperValve.java:167)
	at org.apache.catalina.core.StandardContextValve.invoke(StandardContextValve.java:90)
	at org.apache.catalina.authenticator.AuthenticatorBase.invoke(AuthenticatorBase.java:482)
	at org.apache.catalina.core.StandardHostValve.invoke(StandardHostValve.java:115)
	at org.apache.catalina.valves.ErrorReportValve.invoke(ErrorReportValve.java:93)
	at org.apache.catalina.core.StandardEngineValve.invoke(StandardEngineValve.java:74)
	at org.apache.catalina.connector.CoyoteAdapter.service(CoyoteAdapter.java:340)
	at org.apache.coyote.http11.Http11Processor.service(Http11Processor.java:391)
	at org.apache.coyote.AbstractProcessorLight.process(AbstractProcessorLight.java:63)
	at org.apache.coyote.AbstractProtocol$ConnectionHandler.process(AbstractProtocol.java:896)
	at org.apache.tomcat.util.net.NioEndpoint$SocketProcessor.doRun(NioEndpoint.java:1744)
	at org.apache.tomcat.util.net.SocketProcessorBase.run(SocketProcessorBase.java:52)
	at org.apache.tomcat.util.threads.ThreadPoolExecutor.runWorker(ThreadPoolExecutor.java:1191)
	at org.apache.tomcat.util.threads.ThreadPoolExecutor$Worker.run(ThreadPoolExecutor.java:659)
	at org.apache.tomcat.util.threads.TaskThread$WrappingRunnable.run(TaskThread.java:61)
	at java.base/java.lang.Thread.run(Thread.java:842)
2025-07-03 23:03:14.724 DEBUG [http-nio-8086-exec-4] o.s.web.client.RestTemplate [5ff63d5ab110144b042932e0dee20eda,3a62d81223be0814] - HTTP GET http://localhost:8180/realms/myrealm/protocol/openid-connect/certs
2025-07-03 23:03:14.726 DEBUG [http-nio-8086-exec-4] o.s.web.client.RestTemplate [5ff63d5ab110144b042932e0dee20eda,3a62d81223be0814] - Accept=[text/plain, application/json, application/*+json, */*]
2025-07-03 23:03:14.754 DEBUG [http-nio-8086-exec-4] o.s.web.client.RestTemplate [5ff63d5ab110144b042932e0dee20eda,3a62d81223be0814] - Response 200 OK
2025-07-03 23:03:14.755 DEBUG [http-nio-8086-exec-4] o.s.web.client.RestTemplate [5ff63d5ab110144b042932e0dee20eda,3a62d81223be0814] - Reading to [java.lang.String] as "application/json;charset=UTF-8"
2025-07-03 23:03:14.787 INFO  [http-nio-8086-exec-4] c.m.m.controller.MasterController [5ff63d5ab110144b042932e0dee20eda,3a62d81223be0814] - Received Master card registration request: CardRegistrationRequest(accountNumber=97045271637061603, cifCode=9704527163706, cardType=MASTER, customerName=null)
2025-07-03 23:03:14.788 INFO  [http-nio-8086-exec-4] c.m.m.service.impl.MasterServiceImpl [5ff63d5ab110144b042932e0dee20eda,3a62d81223be0814] - === RETRY ATTEMPT - Calling Master API for card registration: CardRegistrationRequest(accountNumber=97045271637061603, cifCode=9704527163706, cardType=MASTER, customerName=null) ===
2025-07-03 23:03:14.788 DEBUG [http-nio-8086-exec-4] c.m.m.service.impl.MasterServiceImpl [5ff63d5ab110144b042932e0dee20eda,3a62d81223be0814] - Method called with @Retry annotation - attempt will be tracked by Resilience4j
2025-07-03 23:03:14.789 DEBUG [http-nio-8086-exec-4] c.m.m.service.impl.MasterServiceImpl [5ff63d5ab110144b042932e0dee20eda,3a62d81223be0814] - Current thread: http-nio-8086-exec-4, Class: com.master.masterservice.service.impl.MasterServiceImpl
2025-07-03 23:03:14.790 DEBUG [http-nio-8086-exec-4] o.s.web.client.RestTemplate [5ff63d5ab110144b042932e0dee20eda,3a62d81223be0814] - HTTP POST http://localhost:8091/api/master/registration
2025-07-03 23:03:14.791 DEBUG [http-nio-8086-exec-4] o.s.web.client.RestTemplate [5ff63d5ab110144b042932e0dee20eda,3a62d81223be0814] - Accept=[application/json, application/*+json]
2025-07-03 23:03:14.792 DEBUG [http-nio-8086-exec-4] o.s.web.client.RestTemplate [5ff63d5ab110144b042932e0dee20eda,3a62d81223be0814] - Writing [CardRegistrationRequest(accountNumber=97045271637061603, cifCode=9704527163706, cardType=MASTER, customerName=null)] as "application/json"
2025-07-03 23:03:14.827 DEBUG [http-nio-8086-exec-4] o.s.web.client.RestTemplate [5ff63d5ab110144b042932e0dee20eda,3a62d81223be0814] - Response 500 INTERNAL_SERVER_ERROR
2025-07-03 23:03:14.831 ERROR [http-nio-8086-exec-4] c.m.m.service.impl.MasterServiceImpl [5ff63d5ab110144b042932e0dee20eda,3a62d81223be0814] - Server error calling Master API for account: 97045271637061603. Status: 500 INTERNAL_SERVER_ERROR, Error: 500 Server Error: "{<EOL><EOL>  "timestamp": "2025-06-25T09:00:00.000+07:00",<EOL><EOL>  "status": 500,<EOL><EOL>  "error": "Internal Server Error",<EOL><EOL>  "message": "Something went wrong on the server.",<EOL><EOL>  "path": "/api/master/registration"<EOL><EOL>}" - WILL RETRY
2025-07-03 23:03:14.832 INFO  [http-nio-8086-exec-4] c.m.masterservice.config.RetryConfig [5ff63d5ab110144b042932e0dee20eda,3a62d81223be0814] - === RETRY EVENT - Attempt #1 for: mastercard-registration ===
2025-07-03 23:03:15.344 INFO  [http-nio-8086-exec-4] c.m.m.service.impl.MasterServiceImpl [5ff63d5ab110144b042932e0dee20eda,3a62d81223be0814] - === RETRY ATTEMPT - Calling Master API for card registration: CardRegistrationRequest(accountNumber=97045271637061603, cifCode=9704527163706, cardType=MASTER, customerName=null) ===
2025-07-03 23:03:15.345 DEBUG [http-nio-8086-exec-4] c.m.m.service.impl.MasterServiceImpl [5ff63d5ab110144b042932e0dee20eda,3a62d81223be0814] - Method called with @Retry annotation - attempt will be tracked by Resilience4j
2025-07-03 23:03:15.345 DEBUG [http-nio-8086-exec-4] c.m.m.service.impl.MasterServiceImpl [5ff63d5ab110144b042932e0dee20eda,3a62d81223be0814] - Current thread: http-nio-8086-exec-4, Class: com.master.masterservice.service.impl.MasterServiceImpl
2025-07-03 23:03:15.346 DEBUG [http-nio-8086-exec-4] o.s.web.client.RestTemplate [5ff63d5ab110144b042932e0dee20eda,3a62d81223be0814] - HTTP POST http://localhost:8091/api/master/registration
2025-07-03 23:03:15.347 DEBUG [http-nio-8086-exec-4] o.s.web.client.RestTemplate [5ff63d5ab110144b042932e0dee20eda,3a62d81223be0814] - Accept=[application/json, application/*+json]
2025-07-03 23:03:15.347 DEBUG [http-nio-8086-exec-4] o.s.web.client.RestTemplate [5ff63d5ab110144b042932e0dee20eda,3a62d81223be0814] - Writing [CardRegistrationRequest(accountNumber=97045271637061603, cifCode=9704527163706, cardType=MASTER, customerName=null)] as "application/json"
2025-07-03 23:03:15.375 DEBUG [http-nio-8086-exec-4] o.s.web.client.RestTemplate [5ff63d5ab110144b042932e0dee20eda,3a62d81223be0814] - Response 500 INTERNAL_SERVER_ERROR
2025-07-03 23:03:15.377 ERROR [http-nio-8086-exec-4] c.m.m.service.impl.MasterServiceImpl [5ff63d5ab110144b042932e0dee20eda,3a62d81223be0814] - Server error calling Master API for account: 97045271637061603. Status: 500 INTERNAL_SERVER_ERROR, Error: 500 Server Error: "{<EOL><EOL>  "timestamp": "2025-06-25T09:00:00.000+07:00",<EOL><EOL>  "status": 500,<EOL><EOL>  "error": "Internal Server Error",<EOL><EOL>  "message": "Something went wrong on the server.",<EOL><EOL>  "path": "/api/master/registration"<EOL><EOL>}" - WILL RETRY
2025-07-03 23:03:15.379 INFO  [http-nio-8086-exec-4] c.m.masterservice.config.RetryConfig [5ff63d5ab110144b042932e0dee20eda,3a62d81223be0814] - === RETRY EVENT - Attempt #2 for: mastercard-registration ===
2025-07-03 23:03:15.884 INFO  [http-nio-8086-exec-4] c.m.m.service.impl.MasterServiceImpl [5ff63d5ab110144b042932e0dee20eda,3a62d81223be0814] - === RETRY ATTEMPT - Calling Master API for card registration: CardRegistrationRequest(accountNumber=97045271637061603, cifCode=9704527163706, cardType=MASTER, customerName=null) ===
2025-07-03 23:03:15.885 DEBUG [http-nio-8086-exec-4] c.m.m.service.impl.MasterServiceImpl [5ff63d5ab110144b042932e0dee20eda,3a62d81223be0814] - Method called with @Retry annotation - attempt will be tracked by Resilience4j
2025-07-03 23:03:15.886 DEBUG [http-nio-8086-exec-4] c.m.m.service.impl.MasterServiceImpl [5ff63d5ab110144b042932e0dee20eda,3a62d81223be0814] - Current thread: http-nio-8086-exec-4, Class: com.master.masterservice.service.impl.MasterServiceImpl
2025-07-03 23:03:15.890 DEBUG [http-nio-8086-exec-4] o.s.web.client.RestTemplate [5ff63d5ab110144b042932e0dee20eda,3a62d81223be0814] - HTTP POST http://localhost:8091/api/master/registration
2025-07-03 23:03:15.893 DEBUG [http-nio-8086-exec-4] o.s.web.client.RestTemplate [5ff63d5ab110144b042932e0dee20eda,3a62d81223be0814] - Accept=[application/json, application/*+json]
2025-07-03 23:03:15.894 DEBUG [http-nio-8086-exec-4] o.s.web.client.RestTemplate [5ff63d5ab110144b042932e0dee20eda,3a62d81223be0814] - Writing [CardRegistrationRequest(accountNumber=97045271637061603, cifCode=9704527163706, cardType=MASTER, customerName=null)] as "application/json"
2025-07-03 23:03:15.913 DEBUG [http-nio-8086-exec-4] o.s.web.client.RestTemplate [5ff63d5ab110144b042932e0dee20eda,3a62d81223be0814] - Response 500 INTERNAL_SERVER_ERROR
2025-07-03 23:03:15.915 ERROR [http-nio-8086-exec-4] c.m.m.service.impl.MasterServiceImpl [5ff63d5ab110144b042932e0dee20eda,3a62d81223be0814] - Server error calling Master API for account: 97045271637061603. Status: 500 INTERNAL_SERVER_ERROR, Error: 500 Server Error: "{<EOL><EOL>  "timestamp": "2025-06-25T09:00:00.000+07:00",<EOL><EOL>  "status": 500,<EOL><EOL>  "error": "Internal Server Error",<EOL><EOL>  "message": "Something went wrong on the server.",<EOL><EOL>  "path": "/api/master/registration"<EOL><EOL>}" - WILL RETRY
2025-07-03 23:03:15.916 ERROR [http-nio-8086-exec-4] c.m.masterservice.config.RetryConfig [5ff63d5ab110144b042932e0dee20eda,3a62d81223be0814] - === RETRY FAILED - After 3 attempts for: mastercard-registration, Last exception: 500 Server Error: "{<EOL><EOL>  "timestamp": "2025-06-25T09:00:00.000+07:00",<EOL><EOL>  "status": 500,<EOL><EOL>  "error": "Internal Server Error",<EOL><EOL>  "message": "Something went wrong on the server.",<EOL><EOL>  "path": "/api/master/registration"<EOL><EOL>}" ===
2025-07-03 23:03:15.918 ERROR [http-nio-8086-exec-4] c.m.m.service.impl.MasterServiceImpl [5ff63d5ab110144b042932e0dee20eda,3a62d81223be0814] - === FALLBACK TRIGGERED === Master registration failed for account: 97045271637061603 after all retry attempts. Error type: InternalServerError, Message: 500 Server Error: "{<EOL><EOL>  "timestamp": "2025-06-25T09:00:00.000+07:00",<EOL><EOL>  "status": 500,<EOL><EOL>  "error": "Internal Server Error",<EOL><EOL>  "message": "Something went wrong on the server.",<EOL><EOL>  "path": "/api/master/registration"<EOL><EOL>}"
2025-07-03 23:03:15.918 ERROR [http-nio-8086-exec-4] c.m.m.service.impl.MasterServiceImpl [5ff63d5ab110144b042932e0dee20eda,3a62d81223be0814] - Full exception trace:
org.springframework.web.client.HttpServerErrorException$InternalServerError: 500 Server Error: "{<EOL><EOL>  "timestamp": "2025-06-25T09:00:00.000+07:00",<EOL><EOL>  "status": 500,<EOL><EOL>  "error": "Internal Server Error",<EOL><EOL>  "message": "Something went wrong on the server.",<EOL><EOL>  "path": "/api/master/registration"<EOL><EOL>}"
	at org.springframework.web.client.HttpServerErrorException.create(HttpServerErrorException.java:102)
	at org.springframework.web.client.DefaultResponseErrorHandler.handleError(DefaultResponseErrorHandler.java:186)
	at org.springframework.web.client.DefaultResponseErrorHandler.handleError(DefaultResponseErrorHandler.java:137)
	at org.springframework.web.client.ResponseErrorHandler.handleError(ResponseErrorHandler.java:63)
	at org.springframework.web.client.RestTemplate.handleResponse(RestTemplate.java:932)
	at org.springframework.web.client.RestTemplate.doExecute(RestTemplate.java:881)
	at org.springframework.web.client.RestTemplate.execute(RestTemplate.java:781)
	at org.springframework.web.client.RestTemplate.postForEntity(RestTemplate.java:529)
	at com.master.masterservice.service.impl.MasterServiceImpl.registerCard(MasterServiceImpl.java:51)
	at jdk.internal.reflect.GeneratedMethodAccessor31.invoke(Unknown Source)
	at java.base/jdk.internal.reflect.DelegatingMethodAccessorImpl.invoke(DelegatingMethodAccessorImpl.java:43)
	at java.base/java.lang.reflect.Method.invoke(Method.java:568)
	at org.springframework.aop.support.AopUtils.invokeJoinpointUsingReflection(AopUtils.java:352)
	at org.springframework.aop.framework.ReflectiveMethodInvocation.invokeJoinpoint(ReflectiveMethodInvocation.java:196)
	at org.springframework.aop.framework.ReflectiveMethodInvocation.proceed(ReflectiveMethodInvocation.java:163)
	at org.springframework.aop.framework.CglibAopProxy$CglibMethodInvocation.proceed(CglibAopProxy.java:765)
	at org.springframework.aop.aspectj.MethodInvocationProceedingJoinPoint.proceed(MethodInvocationProceedingJoinPoint.java:89)
	at io.github.resilience4j.retry.Retry.lambda$decorateCheckedSupplier$1(Retry.java:135)
	at io.github.resilience4j.retry.Retry.executeCheckedSupplier(Retry.java:350)
	at io.github.resilience4j.spring6.retry.configure.RetryAspect.handleDefaultJoinPoint(RetryAspect.java:175)
	at io.github.resilience4j.spring6.retry.configure.RetryAspect.proceed(RetryAspect.java:132)
	at io.github.resilience4j.spring6.retry.configure.RetryAspect.lambda$retryAroundAdvice$0(RetryAspect.java:116)
	at io.github.resilience4j.spring6.fallback.DefaultFallbackDecorator.lambda$decorate$0(DefaultFallbackDecorator.java:36)
	at io.github.resilience4j.spring6.fallback.FallbackExecutor.execute(FallbackExecutor.java:39)
	at io.github.resilience4j.spring6.retry.configure.RetryAspect.retryAroundAdvice(RetryAspect.java:117)
	at java.base/jdk.internal.reflect.NativeMethodAccessorImpl.invoke0(Native Method)
	at java.base/jdk.internal.reflect.NativeMethodAccessorImpl.invoke(NativeMethodAccessorImpl.java:77)
	at java.base/jdk.internal.reflect.DelegatingMethodAccessorImpl.invoke(DelegatingMethodAccessorImpl.java:43)
	at java.base/java.lang.reflect.Method.invoke(Method.java:568)
	at org.springframework.aop.aspectj.AbstractAspectJAdvice.invokeAdviceMethodWithGivenArgs(AbstractAspectJAdvice.java:637)
	at org.springframework.aop.aspectj.AbstractAspectJAdvice.invokeAdviceMethod(AbstractAspectJAdvice.java:627)
	at org.springframework.aop.aspectj.AspectJAroundAdvice.invoke(AspectJAroundAdvice.java:71)
	at org.springframework.aop.framework.ReflectiveMethodInvocation.proceed(ReflectiveMethodInvocation.java:173)
	at org.springframework.aop.framework.CglibAopProxy$CglibMethodInvocation.proceed(CglibAopProxy.java:765)
	at org.springframework.aop.interceptor.ExposeInvocationInterceptor.invoke(ExposeInvocationInterceptor.java:97)
	at org.springframework.aop.framework.ReflectiveMethodInvocation.proceed(ReflectiveMethodInvocation.java:184)
	at org.springframework.aop.framework.CglibAopProxy$CglibMethodInvocation.proceed(CglibAopProxy.java:765)
	at org.springframework.aop.framework.CglibAopProxy$DynamicAdvisedInterceptor.intercept(CglibAopProxy.java:717)
	at com.master.masterservice.service.impl.MasterServiceImpl$$SpringCGLIB$$0.registerCard(<generated>)
	at com.master.masterservice.controller.MasterController.registerCard(MasterController.java:25)
	at java.base/jdk.internal.reflect.NativeMethodAccessorImpl.invoke0(Native Method)
	at java.base/jdk.internal.reflect.NativeMethodAccessorImpl.invoke(NativeMethodAccessorImpl.java:77)
	at java.base/jdk.internal.reflect.DelegatingMethodAccessorImpl.invoke(DelegatingMethodAccessorImpl.java:43)
	at java.base/java.lang.reflect.Method.invoke(Method.java:568)
	at org.springframework.web.method.support.InvocableHandlerMethod.doInvoke(InvocableHandlerMethod.java:254)
	at org.springframework.web.method.support.InvocableHandlerMethod.invokeForRequest(InvocableHandlerMethod.java:182)
	at org.springframework.web.servlet.mvc.method.annotation.ServletInvocableHandlerMethod.invokeAndHandle(ServletInvocableHandlerMethod.java:118)
	at org.springframework.web.servlet.mvc.method.annotation.RequestMappingHandlerAdapter.invokeHandlerMethod(RequestMappingHandlerAdapter.java:917)
	at org.springframework.web.servlet.mvc.method.annotation.RequestMappingHandlerAdapter.handleInternal(RequestMappingHandlerAdapter.java:829)
	at org.springframework.web.servlet.mvc.method.AbstractHandlerMethodAdapter.handle(AbstractHandlerMethodAdapter.java:87)
	at org.springframework.web.servlet.DispatcherServlet.doDispatch(DispatcherServlet.java:1089)
	at org.springframework.web.servlet.DispatcherServlet.doService(DispatcherServlet.java:979)
	at org.springframework.web.servlet.FrameworkServlet.processRequest(FrameworkServlet.java:1014)
	at org.springframework.web.servlet.FrameworkServlet.doPost(FrameworkServlet.java:914)
	at jakarta.servlet.http.HttpServlet.service(HttpServlet.java:590)
	at org.springframework.web.servlet.FrameworkServlet.service(FrameworkServlet.java:885)
	at jakarta.servlet.http.HttpServlet.service(HttpServlet.java:658)
	at org.apache.catalina.core.ApplicationFilterChain.internalDoFilter(ApplicationFilterChain.java:205)
	at org.apache.catalina.core.ApplicationFilterChain.doFilter(ApplicationFilterChain.java:149)
	at org.apache.tomcat.websocket.server.WsFilter.doFilter(WsFilter.java:51)
	at org.apache.catalina.core.ApplicationFilterChain.internalDoFilter(ApplicationFilterChain.java:174)
	at org.apache.catalina.core.ApplicationFilterChain.doFilter(ApplicationFilterChain.java:149)
	at org.springframework.security.web.FilterChainProxy.lambda$doFilterInternal$3(FilterChainProxy.java:231)
	at org.springframework.security.web.ObservationFilterChainDecorator$FilterObservation$SimpleFilterObservation.lambda$wrap$1(ObservationFilterChainDecorator.java:479)
	at org.springframework.security.web.ObservationFilterChainDecorator$AroundFilterObservation$SimpleAroundFilterObservation.lambda$wrap$1(ObservationFilterChainDecorator.java:340)
	at org.springframework.security.web.ObservationFilterChainDecorator.lambda$wrapSecured$0(ObservationFilterChainDecorator.java:82)
	at org.springframework.security.web.ObservationFilterChainDecorator$VirtualFilterChain.doFilter(ObservationFilterChainDecorator.java:128)
	at org.springframework.security.web.access.intercept.AuthorizationFilter.doFilter(AuthorizationFilter.java:100)
	at org.springframework.security.web.ObservationFilterChainDecorator$ObservationFilter.wrapFilter(ObservationFilterChainDecorator.java:240)
	at org.springframework.security.web.ObservationFilterChainDecorator$ObservationFilter.doFilter(ObservationFilterChainDecorator.java:227)
	at org.springframework.security.web.ObservationFilterChainDecorator$VirtualFilterChain.doFilter(ObservationFilterChainDecorator.java:137)
	at org.springframework.security.web.access.ExceptionTranslationFilter.doFilter(ExceptionTranslationFilter.java:126)
	at org.springframework.security.web.access.ExceptionTranslationFilter.doFilter(ExceptionTranslationFilter.java:120)
	at org.springframework.security.web.ObservationFilterChainDecorator$ObservationFilter.wrapFilter(ObservationFilterChainDecorator.java:240)
	at org.springframework.security.web.ObservationFilterChainDecorator$ObservationFilter.doFilter(ObservationFilterChainDecorator.java:227)
	at org.springframework.security.web.ObservationFilterChainDecorator$VirtualFilterChain.doFilter(ObservationFilterChainDecorator.java:137)
	at org.springframework.security.web.session.SessionManagementFilter.doFilter(SessionManagementFilter.java:131)
	at org.springframework.security.web.session.SessionManagementFilter.doFilter(SessionManagementFilter.java:85)
	at org.springframework.security.web.ObservationFilterChainDecorator$ObservationFilter.wrapFilter(ObservationFilterChainDecorator.java:240)
	at org.springframework.security.web.ObservationFilterChainDecorator$ObservationFilter.doFilter(ObservationFilterChainDecorator.java:227)
	at org.springframework.security.web.ObservationFilterChainDecorator$VirtualFilterChain.doFilter(ObservationFilterChainDecorator.java:137)
	at org.springframework.security.web.authentication.AnonymousAuthenticationFilter.doFilter(AnonymousAuthenticationFilter.java:100)
	at org.springframework.security.web.ObservationFilterChainDecorator$ObservationFilter.wrapFilter(ObservationFilterChainDecorator.java:240)
	at org.springframework.security.web.ObservationFilterChainDecorator$ObservationFilter.doFilter(ObservationFilterChainDecorator.java:227)
	at org.springframework.security.web.ObservationFilterChainDecorator$VirtualFilterChain.doFilter(ObservationFilterChainDecorator.java:137)
	at org.springframework.security.web.servletapi.SecurityContextHolderAwareRequestFilter.doFilter(SecurityContextHolderAwareRequestFilter.java:179)
	at org.springframework.security.web.ObservationFilterChainDecorator$ObservationFilter.wrapFilter(ObservationFilterChainDecorator.java:240)
	at org.springframework.security.web.ObservationFilterChainDecorator$ObservationFilter.doFilter(ObservationFilterChainDecorator.java:227)
	at org.springframework.security.web.ObservationFilterChainDecorator$VirtualFilterChain.doFilter(ObservationFilterChainDecorator.java:137)
	at org.springframework.security.web.savedrequest.RequestCacheAwareFilter.doFilter(RequestCacheAwareFilter.java:63)
	at org.springframework.security.web.ObservationFilterChainDecorator$ObservationFilter.wrapFilter(ObservationFilterChainDecorator.java:240)
	at org.springframework.security.web.ObservationFilterChainDecorator$ObservationFilter.doFilter(ObservationFilterChainDecorator.java:227)
	at org.springframework.security.web.ObservationFilterChainDecorator$VirtualFilterChain.doFilter(ObservationFilterChainDecorator.java:137)
	at org.springframework.security.oauth2.server.resource.web.authentication.BearerTokenAuthenticationFilter.doFilterInternal(BearerTokenAuthenticationFilter.java:145)
	at org.springframework.web.filter.OncePerRequestFilter.doFilter(OncePerRequestFilter.java:116)
	at org.springframework.security.web.ObservationFilterChainDecorator$ObservationFilter.wrapFilter(ObservationFilterChainDecorator.java:240)
	at org.springframework.security.web.ObservationFilterChainDecorator$ObservationFilter.doFilter(ObservationFilterChainDecorator.java:227)
	at org.springframework.security.web.ObservationFilterChainDecorator$VirtualFilterChain.doFilter(ObservationFilterChainDecorator.java:137)
	at org.springframework.security.web.authentication.logout.LogoutFilter.doFilter(LogoutFilter.java:107)
	at org.springframework.security.web.authentication.logout.LogoutFilter.doFilter(LogoutFilter.java:93)
	at org.springframework.security.web.ObservationFilterChainDecorator$ObservationFilter.wrapFilter(ObservationFilterChainDecorator.java:240)
	at org.springframework.security.web.ObservationFilterChainDecorator$ObservationFilter.doFilter(ObservationFilterChainDecorator.java:227)
	at org.springframework.security.web.ObservationFilterChainDecorator$VirtualFilterChain.doFilter(ObservationFilterChainDecorator.java:137)
	at org.springframework.web.filter.CorsFilter.doFilterInternal(CorsFilter.java:91)
	at org.springframework.web.filter.OncePerRequestFilter.doFilter(OncePerRequestFilter.java:116)
	at org.springframework.security.web.ObservationFilterChainDecorator$ObservationFilter.wrapFilter(ObservationFilterChainDecorator.java:240)
	at org.springframework.security.web.ObservationFilterChainDecorator$ObservationFilter.doFilter(ObservationFilterChainDecorator.java:227)
	at org.springframework.security.web.ObservationFilterChainDecorator$VirtualFilterChain.doFilter(ObservationFilterChainDecorator.java:137)
	at org.springframework.security.web.header.HeaderWriterFilter.doHeadersAfter(HeaderWriterFilter.java:90)
	at org.springframework.security.web.header.HeaderWriterFilter.doFilterInternal(HeaderWriterFilter.java:75)
	at org.springframework.web.filter.OncePerRequestFilter.doFilter(OncePerRequestFilter.java:116)
	at org.springframework.security.web.ObservationFilterChainDecorator$ObservationFilter.wrapFilter(ObservationFilterChainDecorator.java:240)
	at org.springframework.security.web.ObservationFilterChainDecorator$ObservationFilter.doFilter(ObservationFilterChainDecorator.java:227)
	at org.springframework.security.web.ObservationFilterChainDecorator$VirtualFilterChain.doFilter(ObservationFilterChainDecorator.java:137)
	at org.springframework.security.web.context.SecurityContextHolderFilter.doFilter(SecurityContextHolderFilter.java:82)
	at org.springframework.security.web.context.SecurityContextHolderFilter.doFilter(SecurityContextHolderFilter.java:69)
	at org.springframework.security.web.ObservationFilterChainDecorator$ObservationFilter.wrapFilter(ObservationFilterChainDecorator.java:240)
	at org.springframework.security.web.ObservationFilterChainDecorator$ObservationFilter.doFilter(ObservationFilterChainDecorator.java:227)
	at org.springframework.security.web.ObservationFilterChainDecorator$VirtualFilterChain.doFilter(ObservationFilterChainDecorator.java:137)
	at org.springframework.security.web.context.request.async.WebAsyncManagerIntegrationFilter.doFilterInternal(WebAsyncManagerIntegrationFilter.java:62)
	at org.springframework.web.filter.OncePerRequestFilter.doFilter(OncePerRequestFilter.java:116)
	at org.springframework.security.web.ObservationFilterChainDecorator$ObservationFilter.wrapFilter(ObservationFilterChainDecorator.java:240)
	at org.springframework.security.web.ObservationFilterChainDecorator$ObservationFilter.doFilter(ObservationFilterChainDecorator.java:227)
	at org.springframework.security.web.ObservationFilterChainDecorator$VirtualFilterChain.doFilter(ObservationFilterChainDecorator.java:137)
	at org.springframework.security.web.session.DisableEncodeUrlFilter.doFilterInternal(DisableEncodeUrlFilter.java:42)
	at org.springframework.web.filter.OncePerRequestFilter.doFilter(OncePerRequestFilter.java:116)
	at org.springframework.security.web.ObservationFilterChainDecorator$ObservationFilter.wrapFilter(ObservationFilterChainDecorator.java:240)
	at org.springframework.security.web.ObservationFilterChainDecorator$AroundFilterObservation$SimpleAroundFilterObservation.lambda$wrap$0(ObservationFilterChainDecorator.java:323)
	at org.springframework.security.web.ObservationFilterChainDecorator$ObservationFilter.doFilter(ObservationFilterChainDecorator.java:224)
	at org.springframework.security.web.ObservationFilterChainDecorator$VirtualFilterChain.doFilter(ObservationFilterChainDecorator.java:137)
	at org.springframework.security.web.FilterChainProxy.doFilterInternal(FilterChainProxy.java:233)
	at org.springframework.security.web.FilterChainProxy.doFilter(FilterChainProxy.java:191)
	at org.springframework.web.filter.DelegatingFilterProxy.invokeDelegate(DelegatingFilterProxy.java:352)
	at org.springframework.web.filter.DelegatingFilterProxy.doFilter(DelegatingFilterProxy.java:268)
	at org.apache.catalina.core.ApplicationFilterChain.internalDoFilter(ApplicationFilterChain.java:174)
	at org.apache.catalina.core.ApplicationFilterChain.doFilter(ApplicationFilterChain.java:149)
	at org.springframework.web.filter.RequestContextFilter.doFilterInternal(RequestContextFilter.java:100)
	at org.springframework.web.filter.OncePerRequestFilter.doFilter(OncePerRequestFilter.java:116)
	at org.apache.catalina.core.ApplicationFilterChain.internalDoFilter(ApplicationFilterChain.java:174)
	at org.apache.catalina.core.ApplicationFilterChain.doFilter(ApplicationFilterChain.java:149)
	at org.springframework.web.filter.FormContentFilter.doFilterInternal(FormContentFilter.java:93)
	at org.springframework.web.filter.OncePerRequestFilter.doFilter(OncePerRequestFilter.java:116)
	at org.apache.catalina.core.ApplicationFilterChain.internalDoFilter(ApplicationFilterChain.java:174)
	at org.apache.catalina.core.ApplicationFilterChain.doFilter(ApplicationFilterChain.java:149)
	at org.springframework.web.servlet.v6_0.OpenTelemetryHandlerMappingFilter.doFilter(OpenTelemetryHandlerMappingFilter.java:78)
	at org.apache.catalina.core.ApplicationFilterChain.internalDoFilter(ApplicationFilterChain.java:174)
	at org.apache.catalina.core.ApplicationFilterChain.doFilter(ApplicationFilterChain.java:149)
	at org.springframework.web.filter.ServerHttpObservationFilter.doFilterInternal(ServerHttpObservationFilter.java:109)
	at org.springframework.web.filter.OncePerRequestFilter.doFilter(OncePerRequestFilter.java:116)
	at org.apache.catalina.core.ApplicationFilterChain.internalDoFilter(ApplicationFilterChain.java:174)
	at org.apache.catalina.core.ApplicationFilterChain.doFilter(ApplicationFilterChain.java:149)
	at org.springframework.web.filter.CharacterEncodingFilter.doFilterInternal(CharacterEncodingFilter.java:201)
	at org.springframework.web.filter.OncePerRequestFilter.doFilter(OncePerRequestFilter.java:116)
	at org.apache.catalina.core.ApplicationFilterChain.internalDoFilter(ApplicationFilterChain.java:174)
	at org.apache.catalina.core.ApplicationFilterChain.doFilter(ApplicationFilterChain.java:149)
	at org.apache.catalina.core.StandardWrapperValve.invoke(StandardWrapperValve.java:167)
	at org.apache.catalina.core.StandardContextValve.invoke(StandardContextValve.java:90)
	at org.apache.catalina.authenticator.AuthenticatorBase.invoke(AuthenticatorBase.java:482)
	at org.apache.catalina.core.StandardHostValve.invoke(StandardHostValve.java:115)
	at org.apache.catalina.valves.ErrorReportValve.invoke(ErrorReportValve.java:93)
	at org.apache.catalina.core.StandardEngineValve.invoke(StandardEngineValve.java:74)
	at org.apache.catalina.connector.CoyoteAdapter.service(CoyoteAdapter.java:340)
	at org.apache.coyote.http11.Http11Processor.service(Http11Processor.java:391)
	at org.apache.coyote.AbstractProcessorLight.process(AbstractProcessorLight.java:63)
	at org.apache.coyote.AbstractProtocol$ConnectionHandler.process(AbstractProtocol.java:896)
	at org.apache.tomcat.util.net.NioEndpoint$SocketProcessor.doRun(NioEndpoint.java:1744)
	at org.apache.tomcat.util.net.SocketProcessorBase.run(SocketProcessorBase.java:52)
	at org.apache.tomcat.util.threads.ThreadPoolExecutor.runWorker(ThreadPoolExecutor.java:1191)
	at org.apache.tomcat.util.threads.ThreadPoolExecutor$Worker.run(ThreadPoolExecutor.java:659)
	at org.apache.tomcat.util.threads.TaskThread$WrappingRunnable.run(TaskThread.java:61)
	at java.base/java.lang.Thread.run(Thread.java:842)
2025-07-03 23:07:20.722 INFO  [http-nio-8086-exec-6] c.m.m.controller.MasterController [53377aedddb0fba0f9bb9d37d38326c6,f9b48c43edbdc079] - Received Master card registration request: CardRegistrationRequest(accountNumber=97045271637061988, cifCode=9704527163706, cardType=MASTER, customerName=null)
2025-07-03 23:07:20.724 INFO  [http-nio-8086-exec-6] c.m.m.service.impl.MasterServiceImpl [53377aedddb0fba0f9bb9d37d38326c6,f9b48c43edbdc079] - === RETRY ATTEMPT - Calling Master API for card registration: CardRegistrationRequest(accountNumber=97045271637061988, cifCode=9704527163706, cardType=MASTER, customerName=null) ===
2025-07-03 23:07:20.724 DEBUG [http-nio-8086-exec-6] c.m.m.service.impl.MasterServiceImpl [53377aedddb0fba0f9bb9d37d38326c6,f9b48c43edbdc079] - Method called with @Retry annotation - attempt will be tracked by Resilience4j
2025-07-03 23:07:20.724 DEBUG [http-nio-8086-exec-6] c.m.m.service.impl.MasterServiceImpl [53377aedddb0fba0f9bb9d37d38326c6,f9b48c43edbdc079] - Current thread: http-nio-8086-exec-6, Class: com.master.masterservice.service.impl.MasterServiceImpl
2025-07-03 23:07:20.725 DEBUG [http-nio-8086-exec-6] o.s.web.client.RestTemplate [53377aedddb0fba0f9bb9d37d38326c6,f9b48c43edbdc079] - HTTP POST http://localhost:8091/api/master/registration
2025-07-03 23:07:20.726 DEBUG [http-nio-8086-exec-6] o.s.web.client.RestTemplate [53377aedddb0fba0f9bb9d37d38326c6,f9b48c43edbdc079] - Accept=[application/json, application/*+json]
2025-07-03 23:07:20.727 DEBUG [http-nio-8086-exec-6] o.s.web.client.RestTemplate [53377aedddb0fba0f9bb9d37d38326c6,f9b48c43edbdc079] - Writing [CardRegistrationRequest(accountNumber=97045271637061988, cifCode=9704527163706, cardType=MASTER, customerName=null)] as "application/json"
2025-07-03 23:07:20.760 DEBUG [http-nio-8086-exec-6] o.s.web.client.RestTemplate [53377aedddb0fba0f9bb9d37d38326c6,f9b48c43edbdc079] - Response 500 INTERNAL_SERVER_ERROR
2025-07-03 23:07:20.764 ERROR [http-nio-8086-exec-6] c.m.m.service.impl.MasterServiceImpl [53377aedddb0fba0f9bb9d37d38326c6,f9b48c43edbdc079] - Server error calling Master API for account: 97045271637061988. Status: 500 INTERNAL_SERVER_ERROR, Error: 500 Server Error: "{<EOL><EOL>  "timestamp": "2025-06-25T09:00:00.000+07:00",<EOL><EOL>  "status": 500,<EOL><EOL>  "error": "Internal Server Error",<EOL><EOL>  "message": "Something went wrong on the server.",<EOL><EOL>  "path": "/api/master/registration"<EOL><EOL>}" - WILL RETRY
2025-07-03 23:07:20.765 INFO  [http-nio-8086-exec-6] c.m.masterservice.config.RetryConfig [53377aedddb0fba0f9bb9d37d38326c6,f9b48c43edbdc079] - === RETRY EVENT - Attempt #1 for: mastercard-registration ===
2025-07-03 23:07:21.271 INFO  [http-nio-8086-exec-6] c.m.m.service.impl.MasterServiceImpl [53377aedddb0fba0f9bb9d37d38326c6,f9b48c43edbdc079] - === RETRY ATTEMPT - Calling Master API for card registration: CardRegistrationRequest(accountNumber=97045271637061988, cifCode=9704527163706, cardType=MASTER, customerName=null) ===
2025-07-03 23:07:21.272 DEBUG [http-nio-8086-exec-6] c.m.m.service.impl.MasterServiceImpl [53377aedddb0fba0f9bb9d37d38326c6,f9b48c43edbdc079] - Method called with @Retry annotation - attempt will be tracked by Resilience4j
2025-07-03 23:07:21.272 DEBUG [http-nio-8086-exec-6] c.m.m.service.impl.MasterServiceImpl [53377aedddb0fba0f9bb9d37d38326c6,f9b48c43edbdc079] - Current thread: http-nio-8086-exec-6, Class: com.master.masterservice.service.impl.MasterServiceImpl
2025-07-03 23:07:21.273 DEBUG [http-nio-8086-exec-6] o.s.web.client.RestTemplate [53377aedddb0fba0f9bb9d37d38326c6,f9b48c43edbdc079] - HTTP POST http://localhost:8091/api/master/registration
2025-07-03 23:07:21.274 DEBUG [http-nio-8086-exec-6] o.s.web.client.RestTemplate [53377aedddb0fba0f9bb9d37d38326c6,f9b48c43edbdc079] - Accept=[application/json, application/*+json]
2025-07-03 23:07:21.275 DEBUG [http-nio-8086-exec-6] o.s.web.client.RestTemplate [53377aedddb0fba0f9bb9d37d38326c6,f9b48c43edbdc079] - Writing [CardRegistrationRequest(accountNumber=97045271637061988, cifCode=9704527163706, cardType=MASTER, customerName=null)] as "application/json"
2025-07-03 23:07:21.311 DEBUG [http-nio-8086-exec-6] o.s.web.client.RestTemplate [53377aedddb0fba0f9bb9d37d38326c6,f9b48c43edbdc079] - Response 500 INTERNAL_SERVER_ERROR
2025-07-03 23:07:21.313 ERROR [http-nio-8086-exec-6] c.m.m.service.impl.MasterServiceImpl [53377aedddb0fba0f9bb9d37d38326c6,f9b48c43edbdc079] - Server error calling Master API for account: 97045271637061988. Status: 500 INTERNAL_SERVER_ERROR, Error: 500 Server Error: "{<EOL><EOL>  "timestamp": "2025-06-25T09:00:00.000+07:00",<EOL><EOL>  "status": 500,<EOL><EOL>  "error": "Internal Server Error",<EOL><EOL>  "message": "Something went wrong on the server.",<EOL><EOL>  "path": "/api/master/registration"<EOL><EOL>}" - WILL RETRY
2025-07-03 23:07:21.314 INFO  [http-nio-8086-exec-6] c.m.masterservice.config.RetryConfig [53377aedddb0fba0f9bb9d37d38326c6,f9b48c43edbdc079] - === RETRY EVENT - Attempt #2 for: mastercard-registration ===
2025-07-03 23:07:21.815 INFO  [http-nio-8086-exec-6] c.m.m.service.impl.MasterServiceImpl [53377aedddb0fba0f9bb9d37d38326c6,f9b48c43edbdc079] - === RETRY ATTEMPT - Calling Master API for card registration: CardRegistrationRequest(accountNumber=97045271637061988, cifCode=9704527163706, cardType=MASTER, customerName=null) ===
2025-07-03 23:07:21.817 DEBUG [http-nio-8086-exec-6] c.m.m.service.impl.MasterServiceImpl [53377aedddb0fba0f9bb9d37d38326c6,f9b48c43edbdc079] - Method called with @Retry annotation - attempt will be tracked by Resilience4j
2025-07-03 23:07:21.818 DEBUG [http-nio-8086-exec-6] c.m.m.service.impl.MasterServiceImpl [53377aedddb0fba0f9bb9d37d38326c6,f9b48c43edbdc079] - Current thread: http-nio-8086-exec-6, Class: com.master.masterservice.service.impl.MasterServiceImpl
2025-07-03 23:07:21.820 DEBUG [http-nio-8086-exec-6] o.s.web.client.RestTemplate [53377aedddb0fba0f9bb9d37d38326c6,f9b48c43edbdc079] - HTTP POST http://localhost:8091/api/master/registration
2025-07-03 23:07:21.821 DEBUG [http-nio-8086-exec-6] o.s.web.client.RestTemplate [53377aedddb0fba0f9bb9d37d38326c6,f9b48c43edbdc079] - Accept=[application/json, application/*+json]
2025-07-03 23:07:21.821 DEBUG [http-nio-8086-exec-6] o.s.web.client.RestTemplate [53377aedddb0fba0f9bb9d37d38326c6,f9b48c43edbdc079] - Writing [CardRegistrationRequest(accountNumber=97045271637061988, cifCode=9704527163706, cardType=MASTER, customerName=null)] as "application/json"
2025-07-03 23:07:21.884 DEBUG [http-nio-8086-exec-6] o.s.web.client.RestTemplate [53377aedddb0fba0f9bb9d37d38326c6,f9b48c43edbdc079] - Response 500 INTERNAL_SERVER_ERROR
2025-07-03 23:07:21.889 ERROR [http-nio-8086-exec-6] c.m.m.service.impl.MasterServiceImpl [53377aedddb0fba0f9bb9d37d38326c6,f9b48c43edbdc079] - Server error calling Master API for account: 97045271637061988. Status: 500 INTERNAL_SERVER_ERROR, Error: 500 Server Error: "{<EOL><EOL>  "timestamp": "2025-06-25T09:00:00.000+07:00",<EOL><EOL>  "status": 500,<EOL><EOL>  "error": "Internal Server Error",<EOL><EOL>  "message": "Something went wrong on the server.",<EOL><EOL>  "path": "/api/master/registration"<EOL><EOL>}" - WILL RETRY
2025-07-03 23:07:21.889 ERROR [http-nio-8086-exec-6] c.m.masterservice.config.RetryConfig [53377aedddb0fba0f9bb9d37d38326c6,f9b48c43edbdc079] - === RETRY FAILED - After 3 attempts for: mastercard-registration, Last exception: 500 Server Error: "{<EOL><EOL>  "timestamp": "2025-06-25T09:00:00.000+07:00",<EOL><EOL>  "status": 500,<EOL><EOL>  "error": "Internal Server Error",<EOL><EOL>  "message": "Something went wrong on the server.",<EOL><EOL>  "path": "/api/master/registration"<EOL><EOL>}" ===
2025-07-03 23:07:21.890 ERROR [http-nio-8086-exec-6] c.m.m.service.impl.MasterServiceImpl [53377aedddb0fba0f9bb9d37d38326c6,f9b48c43edbdc079] - === FALLBACK TRIGGERED === Master registration failed for account: 97045271637061988 after all retry attempts. Error type: InternalServerError, Message: 500 Server Error: "{<EOL><EOL>  "timestamp": "2025-06-25T09:00:00.000+07:00",<EOL><EOL>  "status": 500,<EOL><EOL>  "error": "Internal Server Error",<EOL><EOL>  "message": "Something went wrong on the server.",<EOL><EOL>  "path": "/api/master/registration"<EOL><EOL>}"
2025-07-03 23:07:21.891 ERROR [http-nio-8086-exec-6] c.m.m.service.impl.MasterServiceImpl [53377aedddb0fba0f9bb9d37d38326c6,f9b48c43edbdc079] - Full exception trace:
org.springframework.web.client.HttpServerErrorException$InternalServerError: 500 Server Error: "{<EOL><EOL>  "timestamp": "2025-06-25T09:00:00.000+07:00",<EOL><EOL>  "status": 500,<EOL><EOL>  "error": "Internal Server Error",<EOL><EOL>  "message": "Something went wrong on the server.",<EOL><EOL>  "path": "/api/master/registration"<EOL><EOL>}"
	at org.springframework.web.client.HttpServerErrorException.create(HttpServerErrorException.java:102)
	at org.springframework.web.client.DefaultResponseErrorHandler.handleError(DefaultResponseErrorHandler.java:186)
	at org.springframework.web.client.DefaultResponseErrorHandler.handleError(DefaultResponseErrorHandler.java:137)
	at org.springframework.web.client.ResponseErrorHandler.handleError(ResponseErrorHandler.java:63)
	at org.springframework.web.client.RestTemplate.handleResponse(RestTemplate.java:932)
	at org.springframework.web.client.RestTemplate.doExecute(RestTemplate.java:881)
	at org.springframework.web.client.RestTemplate.execute(RestTemplate.java:781)
	at org.springframework.web.client.RestTemplate.postForEntity(RestTemplate.java:529)
	at com.master.masterservice.service.impl.MasterServiceImpl.registerCard(MasterServiceImpl.java:51)
	at jdk.internal.reflect.GeneratedMethodAccessor31.invoke(Unknown Source)
	at java.base/jdk.internal.reflect.DelegatingMethodAccessorImpl.invoke(DelegatingMethodAccessorImpl.java:43)
	at java.base/java.lang.reflect.Method.invoke(Method.java:568)
	at org.springframework.aop.support.AopUtils.invokeJoinpointUsingReflection(AopUtils.java:352)
	at org.springframework.aop.framework.ReflectiveMethodInvocation.invokeJoinpoint(ReflectiveMethodInvocation.java:196)
	at org.springframework.aop.framework.ReflectiveMethodInvocation.proceed(ReflectiveMethodInvocation.java:163)
	at org.springframework.aop.framework.CglibAopProxy$CglibMethodInvocation.proceed(CglibAopProxy.java:765)
	at org.springframework.aop.aspectj.MethodInvocationProceedingJoinPoint.proceed(MethodInvocationProceedingJoinPoint.java:89)
	at io.github.resilience4j.retry.Retry.lambda$decorateCheckedSupplier$1(Retry.java:135)
	at io.github.resilience4j.retry.Retry.executeCheckedSupplier(Retry.java:350)
	at io.github.resilience4j.spring6.retry.configure.RetryAspect.handleDefaultJoinPoint(RetryAspect.java:175)
	at io.github.resilience4j.spring6.retry.configure.RetryAspect.proceed(RetryAspect.java:132)
	at io.github.resilience4j.spring6.retry.configure.RetryAspect.lambda$retryAroundAdvice$0(RetryAspect.java:116)
	at io.github.resilience4j.spring6.fallback.DefaultFallbackDecorator.lambda$decorate$0(DefaultFallbackDecorator.java:36)
	at io.github.resilience4j.spring6.fallback.FallbackExecutor.execute(FallbackExecutor.java:39)
	at io.github.resilience4j.spring6.retry.configure.RetryAspect.retryAroundAdvice(RetryAspect.java:117)
	at java.base/jdk.internal.reflect.NativeMethodAccessorImpl.invoke0(Native Method)
	at java.base/jdk.internal.reflect.NativeMethodAccessorImpl.invoke(NativeMethodAccessorImpl.java:77)
	at java.base/jdk.internal.reflect.DelegatingMethodAccessorImpl.invoke(DelegatingMethodAccessorImpl.java:43)
	at java.base/java.lang.reflect.Method.invoke(Method.java:568)
	at org.springframework.aop.aspectj.AbstractAspectJAdvice.invokeAdviceMethodWithGivenArgs(AbstractAspectJAdvice.java:637)
	at org.springframework.aop.aspectj.AbstractAspectJAdvice.invokeAdviceMethod(AbstractAspectJAdvice.java:627)
	at org.springframework.aop.aspectj.AspectJAroundAdvice.invoke(AspectJAroundAdvice.java:71)
	at org.springframework.aop.framework.ReflectiveMethodInvocation.proceed(ReflectiveMethodInvocation.java:173)
	at org.springframework.aop.framework.CglibAopProxy$CglibMethodInvocation.proceed(CglibAopProxy.java:765)
	at org.springframework.aop.interceptor.ExposeInvocationInterceptor.invoke(ExposeInvocationInterceptor.java:97)
	at org.springframework.aop.framework.ReflectiveMethodInvocation.proceed(ReflectiveMethodInvocation.java:184)
	at org.springframework.aop.framework.CglibAopProxy$CglibMethodInvocation.proceed(CglibAopProxy.java:765)
	at org.springframework.aop.framework.CglibAopProxy$DynamicAdvisedInterceptor.intercept(CglibAopProxy.java:717)
	at com.master.masterservice.service.impl.MasterServiceImpl$$SpringCGLIB$$0.registerCard(<generated>)
	at com.master.masterservice.controller.MasterController.registerCard(MasterController.java:25)
	at java.base/jdk.internal.reflect.NativeMethodAccessorImpl.invoke0(Native Method)
	at java.base/jdk.internal.reflect.NativeMethodAccessorImpl.invoke(NativeMethodAccessorImpl.java:77)
	at java.base/jdk.internal.reflect.DelegatingMethodAccessorImpl.invoke(DelegatingMethodAccessorImpl.java:43)
	at java.base/java.lang.reflect.Method.invoke(Method.java:568)
	at org.springframework.web.method.support.InvocableHandlerMethod.doInvoke(InvocableHandlerMethod.java:254)
	at org.springframework.web.method.support.InvocableHandlerMethod.invokeForRequest(InvocableHandlerMethod.java:182)
	at org.springframework.web.servlet.mvc.method.annotation.ServletInvocableHandlerMethod.invokeAndHandle(ServletInvocableHandlerMethod.java:118)
	at org.springframework.web.servlet.mvc.method.annotation.RequestMappingHandlerAdapter.invokeHandlerMethod(RequestMappingHandlerAdapter.java:917)
	at org.springframework.web.servlet.mvc.method.annotation.RequestMappingHandlerAdapter.handleInternal(RequestMappingHandlerAdapter.java:829)
	at org.springframework.web.servlet.mvc.method.AbstractHandlerMethodAdapter.handle(AbstractHandlerMethodAdapter.java:87)
	at org.springframework.web.servlet.DispatcherServlet.doDispatch(DispatcherServlet.java:1089)
	at org.springframework.web.servlet.DispatcherServlet.doService(DispatcherServlet.java:979)
	at org.springframework.web.servlet.FrameworkServlet.processRequest(FrameworkServlet.java:1014)
	at org.springframework.web.servlet.FrameworkServlet.doPost(FrameworkServlet.java:914)
	at jakarta.servlet.http.HttpServlet.service(HttpServlet.java:590)
	at org.springframework.web.servlet.FrameworkServlet.service(FrameworkServlet.java:885)
	at jakarta.servlet.http.HttpServlet.service(HttpServlet.java:658)
	at org.apache.catalina.core.ApplicationFilterChain.internalDoFilter(ApplicationFilterChain.java:205)
	at org.apache.catalina.core.ApplicationFilterChain.doFilter(ApplicationFilterChain.java:149)
	at org.apache.tomcat.websocket.server.WsFilter.doFilter(WsFilter.java:51)
	at org.apache.catalina.core.ApplicationFilterChain.internalDoFilter(ApplicationFilterChain.java:174)
	at org.apache.catalina.core.ApplicationFilterChain.doFilter(ApplicationFilterChain.java:149)
	at org.springframework.security.web.FilterChainProxy.lambda$doFilterInternal$3(FilterChainProxy.java:231)
	at org.springframework.security.web.ObservationFilterChainDecorator$FilterObservation$SimpleFilterObservation.lambda$wrap$1(ObservationFilterChainDecorator.java:479)
	at org.springframework.security.web.ObservationFilterChainDecorator$AroundFilterObservation$SimpleAroundFilterObservation.lambda$wrap$1(ObservationFilterChainDecorator.java:340)
	at org.springframework.security.web.ObservationFilterChainDecorator.lambda$wrapSecured$0(ObservationFilterChainDecorator.java:82)
	at org.springframework.security.web.ObservationFilterChainDecorator$VirtualFilterChain.doFilter(ObservationFilterChainDecorator.java:128)
	at org.springframework.security.web.access.intercept.AuthorizationFilter.doFilter(AuthorizationFilter.java:100)
	at org.springframework.security.web.ObservationFilterChainDecorator$ObservationFilter.wrapFilter(ObservationFilterChainDecorator.java:240)
	at org.springframework.security.web.ObservationFilterChainDecorator$ObservationFilter.doFilter(ObservationFilterChainDecorator.java:227)
	at org.springframework.security.web.ObservationFilterChainDecorator$VirtualFilterChain.doFilter(ObservationFilterChainDecorator.java:137)
	at org.springframework.security.web.access.ExceptionTranslationFilter.doFilter(ExceptionTranslationFilter.java:126)
	at org.springframework.security.web.access.ExceptionTranslationFilter.doFilter(ExceptionTranslationFilter.java:120)
	at org.springframework.security.web.ObservationFilterChainDecorator$ObservationFilter.wrapFilter(ObservationFilterChainDecorator.java:240)
	at org.springframework.security.web.ObservationFilterChainDecorator$ObservationFilter.doFilter(ObservationFilterChainDecorator.java:227)
	at org.springframework.security.web.ObservationFilterChainDecorator$VirtualFilterChain.doFilter(ObservationFilterChainDecorator.java:137)
	at org.springframework.security.web.session.SessionManagementFilter.doFilter(SessionManagementFilter.java:131)
	at org.springframework.security.web.session.SessionManagementFilter.doFilter(SessionManagementFilter.java:85)
	at org.springframework.security.web.ObservationFilterChainDecorator$ObservationFilter.wrapFilter(ObservationFilterChainDecorator.java:240)
	at org.springframework.security.web.ObservationFilterChainDecorator$ObservationFilter.doFilter(ObservationFilterChainDecorator.java:227)
	at org.springframework.security.web.ObservationFilterChainDecorator$VirtualFilterChain.doFilter(ObservationFilterChainDecorator.java:137)
	at org.springframework.security.web.authentication.AnonymousAuthenticationFilter.doFilter(AnonymousAuthenticationFilter.java:100)
	at org.springframework.security.web.ObservationFilterChainDecorator$ObservationFilter.wrapFilter(ObservationFilterChainDecorator.java:240)
	at org.springframework.security.web.ObservationFilterChainDecorator$ObservationFilter.doFilter(ObservationFilterChainDecorator.java:227)
	at org.springframework.security.web.ObservationFilterChainDecorator$VirtualFilterChain.doFilter(ObservationFilterChainDecorator.java:137)
	at org.springframework.security.web.servletapi.SecurityContextHolderAwareRequestFilter.doFilter(SecurityContextHolderAwareRequestFilter.java:179)
	at org.springframework.security.web.ObservationFilterChainDecorator$ObservationFilter.wrapFilter(ObservationFilterChainDecorator.java:240)
	at org.springframework.security.web.ObservationFilterChainDecorator$ObservationFilter.doFilter(ObservationFilterChainDecorator.java:227)
	at org.springframework.security.web.ObservationFilterChainDecorator$VirtualFilterChain.doFilter(ObservationFilterChainDecorator.java:137)
	at org.springframework.security.web.savedrequest.RequestCacheAwareFilter.doFilter(RequestCacheAwareFilter.java:63)
	at org.springframework.security.web.ObservationFilterChainDecorator$ObservationFilter.wrapFilter(ObservationFilterChainDecorator.java:240)
	at org.springframework.security.web.ObservationFilterChainDecorator$ObservationFilter.doFilter(ObservationFilterChainDecorator.java:227)
	at org.springframework.security.web.ObservationFilterChainDecorator$VirtualFilterChain.doFilter(ObservationFilterChainDecorator.java:137)
	at org.springframework.security.oauth2.server.resource.web.authentication.BearerTokenAuthenticationFilter.doFilterInternal(BearerTokenAuthenticationFilter.java:145)
	at org.springframework.web.filter.OncePerRequestFilter.doFilter(OncePerRequestFilter.java:116)
	at org.springframework.security.web.ObservationFilterChainDecorator$ObservationFilter.wrapFilter(ObservationFilterChainDecorator.java:240)
	at org.springframework.security.web.ObservationFilterChainDecorator$ObservationFilter.doFilter(ObservationFilterChainDecorator.java:227)
	at org.springframework.security.web.ObservationFilterChainDecorator$VirtualFilterChain.doFilter(ObservationFilterChainDecorator.java:137)
	at org.springframework.security.web.authentication.logout.LogoutFilter.doFilter(LogoutFilter.java:107)
	at org.springframework.security.web.authentication.logout.LogoutFilter.doFilter(LogoutFilter.java:93)
	at org.springframework.security.web.ObservationFilterChainDecorator$ObservationFilter.wrapFilter(ObservationFilterChainDecorator.java:240)
	at org.springframework.security.web.ObservationFilterChainDecorator$ObservationFilter.doFilter(ObservationFilterChainDecorator.java:227)
	at org.springframework.security.web.ObservationFilterChainDecorator$VirtualFilterChain.doFilter(ObservationFilterChainDecorator.java:137)
	at org.springframework.web.filter.CorsFilter.doFilterInternal(CorsFilter.java:91)
	at org.springframework.web.filter.OncePerRequestFilter.doFilter(OncePerRequestFilter.java:116)
	at org.springframework.security.web.ObservationFilterChainDecorator$ObservationFilter.wrapFilter(ObservationFilterChainDecorator.java:240)
	at org.springframework.security.web.ObservationFilterChainDecorator$ObservationFilter.doFilter(ObservationFilterChainDecorator.java:227)
	at org.springframework.security.web.ObservationFilterChainDecorator$VirtualFilterChain.doFilter(ObservationFilterChainDecorator.java:137)
	at org.springframework.security.web.header.HeaderWriterFilter.doHeadersAfter(HeaderWriterFilter.java:90)
	at org.springframework.security.web.header.HeaderWriterFilter.doFilterInternal(HeaderWriterFilter.java:75)
	at org.springframework.web.filter.OncePerRequestFilter.doFilter(OncePerRequestFilter.java:116)
	at org.springframework.security.web.ObservationFilterChainDecorator$ObservationFilter.wrapFilter(ObservationFilterChainDecorator.java:240)
	at org.springframework.security.web.ObservationFilterChainDecorator$ObservationFilter.doFilter(ObservationFilterChainDecorator.java:227)
	at org.springframework.security.web.ObservationFilterChainDecorator$VirtualFilterChain.doFilter(ObservationFilterChainDecorator.java:137)
	at org.springframework.security.web.context.SecurityContextHolderFilter.doFilter(SecurityContextHolderFilter.java:82)
	at org.springframework.security.web.context.SecurityContextHolderFilter.doFilter(SecurityContextHolderFilter.java:69)
	at org.springframework.security.web.ObservationFilterChainDecorator$ObservationFilter.wrapFilter(ObservationFilterChainDecorator.java:240)
	at org.springframework.security.web.ObservationFilterChainDecorator$ObservationFilter.doFilter(ObservationFilterChainDecorator.java:227)
	at org.springframework.security.web.ObservationFilterChainDecorator$VirtualFilterChain.doFilter(ObservationFilterChainDecorator.java:137)
	at org.springframework.security.web.context.request.async.WebAsyncManagerIntegrationFilter.doFilterInternal(WebAsyncManagerIntegrationFilter.java:62)
	at org.springframework.web.filter.OncePerRequestFilter.doFilter(OncePerRequestFilter.java:116)
	at org.springframework.security.web.ObservationFilterChainDecorator$ObservationFilter.wrapFilter(ObservationFilterChainDecorator.java:240)
	at org.springframework.security.web.ObservationFilterChainDecorator$ObservationFilter.doFilter(ObservationFilterChainDecorator.java:227)
	at org.springframework.security.web.ObservationFilterChainDecorator$VirtualFilterChain.doFilter(ObservationFilterChainDecorator.java:137)
	at org.springframework.security.web.session.DisableEncodeUrlFilter.doFilterInternal(DisableEncodeUrlFilter.java:42)
	at org.springframework.web.filter.OncePerRequestFilter.doFilter(OncePerRequestFilter.java:116)
	at org.springframework.security.web.ObservationFilterChainDecorator$ObservationFilter.wrapFilter(ObservationFilterChainDecorator.java:240)
	at org.springframework.security.web.ObservationFilterChainDecorator$AroundFilterObservation$SimpleAroundFilterObservation.lambda$wrap$0(ObservationFilterChainDecorator.java:323)
	at org.springframework.security.web.ObservationFilterChainDecorator$ObservationFilter.doFilter(ObservationFilterChainDecorator.java:224)
	at org.springframework.security.web.ObservationFilterChainDecorator$VirtualFilterChain.doFilter(ObservationFilterChainDecorator.java:137)
	at org.springframework.security.web.FilterChainProxy.doFilterInternal(FilterChainProxy.java:233)
	at org.springframework.security.web.FilterChainProxy.doFilter(FilterChainProxy.java:191)
	at org.springframework.web.filter.DelegatingFilterProxy.invokeDelegate(DelegatingFilterProxy.java:352)
	at org.springframework.web.filter.DelegatingFilterProxy.doFilter(DelegatingFilterProxy.java:268)
	at org.apache.catalina.core.ApplicationFilterChain.internalDoFilter(ApplicationFilterChain.java:174)
	at org.apache.catalina.core.ApplicationFilterChain.doFilter(ApplicationFilterChain.java:149)
	at org.springframework.web.filter.RequestContextFilter.doFilterInternal(RequestContextFilter.java:100)
	at org.springframework.web.filter.OncePerRequestFilter.doFilter(OncePerRequestFilter.java:116)
	at org.apache.catalina.core.ApplicationFilterChain.internalDoFilter(ApplicationFilterChain.java:174)
	at org.apache.catalina.core.ApplicationFilterChain.doFilter(ApplicationFilterChain.java:149)
	at org.springframework.web.filter.FormContentFilter.doFilterInternal(FormContentFilter.java:93)
	at org.springframework.web.filter.OncePerRequestFilter.doFilter(OncePerRequestFilter.java:116)
	at org.apache.catalina.core.ApplicationFilterChain.internalDoFilter(ApplicationFilterChain.java:174)
	at org.apache.catalina.core.ApplicationFilterChain.doFilter(ApplicationFilterChain.java:149)
	at org.springframework.web.servlet.v6_0.OpenTelemetryHandlerMappingFilter.doFilter(OpenTelemetryHandlerMappingFilter.java:78)
	at org.apache.catalina.core.ApplicationFilterChain.internalDoFilter(ApplicationFilterChain.java:174)
	at org.apache.catalina.core.ApplicationFilterChain.doFilter(ApplicationFilterChain.java:149)
	at org.springframework.web.filter.ServerHttpObservationFilter.doFilterInternal(ServerHttpObservationFilter.java:109)
	at org.springframework.web.filter.OncePerRequestFilter.doFilter(OncePerRequestFilter.java:116)
	at org.apache.catalina.core.ApplicationFilterChain.internalDoFilter(ApplicationFilterChain.java:174)
	at org.apache.catalina.core.ApplicationFilterChain.doFilter(ApplicationFilterChain.java:149)
	at org.springframework.web.filter.CharacterEncodingFilter.doFilterInternal(CharacterEncodingFilter.java:201)
	at org.springframework.web.filter.OncePerRequestFilter.doFilter(OncePerRequestFilter.java:116)
	at org.apache.catalina.core.ApplicationFilterChain.internalDoFilter(ApplicationFilterChain.java:174)
	at org.apache.catalina.core.ApplicationFilterChain.doFilter(ApplicationFilterChain.java:149)
	at org.apache.catalina.core.StandardWrapperValve.invoke(StandardWrapperValve.java:167)
	at org.apache.catalina.core.StandardContextValve.invoke(StandardContextValve.java:90)
	at org.apache.catalina.authenticator.AuthenticatorBase.invoke(AuthenticatorBase.java:482)
	at org.apache.catalina.core.StandardHostValve.invoke(StandardHostValve.java:115)
	at org.apache.catalina.valves.ErrorReportValve.invoke(ErrorReportValve.java:93)
	at org.apache.catalina.core.StandardEngineValve.invoke(StandardEngineValve.java:74)
	at org.apache.catalina.connector.CoyoteAdapter.service(CoyoteAdapter.java:340)
	at org.apache.coyote.http11.Http11Processor.service(Http11Processor.java:391)
	at org.apache.coyote.AbstractProcessorLight.process(AbstractProcessorLight.java:63)
	at org.apache.coyote.AbstractProtocol$ConnectionHandler.process(AbstractProtocol.java:896)
	at org.apache.tomcat.util.net.NioEndpoint$SocketProcessor.doRun(NioEndpoint.java:1744)
	at org.apache.tomcat.util.net.SocketProcessorBase.run(SocketProcessorBase.java:52)
	at org.apache.tomcat.util.threads.ThreadPoolExecutor.runWorker(ThreadPoolExecutor.java:1191)
	at org.apache.tomcat.util.threads.ThreadPoolExecutor$Worker.run(ThreadPoolExecutor.java:659)
	at org.apache.tomcat.util.threads.TaskThread$WrappingRunnable.run(TaskThread.java:61)
	at java.base/java.lang.Thread.run(Thread.java:842)
2025-07-03 23:21:31.452 INFO  [main] c.m.m.MasterServiceApplication [,] - Starting MasterServiceApplication using Java 17.0.11 with PID 26964 (C:\Study\java-banking-phase2\backend\master-service\target\classes started by Thiên Vỹ in C:\Study\java-banking-phase2)
2025-07-03 23:21:31.475 DEBUG [main] c.m.m.MasterServiceApplication [,] - Running with Spring Boot v3.2.0, Spring v6.1.1
2025-07-03 23:21:31.477 INFO  [main] c.m.m.MasterServiceApplication [,] - No active profile set, falling back to 1 default profile: "default"
2025-07-03 23:21:35.784 INFO  [main] c.m.m.MasterServiceApplication [,] - Started MasterServiceApplication in 5.011 seconds (process running for 10.351)
2025-07-03 23:22:24.303 DEBUG [http-nio-8086-exec-1] o.s.web.client.RestTemplate [4b009ecd3f57c482eaf161684c1614a5,0dfbeafe31036796] - HTTP GET http://localhost:8180/realms/myrealm/.well-known/openid-configuration
2025-07-03 23:22:24.313 DEBUG [http-nio-8086-exec-1] o.s.web.client.RestTemplate [4b009ecd3f57c482eaf161684c1614a5,0dfbeafe31036796] - Accept=[application/json, application/*+json]
2025-07-03 23:22:24.362 DEBUG [http-nio-8086-exec-1] o.s.web.client.RestTemplate [4b009ecd3f57c482eaf161684c1614a5,0dfbeafe31036796] - Response 200 OK
2025-07-03 23:22:24.363 DEBUG [http-nio-8086-exec-1] o.s.web.client.RestTemplate [4b009ecd3f57c482eaf161684c1614a5,0dfbeafe31036796] - Reading to [java.util.Map<java.lang.String, java.lang.Object>]
2025-07-03 23:22:24.418 DEBUG [http-nio-8086-exec-1] o.s.web.client.RestTemplate [4b009ecd3f57c482eaf161684c1614a5,0dfbeafe31036796] - HTTP GET http://localhost:8180/realms/myrealm/protocol/openid-connect/certs
2025-07-03 23:22:24.418 DEBUG [http-nio-8086-exec-1] o.s.web.client.RestTemplate [4b009ecd3f57c482eaf161684c1614a5,0dfbeafe31036796] - Accept=[text/plain, application/json, application/*+json, */*]
2025-07-03 23:22:24.426 DEBUG [http-nio-8086-exec-1] o.s.web.client.RestTemplate [4b009ecd3f57c482eaf161684c1614a5,0dfbeafe31036796] - Response 200 OK
2025-07-03 23:22:24.427 DEBUG [http-nio-8086-exec-1] o.s.web.client.RestTemplate [4b009ecd3f57c482eaf161684c1614a5,0dfbeafe31036796] - Reading to [java.lang.String] as "application/json;charset=UTF-8"
2025-07-03 23:22:24.779 INFO  [http-nio-8086-exec-1] c.m.m.controller.MasterController [4b009ecd3f57c482eaf161684c1614a5,0dfbeafe31036796] - Received Master card registration request: CardRegistrationRequest(accountNumber=97045271637061988, cifCode=9704527163706, cardType=MASTER, customerName=null)
2025-07-03 23:22:24.806 INFO  [http-nio-8086-exec-1] c.m.m.service.impl.MasterServiceImpl [4b009ecd3f57c482eaf161684c1614a5,0dfbeafe31036796] - === RETRY ATTEMPT - Calling Master API for card registration: CardRegistrationRequest(accountNumber=97045271637061988, cifCode=9704527163706, cardType=MASTER, customerName=null) ===
2025-07-03 23:22:24.806 DEBUG [http-nio-8086-exec-1] c.m.m.service.impl.MasterServiceImpl [4b009ecd3f57c482eaf161684c1614a5,0dfbeafe31036796] - Method called with @Retry annotation - attempt will be tracked by Resilience4j
2025-07-03 23:22:24.806 DEBUG [http-nio-8086-exec-1] c.m.m.service.impl.MasterServiceImpl [4b009ecd3f57c482eaf161684c1614a5,0dfbeafe31036796] - Current thread: http-nio-8086-exec-1, Class: com.master.masterservice.service.impl.MasterServiceImpl
2025-07-03 23:22:24.813 DEBUG [http-nio-8086-exec-1] o.s.web.client.RestTemplate [4b009ecd3f57c482eaf161684c1614a5,0dfbeafe31036796] - HTTP POST http://localhost:8091/api/master/registration
2025-07-03 23:22:24.831 DEBUG [http-nio-8086-exec-1] o.s.web.client.RestTemplate [4b009ecd3f57c482eaf161684c1614a5,0dfbeafe31036796] - Accept=[application/json, application/*+json]
2025-07-03 23:22:24.910 DEBUG [http-nio-8086-exec-1] o.s.web.client.RestTemplate [4b009ecd3f57c482eaf161684c1614a5,0dfbeafe31036796] - Writing [CardRegistrationRequest(accountNumber=97045271637061988, cifCode=9704527163706, cardType=MASTER, customerName=null)] as "application/json"
2025-07-03 23:22:25.031 DEBUG [http-nio-8086-exec-1] o.s.web.client.RestTemplate [4b009ecd3f57c482eaf161684c1614a5,0dfbeafe31036796] - Response 500 INTERNAL_SERVER_ERROR
2025-07-03 23:22:25.036 ERROR [http-nio-8086-exec-1] c.m.m.service.impl.MasterServiceImpl [4b009ecd3f57c482eaf161684c1614a5,0dfbeafe31036796] - Server error calling Master API for account: 97045271637061988. Status: 500 INTERNAL_SERVER_ERROR, Error: 500 Server Error: "{<EOL><EOL>  "timestamp": "2025-06-25T09:00:00.000+07:00",<EOL><EOL>  "status": 500,<EOL><EOL>  "error": "Internal Server Error",<EOL><EOL>  "message": "Something went wrong on the server.",<EOL><EOL>  "path": "/api/master/registration"<EOL><EOL>}" - WILL RETRY
2025-07-03 23:22:25.041 INFO  [http-nio-8086-exec-1] c.m.masterservice.config.RetryConfig [4b009ecd3f57c482eaf161684c1614a5,0dfbeafe31036796] - === RETRY EVENT - Attempt #1 for: mastercard-registration ===
2025-07-03 23:22:25.544 INFO  [http-nio-8086-exec-1] c.m.m.service.impl.MasterServiceImpl [4b009ecd3f57c482eaf161684c1614a5,0dfbeafe31036796] - === RETRY ATTEMPT - Calling Master API for card registration: CardRegistrationRequest(accountNumber=97045271637061988, cifCode=9704527163706, cardType=MASTER, customerName=null) ===
2025-07-03 23:22:25.546 DEBUG [http-nio-8086-exec-1] c.m.m.service.impl.MasterServiceImpl [4b009ecd3f57c482eaf161684c1614a5,0dfbeafe31036796] - Method called with @Retry annotation - attempt will be tracked by Resilience4j
2025-07-03 23:22:25.546 DEBUG [http-nio-8086-exec-1] c.m.m.service.impl.MasterServiceImpl [4b009ecd3f57c482eaf161684c1614a5,0dfbeafe31036796] - Current thread: http-nio-8086-exec-1, Class: com.master.masterservice.service.impl.MasterServiceImpl
2025-07-03 23:22:25.547 DEBUG [http-nio-8086-exec-1] o.s.web.client.RestTemplate [4b009ecd3f57c482eaf161684c1614a5,0dfbeafe31036796] - HTTP POST http://localhost:8091/api/master/registration
2025-07-03 23:22:25.548 DEBUG [http-nio-8086-exec-1] o.s.web.client.RestTemplate [4b009ecd3f57c482eaf161684c1614a5,0dfbeafe31036796] - Accept=[application/json, application/*+json]
2025-07-03 23:22:25.549 DEBUG [http-nio-8086-exec-1] o.s.web.client.RestTemplate [4b009ecd3f57c482eaf161684c1614a5,0dfbeafe31036796] - Writing [CardRegistrationRequest(accountNumber=97045271637061988, cifCode=9704527163706, cardType=MASTER, customerName=null)] as "application/json"
2025-07-03 23:22:25.589 DEBUG [http-nio-8086-exec-1] o.s.web.client.RestTemplate [4b009ecd3f57c482eaf161684c1614a5,0dfbeafe31036796] - Response 500 INTERNAL_SERVER_ERROR
2025-07-03 23:22:25.592 ERROR [http-nio-8086-exec-1] c.m.m.service.impl.MasterServiceImpl [4b009ecd3f57c482eaf161684c1614a5,0dfbeafe31036796] - Server error calling Master API for account: 97045271637061988. Status: 500 INTERNAL_SERVER_ERROR, Error: 500 Server Error: "{<EOL><EOL>  "timestamp": "2025-06-25T09:00:00.000+07:00",<EOL><EOL>  "status": 500,<EOL><EOL>  "error": "Internal Server Error",<EOL><EOL>  "message": "Something went wrong on the server.",<EOL><EOL>  "path": "/api/master/registration"<EOL><EOL>}" - WILL RETRY
2025-07-03 23:22:25.593 INFO  [http-nio-8086-exec-1] c.m.masterservice.config.RetryConfig [4b009ecd3f57c482eaf161684c1614a5,0dfbeafe31036796] - === RETRY EVENT - Attempt #2 for: mastercard-registration ===
2025-07-03 23:22:26.102 INFO  [http-nio-8086-exec-1] c.m.m.service.impl.MasterServiceImpl [4b009ecd3f57c482eaf161684c1614a5,0dfbeafe31036796] - === RETRY ATTEMPT - Calling Master API for card registration: CardRegistrationRequest(accountNumber=97045271637061988, cifCode=9704527163706, cardType=MASTER, customerName=null) ===
2025-07-03 23:22:26.107 DEBUG [http-nio-8086-exec-1] c.m.m.service.impl.MasterServiceImpl [4b009ecd3f57c482eaf161684c1614a5,0dfbeafe31036796] - Method called with @Retry annotation - attempt will be tracked by Resilience4j
2025-07-03 23:22:26.109 DEBUG [http-nio-8086-exec-1] c.m.m.service.impl.MasterServiceImpl [4b009ecd3f57c482eaf161684c1614a5,0dfbeafe31036796] - Current thread: http-nio-8086-exec-1, Class: com.master.masterservice.service.impl.MasterServiceImpl
2025-07-03 23:22:26.112 DEBUG [http-nio-8086-exec-1] o.s.web.client.RestTemplate [4b009ecd3f57c482eaf161684c1614a5,0dfbeafe31036796] - HTTP POST http://localhost:8091/api/master/registration
2025-07-03 23:22:26.115 DEBUG [http-nio-8086-exec-1] o.s.web.client.RestTemplate [4b009ecd3f57c482eaf161684c1614a5,0dfbeafe31036796] - Accept=[application/json, application/*+json]
2025-07-03 23:22:26.118 DEBUG [http-nio-8086-exec-1] o.s.web.client.RestTemplate [4b009ecd3f57c482eaf161684c1614a5,0dfbeafe31036796] - Writing [CardRegistrationRequest(accountNumber=97045271637061988, cifCode=9704527163706, cardType=MASTER, customerName=null)] as "application/json"
2025-07-03 23:22:26.146 DEBUG [http-nio-8086-exec-1] o.s.web.client.RestTemplate [4b009ecd3f57c482eaf161684c1614a5,0dfbeafe31036796] - Response 500 INTERNAL_SERVER_ERROR
2025-07-03 23:22:26.148 ERROR [http-nio-8086-exec-1] c.m.m.service.impl.MasterServiceImpl [4b009ecd3f57c482eaf161684c1614a5,0dfbeafe31036796] - Server error calling Master API for account: 97045271637061988. Status: 500 INTERNAL_SERVER_ERROR, Error: 500 Server Error: "{<EOL><EOL>  "timestamp": "2025-06-25T09:00:00.000+07:00",<EOL><EOL>  "status": 500,<EOL><EOL>  "error": "Internal Server Error",<EOL><EOL>  "message": "Something went wrong on the server.",<EOL><EOL>  "path": "/api/master/registration"<EOL><EOL>}" - WILL RETRY
2025-07-03 23:22:26.153 ERROR [http-nio-8086-exec-1] c.m.masterservice.config.RetryConfig [4b009ecd3f57c482eaf161684c1614a5,0dfbeafe31036796] - === RETRY FAILED - After 3 attempts for: mastercard-registration, Last exception: 500 Server Error: "{<EOL><EOL>  "timestamp": "2025-06-25T09:00:00.000+07:00",<EOL><EOL>  "status": 500,<EOL><EOL>  "error": "Internal Server Error",<EOL><EOL>  "message": "Something went wrong on the server.",<EOL><EOL>  "path": "/api/master/registration"<EOL><EOL>}" ===
2025-07-03 23:22:26.153 ERROR [http-nio-8086-exec-1] c.m.m.service.impl.MasterServiceImpl [4b009ecd3f57c482eaf161684c1614a5,0dfbeafe31036796] - === FALLBACK TRIGGERED === Master registration failed for account: 97045271637061988 after all retry attempts. Error type: InternalServerError, Message: 500 Server Error: "{<EOL><EOL>  "timestamp": "2025-06-25T09:00:00.000+07:00",<EOL><EOL>  "status": 500,<EOL><EOL>  "error": "Internal Server Error",<EOL><EOL>  "message": "Something went wrong on the server.",<EOL><EOL>  "path": "/api/master/registration"<EOL><EOL>}"
2025-07-03 23:22:26.154 ERROR [http-nio-8086-exec-1] c.m.m.service.impl.MasterServiceImpl [4b009ecd3f57c482eaf161684c1614a5,0dfbeafe31036796] - Full exception trace:
org.springframework.web.client.HttpServerErrorException$InternalServerError: 500 Server Error: "{<EOL><EOL>  "timestamp": "2025-06-25T09:00:00.000+07:00",<EOL><EOL>  "status": 500,<EOL><EOL>  "error": "Internal Server Error",<EOL><EOL>  "message": "Something went wrong on the server.",<EOL><EOL>  "path": "/api/master/registration"<EOL><EOL>}"
	at org.springframework.web.client.HttpServerErrorException.create(HttpServerErrorException.java:102)
	at org.springframework.web.client.DefaultResponseErrorHandler.handleError(DefaultResponseErrorHandler.java:186)
	at org.springframework.web.client.DefaultResponseErrorHandler.handleError(DefaultResponseErrorHandler.java:137)
	at org.springframework.web.client.ResponseErrorHandler.handleError(ResponseErrorHandler.java:63)
	at org.springframework.web.client.RestTemplate.handleResponse(RestTemplate.java:932)
	at org.springframework.web.client.RestTemplate.doExecute(RestTemplate.java:881)
	at org.springframework.web.client.RestTemplate.execute(RestTemplate.java:781)
	at org.springframework.web.client.RestTemplate.postForEntity(RestTemplate.java:529)
	at com.master.masterservice.service.impl.MasterServiceImpl.registerCard(MasterServiceImpl.java:51)
	at java.base/jdk.internal.reflect.NativeMethodAccessorImpl.invoke0(Native Method)
	at java.base/jdk.internal.reflect.NativeMethodAccessorImpl.invoke(NativeMethodAccessorImpl.java:77)
	at java.base/jdk.internal.reflect.DelegatingMethodAccessorImpl.invoke(DelegatingMethodAccessorImpl.java:43)
	at java.base/java.lang.reflect.Method.invoke(Method.java:568)
	at org.springframework.aop.support.AopUtils.invokeJoinpointUsingReflection(AopUtils.java:352)
	at org.springframework.aop.framework.ReflectiveMethodInvocation.invokeJoinpoint(ReflectiveMethodInvocation.java:196)
	at org.springframework.aop.framework.ReflectiveMethodInvocation.proceed(ReflectiveMethodInvocation.java:163)
	at org.springframework.aop.framework.CglibAopProxy$CglibMethodInvocation.proceed(CglibAopProxy.java:765)
	at org.springframework.aop.aspectj.MethodInvocationProceedingJoinPoint.proceed(MethodInvocationProceedingJoinPoint.java:89)
	at io.github.resilience4j.retry.Retry.lambda$decorateCheckedSupplier$1(Retry.java:135)
	at io.github.resilience4j.retry.Retry.executeCheckedSupplier(Retry.java:350)
	at io.github.resilience4j.spring6.retry.configure.RetryAspect.handleDefaultJoinPoint(RetryAspect.java:175)
	at io.github.resilience4j.spring6.retry.configure.RetryAspect.proceed(RetryAspect.java:132)
	at io.github.resilience4j.spring6.retry.configure.RetryAspect.lambda$retryAroundAdvice$0(RetryAspect.java:116)
	at io.github.resilience4j.spring6.fallback.DefaultFallbackDecorator.lambda$decorate$0(DefaultFallbackDecorator.java:36)
	at io.github.resilience4j.spring6.fallback.FallbackExecutor.execute(FallbackExecutor.java:39)
	at io.github.resilience4j.spring6.retry.configure.RetryAspect.retryAroundAdvice(RetryAspect.java:117)
	at java.base/jdk.internal.reflect.NativeMethodAccessorImpl.invoke0(Native Method)
	at java.base/jdk.internal.reflect.NativeMethodAccessorImpl.invoke(NativeMethodAccessorImpl.java:77)
	at java.base/jdk.internal.reflect.DelegatingMethodAccessorImpl.invoke(DelegatingMethodAccessorImpl.java:43)
	at java.base/java.lang.reflect.Method.invoke(Method.java:568)
	at org.springframework.aop.aspectj.AbstractAspectJAdvice.invokeAdviceMethodWithGivenArgs(AbstractAspectJAdvice.java:637)
	at org.springframework.aop.aspectj.AbstractAspectJAdvice.invokeAdviceMethod(AbstractAspectJAdvice.java:627)
	at org.springframework.aop.aspectj.AspectJAroundAdvice.invoke(AspectJAroundAdvice.java:71)
	at org.springframework.aop.framework.ReflectiveMethodInvocation.proceed(ReflectiveMethodInvocation.java:173)
	at org.springframework.aop.framework.CglibAopProxy$CglibMethodInvocation.proceed(CglibAopProxy.java:765)
	at org.springframework.aop.interceptor.ExposeInvocationInterceptor.invoke(ExposeInvocationInterceptor.java:97)
	at org.springframework.aop.framework.ReflectiveMethodInvocation.proceed(ReflectiveMethodInvocation.java:184)
	at org.springframework.aop.framework.CglibAopProxy$CglibMethodInvocation.proceed(CglibAopProxy.java:765)
	at org.springframework.aop.framework.CglibAopProxy$DynamicAdvisedInterceptor.intercept(CglibAopProxy.java:717)
	at com.master.masterservice.service.impl.MasterServiceImpl$$SpringCGLIB$$0.registerCard(<generated>)
	at com.master.masterservice.controller.MasterController.registerCard(MasterController.java:25)
	at java.base/jdk.internal.reflect.NativeMethodAccessorImpl.invoke0(Native Method)
	at java.base/jdk.internal.reflect.NativeMethodAccessorImpl.invoke(NativeMethodAccessorImpl.java:77)
	at java.base/jdk.internal.reflect.DelegatingMethodAccessorImpl.invoke(DelegatingMethodAccessorImpl.java:43)
	at java.base/java.lang.reflect.Method.invoke(Method.java:568)
	at org.springframework.web.method.support.InvocableHandlerMethod.doInvoke(InvocableHandlerMethod.java:254)
	at org.springframework.web.method.support.InvocableHandlerMethod.invokeForRequest(InvocableHandlerMethod.java:182)
	at org.springframework.web.servlet.mvc.method.annotation.ServletInvocableHandlerMethod.invokeAndHandle(ServletInvocableHandlerMethod.java:118)
	at org.springframework.web.servlet.mvc.method.annotation.RequestMappingHandlerAdapter.invokeHandlerMethod(RequestMappingHandlerAdapter.java:917)
	at org.springframework.web.servlet.mvc.method.annotation.RequestMappingHandlerAdapter.handleInternal(RequestMappingHandlerAdapter.java:829)
	at org.springframework.web.servlet.mvc.method.AbstractHandlerMethodAdapter.handle(AbstractHandlerMethodAdapter.java:87)
	at org.springframework.web.servlet.DispatcherServlet.doDispatch(DispatcherServlet.java:1089)
	at org.springframework.web.servlet.DispatcherServlet.doService(DispatcherServlet.java:979)
	at org.springframework.web.servlet.FrameworkServlet.processRequest(FrameworkServlet.java:1014)
	at org.springframework.web.servlet.FrameworkServlet.doPost(FrameworkServlet.java:914)
	at jakarta.servlet.http.HttpServlet.service(HttpServlet.java:590)
	at org.springframework.web.servlet.FrameworkServlet.service(FrameworkServlet.java:885)
	at jakarta.servlet.http.HttpServlet.service(HttpServlet.java:658)
	at org.apache.catalina.core.ApplicationFilterChain.internalDoFilter(ApplicationFilterChain.java:205)
	at org.apache.catalina.core.ApplicationFilterChain.doFilter(ApplicationFilterChain.java:149)
	at org.apache.tomcat.websocket.server.WsFilter.doFilter(WsFilter.java:51)
	at org.apache.catalina.core.ApplicationFilterChain.internalDoFilter(ApplicationFilterChain.java:174)
	at org.apache.catalina.core.ApplicationFilterChain.doFilter(ApplicationFilterChain.java:149)
	at org.springframework.security.web.FilterChainProxy.lambda$doFilterInternal$3(FilterChainProxy.java:231)
	at org.springframework.security.web.ObservationFilterChainDecorator$FilterObservation$SimpleFilterObservation.lambda$wrap$1(ObservationFilterChainDecorator.java:479)
	at org.springframework.security.web.ObservationFilterChainDecorator$AroundFilterObservation$SimpleAroundFilterObservation.lambda$wrap$1(ObservationFilterChainDecorator.java:340)
	at org.springframework.security.web.ObservationFilterChainDecorator.lambda$wrapSecured$0(ObservationFilterChainDecorator.java:82)
	at org.springframework.security.web.ObservationFilterChainDecorator$VirtualFilterChain.doFilter(ObservationFilterChainDecorator.java:128)
	at org.springframework.security.web.access.intercept.AuthorizationFilter.doFilter(AuthorizationFilter.java:100)
	at org.springframework.security.web.ObservationFilterChainDecorator$ObservationFilter.wrapFilter(ObservationFilterChainDecorator.java:240)
	at org.springframework.security.web.ObservationFilterChainDecorator$ObservationFilter.doFilter(ObservationFilterChainDecorator.java:227)
	at org.springframework.security.web.ObservationFilterChainDecorator$VirtualFilterChain.doFilter(ObservationFilterChainDecorator.java:137)
	at org.springframework.security.web.access.ExceptionTranslationFilter.doFilter(ExceptionTranslationFilter.java:126)
	at org.springframework.security.web.access.ExceptionTranslationFilter.doFilter(ExceptionTranslationFilter.java:120)
	at org.springframework.security.web.ObservationFilterChainDecorator$ObservationFilter.wrapFilter(ObservationFilterChainDecorator.java:240)
	at org.springframework.security.web.ObservationFilterChainDecorator$ObservationFilter.doFilter(ObservationFilterChainDecorator.java:227)
	at org.springframework.security.web.ObservationFilterChainDecorator$VirtualFilterChain.doFilter(ObservationFilterChainDecorator.java:137)
	at org.springframework.security.web.session.SessionManagementFilter.doFilter(SessionManagementFilter.java:131)
	at org.springframework.security.web.session.SessionManagementFilter.doFilter(SessionManagementFilter.java:85)
	at org.springframework.security.web.ObservationFilterChainDecorator$ObservationFilter.wrapFilter(ObservationFilterChainDecorator.java:240)
	at org.springframework.security.web.ObservationFilterChainDecorator$ObservationFilter.doFilter(ObservationFilterChainDecorator.java:227)
	at org.springframework.security.web.ObservationFilterChainDecorator$VirtualFilterChain.doFilter(ObservationFilterChainDecorator.java:137)
	at org.springframework.security.web.authentication.AnonymousAuthenticationFilter.doFilter(AnonymousAuthenticationFilter.java:100)
	at org.springframework.security.web.ObservationFilterChainDecorator$ObservationFilter.wrapFilter(ObservationFilterChainDecorator.java:240)
	at org.springframework.security.web.ObservationFilterChainDecorator$ObservationFilter.doFilter(ObservationFilterChainDecorator.java:227)
	at org.springframework.security.web.ObservationFilterChainDecorator$VirtualFilterChain.doFilter(ObservationFilterChainDecorator.java:137)
	at org.springframework.security.web.servletapi.SecurityContextHolderAwareRequestFilter.doFilter(SecurityContextHolderAwareRequestFilter.java:179)
	at org.springframework.security.web.ObservationFilterChainDecorator$ObservationFilter.wrapFilter(ObservationFilterChainDecorator.java:240)
	at org.springframework.security.web.ObservationFilterChainDecorator$ObservationFilter.doFilter(ObservationFilterChainDecorator.java:227)
	at org.springframework.security.web.ObservationFilterChainDecorator$VirtualFilterChain.doFilter(ObservationFilterChainDecorator.java:137)
	at org.springframework.security.web.savedrequest.RequestCacheAwareFilter.doFilter(RequestCacheAwareFilter.java:63)
	at org.springframework.security.web.ObservationFilterChainDecorator$ObservationFilter.wrapFilter(ObservationFilterChainDecorator.java:240)
	at org.springframework.security.web.ObservationFilterChainDecorator$ObservationFilter.doFilter(ObservationFilterChainDecorator.java:227)
	at org.springframework.security.web.ObservationFilterChainDecorator$VirtualFilterChain.doFilter(ObservationFilterChainDecorator.java:137)
	at org.springframework.security.oauth2.server.resource.web.authentication.BearerTokenAuthenticationFilter.doFilterInternal(BearerTokenAuthenticationFilter.java:145)
	at org.springframework.web.filter.OncePerRequestFilter.doFilter(OncePerRequestFilter.java:116)
	at org.springframework.security.web.ObservationFilterChainDecorator$ObservationFilter.wrapFilter(ObservationFilterChainDecorator.java:240)
	at org.springframework.security.web.ObservationFilterChainDecorator$ObservationFilter.doFilter(ObservationFilterChainDecorator.java:227)
	at org.springframework.security.web.ObservationFilterChainDecorator$VirtualFilterChain.doFilter(ObservationFilterChainDecorator.java:137)
	at org.springframework.security.web.authentication.logout.LogoutFilter.doFilter(LogoutFilter.java:107)
	at org.springframework.security.web.authentication.logout.LogoutFilter.doFilter(LogoutFilter.java:93)
	at org.springframework.security.web.ObservationFilterChainDecorator$ObservationFilter.wrapFilter(ObservationFilterChainDecorator.java:240)
	at org.springframework.security.web.ObservationFilterChainDecorator$ObservationFilter.doFilter(ObservationFilterChainDecorator.java:227)
	at org.springframework.security.web.ObservationFilterChainDecorator$VirtualFilterChain.doFilter(ObservationFilterChainDecorator.java:137)
	at org.springframework.web.filter.CorsFilter.doFilterInternal(CorsFilter.java:91)
	at org.springframework.web.filter.OncePerRequestFilter.doFilter(OncePerRequestFilter.java:116)
	at org.springframework.security.web.ObservationFilterChainDecorator$ObservationFilter.wrapFilter(ObservationFilterChainDecorator.java:240)
	at org.springframework.security.web.ObservationFilterChainDecorator$ObservationFilter.doFilter(ObservationFilterChainDecorator.java:227)
	at org.springframework.security.web.ObservationFilterChainDecorator$VirtualFilterChain.doFilter(ObservationFilterChainDecorator.java:137)
	at org.springframework.security.web.header.HeaderWriterFilter.doHeadersAfter(HeaderWriterFilter.java:90)
	at org.springframework.security.web.header.HeaderWriterFilter.doFilterInternal(HeaderWriterFilter.java:75)
	at org.springframework.web.filter.OncePerRequestFilter.doFilter(OncePerRequestFilter.java:116)
	at org.springframework.security.web.ObservationFilterChainDecorator$ObservationFilter.wrapFilter(ObservationFilterChainDecorator.java:240)
	at org.springframework.security.web.ObservationFilterChainDecorator$ObservationFilter.doFilter(ObservationFilterChainDecorator.java:227)
	at org.springframework.security.web.ObservationFilterChainDecorator$VirtualFilterChain.doFilter(ObservationFilterChainDecorator.java:137)
	at org.springframework.security.web.context.SecurityContextHolderFilter.doFilter(SecurityContextHolderFilter.java:82)
	at org.springframework.security.web.context.SecurityContextHolderFilter.doFilter(SecurityContextHolderFilter.java:69)
	at org.springframework.security.web.ObservationFilterChainDecorator$ObservationFilter.wrapFilter(ObservationFilterChainDecorator.java:240)
	at org.springframework.security.web.ObservationFilterChainDecorator$ObservationFilter.doFilter(ObservationFilterChainDecorator.java:227)
	at org.springframework.security.web.ObservationFilterChainDecorator$VirtualFilterChain.doFilter(ObservationFilterChainDecorator.java:137)
	at org.springframework.security.web.context.request.async.WebAsyncManagerIntegrationFilter.doFilterInternal(WebAsyncManagerIntegrationFilter.java:62)
	at org.springframework.web.filter.OncePerRequestFilter.doFilter(OncePerRequestFilter.java:116)
	at org.springframework.security.web.ObservationFilterChainDecorator$ObservationFilter.wrapFilter(ObservationFilterChainDecorator.java:240)
	at org.springframework.security.web.ObservationFilterChainDecorator$ObservationFilter.doFilter(ObservationFilterChainDecorator.java:227)
	at org.springframework.security.web.ObservationFilterChainDecorator$VirtualFilterChain.doFilter(ObservationFilterChainDecorator.java:137)
	at org.springframework.security.web.session.DisableEncodeUrlFilter.doFilterInternal(DisableEncodeUrlFilter.java:42)
	at org.springframework.web.filter.OncePerRequestFilter.doFilter(OncePerRequestFilter.java:116)
	at org.springframework.security.web.ObservationFilterChainDecorator$ObservationFilter.wrapFilter(ObservationFilterChainDecorator.java:240)
	at org.springframework.security.web.ObservationFilterChainDecorator$AroundFilterObservation$SimpleAroundFilterObservation.lambda$wrap$0(ObservationFilterChainDecorator.java:323)
	at org.springframework.security.web.ObservationFilterChainDecorator$ObservationFilter.doFilter(ObservationFilterChainDecorator.java:224)
	at org.springframework.security.web.ObservationFilterChainDecorator$VirtualFilterChain.doFilter(ObservationFilterChainDecorator.java:137)
	at org.springframework.security.web.FilterChainProxy.doFilterInternal(FilterChainProxy.java:233)
	at org.springframework.security.web.FilterChainProxy.doFilter(FilterChainProxy.java:191)
	at org.springframework.web.filter.DelegatingFilterProxy.invokeDelegate(DelegatingFilterProxy.java:352)
	at org.springframework.web.filter.DelegatingFilterProxy.doFilter(DelegatingFilterProxy.java:268)
	at org.apache.catalina.core.ApplicationFilterChain.internalDoFilter(ApplicationFilterChain.java:174)
	at org.apache.catalina.core.ApplicationFilterChain.doFilter(ApplicationFilterChain.java:149)
	at org.springframework.web.filter.RequestContextFilter.doFilterInternal(RequestContextFilter.java:100)
	at org.springframework.web.filter.OncePerRequestFilter.doFilter(OncePerRequestFilter.java:116)
	at org.apache.catalina.core.ApplicationFilterChain.internalDoFilter(ApplicationFilterChain.java:174)
	at org.apache.catalina.core.ApplicationFilterChain.doFilter(ApplicationFilterChain.java:149)
	at org.springframework.web.filter.FormContentFilter.doFilterInternal(FormContentFilter.java:93)
	at org.springframework.web.filter.OncePerRequestFilter.doFilter(OncePerRequestFilter.java:116)
	at org.apache.catalina.core.ApplicationFilterChain.internalDoFilter(ApplicationFilterChain.java:174)
	at org.apache.catalina.core.ApplicationFilterChain.doFilter(ApplicationFilterChain.java:149)
	at org.springframework.web.servlet.v6_0.OpenTelemetryHandlerMappingFilter.doFilter(OpenTelemetryHandlerMappingFilter.java:78)
	at org.apache.catalina.core.ApplicationFilterChain.internalDoFilter(ApplicationFilterChain.java:174)
	at org.apache.catalina.core.ApplicationFilterChain.doFilter(ApplicationFilterChain.java:149)
	at org.springframework.web.filter.ServerHttpObservationFilter.doFilterInternal(ServerHttpObservationFilter.java:109)
	at org.springframework.web.filter.OncePerRequestFilter.doFilter(OncePerRequestFilter.java:116)
	at org.apache.catalina.core.ApplicationFilterChain.internalDoFilter(ApplicationFilterChain.java:174)
	at org.apache.catalina.core.ApplicationFilterChain.doFilter(ApplicationFilterChain.java:149)
	at org.springframework.web.filter.CharacterEncodingFilter.doFilterInternal(CharacterEncodingFilter.java:201)
	at org.springframework.web.filter.OncePerRequestFilter.doFilter(OncePerRequestFilter.java:116)
	at org.apache.catalina.core.ApplicationFilterChain.internalDoFilter(ApplicationFilterChain.java:174)
	at org.apache.catalina.core.ApplicationFilterChain.doFilter(ApplicationFilterChain.java:149)
	at org.apache.catalina.core.StandardWrapperValve.invoke(StandardWrapperValve.java:167)
	at org.apache.catalina.core.StandardContextValve.invoke(StandardContextValve.java:90)
	at org.apache.catalina.authenticator.AuthenticatorBase.invoke(AuthenticatorBase.java:482)
	at org.apache.catalina.core.StandardHostValve.invoke(StandardHostValve.java:115)
	at org.apache.catalina.valves.ErrorReportValve.invoke(ErrorReportValve.java:93)
	at org.apache.catalina.core.StandardEngineValve.invoke(StandardEngineValve.java:74)
	at org.apache.catalina.connector.CoyoteAdapter.service(CoyoteAdapter.java:340)
	at org.apache.coyote.http11.Http11Processor.service(Http11Processor.java:391)
	at org.apache.coyote.AbstractProcessorLight.process(AbstractProcessorLight.java:63)
	at org.apache.coyote.AbstractProtocol$ConnectionHandler.process(AbstractProtocol.java:896)
	at org.apache.tomcat.util.net.NioEndpoint$SocketProcessor.doRun(NioEndpoint.java:1744)
	at org.apache.tomcat.util.net.SocketProcessorBase.run(SocketProcessorBase.java:52)
	at org.apache.tomcat.util.threads.ThreadPoolExecutor.runWorker(ThreadPoolExecutor.java:1191)
	at org.apache.tomcat.util.threads.ThreadPoolExecutor$Worker.run(ThreadPoolExecutor.java:659)
	at org.apache.tomcat.util.threads.TaskThread$WrappingRunnable.run(TaskThread.java:61)
	at java.base/java.lang.Thread.run(Thread.java:842)
2025-07-03 23:30:58.048 INFO  [main] c.m.m.MasterServiceApplication [,] - Starting MasterServiceApplication using Java 17.0.11 with PID 22496 (C:\Study\java-banking-phase2\backend\master-service\target\classes started by Thiên Vỹ in C:\Study\java-banking-phase2)
2025-07-03 23:30:58.062 DEBUG [main] c.m.m.MasterServiceApplication [,] - Running with Spring Boot v3.2.0, Spring v6.1.1
2025-07-03 23:30:58.063 INFO  [main] c.m.m.MasterServiceApplication [,] - No active profile set, falling back to 1 default profile: "default"
2025-07-03 23:31:02.447 INFO  [main] c.m.m.MasterServiceApplication [,] - Started MasterServiceApplication in 4.981 seconds (process running for 9.525)
2025-07-03 23:31:10.780 DEBUG [http-nio-8086-exec-1] o.s.web.client.RestTemplate [6ee8ab72d2ad0e9bb7931ca5805e0814,68b15b324dbfdd0f] - HTTP GET http://localhost:8180/realms/myrealm/.well-known/openid-configuration
2025-07-03 23:31:10.789 DEBUG [http-nio-8086-exec-1] o.s.web.client.RestTemplate [6ee8ab72d2ad0e9bb7931ca5805e0814,68b15b324dbfdd0f] - Accept=[application/json, application/*+json]
2025-07-03 23:31:10.821 DEBUG [http-nio-8086-exec-1] o.s.web.client.RestTemplate [6ee8ab72d2ad0e9bb7931ca5805e0814,68b15b324dbfdd0f] - Response 200 OK
2025-07-03 23:31:10.821 DEBUG [http-nio-8086-exec-1] o.s.web.client.RestTemplate [6ee8ab72d2ad0e9bb7931ca5805e0814,68b15b324dbfdd0f] - Reading to [java.util.Map<java.lang.String, java.lang.Object>]
2025-07-03 23:31:10.863 DEBUG [http-nio-8086-exec-1] o.s.web.client.RestTemplate [6ee8ab72d2ad0e9bb7931ca5805e0814,68b15b324dbfdd0f] - HTTP GET http://localhost:8180/realms/myrealm/protocol/openid-connect/certs
2025-07-03 23:31:10.864 DEBUG [http-nio-8086-exec-1] o.s.web.client.RestTemplate [6ee8ab72d2ad0e9bb7931ca5805e0814,68b15b324dbfdd0f] - Accept=[text/plain, application/json, application/*+json, */*]
2025-07-03 23:31:10.886 DEBUG [http-nio-8086-exec-1] o.s.web.client.RestTemplate [6ee8ab72d2ad0e9bb7931ca5805e0814,68b15b324dbfdd0f] - Response 200 OK
2025-07-03 23:31:10.887 DEBUG [http-nio-8086-exec-1] o.s.web.client.RestTemplate [6ee8ab72d2ad0e9bb7931ca5805e0814,68b15b324dbfdd0f] - Reading to [java.lang.String] as "application/json;charset=UTF-8"
2025-07-03 23:31:11.031 INFO  [http-nio-8086-exec-1] c.m.m.controller.MasterController [6ee8ab72d2ad0e9bb7931ca5805e0814,68b15b324dbfdd0f] - Received Master card registration request: CardRegistrationRequest(accountNumber=97045271637061988, cifCode=9704527163706, cardType=MASTER, customerName=null)
2025-07-03 23:31:11.043 INFO  [http-nio-8086-exec-1] c.m.m.service.impl.MasterServiceImpl [6ee8ab72d2ad0e9bb7931ca5805e0814,68b15b324dbfdd0f] - === RETRY ATTEMPT - Calling Master API for card registration: CardRegistrationRequest(accountNumber=97045271637061988, cifCode=9704527163706, cardType=MASTER, customerName=null) ===
2025-07-03 23:31:11.043 DEBUG [http-nio-8086-exec-1] c.m.m.service.impl.MasterServiceImpl [6ee8ab72d2ad0e9bb7931ca5805e0814,68b15b324dbfdd0f] - Method called with @Retry annotation - attempt will be tracked by Resilience4j
2025-07-03 23:31:11.043 DEBUG [http-nio-8086-exec-1] c.m.m.service.impl.MasterServiceImpl [6ee8ab72d2ad0e9bb7931ca5805e0814,68b15b324dbfdd0f] - Current thread: http-nio-8086-exec-1, Class: com.master.masterservice.service.impl.MasterServiceImpl
2025-07-03 23:31:11.045 DEBUG [http-nio-8086-exec-1] o.s.web.client.RestTemplate [6ee8ab72d2ad0e9bb7931ca5805e0814,68b15b324dbfdd0f] - HTTP POST http://localhost:8091/api/master/registration
2025-07-03 23:31:11.048 DEBUG [http-nio-8086-exec-1] o.s.web.client.RestTemplate [6ee8ab72d2ad0e9bb7931ca5805e0814,68b15b324dbfdd0f] - Accept=[application/json, application/*+json]
2025-07-03 23:31:11.056 DEBUG [http-nio-8086-exec-1] o.s.web.client.RestTemplate [6ee8ab72d2ad0e9bb7931ca5805e0814,68b15b324dbfdd0f] - Writing [CardRegistrationRequest(accountNumber=97045271637061988, cifCode=9704527163706, cardType=MASTER, customerName=null)] as "application/json"
2025-07-03 23:31:11.071 DEBUG [http-nio-8086-exec-1] o.s.web.client.RestTemplate [6ee8ab72d2ad0e9bb7931ca5805e0814,68b15b324dbfdd0f] - Response 500 INTERNAL_SERVER_ERROR
2025-07-03 23:31:11.074 ERROR [http-nio-8086-exec-1] c.m.m.service.impl.MasterServiceImpl [6ee8ab72d2ad0e9bb7931ca5805e0814,68b15b324dbfdd0f] - Server error calling Master API for account: 97045271637061988. Status: 500 INTERNAL_SERVER_ERROR, Error: 500 Server Error: "{<EOL><EOL>  "timestamp": "2025-06-25T09:00:00.000+07:00",<EOL><EOL>  "status": 500,<EOL><EOL>  "error": "Internal Server Error",<EOL><EOL>  "message": "Something went wrong on the server.",<EOL><EOL>  "path": "/api/master/registration"<EOL><EOL>}" - WILL RETRY
2025-07-03 23:31:11.077 INFO  [http-nio-8086-exec-1] c.m.masterservice.config.RetryConfig [6ee8ab72d2ad0e9bb7931ca5805e0814,68b15b324dbfdd0f] - === RETRY EVENT - Attempt #1 for: mastercard-registration ===
2025-07-03 23:31:11.590 INFO  [http-nio-8086-exec-1] c.m.m.service.impl.MasterServiceImpl [6ee8ab72d2ad0e9bb7931ca5805e0814,68b15b324dbfdd0f] - === RETRY ATTEMPT - Calling Master API for card registration: CardRegistrationRequest(accountNumber=97045271637061988, cifCode=9704527163706, cardType=MASTER, customerName=null) ===
2025-07-03 23:31:11.590 DEBUG [http-nio-8086-exec-1] c.m.m.service.impl.MasterServiceImpl [6ee8ab72d2ad0e9bb7931ca5805e0814,68b15b324dbfdd0f] - Method called with @Retry annotation - attempt will be tracked by Resilience4j
2025-07-03 23:31:11.590 DEBUG [http-nio-8086-exec-1] c.m.m.service.impl.MasterServiceImpl [6ee8ab72d2ad0e9bb7931ca5805e0814,68b15b324dbfdd0f] - Current thread: http-nio-8086-exec-1, Class: com.master.masterservice.service.impl.MasterServiceImpl
2025-07-03 23:31:11.591 DEBUG [http-nio-8086-exec-1] o.s.web.client.RestTemplate [6ee8ab72d2ad0e9bb7931ca5805e0814,68b15b324dbfdd0f] - HTTP POST http://localhost:8091/api/master/registration
2025-07-03 23:31:11.591 DEBUG [http-nio-8086-exec-1] o.s.web.client.RestTemplate [6ee8ab72d2ad0e9bb7931ca5805e0814,68b15b324dbfdd0f] - Accept=[application/json, application/*+json]
2025-07-03 23:31:11.591 DEBUG [http-nio-8086-exec-1] o.s.web.client.RestTemplate [6ee8ab72d2ad0e9bb7931ca5805e0814,68b15b324dbfdd0f] - Writing [CardRegistrationRequest(accountNumber=97045271637061988, cifCode=9704527163706, cardType=MASTER, customerName=null)] as "application/json"
2025-07-03 23:31:11.612 DEBUG [http-nio-8086-exec-1] o.s.web.client.RestTemplate [6ee8ab72d2ad0e9bb7931ca5805e0814,68b15b324dbfdd0f] - Response 500 INTERNAL_SERVER_ERROR
2025-07-03 23:31:11.612 ERROR [http-nio-8086-exec-1] c.m.m.service.impl.MasterServiceImpl [6ee8ab72d2ad0e9bb7931ca5805e0814,68b15b324dbfdd0f] - Server error calling Master API for account: 97045271637061988. Status: 500 INTERNAL_SERVER_ERROR, Error: 500 Server Error: "{<EOL><EOL>  "timestamp": "2025-06-25T09:00:00.000+07:00",<EOL><EOL>  "status": 500,<EOL><EOL>  "error": "Internal Server Error",<EOL><EOL>  "message": "Something went wrong on the server.",<EOL><EOL>  "path": "/api/master/registration"<EOL><EOL>}" - WILL RETRY
2025-07-03 23:31:11.613 INFO  [http-nio-8086-exec-1] c.m.masterservice.config.RetryConfig [6ee8ab72d2ad0e9bb7931ca5805e0814,68b15b324dbfdd0f] - === RETRY EVENT - Attempt #2 for: mastercard-registration ===
2025-07-03 23:31:12.118 INFO  [http-nio-8086-exec-1] c.m.m.service.impl.MasterServiceImpl [6ee8ab72d2ad0e9bb7931ca5805e0814,68b15b324dbfdd0f] - === RETRY ATTEMPT - Calling Master API for card registration: CardRegistrationRequest(accountNumber=97045271637061988, cifCode=9704527163706, cardType=MASTER, customerName=null) ===
2025-07-03 23:31:12.119 DEBUG [http-nio-8086-exec-1] c.m.m.service.impl.MasterServiceImpl [6ee8ab72d2ad0e9bb7931ca5805e0814,68b15b324dbfdd0f] - Method called with @Retry annotation - attempt will be tracked by Resilience4j
2025-07-03 23:31:12.121 DEBUG [http-nio-8086-exec-1] c.m.m.service.impl.MasterServiceImpl [6ee8ab72d2ad0e9bb7931ca5805e0814,68b15b324dbfdd0f] - Current thread: http-nio-8086-exec-1, Class: com.master.masterservice.service.impl.MasterServiceImpl
2025-07-03 23:31:12.123 DEBUG [http-nio-8086-exec-1] o.s.web.client.RestTemplate [6ee8ab72d2ad0e9bb7931ca5805e0814,68b15b324dbfdd0f] - HTTP POST http://localhost:8091/api/master/registration
2025-07-03 23:31:12.123 DEBUG [http-nio-8086-exec-1] o.s.web.client.RestTemplate [6ee8ab72d2ad0e9bb7931ca5805e0814,68b15b324dbfdd0f] - Accept=[application/json, application/*+json]
2025-07-03 23:31:12.124 DEBUG [http-nio-8086-exec-1] o.s.web.client.RestTemplate [6ee8ab72d2ad0e9bb7931ca5805e0814,68b15b324dbfdd0f] - Writing [CardRegistrationRequest(accountNumber=97045271637061988, cifCode=9704527163706, cardType=MASTER, customerName=null)] as "application/json"
2025-07-03 23:31:12.145 DEBUG [http-nio-8086-exec-1] o.s.web.client.RestTemplate [6ee8ab72d2ad0e9bb7931ca5805e0814,68b15b324dbfdd0f] - Response 500 INTERNAL_SERVER_ERROR
2025-07-03 23:31:12.146 ERROR [http-nio-8086-exec-1] c.m.m.service.impl.MasterServiceImpl [6ee8ab72d2ad0e9bb7931ca5805e0814,68b15b324dbfdd0f] - Server error calling Master API for account: 97045271637061988. Status: 500 INTERNAL_SERVER_ERROR, Error: 500 Server Error: "{<EOL><EOL>  "timestamp": "2025-06-25T09:00:00.000+07:00",<EOL><EOL>  "status": 500,<EOL><EOL>  "error": "Internal Server Error",<EOL><EOL>  "message": "Something went wrong on the server.",<EOL><EOL>  "path": "/api/master/registration"<EOL><EOL>}" - WILL RETRY
2025-07-03 23:31:12.149 ERROR [http-nio-8086-exec-1] c.m.masterservice.config.RetryConfig [6ee8ab72d2ad0e9bb7931ca5805e0814,68b15b324dbfdd0f] - === RETRY FAILED - After 3 attempts for: mastercard-registration, Last exception: 500 Server Error: "{<EOL><EOL>  "timestamp": "2025-06-25T09:00:00.000+07:00",<EOL><EOL>  "status": 500,<EOL><EOL>  "error": "Internal Server Error",<EOL><EOL>  "message": "Something went wrong on the server.",<EOL><EOL>  "path": "/api/master/registration"<EOL><EOL>}" ===
2025-07-03 23:31:12.150 ERROR [http-nio-8086-exec-1] c.m.m.service.impl.MasterServiceImpl [6ee8ab72d2ad0e9bb7931ca5805e0814,68b15b324dbfdd0f] - === FALLBACK TRIGGERED === Master registration failed for account: 97045271637061988 after all retry attempts. Error type: InternalServerError, Message: 500 Server Error: "{<EOL><EOL>  "timestamp": "2025-06-25T09:00:00.000+07:00",<EOL><EOL>  "status": 500,<EOL><EOL>  "error": "Internal Server Error",<EOL><EOL>  "message": "Something went wrong on the server.",<EOL><EOL>  "path": "/api/master/registration"<EOL><EOL>}"
2025-07-03 23:31:12.151 ERROR [http-nio-8086-exec-1] c.m.m.service.impl.MasterServiceImpl [6ee8ab72d2ad0e9bb7931ca5805e0814,68b15b324dbfdd0f] - Full exception trace:
org.springframework.web.client.HttpServerErrorException$InternalServerError: 500 Server Error: "{<EOL><EOL>  "timestamp": "2025-06-25T09:00:00.000+07:00",<EOL><EOL>  "status": 500,<EOL><EOL>  "error": "Internal Server Error",<EOL><EOL>  "message": "Something went wrong on the server.",<EOL><EOL>  "path": "/api/master/registration"<EOL><EOL>}"
	at org.springframework.web.client.HttpServerErrorException.create(HttpServerErrorException.java:102)
	at org.springframework.web.client.DefaultResponseErrorHandler.handleError(DefaultResponseErrorHandler.java:186)
	at org.springframework.web.client.DefaultResponseErrorHandler.handleError(DefaultResponseErrorHandler.java:137)
	at org.springframework.web.client.ResponseErrorHandler.handleError(ResponseErrorHandler.java:63)
	at org.springframework.web.client.RestTemplate.handleResponse(RestTemplate.java:932)
	at org.springframework.web.client.RestTemplate.doExecute(RestTemplate.java:881)
	at org.springframework.web.client.RestTemplate.execute(RestTemplate.java:781)
	at org.springframework.web.client.RestTemplate.postForEntity(RestTemplate.java:529)
	at com.master.masterservice.service.impl.MasterServiceImpl.registerCard(MasterServiceImpl.java:51)
	at java.base/jdk.internal.reflect.NativeMethodAccessorImpl.invoke0(Native Method)
	at java.base/jdk.internal.reflect.NativeMethodAccessorImpl.invoke(NativeMethodAccessorImpl.java:77)
	at java.base/jdk.internal.reflect.DelegatingMethodAccessorImpl.invoke(DelegatingMethodAccessorImpl.java:43)
	at java.base/java.lang.reflect.Method.invoke(Method.java:568)
	at org.springframework.aop.support.AopUtils.invokeJoinpointUsingReflection(AopUtils.java:352)
	at org.springframework.aop.framework.ReflectiveMethodInvocation.invokeJoinpoint(ReflectiveMethodInvocation.java:196)
	at org.springframework.aop.framework.ReflectiveMethodInvocation.proceed(ReflectiveMethodInvocation.java:163)
	at org.springframework.aop.framework.CglibAopProxy$CglibMethodInvocation.proceed(CglibAopProxy.java:765)
	at org.springframework.aop.aspectj.MethodInvocationProceedingJoinPoint.proceed(MethodInvocationProceedingJoinPoint.java:89)
	at io.github.resilience4j.retry.Retry.lambda$decorateCheckedSupplier$1(Retry.java:135)
	at io.github.resilience4j.retry.Retry.executeCheckedSupplier(Retry.java:350)
	at io.github.resilience4j.spring6.retry.configure.RetryAspect.handleDefaultJoinPoint(RetryAspect.java:175)
	at io.github.resilience4j.spring6.retry.configure.RetryAspect.proceed(RetryAspect.java:132)
	at io.github.resilience4j.spring6.retry.configure.RetryAspect.lambda$retryAroundAdvice$0(RetryAspect.java:116)
	at io.github.resilience4j.spring6.fallback.DefaultFallbackDecorator.lambda$decorate$0(DefaultFallbackDecorator.java:36)
	at io.github.resilience4j.spring6.fallback.FallbackExecutor.execute(FallbackExecutor.java:39)
	at io.github.resilience4j.spring6.retry.configure.RetryAspect.retryAroundAdvice(RetryAspect.java:117)
	at java.base/jdk.internal.reflect.NativeMethodAccessorImpl.invoke0(Native Method)
	at java.base/jdk.internal.reflect.NativeMethodAccessorImpl.invoke(NativeMethodAccessorImpl.java:77)
	at java.base/jdk.internal.reflect.DelegatingMethodAccessorImpl.invoke(DelegatingMethodAccessorImpl.java:43)
	at java.base/java.lang.reflect.Method.invoke(Method.java:568)
	at org.springframework.aop.aspectj.AbstractAspectJAdvice.invokeAdviceMethodWithGivenArgs(AbstractAspectJAdvice.java:637)
	at org.springframework.aop.aspectj.AbstractAspectJAdvice.invokeAdviceMethod(AbstractAspectJAdvice.java:627)
	at org.springframework.aop.aspectj.AspectJAroundAdvice.invoke(AspectJAroundAdvice.java:71)
	at org.springframework.aop.framework.ReflectiveMethodInvocation.proceed(ReflectiveMethodInvocation.java:173)
	at org.springframework.aop.framework.CglibAopProxy$CglibMethodInvocation.proceed(CglibAopProxy.java:765)
	at org.springframework.aop.interceptor.ExposeInvocationInterceptor.invoke(ExposeInvocationInterceptor.java:97)
	at org.springframework.aop.framework.ReflectiveMethodInvocation.proceed(ReflectiveMethodInvocation.java:184)
	at org.springframework.aop.framework.CglibAopProxy$CglibMethodInvocation.proceed(CglibAopProxy.java:765)
	at org.springframework.aop.framework.CglibAopProxy$DynamicAdvisedInterceptor.intercept(CglibAopProxy.java:717)
	at com.master.masterservice.service.impl.MasterServiceImpl$$SpringCGLIB$$0.registerCard(<generated>)
	at com.master.masterservice.controller.MasterController.registerCard(MasterController.java:25)
	at java.base/jdk.internal.reflect.NativeMethodAccessorImpl.invoke0(Native Method)
	at java.base/jdk.internal.reflect.NativeMethodAccessorImpl.invoke(NativeMethodAccessorImpl.java:77)
	at java.base/jdk.internal.reflect.DelegatingMethodAccessorImpl.invoke(DelegatingMethodAccessorImpl.java:43)
	at java.base/java.lang.reflect.Method.invoke(Method.java:568)
	at org.springframework.web.method.support.InvocableHandlerMethod.doInvoke(InvocableHandlerMethod.java:254)
	at org.springframework.web.method.support.InvocableHandlerMethod.invokeForRequest(InvocableHandlerMethod.java:182)
	at org.springframework.web.servlet.mvc.method.annotation.ServletInvocableHandlerMethod.invokeAndHandle(ServletInvocableHandlerMethod.java:118)
	at org.springframework.web.servlet.mvc.method.annotation.RequestMappingHandlerAdapter.invokeHandlerMethod(RequestMappingHandlerAdapter.java:917)
	at org.springframework.web.servlet.mvc.method.annotation.RequestMappingHandlerAdapter.handleInternal(RequestMappingHandlerAdapter.java:829)
	at org.springframework.web.servlet.mvc.method.AbstractHandlerMethodAdapter.handle(AbstractHandlerMethodAdapter.java:87)
	at org.springframework.web.servlet.DispatcherServlet.doDispatch(DispatcherServlet.java:1089)
	at org.springframework.web.servlet.DispatcherServlet.doService(DispatcherServlet.java:979)
	at org.springframework.web.servlet.FrameworkServlet.processRequest(FrameworkServlet.java:1014)
	at org.springframework.web.servlet.FrameworkServlet.doPost(FrameworkServlet.java:914)
	at jakarta.servlet.http.HttpServlet.service(HttpServlet.java:590)
	at org.springframework.web.servlet.FrameworkServlet.service(FrameworkServlet.java:885)
	at jakarta.servlet.http.HttpServlet.service(HttpServlet.java:658)
	at org.apache.catalina.core.ApplicationFilterChain.internalDoFilter(ApplicationFilterChain.java:205)
	at org.apache.catalina.core.ApplicationFilterChain.doFilter(ApplicationFilterChain.java:149)
	at org.apache.tomcat.websocket.server.WsFilter.doFilter(WsFilter.java:51)
	at org.apache.catalina.core.ApplicationFilterChain.internalDoFilter(ApplicationFilterChain.java:174)
	at org.apache.catalina.core.ApplicationFilterChain.doFilter(ApplicationFilterChain.java:149)
	at org.springframework.security.web.FilterChainProxy.lambda$doFilterInternal$3(FilterChainProxy.java:231)
	at org.springframework.security.web.ObservationFilterChainDecorator$FilterObservation$SimpleFilterObservation.lambda$wrap$1(ObservationFilterChainDecorator.java:479)
	at org.springframework.security.web.ObservationFilterChainDecorator$AroundFilterObservation$SimpleAroundFilterObservation.lambda$wrap$1(ObservationFilterChainDecorator.java:340)
	at org.springframework.security.web.ObservationFilterChainDecorator.lambda$wrapSecured$0(ObservationFilterChainDecorator.java:82)
	at org.springframework.security.web.ObservationFilterChainDecorator$VirtualFilterChain.doFilter(ObservationFilterChainDecorator.java:128)
	at org.springframework.security.web.access.intercept.AuthorizationFilter.doFilter(AuthorizationFilter.java:100)
	at org.springframework.security.web.ObservationFilterChainDecorator$ObservationFilter.wrapFilter(ObservationFilterChainDecorator.java:240)
	at org.springframework.security.web.ObservationFilterChainDecorator$ObservationFilter.doFilter(ObservationFilterChainDecorator.java:227)
	at org.springframework.security.web.ObservationFilterChainDecorator$VirtualFilterChain.doFilter(ObservationFilterChainDecorator.java:137)
	at org.springframework.security.web.access.ExceptionTranslationFilter.doFilter(ExceptionTranslationFilter.java:126)
	at org.springframework.security.web.access.ExceptionTranslationFilter.doFilter(ExceptionTranslationFilter.java:120)
	at org.springframework.security.web.ObservationFilterChainDecorator$ObservationFilter.wrapFilter(ObservationFilterChainDecorator.java:240)
	at org.springframework.security.web.ObservationFilterChainDecorator$ObservationFilter.doFilter(ObservationFilterChainDecorator.java:227)
	at org.springframework.security.web.ObservationFilterChainDecorator$VirtualFilterChain.doFilter(ObservationFilterChainDecorator.java:137)
	at org.springframework.security.web.session.SessionManagementFilter.doFilter(SessionManagementFilter.java:131)
	at org.springframework.security.web.session.SessionManagementFilter.doFilter(SessionManagementFilter.java:85)
	at org.springframework.security.web.ObservationFilterChainDecorator$ObservationFilter.wrapFilter(ObservationFilterChainDecorator.java:240)
	at org.springframework.security.web.ObservationFilterChainDecorator$ObservationFilter.doFilter(ObservationFilterChainDecorator.java:227)
	at org.springframework.security.web.ObservationFilterChainDecorator$VirtualFilterChain.doFilter(ObservationFilterChainDecorator.java:137)
	at org.springframework.security.web.authentication.AnonymousAuthenticationFilter.doFilter(AnonymousAuthenticationFilter.java:100)
	at org.springframework.security.web.ObservationFilterChainDecorator$ObservationFilter.wrapFilter(ObservationFilterChainDecorator.java:240)
	at org.springframework.security.web.ObservationFilterChainDecorator$ObservationFilter.doFilter(ObservationFilterChainDecorator.java:227)
	at org.springframework.security.web.ObservationFilterChainDecorator$VirtualFilterChain.doFilter(ObservationFilterChainDecorator.java:137)
	at org.springframework.security.web.servletapi.SecurityContextHolderAwareRequestFilter.doFilter(SecurityContextHolderAwareRequestFilter.java:179)
	at org.springframework.security.web.ObservationFilterChainDecorator$ObservationFilter.wrapFilter(ObservationFilterChainDecorator.java:240)
	at org.springframework.security.web.ObservationFilterChainDecorator$ObservationFilter.doFilter(ObservationFilterChainDecorator.java:227)
	at org.springframework.security.web.ObservationFilterChainDecorator$VirtualFilterChain.doFilter(ObservationFilterChainDecorator.java:137)
	at org.springframework.security.web.savedrequest.RequestCacheAwareFilter.doFilter(RequestCacheAwareFilter.java:63)
	at org.springframework.security.web.ObservationFilterChainDecorator$ObservationFilter.wrapFilter(ObservationFilterChainDecorator.java:240)
	at org.springframework.security.web.ObservationFilterChainDecorator$ObservationFilter.doFilter(ObservationFilterChainDecorator.java:227)
	at org.springframework.security.web.ObservationFilterChainDecorator$VirtualFilterChain.doFilter(ObservationFilterChainDecorator.java:137)
	at org.springframework.security.oauth2.server.resource.web.authentication.BearerTokenAuthenticationFilter.doFilterInternal(BearerTokenAuthenticationFilter.java:145)
	at org.springframework.web.filter.OncePerRequestFilter.doFilter(OncePerRequestFilter.java:116)
	at org.springframework.security.web.ObservationFilterChainDecorator$ObservationFilter.wrapFilter(ObservationFilterChainDecorator.java:240)
	at org.springframework.security.web.ObservationFilterChainDecorator$ObservationFilter.doFilter(ObservationFilterChainDecorator.java:227)
	at org.springframework.security.web.ObservationFilterChainDecorator$VirtualFilterChain.doFilter(ObservationFilterChainDecorator.java:137)
	at org.springframework.security.web.authentication.logout.LogoutFilter.doFilter(LogoutFilter.java:107)
	at org.springframework.security.web.authentication.logout.LogoutFilter.doFilter(LogoutFilter.java:93)
	at org.springframework.security.web.ObservationFilterChainDecorator$ObservationFilter.wrapFilter(ObservationFilterChainDecorator.java:240)
	at org.springframework.security.web.ObservationFilterChainDecorator$ObservationFilter.doFilter(ObservationFilterChainDecorator.java:227)
	at org.springframework.security.web.ObservationFilterChainDecorator$VirtualFilterChain.doFilter(ObservationFilterChainDecorator.java:137)
	at org.springframework.web.filter.CorsFilter.doFilterInternal(CorsFilter.java:91)
	at org.springframework.web.filter.OncePerRequestFilter.doFilter(OncePerRequestFilter.java:116)
	at org.springframework.security.web.ObservationFilterChainDecorator$ObservationFilter.wrapFilter(ObservationFilterChainDecorator.java:240)
	at org.springframework.security.web.ObservationFilterChainDecorator$ObservationFilter.doFilter(ObservationFilterChainDecorator.java:227)
	at org.springframework.security.web.ObservationFilterChainDecorator$VirtualFilterChain.doFilter(ObservationFilterChainDecorator.java:137)
	at org.springframework.security.web.header.HeaderWriterFilter.doHeadersAfter(HeaderWriterFilter.java:90)
	at org.springframework.security.web.header.HeaderWriterFilter.doFilterInternal(HeaderWriterFilter.java:75)
	at org.springframework.web.filter.OncePerRequestFilter.doFilter(OncePerRequestFilter.java:116)
	at org.springframework.security.web.ObservationFilterChainDecorator$ObservationFilter.wrapFilter(ObservationFilterChainDecorator.java:240)
	at org.springframework.security.web.ObservationFilterChainDecorator$ObservationFilter.doFilter(ObservationFilterChainDecorator.java:227)
	at org.springframework.security.web.ObservationFilterChainDecorator$VirtualFilterChain.doFilter(ObservationFilterChainDecorator.java:137)
	at org.springframework.security.web.context.SecurityContextHolderFilter.doFilter(SecurityContextHolderFilter.java:82)
	at org.springframework.security.web.context.SecurityContextHolderFilter.doFilter(SecurityContextHolderFilter.java:69)
	at org.springframework.security.web.ObservationFilterChainDecorator$ObservationFilter.wrapFilter(ObservationFilterChainDecorator.java:240)
	at org.springframework.security.web.ObservationFilterChainDecorator$ObservationFilter.doFilter(ObservationFilterChainDecorator.java:227)
	at org.springframework.security.web.ObservationFilterChainDecorator$VirtualFilterChain.doFilter(ObservationFilterChainDecorator.java:137)
	at org.springframework.security.web.context.request.async.WebAsyncManagerIntegrationFilter.doFilterInternal(WebAsyncManagerIntegrationFilter.java:62)
	at org.springframework.web.filter.OncePerRequestFilter.doFilter(OncePerRequestFilter.java:116)
	at org.springframework.security.web.ObservationFilterChainDecorator$ObservationFilter.wrapFilter(ObservationFilterChainDecorator.java:240)
	at org.springframework.security.web.ObservationFilterChainDecorator$ObservationFilter.doFilter(ObservationFilterChainDecorator.java:227)
	at org.springframework.security.web.ObservationFilterChainDecorator$VirtualFilterChain.doFilter(ObservationFilterChainDecorator.java:137)
	at org.springframework.security.web.session.DisableEncodeUrlFilter.doFilterInternal(DisableEncodeUrlFilter.java:42)
	at org.springframework.web.filter.OncePerRequestFilter.doFilter(OncePerRequestFilter.java:116)
	at org.springframework.security.web.ObservationFilterChainDecorator$ObservationFilter.wrapFilter(ObservationFilterChainDecorator.java:240)
	at org.springframework.security.web.ObservationFilterChainDecorator$AroundFilterObservation$SimpleAroundFilterObservation.lambda$wrap$0(ObservationFilterChainDecorator.java:323)
	at org.springframework.security.web.ObservationFilterChainDecorator$ObservationFilter.doFilter(ObservationFilterChainDecorator.java:224)
	at org.springframework.security.web.ObservationFilterChainDecorator$VirtualFilterChain.doFilter(ObservationFilterChainDecorator.java:137)
	at org.springframework.security.web.FilterChainProxy.doFilterInternal(FilterChainProxy.java:233)
	at org.springframework.security.web.FilterChainProxy.doFilter(FilterChainProxy.java:191)
	at org.springframework.web.filter.DelegatingFilterProxy.invokeDelegate(DelegatingFilterProxy.java:352)
	at org.springframework.web.filter.DelegatingFilterProxy.doFilter(DelegatingFilterProxy.java:268)
	at org.apache.catalina.core.ApplicationFilterChain.internalDoFilter(ApplicationFilterChain.java:174)
	at org.apache.catalina.core.ApplicationFilterChain.doFilter(ApplicationFilterChain.java:149)
	at org.springframework.web.filter.RequestContextFilter.doFilterInternal(RequestContextFilter.java:100)
	at org.springframework.web.filter.OncePerRequestFilter.doFilter(OncePerRequestFilter.java:116)
	at org.apache.catalina.core.ApplicationFilterChain.internalDoFilter(ApplicationFilterChain.java:174)
	at org.apache.catalina.core.ApplicationFilterChain.doFilter(ApplicationFilterChain.java:149)
	at org.springframework.web.filter.FormContentFilter.doFilterInternal(FormContentFilter.java:93)
	at org.springframework.web.filter.OncePerRequestFilter.doFilter(OncePerRequestFilter.java:116)
	at org.apache.catalina.core.ApplicationFilterChain.internalDoFilter(ApplicationFilterChain.java:174)
	at org.apache.catalina.core.ApplicationFilterChain.doFilter(ApplicationFilterChain.java:149)
	at org.springframework.web.servlet.v6_0.OpenTelemetryHandlerMappingFilter.doFilter(OpenTelemetryHandlerMappingFilter.java:78)
	at org.apache.catalina.core.ApplicationFilterChain.internalDoFilter(ApplicationFilterChain.java:174)
	at org.apache.catalina.core.ApplicationFilterChain.doFilter(ApplicationFilterChain.java:149)
	at org.springframework.web.filter.ServerHttpObservationFilter.doFilterInternal(ServerHttpObservationFilter.java:109)
	at org.springframework.web.filter.OncePerRequestFilter.doFilter(OncePerRequestFilter.java:116)
	at org.apache.catalina.core.ApplicationFilterChain.internalDoFilter(ApplicationFilterChain.java:174)
	at org.apache.catalina.core.ApplicationFilterChain.doFilter(ApplicationFilterChain.java:149)
	at org.springframework.web.filter.CharacterEncodingFilter.doFilterInternal(CharacterEncodingFilter.java:201)
	at org.springframework.web.filter.OncePerRequestFilter.doFilter(OncePerRequestFilter.java:116)
	at org.apache.catalina.core.ApplicationFilterChain.internalDoFilter(ApplicationFilterChain.java:174)
	at org.apache.catalina.core.ApplicationFilterChain.doFilter(ApplicationFilterChain.java:149)
	at org.apache.catalina.core.StandardWrapperValve.invoke(StandardWrapperValve.java:167)
	at org.apache.catalina.core.StandardContextValve.invoke(StandardContextValve.java:90)
	at org.apache.catalina.authenticator.AuthenticatorBase.invoke(AuthenticatorBase.java:482)
	at org.apache.catalina.core.StandardHostValve.invoke(StandardHostValve.java:115)
	at org.apache.catalina.valves.ErrorReportValve.invoke(ErrorReportValve.java:93)
	at org.apache.catalina.core.StandardEngineValve.invoke(StandardEngineValve.java:74)
	at org.apache.catalina.connector.CoyoteAdapter.service(CoyoteAdapter.java:340)
	at org.apache.coyote.http11.Http11Processor.service(Http11Processor.java:391)
	at org.apache.coyote.AbstractProcessorLight.process(AbstractProcessorLight.java:63)
	at org.apache.coyote.AbstractProtocol$ConnectionHandler.process(AbstractProtocol.java:896)
	at org.apache.tomcat.util.net.NioEndpoint$SocketProcessor.doRun(NioEndpoint.java:1744)
	at org.apache.tomcat.util.net.SocketProcessorBase.run(SocketProcessorBase.java:52)
	at org.apache.tomcat.util.threads.ThreadPoolExecutor.runWorker(ThreadPoolExecutor.java:1191)
	at org.apache.tomcat.util.threads.ThreadPoolExecutor$Worker.run(ThreadPoolExecutor.java:659)
	at org.apache.tomcat.util.threads.TaskThread$WrappingRunnable.run(TaskThread.java:61)
	at java.base/java.lang.Thread.run(Thread.java:842)
2025-07-03 23:34:57.143 INFO  [main] c.m.m.MasterServiceApplication [,] - Starting MasterServiceApplication using Java 17.0.11 with PID 4612 (C:\Study\java-banking-phase2\backend\master-service\target\classes started by Thiên Vỹ in C:\Study\java-banking-phase2)
2025-07-03 23:34:57.168 DEBUG [main] c.m.m.MasterServiceApplication [,] - Running with Spring Boot v3.2.0, Spring v6.1.1
2025-07-03 23:34:57.170 INFO  [main] c.m.m.MasterServiceApplication [,] - No active profile set, falling back to 1 default profile: "default"
2025-07-03 23:35:01.629 INFO  [main] c.m.m.MasterServiceApplication [,] - Started MasterServiceApplication in 5.101 seconds (process running for 8.395)
2025-07-03 23:35:08.867 DEBUG [http-nio-8086-exec-1] o.s.web.client.RestTemplate [708e1c3809db74a2d8c84ac396dfde18,49e45cee9b97b2f1] - HTTP GET http://localhost:8180/realms/myrealm/.well-known/openid-configuration
2025-07-03 23:35:08.875 DEBUG [http-nio-8086-exec-1] o.s.web.client.RestTemplate [708e1c3809db74a2d8c84ac396dfde18,49e45cee9b97b2f1] - Accept=[application/json, application/*+json]
2025-07-03 23:35:08.907 DEBUG [http-nio-8086-exec-1] o.s.web.client.RestTemplate [708e1c3809db74a2d8c84ac396dfde18,49e45cee9b97b2f1] - Response 200 OK
2025-07-03 23:35:08.909 DEBUG [http-nio-8086-exec-1] o.s.web.client.RestTemplate [708e1c3809db74a2d8c84ac396dfde18,49e45cee9b97b2f1] - Reading to [java.util.Map<java.lang.String, java.lang.Object>]
2025-07-03 23:35:08.963 DEBUG [http-nio-8086-exec-1] o.s.web.client.RestTemplate [708e1c3809db74a2d8c84ac396dfde18,49e45cee9b97b2f1] - HTTP GET http://localhost:8180/realms/myrealm/protocol/openid-connect/certs
2025-07-03 23:35:08.964 DEBUG [http-nio-8086-exec-1] o.s.web.client.RestTemplate [708e1c3809db74a2d8c84ac396dfde18,49e45cee9b97b2f1] - Accept=[text/plain, application/json, application/*+json, */*]
2025-07-03 23:35:08.983 DEBUG [http-nio-8086-exec-1] o.s.web.client.RestTemplate [708e1c3809db74a2d8c84ac396dfde18,49e45cee9b97b2f1] - Response 200 OK
2025-07-03 23:35:08.984 DEBUG [http-nio-8086-exec-1] o.s.web.client.RestTemplate [708e1c3809db74a2d8c84ac396dfde18,49e45cee9b97b2f1] - Reading to [java.lang.String] as "application/json;charset=UTF-8"
2025-07-03 23:35:09.186 INFO  [http-nio-8086-exec-1] c.m.m.controller.MasterController [708e1c3809db74a2d8c84ac396dfde18,49e45cee9b97b2f1] - Received Master card registration request: CardRegistrationRequest(accountNumber=97045271637061988, cifCode=9704527163706, cardType=MASTER, customerName=null)
2025-07-03 23:35:09.219 INFO  [http-nio-8086-exec-1] c.m.m.service.impl.MasterServiceImpl [708e1c3809db74a2d8c84ac396dfde18,49e45cee9b97b2f1] - === RETRY ATTEMPT - Calling Master API for card registration: CardRegistrationRequest(accountNumber=97045271637061988, cifCode=9704527163706, cardType=MASTER, customerName=null) ===
2025-07-03 23:35:09.220 DEBUG [http-nio-8086-exec-1] c.m.m.service.impl.MasterServiceImpl [708e1c3809db74a2d8c84ac396dfde18,49e45cee9b97b2f1] - Method called with @Retry annotation - attempt will be tracked by Resilience4j
2025-07-03 23:35:09.220 DEBUG [http-nio-8086-exec-1] c.m.m.service.impl.MasterServiceImpl [708e1c3809db74a2d8c84ac396dfde18,49e45cee9b97b2f1] - Current thread: http-nio-8086-exec-1, Class: com.master.masterservice.service.impl.MasterServiceImpl
2025-07-03 23:35:09.225 DEBUG [http-nio-8086-exec-1] o.s.web.client.RestTemplate [708e1c3809db74a2d8c84ac396dfde18,49e45cee9b97b2f1] - HTTP POST http://localhost:8091/api/master/registration
2025-07-03 23:35:09.233 DEBUG [http-nio-8086-exec-1] o.s.web.client.RestTemplate [708e1c3809db74a2d8c84ac396dfde18,49e45cee9b97b2f1] - Accept=[application/json, application/*+json]
2025-07-03 23:35:09.254 DEBUG [http-nio-8086-exec-1] o.s.web.client.RestTemplate [708e1c3809db74a2d8c84ac396dfde18,49e45cee9b97b2f1] - Writing [CardRegistrationRequest(accountNumber=97045271637061988, cifCode=9704527163706, cardType=MASTER, customerName=null)] as "application/json"
2025-07-03 23:35:09.289 DEBUG [http-nio-8086-exec-1] o.s.web.client.RestTemplate [708e1c3809db74a2d8c84ac396dfde18,49e45cee9b97b2f1] - Response 500 INTERNAL_SERVER_ERROR
2025-07-03 23:35:09.296 ERROR [http-nio-8086-exec-1] c.m.m.service.impl.MasterServiceImpl [708e1c3809db74a2d8c84ac396dfde18,49e45cee9b97b2f1] - Server error calling Master API for account: 97045271637061988. Status: 500 INTERNAL_SERVER_ERROR, Error: 500 Server Error: "{<EOL><EOL>  "timestamp": "2025-06-25T09:00:00.000+07:00",<EOL><EOL>  "status": 500,<EOL><EOL>  "error": "Internal Server Error",<EOL><EOL>  "message": "Something went wrong on the server.",<EOL><EOL>  "path": "/api/master/registration"<EOL><EOL>}" - WILL RETRY
2025-07-03 23:35:09.303 INFO  [http-nio-8086-exec-1] c.m.masterservice.config.RetryConfig [708e1c3809db74a2d8c84ac396dfde18,49e45cee9b97b2f1] - === RETRY EVENT - Attempt #1 for: mastercard-registration ===
2025-07-03 23:35:09.809 INFO  [http-nio-8086-exec-1] c.m.m.service.impl.MasterServiceImpl [708e1c3809db74a2d8c84ac396dfde18,49e45cee9b97b2f1] - === RETRY ATTEMPT - Calling Master API for card registration: CardRegistrationRequest(accountNumber=97045271637061988, cifCode=9704527163706, cardType=MASTER, customerName=null) ===
2025-07-03 23:35:09.809 DEBUG [http-nio-8086-exec-1] c.m.m.service.impl.MasterServiceImpl [708e1c3809db74a2d8c84ac396dfde18,49e45cee9b97b2f1] - Method called with @Retry annotation - attempt will be tracked by Resilience4j
2025-07-03 23:35:09.810 DEBUG [http-nio-8086-exec-1] c.m.m.service.impl.MasterServiceImpl [708e1c3809db74a2d8c84ac396dfde18,49e45cee9b97b2f1] - Current thread: http-nio-8086-exec-1, Class: com.master.masterservice.service.impl.MasterServiceImpl
2025-07-03 23:35:09.811 DEBUG [http-nio-8086-exec-1] o.s.web.client.RestTemplate [708e1c3809db74a2d8c84ac396dfde18,49e45cee9b97b2f1] - HTTP POST http://localhost:8091/api/master/registration
2025-07-03 23:35:09.813 DEBUG [http-nio-8086-exec-1] o.s.web.client.RestTemplate [708e1c3809db74a2d8c84ac396dfde18,49e45cee9b97b2f1] - Accept=[application/json, application/*+json]
2025-07-03 23:35:09.813 DEBUG [http-nio-8086-exec-1] o.s.web.client.RestTemplate [708e1c3809db74a2d8c84ac396dfde18,49e45cee9b97b2f1] - Writing [CardRegistrationRequest(accountNumber=97045271637061988, cifCode=9704527163706, cardType=MASTER, customerName=null)] as "application/json"
2025-07-03 23:35:09.837 DEBUG [http-nio-8086-exec-1] o.s.web.client.RestTemplate [708e1c3809db74a2d8c84ac396dfde18,49e45cee9b97b2f1] - Response 500 INTERNAL_SERVER_ERROR
2025-07-03 23:35:09.840 ERROR [http-nio-8086-exec-1] c.m.m.service.impl.MasterServiceImpl [708e1c3809db74a2d8c84ac396dfde18,49e45cee9b97b2f1] - Server error calling Master API for account: 97045271637061988. Status: 500 INTERNAL_SERVER_ERROR, Error: 500 Server Error: "{<EOL><EOL>  "timestamp": "2025-06-25T09:00:00.000+07:00",<EOL><EOL>  "status": 500,<EOL><EOL>  "error": "Internal Server Error",<EOL><EOL>  "message": "Something went wrong on the server.",<EOL><EOL>  "path": "/api/master/registration"<EOL><EOL>}" - WILL RETRY
2025-07-03 23:35:09.841 INFO  [http-nio-8086-exec-1] c.m.masterservice.config.RetryConfig [708e1c3809db74a2d8c84ac396dfde18,49e45cee9b97b2f1] - === RETRY EVENT - Attempt #2 for: mastercard-registration ===
2025-07-03 23:35:10.351 INFO  [http-nio-8086-exec-1] c.m.m.service.impl.MasterServiceImpl [708e1c3809db74a2d8c84ac396dfde18,49e45cee9b97b2f1] - === RETRY ATTEMPT - Calling Master API for card registration: CardRegistrationRequest(accountNumber=97045271637061988, cifCode=9704527163706, cardType=MASTER, customerName=null) ===
2025-07-03 23:35:10.351 DEBUG [http-nio-8086-exec-1] c.m.m.service.impl.MasterServiceImpl [708e1c3809db74a2d8c84ac396dfde18,49e45cee9b97b2f1] - Method called with @Retry annotation - attempt will be tracked by Resilience4j
2025-07-03 23:35:10.352 DEBUG [http-nio-8086-exec-1] c.m.m.service.impl.MasterServiceImpl [708e1c3809db74a2d8c84ac396dfde18,49e45cee9b97b2f1] - Current thread: http-nio-8086-exec-1, Class: com.master.masterservice.service.impl.MasterServiceImpl
2025-07-03 23:35:10.353 DEBUG [http-nio-8086-exec-1] o.s.web.client.RestTemplate [708e1c3809db74a2d8c84ac396dfde18,49e45cee9b97b2f1] - HTTP POST http://localhost:8091/api/master/registration
2025-07-03 23:35:10.353 DEBUG [http-nio-8086-exec-1] o.s.web.client.RestTemplate [708e1c3809db74a2d8c84ac396dfde18,49e45cee9b97b2f1] - Accept=[application/json, application/*+json]
2025-07-03 23:35:10.353 DEBUG [http-nio-8086-exec-1] o.s.web.client.RestTemplate [708e1c3809db74a2d8c84ac396dfde18,49e45cee9b97b2f1] - Writing [CardRegistrationRequest(accountNumber=97045271637061988, cifCode=9704527163706, cardType=MASTER, customerName=null)] as "application/json"
2025-07-03 23:35:10.382 DEBUG [http-nio-8086-exec-1] o.s.web.client.RestTemplate [708e1c3809db74a2d8c84ac396dfde18,49e45cee9b97b2f1] - Response 500 INTERNAL_SERVER_ERROR
2025-07-03 23:35:10.384 ERROR [http-nio-8086-exec-1] c.m.m.service.impl.MasterServiceImpl [708e1c3809db74a2d8c84ac396dfde18,49e45cee9b97b2f1] - Server error calling Master API for account: 97045271637061988. Status: 500 INTERNAL_SERVER_ERROR, Error: 500 Server Error: "{<EOL><EOL>  "timestamp": "2025-06-25T09:00:00.000+07:00",<EOL><EOL>  "status": 500,<EOL><EOL>  "error": "Internal Server Error",<EOL><EOL>  "message": "Something went wrong on the server.",<EOL><EOL>  "path": "/api/master/registration"<EOL><EOL>}" - WILL RETRY
2025-07-03 23:35:10.386 ERROR [http-nio-8086-exec-1] c.m.masterservice.config.RetryConfig [708e1c3809db74a2d8c84ac396dfde18,49e45cee9b97b2f1] - === RETRY FAILED - After 3 attempts for: mastercard-registration, Last exception: 500 Server Error: "{<EOL><EOL>  "timestamp": "2025-06-25T09:00:00.000+07:00",<EOL><EOL>  "status": 500,<EOL><EOL>  "error": "Internal Server Error",<EOL><EOL>  "message": "Something went wrong on the server.",<EOL><EOL>  "path": "/api/master/registration"<EOL><EOL>}" ===
2025-07-03 23:35:10.387 ERROR [http-nio-8086-exec-1] c.m.m.service.impl.MasterServiceImpl [708e1c3809db74a2d8c84ac396dfde18,49e45cee9b97b2f1] - === FALLBACK TRIGGERED === Master registration failed for account: 97045271637061988 after all retry attempts. Error type: InternalServerError, Message: 500 Server Error: "{<EOL><EOL>  "timestamp": "2025-06-25T09:00:00.000+07:00",<EOL><EOL>  "status": 500,<EOL><EOL>  "error": "Internal Server Error",<EOL><EOL>  "message": "Something went wrong on the server.",<EOL><EOL>  "path": "/api/master/registration"<EOL><EOL>}"
2025-07-03 23:35:10.388 ERROR [http-nio-8086-exec-1] c.m.m.service.impl.MasterServiceImpl [708e1c3809db74a2d8c84ac396dfde18,49e45cee9b97b2f1] - Full exception trace:
org.springframework.web.client.HttpServerErrorException$InternalServerError: 500 Server Error: "{<EOL><EOL>  "timestamp": "2025-06-25T09:00:00.000+07:00",<EOL><EOL>  "status": 500,<EOL><EOL>  "error": "Internal Server Error",<EOL><EOL>  "message": "Something went wrong on the server.",<EOL><EOL>  "path": "/api/master/registration"<EOL><EOL>}"
	at org.springframework.web.client.HttpServerErrorException.create(HttpServerErrorException.java:102)
	at org.springframework.web.client.DefaultResponseErrorHandler.handleError(DefaultResponseErrorHandler.java:186)
	at org.springframework.web.client.DefaultResponseErrorHandler.handleError(DefaultResponseErrorHandler.java:137)
	at org.springframework.web.client.ResponseErrorHandler.handleError(ResponseErrorHandler.java:63)
	at org.springframework.web.client.RestTemplate.handleResponse(RestTemplate.java:932)
	at org.springframework.web.client.RestTemplate.doExecute(RestTemplate.java:881)
	at org.springframework.web.client.RestTemplate.execute(RestTemplate.java:781)
	at org.springframework.web.client.RestTemplate.postForEntity(RestTemplate.java:529)
	at com.master.masterservice.service.impl.MasterServiceImpl.registerCard(MasterServiceImpl.java:51)
	at java.base/jdk.internal.reflect.NativeMethodAccessorImpl.invoke0(Native Method)
	at java.base/jdk.internal.reflect.NativeMethodAccessorImpl.invoke(NativeMethodAccessorImpl.java:77)
	at java.base/jdk.internal.reflect.DelegatingMethodAccessorImpl.invoke(DelegatingMethodAccessorImpl.java:43)
	at java.base/java.lang.reflect.Method.invoke(Method.java:568)
	at org.springframework.aop.support.AopUtils.invokeJoinpointUsingReflection(AopUtils.java:352)
	at org.springframework.aop.framework.ReflectiveMethodInvocation.invokeJoinpoint(ReflectiveMethodInvocation.java:196)
	at org.springframework.aop.framework.ReflectiveMethodInvocation.proceed(ReflectiveMethodInvocation.java:163)
	at org.springframework.aop.framework.CglibAopProxy$CglibMethodInvocation.proceed(CglibAopProxy.java:765)
	at org.springframework.aop.aspectj.MethodInvocationProceedingJoinPoint.proceed(MethodInvocationProceedingJoinPoint.java:89)
	at io.github.resilience4j.retry.Retry.lambda$decorateCheckedSupplier$1(Retry.java:135)
	at io.github.resilience4j.retry.Retry.executeCheckedSupplier(Retry.java:350)
	at io.github.resilience4j.spring6.retry.configure.RetryAspect.handleDefaultJoinPoint(RetryAspect.java:175)
	at io.github.resilience4j.spring6.retry.configure.RetryAspect.proceed(RetryAspect.java:132)
	at io.github.resilience4j.spring6.retry.configure.RetryAspect.lambda$retryAroundAdvice$0(RetryAspect.java:116)
	at io.github.resilience4j.spring6.fallback.DefaultFallbackDecorator.lambda$decorate$0(DefaultFallbackDecorator.java:36)
	at io.github.resilience4j.spring6.fallback.FallbackExecutor.execute(FallbackExecutor.java:39)
	at io.github.resilience4j.spring6.retry.configure.RetryAspect.retryAroundAdvice(RetryAspect.java:117)
	at java.base/jdk.internal.reflect.NativeMethodAccessorImpl.invoke0(Native Method)
	at java.base/jdk.internal.reflect.NativeMethodAccessorImpl.invoke(NativeMethodAccessorImpl.java:77)
	at java.base/jdk.internal.reflect.DelegatingMethodAccessorImpl.invoke(DelegatingMethodAccessorImpl.java:43)
	at java.base/java.lang.reflect.Method.invoke(Method.java:568)
	at org.springframework.aop.aspectj.AbstractAspectJAdvice.invokeAdviceMethodWithGivenArgs(AbstractAspectJAdvice.java:637)
	at org.springframework.aop.aspectj.AbstractAspectJAdvice.invokeAdviceMethod(AbstractAspectJAdvice.java:627)
	at org.springframework.aop.aspectj.AspectJAroundAdvice.invoke(AspectJAroundAdvice.java:71)
	at org.springframework.aop.framework.ReflectiveMethodInvocation.proceed(ReflectiveMethodInvocation.java:173)
	at org.springframework.aop.framework.CglibAopProxy$CglibMethodInvocation.proceed(CglibAopProxy.java:765)
	at org.springframework.aop.interceptor.ExposeInvocationInterceptor.invoke(ExposeInvocationInterceptor.java:97)
	at org.springframework.aop.framework.ReflectiveMethodInvocation.proceed(ReflectiveMethodInvocation.java:184)
	at org.springframework.aop.framework.CglibAopProxy$CglibMethodInvocation.proceed(CglibAopProxy.java:765)
	at org.springframework.aop.framework.CglibAopProxy$DynamicAdvisedInterceptor.intercept(CglibAopProxy.java:717)
	at com.master.masterservice.service.impl.MasterServiceImpl$$SpringCGLIB$$0.registerCard(<generated>)
	at com.master.masterservice.controller.MasterController.registerCard(MasterController.java:25)
	at java.base/jdk.internal.reflect.NativeMethodAccessorImpl.invoke0(Native Method)
	at java.base/jdk.internal.reflect.NativeMethodAccessorImpl.invoke(NativeMethodAccessorImpl.java:77)
	at java.base/jdk.internal.reflect.DelegatingMethodAccessorImpl.invoke(DelegatingMethodAccessorImpl.java:43)
	at java.base/java.lang.reflect.Method.invoke(Method.java:568)
	at org.springframework.web.method.support.InvocableHandlerMethod.doInvoke(InvocableHandlerMethod.java:254)
	at org.springframework.web.method.support.InvocableHandlerMethod.invokeForRequest(InvocableHandlerMethod.java:182)
	at org.springframework.web.servlet.mvc.method.annotation.ServletInvocableHandlerMethod.invokeAndHandle(ServletInvocableHandlerMethod.java:118)
	at org.springframework.web.servlet.mvc.method.annotation.RequestMappingHandlerAdapter.invokeHandlerMethod(RequestMappingHandlerAdapter.java:917)
	at org.springframework.web.servlet.mvc.method.annotation.RequestMappingHandlerAdapter.handleInternal(RequestMappingHandlerAdapter.java:829)
	at org.springframework.web.servlet.mvc.method.AbstractHandlerMethodAdapter.handle(AbstractHandlerMethodAdapter.java:87)
	at org.springframework.web.servlet.DispatcherServlet.doDispatch(DispatcherServlet.java:1089)
	at org.springframework.web.servlet.DispatcherServlet.doService(DispatcherServlet.java:979)
	at org.springframework.web.servlet.FrameworkServlet.processRequest(FrameworkServlet.java:1014)
	at org.springframework.web.servlet.FrameworkServlet.doPost(FrameworkServlet.java:914)
	at jakarta.servlet.http.HttpServlet.service(HttpServlet.java:590)
	at org.springframework.web.servlet.FrameworkServlet.service(FrameworkServlet.java:885)
	at jakarta.servlet.http.HttpServlet.service(HttpServlet.java:658)
	at org.apache.catalina.core.ApplicationFilterChain.internalDoFilter(ApplicationFilterChain.java:205)
	at org.apache.catalina.core.ApplicationFilterChain.doFilter(ApplicationFilterChain.java:149)
	at org.apache.tomcat.websocket.server.WsFilter.doFilter(WsFilter.java:51)
	at org.apache.catalina.core.ApplicationFilterChain.internalDoFilter(ApplicationFilterChain.java:174)
	at org.apache.catalina.core.ApplicationFilterChain.doFilter(ApplicationFilterChain.java:149)
	at org.springframework.security.web.FilterChainProxy.lambda$doFilterInternal$3(FilterChainProxy.java:231)
	at org.springframework.security.web.ObservationFilterChainDecorator$FilterObservation$SimpleFilterObservation.lambda$wrap$1(ObservationFilterChainDecorator.java:479)
	at org.springframework.security.web.ObservationFilterChainDecorator$AroundFilterObservation$SimpleAroundFilterObservation.lambda$wrap$1(ObservationFilterChainDecorator.java:340)
	at org.springframework.security.web.ObservationFilterChainDecorator.lambda$wrapSecured$0(ObservationFilterChainDecorator.java:82)
	at org.springframework.security.web.ObservationFilterChainDecorator$VirtualFilterChain.doFilter(ObservationFilterChainDecorator.java:128)
	at org.springframework.security.web.access.intercept.AuthorizationFilter.doFilter(AuthorizationFilter.java:100)
	at org.springframework.security.web.ObservationFilterChainDecorator$ObservationFilter.wrapFilter(ObservationFilterChainDecorator.java:240)
	at org.springframework.security.web.ObservationFilterChainDecorator$ObservationFilter.doFilter(ObservationFilterChainDecorator.java:227)
	at org.springframework.security.web.ObservationFilterChainDecorator$VirtualFilterChain.doFilter(ObservationFilterChainDecorator.java:137)
	at org.springframework.security.web.access.ExceptionTranslationFilter.doFilter(ExceptionTranslationFilter.java:126)
	at org.springframework.security.web.access.ExceptionTranslationFilter.doFilter(ExceptionTranslationFilter.java:120)
	at org.springframework.security.web.ObservationFilterChainDecorator$ObservationFilter.wrapFilter(ObservationFilterChainDecorator.java:240)
	at org.springframework.security.web.ObservationFilterChainDecorator$ObservationFilter.doFilter(ObservationFilterChainDecorator.java:227)
	at org.springframework.security.web.ObservationFilterChainDecorator$VirtualFilterChain.doFilter(ObservationFilterChainDecorator.java:137)
	at org.springframework.security.web.session.SessionManagementFilter.doFilter(SessionManagementFilter.java:131)
	at org.springframework.security.web.session.SessionManagementFilter.doFilter(SessionManagementFilter.java:85)
	at org.springframework.security.web.ObservationFilterChainDecorator$ObservationFilter.wrapFilter(ObservationFilterChainDecorator.java:240)
	at org.springframework.security.web.ObservationFilterChainDecorator$ObservationFilter.doFilter(ObservationFilterChainDecorator.java:227)
	at org.springframework.security.web.ObservationFilterChainDecorator$VirtualFilterChain.doFilter(ObservationFilterChainDecorator.java:137)
	at org.springframework.security.web.authentication.AnonymousAuthenticationFilter.doFilter(AnonymousAuthenticationFilter.java:100)
	at org.springframework.security.web.ObservationFilterChainDecorator$ObservationFilter.wrapFilter(ObservationFilterChainDecorator.java:240)
	at org.springframework.security.web.ObservationFilterChainDecorator$ObservationFilter.doFilter(ObservationFilterChainDecorator.java:227)
	at org.springframework.security.web.ObservationFilterChainDecorator$VirtualFilterChain.doFilter(ObservationFilterChainDecorator.java:137)
	at org.springframework.security.web.servletapi.SecurityContextHolderAwareRequestFilter.doFilter(SecurityContextHolderAwareRequestFilter.java:179)
	at org.springframework.security.web.ObservationFilterChainDecorator$ObservationFilter.wrapFilter(ObservationFilterChainDecorator.java:240)
	at org.springframework.security.web.ObservationFilterChainDecorator$ObservationFilter.doFilter(ObservationFilterChainDecorator.java:227)
	at org.springframework.security.web.ObservationFilterChainDecorator$VirtualFilterChain.doFilter(ObservationFilterChainDecorator.java:137)
	at org.springframework.security.web.savedrequest.RequestCacheAwareFilter.doFilter(RequestCacheAwareFilter.java:63)
	at org.springframework.security.web.ObservationFilterChainDecorator$ObservationFilter.wrapFilter(ObservationFilterChainDecorator.java:240)
	at org.springframework.security.web.ObservationFilterChainDecorator$ObservationFilter.doFilter(ObservationFilterChainDecorator.java:227)
	at org.springframework.security.web.ObservationFilterChainDecorator$VirtualFilterChain.doFilter(ObservationFilterChainDecorator.java:137)
	at org.springframework.security.oauth2.server.resource.web.authentication.BearerTokenAuthenticationFilter.doFilterInternal(BearerTokenAuthenticationFilter.java:145)
	at org.springframework.web.filter.OncePerRequestFilter.doFilter(OncePerRequestFilter.java:116)
	at org.springframework.security.web.ObservationFilterChainDecorator$ObservationFilter.wrapFilter(ObservationFilterChainDecorator.java:240)
	at org.springframework.security.web.ObservationFilterChainDecorator$ObservationFilter.doFilter(ObservationFilterChainDecorator.java:227)
	at org.springframework.security.web.ObservationFilterChainDecorator$VirtualFilterChain.doFilter(ObservationFilterChainDecorator.java:137)
	at org.springframework.security.web.authentication.logout.LogoutFilter.doFilter(LogoutFilter.java:107)
	at org.springframework.security.web.authentication.logout.LogoutFilter.doFilter(LogoutFilter.java:93)
	at org.springframework.security.web.ObservationFilterChainDecorator$ObservationFilter.wrapFilter(ObservationFilterChainDecorator.java:240)
	at org.springframework.security.web.ObservationFilterChainDecorator$ObservationFilter.doFilter(ObservationFilterChainDecorator.java:227)
	at org.springframework.security.web.ObservationFilterChainDecorator$VirtualFilterChain.doFilter(ObservationFilterChainDecorator.java:137)
	at org.springframework.web.filter.CorsFilter.doFilterInternal(CorsFilter.java:91)
	at org.springframework.web.filter.OncePerRequestFilter.doFilter(OncePerRequestFilter.java:116)
	at org.springframework.security.web.ObservationFilterChainDecorator$ObservationFilter.wrapFilter(ObservationFilterChainDecorator.java:240)
	at org.springframework.security.web.ObservationFilterChainDecorator$ObservationFilter.doFilter(ObservationFilterChainDecorator.java:227)
	at org.springframework.security.web.ObservationFilterChainDecorator$VirtualFilterChain.doFilter(ObservationFilterChainDecorator.java:137)
	at org.springframework.security.web.header.HeaderWriterFilter.doHeadersAfter(HeaderWriterFilter.java:90)
	at org.springframework.security.web.header.HeaderWriterFilter.doFilterInternal(HeaderWriterFilter.java:75)
	at org.springframework.web.filter.OncePerRequestFilter.doFilter(OncePerRequestFilter.java:116)
	at org.springframework.security.web.ObservationFilterChainDecorator$ObservationFilter.wrapFilter(ObservationFilterChainDecorator.java:240)
	at org.springframework.security.web.ObservationFilterChainDecorator$ObservationFilter.doFilter(ObservationFilterChainDecorator.java:227)
	at org.springframework.security.web.ObservationFilterChainDecorator$VirtualFilterChain.doFilter(ObservationFilterChainDecorator.java:137)
	at org.springframework.security.web.context.SecurityContextHolderFilter.doFilter(SecurityContextHolderFilter.java:82)
	at org.springframework.security.web.context.SecurityContextHolderFilter.doFilter(SecurityContextHolderFilter.java:69)
	at org.springframework.security.web.ObservationFilterChainDecorator$ObservationFilter.wrapFilter(ObservationFilterChainDecorator.java:240)
	at org.springframework.security.web.ObservationFilterChainDecorator$ObservationFilter.doFilter(ObservationFilterChainDecorator.java:227)
	at org.springframework.security.web.ObservationFilterChainDecorator$VirtualFilterChain.doFilter(ObservationFilterChainDecorator.java:137)
	at org.springframework.security.web.context.request.async.WebAsyncManagerIntegrationFilter.doFilterInternal(WebAsyncManagerIntegrationFilter.java:62)
	at org.springframework.web.filter.OncePerRequestFilter.doFilter(OncePerRequestFilter.java:116)
	at org.springframework.security.web.ObservationFilterChainDecorator$ObservationFilter.wrapFilter(ObservationFilterChainDecorator.java:240)
	at org.springframework.security.web.ObservationFilterChainDecorator$ObservationFilter.doFilter(ObservationFilterChainDecorator.java:227)
	at org.springframework.security.web.ObservationFilterChainDecorator$VirtualFilterChain.doFilter(ObservationFilterChainDecorator.java:137)
	at org.springframework.security.web.session.DisableEncodeUrlFilter.doFilterInternal(DisableEncodeUrlFilter.java:42)
	at org.springframework.web.filter.OncePerRequestFilter.doFilter(OncePerRequestFilter.java:116)
	at org.springframework.security.web.ObservationFilterChainDecorator$ObservationFilter.wrapFilter(ObservationFilterChainDecorator.java:240)
	at org.springframework.security.web.ObservationFilterChainDecorator$AroundFilterObservation$SimpleAroundFilterObservation.lambda$wrap$0(ObservationFilterChainDecorator.java:323)
	at org.springframework.security.web.ObservationFilterChainDecorator$ObservationFilter.doFilter(ObservationFilterChainDecorator.java:224)
	at org.springframework.security.web.ObservationFilterChainDecorator$VirtualFilterChain.doFilter(ObservationFilterChainDecorator.java:137)
	at org.springframework.security.web.FilterChainProxy.doFilterInternal(FilterChainProxy.java:233)
	at org.springframework.security.web.FilterChainProxy.doFilter(FilterChainProxy.java:191)
	at org.springframework.web.filter.DelegatingFilterProxy.invokeDelegate(DelegatingFilterProxy.java:352)
	at org.springframework.web.filter.DelegatingFilterProxy.doFilter(DelegatingFilterProxy.java:268)
	at org.apache.catalina.core.ApplicationFilterChain.internalDoFilter(ApplicationFilterChain.java:174)
	at org.apache.catalina.core.ApplicationFilterChain.doFilter(ApplicationFilterChain.java:149)
	at org.springframework.web.filter.RequestContextFilter.doFilterInternal(RequestContextFilter.java:100)
	at org.springframework.web.filter.OncePerRequestFilter.doFilter(OncePerRequestFilter.java:116)
	at org.apache.catalina.core.ApplicationFilterChain.internalDoFilter(ApplicationFilterChain.java:174)
	at org.apache.catalina.core.ApplicationFilterChain.doFilter(ApplicationFilterChain.java:149)
	at org.springframework.web.filter.FormContentFilter.doFilterInternal(FormContentFilter.java:93)
	at org.springframework.web.filter.OncePerRequestFilter.doFilter(OncePerRequestFilter.java:116)
	at org.apache.catalina.core.ApplicationFilterChain.internalDoFilter(ApplicationFilterChain.java:174)
	at org.apache.catalina.core.ApplicationFilterChain.doFilter(ApplicationFilterChain.java:149)
	at org.springframework.web.servlet.v6_0.OpenTelemetryHandlerMappingFilter.doFilter(OpenTelemetryHandlerMappingFilter.java:78)
	at org.apache.catalina.core.ApplicationFilterChain.internalDoFilter(ApplicationFilterChain.java:174)
	at org.apache.catalina.core.ApplicationFilterChain.doFilter(ApplicationFilterChain.java:149)
	at org.springframework.web.filter.ServerHttpObservationFilter.doFilterInternal(ServerHttpObservationFilter.java:109)
	at org.springframework.web.filter.OncePerRequestFilter.doFilter(OncePerRequestFilter.java:116)
	at org.apache.catalina.core.ApplicationFilterChain.internalDoFilter(ApplicationFilterChain.java:174)
	at org.apache.catalina.core.ApplicationFilterChain.doFilter(ApplicationFilterChain.java:149)
	at org.springframework.web.filter.CharacterEncodingFilter.doFilterInternal(CharacterEncodingFilter.java:201)
	at org.springframework.web.filter.OncePerRequestFilter.doFilter(OncePerRequestFilter.java:116)
	at org.apache.catalina.core.ApplicationFilterChain.internalDoFilter(ApplicationFilterChain.java:174)
	at org.apache.catalina.core.ApplicationFilterChain.doFilter(ApplicationFilterChain.java:149)
	at org.apache.catalina.core.StandardWrapperValve.invoke(StandardWrapperValve.java:167)
	at org.apache.catalina.core.StandardContextValve.invoke(StandardContextValve.java:90)
	at org.apache.catalina.authenticator.AuthenticatorBase.invoke(AuthenticatorBase.java:482)
	at org.apache.catalina.core.StandardHostValve.invoke(StandardHostValve.java:115)
	at org.apache.catalina.valves.ErrorReportValve.invoke(ErrorReportValve.java:93)
	at org.apache.catalina.core.StandardEngineValve.invoke(StandardEngineValve.java:74)
	at org.apache.catalina.connector.CoyoteAdapter.service(CoyoteAdapter.java:340)
	at org.apache.coyote.http11.Http11Processor.service(Http11Processor.java:391)
	at org.apache.coyote.AbstractProcessorLight.process(AbstractProcessorLight.java:63)
	at org.apache.coyote.AbstractProtocol$ConnectionHandler.process(AbstractProtocol.java:896)
	at org.apache.tomcat.util.net.NioEndpoint$SocketProcessor.doRun(NioEndpoint.java:1744)
	at org.apache.tomcat.util.net.SocketProcessorBase.run(SocketProcessorBase.java:52)
	at org.apache.tomcat.util.threads.ThreadPoolExecutor.runWorker(ThreadPoolExecutor.java:1191)
	at org.apache.tomcat.util.threads.ThreadPoolExecutor$Worker.run(ThreadPoolExecutor.java:659)
	at org.apache.tomcat.util.threads.TaskThread$WrappingRunnable.run(TaskThread.java:61)
	at java.base/java.lang.Thread.run(Thread.java:842)
2025-07-03 23:44:21.116 DEBUG [http-nio-8086-exec-9] o.s.web.client.RestTemplate [367153a7ee1ef4444da74858a6ccd8a3,3350c0a6dc517e08] - HTTP GET http://localhost:8180/realms/myrealm/protocol/openid-connect/certs
2025-07-03 23:44:21.128 DEBUG [http-nio-8086-exec-9] o.s.web.client.RestTemplate [367153a7ee1ef4444da74858a6ccd8a3,3350c0a6dc517e08] - Accept=[text/plain, application/json, application/*+json, */*]
2025-07-03 23:44:21.166 DEBUG [http-nio-8086-exec-9] o.s.web.client.RestTemplate [367153a7ee1ef4444da74858a6ccd8a3,3350c0a6dc517e08] - Response 200 OK
2025-07-03 23:44:21.169 DEBUG [http-nio-8086-exec-9] o.s.web.client.RestTemplate [367153a7ee1ef4444da74858a6ccd8a3,3350c0a6dc517e08] - Reading to [java.lang.String] as "application/json;charset=UTF-8"
2025-07-03 23:44:21.264 INFO  [http-nio-8086-exec-9] c.m.m.controller.MasterController [367153a7ee1ef4444da74858a6ccd8a3,3350c0a6dc517e08] - Received Master card registration request: CardRegistrationRequest(accountNumber=97045271637061409, cifCode=9704527163706, cardType=MASTER, customerName=null)
2025-07-03 23:44:21.282 INFO  [http-nio-8086-exec-9] c.m.m.service.impl.MasterServiceImpl [367153a7ee1ef4444da74858a6ccd8a3,3350c0a6dc517e08] - === RETRY ATTEMPT - Calling Master API for card registration: CardRegistrationRequest(accountNumber=97045271637061409, cifCode=9704527163706, cardType=MASTER, customerName=null) ===
2025-07-03 23:44:21.283 DEBUG [http-nio-8086-exec-9] c.m.m.service.impl.MasterServiceImpl [367153a7ee1ef4444da74858a6ccd8a3,3350c0a6dc517e08] - Method called with @Retry annotation - attempt will be tracked by Resilience4j
2025-07-03 23:44:21.284 DEBUG [http-nio-8086-exec-9] c.m.m.service.impl.MasterServiceImpl [367153a7ee1ef4444da74858a6ccd8a3,3350c0a6dc517e08] - Current thread: http-nio-8086-exec-9, Class: com.master.masterservice.service.impl.MasterServiceImpl
2025-07-03 23:44:21.289 DEBUG [http-nio-8086-exec-9] o.s.web.client.RestTemplate [367153a7ee1ef4444da74858a6ccd8a3,3350c0a6dc517e08] - HTTP POST http://localhost:8091/api/master/registration
2025-07-03 23:44:21.290 DEBUG [http-nio-8086-exec-9] o.s.web.client.RestTemplate [367153a7ee1ef4444da74858a6ccd8a3,3350c0a6dc517e08] - Accept=[application/json, application/*+json]
2025-07-03 23:44:21.292 DEBUG [http-nio-8086-exec-9] o.s.web.client.RestTemplate [367153a7ee1ef4444da74858a6ccd8a3,3350c0a6dc517e08] - Writing [CardRegistrationRequest(accountNumber=97045271637061409, cifCode=9704527163706, cardType=MASTER, customerName=null)] as "application/json"
2025-07-03 23:44:21.474 DEBUG [http-nio-8086-exec-9] o.s.web.client.RestTemplate [367153a7ee1ef4444da74858a6ccd8a3,3350c0a6dc517e08] - Response 500 INTERNAL_SERVER_ERROR
2025-07-03 23:44:21.477 ERROR [http-nio-8086-exec-9] c.m.m.service.impl.MasterServiceImpl [367153a7ee1ef4444da74858a6ccd8a3,3350c0a6dc517e08] - Server error calling Master API for account: 97045271637061409. Status: 500 INTERNAL_SERVER_ERROR, Error: 500 Server Error: "{<EOL><EOL>  "timestamp": "2025-06-25T09:00:00.000+07:00",<EOL><EOL>  "status": 500,<EOL><EOL>  "error": "Internal Server Error",<EOL><EOL>  "message": "Something went wrong on the server.",<EOL><EOL>  "path": "/api/master/registration"<EOL><EOL>}" - WILL RETRY
2025-07-03 23:44:21.481 INFO  [http-nio-8086-exec-9] c.m.masterservice.config.RetryConfig [367153a7ee1ef4444da74858a6ccd8a3,3350c0a6dc517e08] - === RETRY EVENT - Attempt #1 for: mastercard-registration ===
2025-07-03 23:44:21.992 INFO  [http-nio-8086-exec-9] c.m.m.service.impl.MasterServiceImpl [367153a7ee1ef4444da74858a6ccd8a3,3350c0a6dc517e08] - === RETRY ATTEMPT - Calling Master API for card registration: CardRegistrationRequest(accountNumber=97045271637061409, cifCode=9704527163706, cardType=MASTER, customerName=null) ===
2025-07-03 23:44:21.994 DEBUG [http-nio-8086-exec-9] c.m.m.service.impl.MasterServiceImpl [367153a7ee1ef4444da74858a6ccd8a3,3350c0a6dc517e08] - Method called with @Retry annotation - attempt will be tracked by Resilience4j
2025-07-03 23:44:21.995 DEBUG [http-nio-8086-exec-9] c.m.m.service.impl.MasterServiceImpl [367153a7ee1ef4444da74858a6ccd8a3,3350c0a6dc517e08] - Current thread: http-nio-8086-exec-9, Class: com.master.masterservice.service.impl.MasterServiceImpl
2025-07-03 23:44:21.997 DEBUG [http-nio-8086-exec-9] o.s.web.client.RestTemplate [367153a7ee1ef4444da74858a6ccd8a3,3350c0a6dc517e08] - HTTP POST http://localhost:8091/api/master/registration
2025-07-03 23:44:21.999 DEBUG [http-nio-8086-exec-9] o.s.web.client.RestTemplate [367153a7ee1ef4444da74858a6ccd8a3,3350c0a6dc517e08] - Accept=[application/json, application/*+json]
2025-07-03 23:44:21.999 DEBUG [http-nio-8086-exec-9] o.s.web.client.RestTemplate [367153a7ee1ef4444da74858a6ccd8a3,3350c0a6dc517e08] - Writing [CardRegistrationRequest(accountNumber=97045271637061409, cifCode=9704527163706, cardType=MASTER, customerName=null)] as "application/json"
2025-07-03 23:44:22.034 DEBUG [http-nio-8086-exec-9] o.s.web.client.RestTemplate [367153a7ee1ef4444da74858a6ccd8a3,3350c0a6dc517e08] - Response 500 INTERNAL_SERVER_ERROR
2025-07-03 23:44:22.039 ERROR [http-nio-8086-exec-9] c.m.m.service.impl.MasterServiceImpl [367153a7ee1ef4444da74858a6ccd8a3,3350c0a6dc517e08] - Server error calling Master API for account: 97045271637061409. Status: 500 INTERNAL_SERVER_ERROR, Error: 500 Server Error: "{<EOL><EOL>  "timestamp": "2025-06-25T09:00:00.000+07:00",<EOL><EOL>  "status": 500,<EOL><EOL>  "error": "Internal Server Error",<EOL><EOL>  "message": "Something went wrong on the server.",<EOL><EOL>  "path": "/api/master/registration"<EOL><EOL>}" - WILL RETRY
2025-07-03 23:44:22.044 INFO  [http-nio-8086-exec-9] c.m.masterservice.config.RetryConfig [367153a7ee1ef4444da74858a6ccd8a3,3350c0a6dc517e08] - === RETRY EVENT - Attempt #2 for: mastercard-registration ===
2025-07-03 23:44:22.551 INFO  [http-nio-8086-exec-9] c.m.m.service.impl.MasterServiceImpl [367153a7ee1ef4444da74858a6ccd8a3,3350c0a6dc517e08] - === RETRY ATTEMPT - Calling Master API for card registration: CardRegistrationRequest(accountNumber=97045271637061409, cifCode=9704527163706, cardType=MASTER, customerName=null) ===
2025-07-03 23:44:22.552 DEBUG [http-nio-8086-exec-9] c.m.m.service.impl.MasterServiceImpl [367153a7ee1ef4444da74858a6ccd8a3,3350c0a6dc517e08] - Method called with @Retry annotation - attempt will be tracked by Resilience4j
2025-07-03 23:44:22.552 DEBUG [http-nio-8086-exec-9] c.m.m.service.impl.MasterServiceImpl [367153a7ee1ef4444da74858a6ccd8a3,3350c0a6dc517e08] - Current thread: http-nio-8086-exec-9, Class: com.master.masterservice.service.impl.MasterServiceImpl
2025-07-03 23:44:22.556 DEBUG [http-nio-8086-exec-9] o.s.web.client.RestTemplate [367153a7ee1ef4444da74858a6ccd8a3,3350c0a6dc517e08] - HTTP POST http://localhost:8091/api/master/registration
2025-07-03 23:44:22.557 DEBUG [http-nio-8086-exec-9] o.s.web.client.RestTemplate [367153a7ee1ef4444da74858a6ccd8a3,3350c0a6dc517e08] - Accept=[application/json, application/*+json]
2025-07-03 23:44:22.558 DEBUG [http-nio-8086-exec-9] o.s.web.client.RestTemplate [367153a7ee1ef4444da74858a6ccd8a3,3350c0a6dc517e08] - Writing [CardRegistrationRequest(accountNumber=97045271637061409, cifCode=9704527163706, cardType=MASTER, customerName=null)] as "application/json"
2025-07-03 23:44:22.604 DEBUG [http-nio-8086-exec-9] o.s.web.client.RestTemplate [367153a7ee1ef4444da74858a6ccd8a3,3350c0a6dc517e08] - Response 500 INTERNAL_SERVER_ERROR
2025-07-03 23:44:22.612 ERROR [http-nio-8086-exec-9] c.m.m.service.impl.MasterServiceImpl [367153a7ee1ef4444da74858a6ccd8a3,3350c0a6dc517e08] - Server error calling Master API for account: 97045271637061409. Status: 500 INTERNAL_SERVER_ERROR, Error: 500 Server Error: "{<EOL><EOL>  "timestamp": "2025-06-25T09:00:00.000+07:00",<EOL><EOL>  "status": 500,<EOL><EOL>  "error": "Internal Server Error",<EOL><EOL>  "message": "Something went wrong on the server.",<EOL><EOL>  "path": "/api/master/registration"<EOL><EOL>}" - WILL RETRY
2025-07-03 23:44:22.614 ERROR [http-nio-8086-exec-9] c.m.masterservice.config.RetryConfig [367153a7ee1ef4444da74858a6ccd8a3,3350c0a6dc517e08] - === RETRY FAILED - After 3 attempts for: mastercard-registration, Last exception: 500 Server Error: "{<EOL><EOL>  "timestamp": "2025-06-25T09:00:00.000+07:00",<EOL><EOL>  "status": 500,<EOL><EOL>  "error": "Internal Server Error",<EOL><EOL>  "message": "Something went wrong on the server.",<EOL><EOL>  "path": "/api/master/registration"<EOL><EOL>}" ===
2025-07-03 23:44:22.615 ERROR [http-nio-8086-exec-9] c.m.m.service.impl.MasterServiceImpl [367153a7ee1ef4444da74858a6ccd8a3,3350c0a6dc517e08] - === FALLBACK TRIGGERED === Master registration failed for account: 97045271637061409 after all retry attempts. Error type: InternalServerError, Message: 500 Server Error: "{<EOL><EOL>  "timestamp": "2025-06-25T09:00:00.000+07:00",<EOL><EOL>  "status": 500,<EOL><EOL>  "error": "Internal Server Error",<EOL><EOL>  "message": "Something went wrong on the server.",<EOL><EOL>  "path": "/api/master/registration"<EOL><EOL>}"
2025-07-03 23:44:22.617 ERROR [http-nio-8086-exec-9] c.m.m.service.impl.MasterServiceImpl [367153a7ee1ef4444da74858a6ccd8a3,3350c0a6dc517e08] - Full exception trace:
org.springframework.web.client.HttpServerErrorException$InternalServerError: 500 Server Error: "{<EOL><EOL>  "timestamp": "2025-06-25T09:00:00.000+07:00",<EOL><EOL>  "status": 500,<EOL><EOL>  "error": "Internal Server Error",<EOL><EOL>  "message": "Something went wrong on the server.",<EOL><EOL>  "path": "/api/master/registration"<EOL><EOL>}"
	at org.springframework.web.client.HttpServerErrorException.create(HttpServerErrorException.java:102)
	at org.springframework.web.client.DefaultResponseErrorHandler.handleError(DefaultResponseErrorHandler.java:186)
	at org.springframework.web.client.DefaultResponseErrorHandler.handleError(DefaultResponseErrorHandler.java:137)
	at org.springframework.web.client.ResponseErrorHandler.handleError(ResponseErrorHandler.java:63)
	at org.springframework.web.client.RestTemplate.handleResponse(RestTemplate.java:932)
	at org.springframework.web.client.RestTemplate.doExecute(RestTemplate.java:881)
	at org.springframework.web.client.RestTemplate.execute(RestTemplate.java:781)
	at org.springframework.web.client.RestTemplate.postForEntity(RestTemplate.java:529)
	at com.master.masterservice.service.impl.MasterServiceImpl.registerCard(MasterServiceImpl.java:51)
	at java.base/jdk.internal.reflect.NativeMethodAccessorImpl.invoke0(Native Method)
	at java.base/jdk.internal.reflect.NativeMethodAccessorImpl.invoke(NativeMethodAccessorImpl.java:77)
	at java.base/jdk.internal.reflect.DelegatingMethodAccessorImpl.invoke(DelegatingMethodAccessorImpl.java:43)
	at java.base/java.lang.reflect.Method.invoke(Method.java:568)
	at org.springframework.aop.support.AopUtils.invokeJoinpointUsingReflection(AopUtils.java:352)
	at org.springframework.aop.framework.ReflectiveMethodInvocation.invokeJoinpoint(ReflectiveMethodInvocation.java:196)
	at org.springframework.aop.framework.ReflectiveMethodInvocation.proceed(ReflectiveMethodInvocation.java:163)
	at org.springframework.aop.framework.CglibAopProxy$CglibMethodInvocation.proceed(CglibAopProxy.java:765)
	at org.springframework.aop.aspectj.MethodInvocationProceedingJoinPoint.proceed(MethodInvocationProceedingJoinPoint.java:89)
	at io.github.resilience4j.retry.Retry.lambda$decorateCheckedSupplier$1(Retry.java:135)
	at io.github.resilience4j.retry.Retry.executeCheckedSupplier(Retry.java:350)
	at io.github.resilience4j.spring6.retry.configure.RetryAspect.handleDefaultJoinPoint(RetryAspect.java:175)
	at io.github.resilience4j.spring6.retry.configure.RetryAspect.proceed(RetryAspect.java:132)
	at io.github.resilience4j.spring6.retry.configure.RetryAspect.lambda$retryAroundAdvice$0(RetryAspect.java:116)
	at io.github.resilience4j.spring6.fallback.DefaultFallbackDecorator.lambda$decorate$0(DefaultFallbackDecorator.java:36)
	at io.github.resilience4j.spring6.fallback.FallbackExecutor.execute(FallbackExecutor.java:39)
	at io.github.resilience4j.spring6.retry.configure.RetryAspect.retryAroundAdvice(RetryAspect.java:117)
	at java.base/jdk.internal.reflect.NativeMethodAccessorImpl.invoke0(Native Method)
	at java.base/jdk.internal.reflect.NativeMethodAccessorImpl.invoke(NativeMethodAccessorImpl.java:77)
	at java.base/jdk.internal.reflect.DelegatingMethodAccessorImpl.invoke(DelegatingMethodAccessorImpl.java:43)
	at java.base/java.lang.reflect.Method.invoke(Method.java:568)
	at org.springframework.aop.aspectj.AbstractAspectJAdvice.invokeAdviceMethodWithGivenArgs(AbstractAspectJAdvice.java:637)
	at org.springframework.aop.aspectj.AbstractAspectJAdvice.invokeAdviceMethod(AbstractAspectJAdvice.java:627)
	at org.springframework.aop.aspectj.AspectJAroundAdvice.invoke(AspectJAroundAdvice.java:71)
	at org.springframework.aop.framework.ReflectiveMethodInvocation.proceed(ReflectiveMethodInvocation.java:173)
	at org.springframework.aop.framework.CglibAopProxy$CglibMethodInvocation.proceed(CglibAopProxy.java:765)
	at org.springframework.aop.interceptor.ExposeInvocationInterceptor.invoke(ExposeInvocationInterceptor.java:97)
	at org.springframework.aop.framework.ReflectiveMethodInvocation.proceed(ReflectiveMethodInvocation.java:184)
	at org.springframework.aop.framework.CglibAopProxy$CglibMethodInvocation.proceed(CglibAopProxy.java:765)
	at org.springframework.aop.framework.CglibAopProxy$DynamicAdvisedInterceptor.intercept(CglibAopProxy.java:717)
	at com.master.masterservice.service.impl.MasterServiceImpl$$SpringCGLIB$$0.registerCard(<generated>)
	at com.master.masterservice.controller.MasterController.registerCard(MasterController.java:25)
	at java.base/jdk.internal.reflect.NativeMethodAccessorImpl.invoke0(Native Method)
	at java.base/jdk.internal.reflect.NativeMethodAccessorImpl.invoke(NativeMethodAccessorImpl.java:77)
	at java.base/jdk.internal.reflect.DelegatingMethodAccessorImpl.invoke(DelegatingMethodAccessorImpl.java:43)
	at java.base/java.lang.reflect.Method.invoke(Method.java:568)
	at org.springframework.web.method.support.InvocableHandlerMethod.doInvoke(InvocableHandlerMethod.java:254)
	at org.springframework.web.method.support.InvocableHandlerMethod.invokeForRequest(InvocableHandlerMethod.java:182)
	at org.springframework.web.servlet.mvc.method.annotation.ServletInvocableHandlerMethod.invokeAndHandle(ServletInvocableHandlerMethod.java:118)
	at org.springframework.web.servlet.mvc.method.annotation.RequestMappingHandlerAdapter.invokeHandlerMethod(RequestMappingHandlerAdapter.java:917)
	at org.springframework.web.servlet.mvc.method.annotation.RequestMappingHandlerAdapter.handleInternal(RequestMappingHandlerAdapter.java:829)
	at org.springframework.web.servlet.mvc.method.AbstractHandlerMethodAdapter.handle(AbstractHandlerMethodAdapter.java:87)
	at org.springframework.web.servlet.DispatcherServlet.doDispatch(DispatcherServlet.java:1089)
	at org.springframework.web.servlet.DispatcherServlet.doService(DispatcherServlet.java:979)
	at org.springframework.web.servlet.FrameworkServlet.processRequest(FrameworkServlet.java:1014)
	at org.springframework.web.servlet.FrameworkServlet.doPost(FrameworkServlet.java:914)
	at jakarta.servlet.http.HttpServlet.service(HttpServlet.java:590)
	at org.springframework.web.servlet.FrameworkServlet.service(FrameworkServlet.java:885)
	at jakarta.servlet.http.HttpServlet.service(HttpServlet.java:658)
	at org.apache.catalina.core.ApplicationFilterChain.internalDoFilter(ApplicationFilterChain.java:205)
	at org.apache.catalina.core.ApplicationFilterChain.doFilter(ApplicationFilterChain.java:149)
	at org.apache.tomcat.websocket.server.WsFilter.doFilter(WsFilter.java:51)
	at org.apache.catalina.core.ApplicationFilterChain.internalDoFilter(ApplicationFilterChain.java:174)
	at org.apache.catalina.core.ApplicationFilterChain.doFilter(ApplicationFilterChain.java:149)
	at org.springframework.security.web.FilterChainProxy.lambda$doFilterInternal$3(FilterChainProxy.java:231)
	at org.springframework.security.web.ObservationFilterChainDecorator$FilterObservation$SimpleFilterObservation.lambda$wrap$1(ObservationFilterChainDecorator.java:479)
	at org.springframework.security.web.ObservationFilterChainDecorator$AroundFilterObservation$SimpleAroundFilterObservation.lambda$wrap$1(ObservationFilterChainDecorator.java:340)
	at org.springframework.security.web.ObservationFilterChainDecorator.lambda$wrapSecured$0(ObservationFilterChainDecorator.java:82)
	at org.springframework.security.web.ObservationFilterChainDecorator$VirtualFilterChain.doFilter(ObservationFilterChainDecorator.java:128)
	at org.springframework.security.web.access.intercept.AuthorizationFilter.doFilter(AuthorizationFilter.java:100)
	at org.springframework.security.web.ObservationFilterChainDecorator$ObservationFilter.wrapFilter(ObservationFilterChainDecorator.java:240)
	at org.springframework.security.web.ObservationFilterChainDecorator$ObservationFilter.doFilter(ObservationFilterChainDecorator.java:227)
	at org.springframework.security.web.ObservationFilterChainDecorator$VirtualFilterChain.doFilter(ObservationFilterChainDecorator.java:137)
	at org.springframework.security.web.access.ExceptionTranslationFilter.doFilter(ExceptionTranslationFilter.java:126)
	at org.springframework.security.web.access.ExceptionTranslationFilter.doFilter(ExceptionTranslationFilter.java:120)
	at org.springframework.security.web.ObservationFilterChainDecorator$ObservationFilter.wrapFilter(ObservationFilterChainDecorator.java:240)
	at org.springframework.security.web.ObservationFilterChainDecorator$ObservationFilter.doFilter(ObservationFilterChainDecorator.java:227)
	at org.springframework.security.web.ObservationFilterChainDecorator$VirtualFilterChain.doFilter(ObservationFilterChainDecorator.java:137)
	at org.springframework.security.web.session.SessionManagementFilter.doFilter(SessionManagementFilter.java:131)
	at org.springframework.security.web.session.SessionManagementFilter.doFilter(SessionManagementFilter.java:85)
	at org.springframework.security.web.ObservationFilterChainDecorator$ObservationFilter.wrapFilter(ObservationFilterChainDecorator.java:240)
	at org.springframework.security.web.ObservationFilterChainDecorator$ObservationFilter.doFilter(ObservationFilterChainDecorator.java:227)
	at org.springframework.security.web.ObservationFilterChainDecorator$VirtualFilterChain.doFilter(ObservationFilterChainDecorator.java:137)
	at org.springframework.security.web.authentication.AnonymousAuthenticationFilter.doFilter(AnonymousAuthenticationFilter.java:100)
	at org.springframework.security.web.ObservationFilterChainDecorator$ObservationFilter.wrapFilter(ObservationFilterChainDecorator.java:240)
	at org.springframework.security.web.ObservationFilterChainDecorator$ObservationFilter.doFilter(ObservationFilterChainDecorator.java:227)
	at org.springframework.security.web.ObservationFilterChainDecorator$VirtualFilterChain.doFilter(ObservationFilterChainDecorator.java:137)
	at org.springframework.security.web.servletapi.SecurityContextHolderAwareRequestFilter.doFilter(SecurityContextHolderAwareRequestFilter.java:179)
	at org.springframework.security.web.ObservationFilterChainDecorator$ObservationFilter.wrapFilter(ObservationFilterChainDecorator.java:240)
	at org.springframework.security.web.ObservationFilterChainDecorator$ObservationFilter.doFilter(ObservationFilterChainDecorator.java:227)
	at org.springframework.security.web.ObservationFilterChainDecorator$VirtualFilterChain.doFilter(ObservationFilterChainDecorator.java:137)
	at org.springframework.security.web.savedrequest.RequestCacheAwareFilter.doFilter(RequestCacheAwareFilter.java:63)
	at org.springframework.security.web.ObservationFilterChainDecorator$ObservationFilter.wrapFilter(ObservationFilterChainDecorator.java:240)
	at org.springframework.security.web.ObservationFilterChainDecorator$ObservationFilter.doFilter(ObservationFilterChainDecorator.java:227)
	at org.springframework.security.web.ObservationFilterChainDecorator$VirtualFilterChain.doFilter(ObservationFilterChainDecorator.java:137)
	at org.springframework.security.oauth2.server.resource.web.authentication.BearerTokenAuthenticationFilter.doFilterInternal(BearerTokenAuthenticationFilter.java:145)
	at org.springframework.web.filter.OncePerRequestFilter.doFilter(OncePerRequestFilter.java:116)
	at org.springframework.security.web.ObservationFilterChainDecorator$ObservationFilter.wrapFilter(ObservationFilterChainDecorator.java:240)
	at org.springframework.security.web.ObservationFilterChainDecorator$ObservationFilter.doFilter(ObservationFilterChainDecorator.java:227)
	at org.springframework.security.web.ObservationFilterChainDecorator$VirtualFilterChain.doFilter(ObservationFilterChainDecorator.java:137)
	at org.springframework.security.web.authentication.logout.LogoutFilter.doFilter(LogoutFilter.java:107)
	at org.springframework.security.web.authentication.logout.LogoutFilter.doFilter(LogoutFilter.java:93)
	at org.springframework.security.web.ObservationFilterChainDecorator$ObservationFilter.wrapFilter(ObservationFilterChainDecorator.java:240)
	at org.springframework.security.web.ObservationFilterChainDecorator$ObservationFilter.doFilter(ObservationFilterChainDecorator.java:227)
	at org.springframework.security.web.ObservationFilterChainDecorator$VirtualFilterChain.doFilter(ObservationFilterChainDecorator.java:137)
	at org.springframework.web.filter.CorsFilter.doFilterInternal(CorsFilter.java:91)
	at org.springframework.web.filter.OncePerRequestFilter.doFilter(OncePerRequestFilter.java:116)
	at org.springframework.security.web.ObservationFilterChainDecorator$ObservationFilter.wrapFilter(ObservationFilterChainDecorator.java:240)
	at org.springframework.security.web.ObservationFilterChainDecorator$ObservationFilter.doFilter(ObservationFilterChainDecorator.java:227)
	at org.springframework.security.web.ObservationFilterChainDecorator$VirtualFilterChain.doFilter(ObservationFilterChainDecorator.java:137)
	at org.springframework.security.web.header.HeaderWriterFilter.doHeadersAfter(HeaderWriterFilter.java:90)
	at org.springframework.security.web.header.HeaderWriterFilter.doFilterInternal(HeaderWriterFilter.java:75)
	at org.springframework.web.filter.OncePerRequestFilter.doFilter(OncePerRequestFilter.java:116)
	at org.springframework.security.web.ObservationFilterChainDecorator$ObservationFilter.wrapFilter(ObservationFilterChainDecorator.java:240)
	at org.springframework.security.web.ObservationFilterChainDecorator$ObservationFilter.doFilter(ObservationFilterChainDecorator.java:227)
	at org.springframework.security.web.ObservationFilterChainDecorator$VirtualFilterChain.doFilter(ObservationFilterChainDecorator.java:137)
	at org.springframework.security.web.context.SecurityContextHolderFilter.doFilter(SecurityContextHolderFilter.java:82)
	at org.springframework.security.web.context.SecurityContextHolderFilter.doFilter(SecurityContextHolderFilter.java:69)
	at org.springframework.security.web.ObservationFilterChainDecorator$ObservationFilter.wrapFilter(ObservationFilterChainDecorator.java:240)
	at org.springframework.security.web.ObservationFilterChainDecorator$ObservationFilter.doFilter(ObservationFilterChainDecorator.java:227)
	at org.springframework.security.web.ObservationFilterChainDecorator$VirtualFilterChain.doFilter(ObservationFilterChainDecorator.java:137)
	at org.springframework.security.web.context.request.async.WebAsyncManagerIntegrationFilter.doFilterInternal(WebAsyncManagerIntegrationFilter.java:62)
	at org.springframework.web.filter.OncePerRequestFilter.doFilter(OncePerRequestFilter.java:116)
	at org.springframework.security.web.ObservationFilterChainDecorator$ObservationFilter.wrapFilter(ObservationFilterChainDecorator.java:240)
	at org.springframework.security.web.ObservationFilterChainDecorator$ObservationFilter.doFilter(ObservationFilterChainDecorator.java:227)
	at org.springframework.security.web.ObservationFilterChainDecorator$VirtualFilterChain.doFilter(ObservationFilterChainDecorator.java:137)
	at org.springframework.security.web.session.DisableEncodeUrlFilter.doFilterInternal(DisableEncodeUrlFilter.java:42)
	at org.springframework.web.filter.OncePerRequestFilter.doFilter(OncePerRequestFilter.java:116)
	at org.springframework.security.web.ObservationFilterChainDecorator$ObservationFilter.wrapFilter(ObservationFilterChainDecorator.java:240)
	at org.springframework.security.web.ObservationFilterChainDecorator$AroundFilterObservation$SimpleAroundFilterObservation.lambda$wrap$0(ObservationFilterChainDecorator.java:323)
	at org.springframework.security.web.ObservationFilterChainDecorator$ObservationFilter.doFilter(ObservationFilterChainDecorator.java:224)
	at org.springframework.security.web.ObservationFilterChainDecorator$VirtualFilterChain.doFilter(ObservationFilterChainDecorator.java:137)
	at org.springframework.security.web.FilterChainProxy.doFilterInternal(FilterChainProxy.java:233)
	at org.springframework.security.web.FilterChainProxy.doFilter(FilterChainProxy.java:191)
	at org.springframework.web.filter.DelegatingFilterProxy.invokeDelegate(DelegatingFilterProxy.java:352)
	at org.springframework.web.filter.DelegatingFilterProxy.doFilter(DelegatingFilterProxy.java:268)
	at org.apache.catalina.core.ApplicationFilterChain.internalDoFilter(ApplicationFilterChain.java:174)
	at org.apache.catalina.core.ApplicationFilterChain.doFilter(ApplicationFilterChain.java:149)
	at org.springframework.web.filter.RequestContextFilter.doFilterInternal(RequestContextFilter.java:100)
	at org.springframework.web.filter.OncePerRequestFilter.doFilter(OncePerRequestFilter.java:116)
	at org.apache.catalina.core.ApplicationFilterChain.internalDoFilter(ApplicationFilterChain.java:174)
	at org.apache.catalina.core.ApplicationFilterChain.doFilter(ApplicationFilterChain.java:149)
	at org.springframework.web.filter.FormContentFilter.doFilterInternal(FormContentFilter.java:93)
	at org.springframework.web.filter.OncePerRequestFilter.doFilter(OncePerRequestFilter.java:116)
	at org.apache.catalina.core.ApplicationFilterChain.internalDoFilter(ApplicationFilterChain.java:174)
	at org.apache.catalina.core.ApplicationFilterChain.doFilter(ApplicationFilterChain.java:149)
	at org.springframework.web.servlet.v6_0.OpenTelemetryHandlerMappingFilter.doFilter(OpenTelemetryHandlerMappingFilter.java:78)
	at org.apache.catalina.core.ApplicationFilterChain.internalDoFilter(ApplicationFilterChain.java:174)
	at org.apache.catalina.core.ApplicationFilterChain.doFilter(ApplicationFilterChain.java:149)
	at org.springframework.web.filter.ServerHttpObservationFilter.doFilterInternal(ServerHttpObservationFilter.java:109)
	at org.springframework.web.filter.OncePerRequestFilter.doFilter(OncePerRequestFilter.java:116)
	at org.apache.catalina.core.ApplicationFilterChain.internalDoFilter(ApplicationFilterChain.java:174)
	at org.apache.catalina.core.ApplicationFilterChain.doFilter(ApplicationFilterChain.java:149)
	at org.springframework.web.filter.CharacterEncodingFilter.doFilterInternal(CharacterEncodingFilter.java:201)
	at org.springframework.web.filter.OncePerRequestFilter.doFilter(OncePerRequestFilter.java:116)
	at org.apache.catalina.core.ApplicationFilterChain.internalDoFilter(ApplicationFilterChain.java:174)
	at org.apache.catalina.core.ApplicationFilterChain.doFilter(ApplicationFilterChain.java:149)
	at org.apache.catalina.core.StandardWrapperValve.invoke(StandardWrapperValve.java:167)
	at org.apache.catalina.core.StandardContextValve.invoke(StandardContextValve.java:90)
	at org.apache.catalina.authenticator.AuthenticatorBase.invoke(AuthenticatorBase.java:482)
	at org.apache.catalina.core.StandardHostValve.invoke(StandardHostValve.java:115)
	at org.apache.catalina.valves.ErrorReportValve.invoke(ErrorReportValve.java:93)
	at org.apache.catalina.core.StandardEngineValve.invoke(StandardEngineValve.java:74)
	at org.apache.catalina.connector.CoyoteAdapter.service(CoyoteAdapter.java:340)
	at org.apache.coyote.http11.Http11Processor.service(Http11Processor.java:391)
	at org.apache.coyote.AbstractProcessorLight.process(AbstractProcessorLight.java:63)
	at org.apache.coyote.AbstractProtocol$ConnectionHandler.process(AbstractProtocol.java:896)
	at org.apache.tomcat.util.net.NioEndpoint$SocketProcessor.doRun(NioEndpoint.java:1744)
	at org.apache.tomcat.util.net.SocketProcessorBase.run(SocketProcessorBase.java:52)
	at org.apache.tomcat.util.threads.ThreadPoolExecutor.runWorker(ThreadPoolExecutor.java:1191)
	at org.apache.tomcat.util.threads.ThreadPoolExecutor$Worker.run(ThreadPoolExecutor.java:659)
	at org.apache.tomcat.util.threads.TaskThread$WrappingRunnable.run(TaskThread.java:61)
	at java.base/java.lang.Thread.run(Thread.java:842)
2025-07-03 23:47:37.837 INFO  [http-nio-8086-exec-5] c.m.m.controller.MasterController [d91b7da6817e3e2f9c94aad4fcff37f8,4b7aa7d97cb82a65] - Received Master card registration request: CardRegistrationRequest(accountNumber=97045201636021181, cifCode=9704520163602, cardType=MASTER, customerName=null)
2025-07-03 23:47:37.839 INFO  [http-nio-8086-exec-5] c.m.m.service.impl.MasterServiceImpl [d91b7da6817e3e2f9c94aad4fcff37f8,4b7aa7d97cb82a65] - === RETRY ATTEMPT - Calling Master API for card registration: CardRegistrationRequest(accountNumber=97045201636021181, cifCode=9704520163602, cardType=MASTER, customerName=null) ===
2025-07-03 23:47:37.839 DEBUG [http-nio-8086-exec-5] c.m.m.service.impl.MasterServiceImpl [d91b7da6817e3e2f9c94aad4fcff37f8,4b7aa7d97cb82a65] - Method called with @Retry annotation - attempt will be tracked by Resilience4j
2025-07-03 23:47:37.840 DEBUG [http-nio-8086-exec-5] c.m.m.service.impl.MasterServiceImpl [d91b7da6817e3e2f9c94aad4fcff37f8,4b7aa7d97cb82a65] - Current thread: http-nio-8086-exec-5, Class: com.master.masterservice.service.impl.MasterServiceImpl
2025-07-03 23:47:37.841 DEBUG [http-nio-8086-exec-5] o.s.web.client.RestTemplate [d91b7da6817e3e2f9c94aad4fcff37f8,4b7aa7d97cb82a65] - HTTP POST http://localhost:8091/api/master/registration
2025-07-03 23:47:37.842 DEBUG [http-nio-8086-exec-5] o.s.web.client.RestTemplate [d91b7da6817e3e2f9c94aad4fcff37f8,4b7aa7d97cb82a65] - Accept=[application/json, application/*+json]
2025-07-03 23:47:37.842 DEBUG [http-nio-8086-exec-5] o.s.web.client.RestTemplate [d91b7da6817e3e2f9c94aad4fcff37f8,4b7aa7d97cb82a65] - Writing [CardRegistrationRequest(accountNumber=97045201636021181, cifCode=9704520163602, cardType=MASTER, customerName=null)] as "application/json"
2025-07-03 23:47:37.864 DEBUG [http-nio-8086-exec-5] o.s.web.client.RestTemplate [d91b7da6817e3e2f9c94aad4fcff37f8,4b7aa7d97cb82a65] - Response 500 INTERNAL_SERVER_ERROR
2025-07-03 23:47:37.869 ERROR [http-nio-8086-exec-5] c.m.m.service.impl.MasterServiceImpl [d91b7da6817e3e2f9c94aad4fcff37f8,4b7aa7d97cb82a65] - Server error calling Master API for account: 97045201636021181. Status: 500 INTERNAL_SERVER_ERROR, Error: 500 Server Error: "{<EOL><EOL>  "timestamp": "2025-06-25T09:00:00.000+07:00",<EOL><EOL>  "status": 500,<EOL><EOL>  "error": "Internal Server Error",<EOL><EOL>  "message": "Something went wrong on the server.",<EOL><EOL>  "path": "/api/master/registration"<EOL><EOL>}" - WILL RETRY
2025-07-03 23:47:37.870 INFO  [http-nio-8086-exec-5] c.m.masterservice.config.RetryConfig [d91b7da6817e3e2f9c94aad4fcff37f8,4b7aa7d97cb82a65] - === RETRY EVENT - Attempt #1 for: mastercard-registration ===
2025-07-03 23:47:38.385 INFO  [http-nio-8086-exec-5] c.m.m.service.impl.MasterServiceImpl [d91b7da6817e3e2f9c94aad4fcff37f8,4b7aa7d97cb82a65] - === RETRY ATTEMPT - Calling Master API for card registration: CardRegistrationRequest(accountNumber=97045201636021181, cifCode=9704520163602, cardType=MASTER, customerName=null) ===
2025-07-03 23:47:38.386 DEBUG [http-nio-8086-exec-5] c.m.m.service.impl.MasterServiceImpl [d91b7da6817e3e2f9c94aad4fcff37f8,4b7aa7d97cb82a65] - Method called with @Retry annotation - attempt will be tracked by Resilience4j
2025-07-03 23:47:38.393 DEBUG [http-nio-8086-exec-5] c.m.m.service.impl.MasterServiceImpl [d91b7da6817e3e2f9c94aad4fcff37f8,4b7aa7d97cb82a65] - Current thread: http-nio-8086-exec-5, Class: com.master.masterservice.service.impl.MasterServiceImpl
2025-07-03 23:47:38.394 DEBUG [http-nio-8086-exec-5] o.s.web.client.RestTemplate [d91b7da6817e3e2f9c94aad4fcff37f8,4b7aa7d97cb82a65] - HTTP POST http://localhost:8091/api/master/registration
2025-07-03 23:47:38.394 DEBUG [http-nio-8086-exec-5] o.s.web.client.RestTemplate [d91b7da6817e3e2f9c94aad4fcff37f8,4b7aa7d97cb82a65] - Accept=[application/json, application/*+json]
2025-07-03 23:47:38.395 DEBUG [http-nio-8086-exec-5] o.s.web.client.RestTemplate [d91b7da6817e3e2f9c94aad4fcff37f8,4b7aa7d97cb82a65] - Writing [CardRegistrationRequest(accountNumber=97045201636021181, cifCode=9704520163602, cardType=MASTER, customerName=null)] as "application/json"
2025-07-03 23:47:38.409 DEBUG [http-nio-8086-exec-5] o.s.web.client.RestTemplate [d91b7da6817e3e2f9c94aad4fcff37f8,4b7aa7d97cb82a65] - Response 500 INTERNAL_SERVER_ERROR
2025-07-03 23:47:38.410 ERROR [http-nio-8086-exec-5] c.m.m.service.impl.MasterServiceImpl [d91b7da6817e3e2f9c94aad4fcff37f8,4b7aa7d97cb82a65] - Server error calling Master API for account: 97045201636021181. Status: 500 INTERNAL_SERVER_ERROR, Error: 500 Server Error: "{<EOL><EOL>  "timestamp": "2025-06-25T09:00:00.000+07:00",<EOL><EOL>  "status": 500,<EOL><EOL>  "error": "Internal Server Error",<EOL><EOL>  "message": "Something went wrong on the server.",<EOL><EOL>  "path": "/api/master/registration"<EOL><EOL>}" - WILL RETRY
2025-07-03 23:47:38.411 INFO  [http-nio-8086-exec-5] c.m.masterservice.config.RetryConfig [d91b7da6817e3e2f9c94aad4fcff37f8,4b7aa7d97cb82a65] - === RETRY EVENT - Attempt #2 for: mastercard-registration ===
2025-07-03 23:47:38.925 INFO  [http-nio-8086-exec-5] c.m.m.service.impl.MasterServiceImpl [d91b7da6817e3e2f9c94aad4fcff37f8,4b7aa7d97cb82a65] - === RETRY ATTEMPT - Calling Master API for card registration: CardRegistrationRequest(accountNumber=97045201636021181, cifCode=9704520163602, cardType=MASTER, customerName=null) ===
2025-07-03 23:47:38.925 DEBUG [http-nio-8086-exec-5] c.m.m.service.impl.MasterServiceImpl [d91b7da6817e3e2f9c94aad4fcff37f8,4b7aa7d97cb82a65] - Method called with @Retry annotation - attempt will be tracked by Resilience4j
2025-07-03 23:47:38.927 DEBUG [http-nio-8086-exec-5] c.m.m.service.impl.MasterServiceImpl [d91b7da6817e3e2f9c94aad4fcff37f8,4b7aa7d97cb82a65] - Current thread: http-nio-8086-exec-5, Class: com.master.masterservice.service.impl.MasterServiceImpl
2025-07-03 23:47:38.927 DEBUG [http-nio-8086-exec-5] o.s.web.client.RestTemplate [d91b7da6817e3e2f9c94aad4fcff37f8,4b7aa7d97cb82a65] - HTTP POST http://localhost:8091/api/master/registration
2025-07-03 23:47:38.928 DEBUG [http-nio-8086-exec-5] o.s.web.client.RestTemplate [d91b7da6817e3e2f9c94aad4fcff37f8,4b7aa7d97cb82a65] - Accept=[application/json, application/*+json]
2025-07-03 23:47:38.928 DEBUG [http-nio-8086-exec-5] o.s.web.client.RestTemplate [d91b7da6817e3e2f9c94aad4fcff37f8,4b7aa7d97cb82a65] - Writing [CardRegistrationRequest(accountNumber=97045201636021181, cifCode=9704520163602, cardType=MASTER, customerName=null)] as "application/json"
2025-07-03 23:47:38.948 DEBUG [http-nio-8086-exec-5] o.s.web.client.RestTemplate [d91b7da6817e3e2f9c94aad4fcff37f8,4b7aa7d97cb82a65] - Response 500 INTERNAL_SERVER_ERROR
2025-07-03 23:47:38.949 ERROR [http-nio-8086-exec-5] c.m.m.service.impl.MasterServiceImpl [d91b7da6817e3e2f9c94aad4fcff37f8,4b7aa7d97cb82a65] - Server error calling Master API for account: 97045201636021181. Status: 500 INTERNAL_SERVER_ERROR, Error: 500 Server Error: "{<EOL><EOL>  "timestamp": "2025-06-25T09:00:00.000+07:00",<EOL><EOL>  "status": 500,<EOL><EOL>  "error": "Internal Server Error",<EOL><EOL>  "message": "Something went wrong on the server.",<EOL><EOL>  "path": "/api/master/registration"<EOL><EOL>}" - WILL RETRY
2025-07-03 23:47:38.949 ERROR [http-nio-8086-exec-5] c.m.masterservice.config.RetryConfig [d91b7da6817e3e2f9c94aad4fcff37f8,4b7aa7d97cb82a65] - === RETRY FAILED - After 3 attempts for: mastercard-registration, Last exception: 500 Server Error: "{<EOL><EOL>  "timestamp": "2025-06-25T09:00:00.000+07:00",<EOL><EOL>  "status": 500,<EOL><EOL>  "error": "Internal Server Error",<EOL><EOL>  "message": "Something went wrong on the server.",<EOL><EOL>  "path": "/api/master/registration"<EOL><EOL>}" ===
2025-07-03 23:47:38.949 ERROR [http-nio-8086-exec-5] c.m.m.service.impl.MasterServiceImpl [d91b7da6817e3e2f9c94aad4fcff37f8,4b7aa7d97cb82a65] - === FALLBACK TRIGGERED === Master registration failed for account: 97045201636021181 after all retry attempts. Error type: InternalServerError, Message: 500 Server Error: "{<EOL><EOL>  "timestamp": "2025-06-25T09:00:00.000+07:00",<EOL><EOL>  "status": 500,<EOL><EOL>  "error": "Internal Server Error",<EOL><EOL>  "message": "Something went wrong on the server.",<EOL><EOL>  "path": "/api/master/registration"<EOL><EOL>}"
2025-07-03 23:47:38.949 ERROR [http-nio-8086-exec-5] c.m.m.service.impl.MasterServiceImpl [d91b7da6817e3e2f9c94aad4fcff37f8,4b7aa7d97cb82a65] - Full exception trace:
org.springframework.web.client.HttpServerErrorException$InternalServerError: 500 Server Error: "{<EOL><EOL>  "timestamp": "2025-06-25T09:00:00.000+07:00",<EOL><EOL>  "status": 500,<EOL><EOL>  "error": "Internal Server Error",<EOL><EOL>  "message": "Something went wrong on the server.",<EOL><EOL>  "path": "/api/master/registration"<EOL><EOL>}"
	at org.springframework.web.client.HttpServerErrorException.create(HttpServerErrorException.java:102)
	at org.springframework.web.client.DefaultResponseErrorHandler.handleError(DefaultResponseErrorHandler.java:186)
	at org.springframework.web.client.DefaultResponseErrorHandler.handleError(DefaultResponseErrorHandler.java:137)
	at org.springframework.web.client.ResponseErrorHandler.handleError(ResponseErrorHandler.java:63)
	at org.springframework.web.client.RestTemplate.handleResponse(RestTemplate.java:932)
	at org.springframework.web.client.RestTemplate.doExecute(RestTemplate.java:881)
	at org.springframework.web.client.RestTemplate.execute(RestTemplate.java:781)
	at org.springframework.web.client.RestTemplate.postForEntity(RestTemplate.java:529)
	at com.master.masterservice.service.impl.MasterServiceImpl.registerCard(MasterServiceImpl.java:51)
	at java.base/jdk.internal.reflect.NativeMethodAccessorImpl.invoke0(Native Method)
	at java.base/jdk.internal.reflect.NativeMethodAccessorImpl.invoke(NativeMethodAccessorImpl.java:77)
	at java.base/jdk.internal.reflect.DelegatingMethodAccessorImpl.invoke(DelegatingMethodAccessorImpl.java:43)
	at java.base/java.lang.reflect.Method.invoke(Method.java:568)
	at org.springframework.aop.support.AopUtils.invokeJoinpointUsingReflection(AopUtils.java:352)
	at org.springframework.aop.framework.ReflectiveMethodInvocation.invokeJoinpoint(ReflectiveMethodInvocation.java:196)
	at org.springframework.aop.framework.ReflectiveMethodInvocation.proceed(ReflectiveMethodInvocation.java:163)
	at org.springframework.aop.framework.CglibAopProxy$CglibMethodInvocation.proceed(CglibAopProxy.java:765)
	at org.springframework.aop.aspectj.MethodInvocationProceedingJoinPoint.proceed(MethodInvocationProceedingJoinPoint.java:89)
	at io.github.resilience4j.retry.Retry.lambda$decorateCheckedSupplier$1(Retry.java:135)
	at io.github.resilience4j.retry.Retry.executeCheckedSupplier(Retry.java:350)
	at io.github.resilience4j.spring6.retry.configure.RetryAspect.handleDefaultJoinPoint(RetryAspect.java:175)
	at io.github.resilience4j.spring6.retry.configure.RetryAspect.proceed(RetryAspect.java:132)
	at io.github.resilience4j.spring6.retry.configure.RetryAspect.lambda$retryAroundAdvice$0(RetryAspect.java:116)
	at io.github.resilience4j.spring6.fallback.DefaultFallbackDecorator.lambda$decorate$0(DefaultFallbackDecorator.java:36)
	at io.github.resilience4j.spring6.fallback.FallbackExecutor.execute(FallbackExecutor.java:39)
	at io.github.resilience4j.spring6.retry.configure.RetryAspect.retryAroundAdvice(RetryAspect.java:117)
	at java.base/jdk.internal.reflect.NativeMethodAccessorImpl.invoke0(Native Method)
	at java.base/jdk.internal.reflect.NativeMethodAccessorImpl.invoke(NativeMethodAccessorImpl.java:77)
	at java.base/jdk.internal.reflect.DelegatingMethodAccessorImpl.invoke(DelegatingMethodAccessorImpl.java:43)
	at java.base/java.lang.reflect.Method.invoke(Method.java:568)
	at org.springframework.aop.aspectj.AbstractAspectJAdvice.invokeAdviceMethodWithGivenArgs(AbstractAspectJAdvice.java:637)
	at org.springframework.aop.aspectj.AbstractAspectJAdvice.invokeAdviceMethod(AbstractAspectJAdvice.java:627)
	at org.springframework.aop.aspectj.AspectJAroundAdvice.invoke(AspectJAroundAdvice.java:71)
	at org.springframework.aop.framework.ReflectiveMethodInvocation.proceed(ReflectiveMethodInvocation.java:173)
	at org.springframework.aop.framework.CglibAopProxy$CglibMethodInvocation.proceed(CglibAopProxy.java:765)
	at org.springframework.aop.interceptor.ExposeInvocationInterceptor.invoke(ExposeInvocationInterceptor.java:97)
	at org.springframework.aop.framework.ReflectiveMethodInvocation.proceed(ReflectiveMethodInvocation.java:184)
	at org.springframework.aop.framework.CglibAopProxy$CglibMethodInvocation.proceed(CglibAopProxy.java:765)
	at org.springframework.aop.framework.CglibAopProxy$DynamicAdvisedInterceptor.intercept(CglibAopProxy.java:717)
	at com.master.masterservice.service.impl.MasterServiceImpl$$SpringCGLIB$$0.registerCard(<generated>)
	at com.master.masterservice.controller.MasterController.registerCard(MasterController.java:25)
	at java.base/jdk.internal.reflect.NativeMethodAccessorImpl.invoke0(Native Method)
	at java.base/jdk.internal.reflect.NativeMethodAccessorImpl.invoke(NativeMethodAccessorImpl.java:77)
	at java.base/jdk.internal.reflect.DelegatingMethodAccessorImpl.invoke(DelegatingMethodAccessorImpl.java:43)
	at java.base/java.lang.reflect.Method.invoke(Method.java:568)
	at org.springframework.web.method.support.InvocableHandlerMethod.doInvoke(InvocableHandlerMethod.java:254)
	at org.springframework.web.method.support.InvocableHandlerMethod.invokeForRequest(InvocableHandlerMethod.java:182)
	at org.springframework.web.servlet.mvc.method.annotation.ServletInvocableHandlerMethod.invokeAndHandle(ServletInvocableHandlerMethod.java:118)
	at org.springframework.web.servlet.mvc.method.annotation.RequestMappingHandlerAdapter.invokeHandlerMethod(RequestMappingHandlerAdapter.java:917)
	at org.springframework.web.servlet.mvc.method.annotation.RequestMappingHandlerAdapter.handleInternal(RequestMappingHandlerAdapter.java:829)
	at org.springframework.web.servlet.mvc.method.AbstractHandlerMethodAdapter.handle(AbstractHandlerMethodAdapter.java:87)
	at org.springframework.web.servlet.DispatcherServlet.doDispatch(DispatcherServlet.java:1089)
	at org.springframework.web.servlet.DispatcherServlet.doService(DispatcherServlet.java:979)
	at org.springframework.web.servlet.FrameworkServlet.processRequest(FrameworkServlet.java:1014)
	at org.springframework.web.servlet.FrameworkServlet.doPost(FrameworkServlet.java:914)
	at jakarta.servlet.http.HttpServlet.service(HttpServlet.java:590)
	at org.springframework.web.servlet.FrameworkServlet.service(FrameworkServlet.java:885)
	at jakarta.servlet.http.HttpServlet.service(HttpServlet.java:658)
	at org.apache.catalina.core.ApplicationFilterChain.internalDoFilter(ApplicationFilterChain.java:205)
	at org.apache.catalina.core.ApplicationFilterChain.doFilter(ApplicationFilterChain.java:149)
	at org.apache.tomcat.websocket.server.WsFilter.doFilter(WsFilter.java:51)
	at org.apache.catalina.core.ApplicationFilterChain.internalDoFilter(ApplicationFilterChain.java:174)
	at org.apache.catalina.core.ApplicationFilterChain.doFilter(ApplicationFilterChain.java:149)
	at org.springframework.security.web.FilterChainProxy.lambda$doFilterInternal$3(FilterChainProxy.java:231)
	at org.springframework.security.web.ObservationFilterChainDecorator$FilterObservation$SimpleFilterObservation.lambda$wrap$1(ObservationFilterChainDecorator.java:479)
	at org.springframework.security.web.ObservationFilterChainDecorator$AroundFilterObservation$SimpleAroundFilterObservation.lambda$wrap$1(ObservationFilterChainDecorator.java:340)
	at org.springframework.security.web.ObservationFilterChainDecorator.lambda$wrapSecured$0(ObservationFilterChainDecorator.java:82)
	at org.springframework.security.web.ObservationFilterChainDecorator$VirtualFilterChain.doFilter(ObservationFilterChainDecorator.java:128)
	at org.springframework.security.web.access.intercept.AuthorizationFilter.doFilter(AuthorizationFilter.java:100)
	at org.springframework.security.web.ObservationFilterChainDecorator$ObservationFilter.wrapFilter(ObservationFilterChainDecorator.java:240)
	at org.springframework.security.web.ObservationFilterChainDecorator$ObservationFilter.doFilter(ObservationFilterChainDecorator.java:227)
	at org.springframework.security.web.ObservationFilterChainDecorator$VirtualFilterChain.doFilter(ObservationFilterChainDecorator.java:137)
	at org.springframework.security.web.access.ExceptionTranslationFilter.doFilter(ExceptionTranslationFilter.java:126)
	at org.springframework.security.web.access.ExceptionTranslationFilter.doFilter(ExceptionTranslationFilter.java:120)
	at org.springframework.security.web.ObservationFilterChainDecorator$ObservationFilter.wrapFilter(ObservationFilterChainDecorator.java:240)
	at org.springframework.security.web.ObservationFilterChainDecorator$ObservationFilter.doFilter(ObservationFilterChainDecorator.java:227)
	at org.springframework.security.web.ObservationFilterChainDecorator$VirtualFilterChain.doFilter(ObservationFilterChainDecorator.java:137)
	at org.springframework.security.web.session.SessionManagementFilter.doFilter(SessionManagementFilter.java:131)
	at org.springframework.security.web.session.SessionManagementFilter.doFilter(SessionManagementFilter.java:85)
	at org.springframework.security.web.ObservationFilterChainDecorator$ObservationFilter.wrapFilter(ObservationFilterChainDecorator.java:240)
	at org.springframework.security.web.ObservationFilterChainDecorator$ObservationFilter.doFilter(ObservationFilterChainDecorator.java:227)
	at org.springframework.security.web.ObservationFilterChainDecorator$VirtualFilterChain.doFilter(ObservationFilterChainDecorator.java:137)
	at org.springframework.security.web.authentication.AnonymousAuthenticationFilter.doFilter(AnonymousAuthenticationFilter.java:100)
	at org.springframework.security.web.ObservationFilterChainDecorator$ObservationFilter.wrapFilter(ObservationFilterChainDecorator.java:240)
	at org.springframework.security.web.ObservationFilterChainDecorator$ObservationFilter.doFilter(ObservationFilterChainDecorator.java:227)
	at org.springframework.security.web.ObservationFilterChainDecorator$VirtualFilterChain.doFilter(ObservationFilterChainDecorator.java:137)
	at org.springframework.security.web.servletapi.SecurityContextHolderAwareRequestFilter.doFilter(SecurityContextHolderAwareRequestFilter.java:179)
	at org.springframework.security.web.ObservationFilterChainDecorator$ObservationFilter.wrapFilter(ObservationFilterChainDecorator.java:240)
	at org.springframework.security.web.ObservationFilterChainDecorator$ObservationFilter.doFilter(ObservationFilterChainDecorator.java:227)
	at org.springframework.security.web.ObservationFilterChainDecorator$VirtualFilterChain.doFilter(ObservationFilterChainDecorator.java:137)
	at org.springframework.security.web.savedrequest.RequestCacheAwareFilter.doFilter(RequestCacheAwareFilter.java:63)
	at org.springframework.security.web.ObservationFilterChainDecorator$ObservationFilter.wrapFilter(ObservationFilterChainDecorator.java:240)
	at org.springframework.security.web.ObservationFilterChainDecorator$ObservationFilter.doFilter(ObservationFilterChainDecorator.java:227)
	at org.springframework.security.web.ObservationFilterChainDecorator$VirtualFilterChain.doFilter(ObservationFilterChainDecorator.java:137)
	at org.springframework.security.oauth2.server.resource.web.authentication.BearerTokenAuthenticationFilter.doFilterInternal(BearerTokenAuthenticationFilter.java:145)
	at org.springframework.web.filter.OncePerRequestFilter.doFilter(OncePerRequestFilter.java:116)
	at org.springframework.security.web.ObservationFilterChainDecorator$ObservationFilter.wrapFilter(ObservationFilterChainDecorator.java:240)
	at org.springframework.security.web.ObservationFilterChainDecorator$ObservationFilter.doFilter(ObservationFilterChainDecorator.java:227)
	at org.springframework.security.web.ObservationFilterChainDecorator$VirtualFilterChain.doFilter(ObservationFilterChainDecorator.java:137)
	at org.springframework.security.web.authentication.logout.LogoutFilter.doFilter(LogoutFilter.java:107)
	at org.springframework.security.web.authentication.logout.LogoutFilter.doFilter(LogoutFilter.java:93)
	at org.springframework.security.web.ObservationFilterChainDecorator$ObservationFilter.wrapFilter(ObservationFilterChainDecorator.java:240)
	at org.springframework.security.web.ObservationFilterChainDecorator$ObservationFilter.doFilter(ObservationFilterChainDecorator.java:227)
	at org.springframework.security.web.ObservationFilterChainDecorator$VirtualFilterChain.doFilter(ObservationFilterChainDecorator.java:137)
	at org.springframework.web.filter.CorsFilter.doFilterInternal(CorsFilter.java:91)
	at org.springframework.web.filter.OncePerRequestFilter.doFilter(OncePerRequestFilter.java:116)
	at org.springframework.security.web.ObservationFilterChainDecorator$ObservationFilter.wrapFilter(ObservationFilterChainDecorator.java:240)
	at org.springframework.security.web.ObservationFilterChainDecorator$ObservationFilter.doFilter(ObservationFilterChainDecorator.java:227)
	at org.springframework.security.web.ObservationFilterChainDecorator$VirtualFilterChain.doFilter(ObservationFilterChainDecorator.java:137)
	at org.springframework.security.web.header.HeaderWriterFilter.doHeadersAfter(HeaderWriterFilter.java:90)
	at org.springframework.security.web.header.HeaderWriterFilter.doFilterInternal(HeaderWriterFilter.java:75)
	at org.springframework.web.filter.OncePerRequestFilter.doFilter(OncePerRequestFilter.java:116)
	at org.springframework.security.web.ObservationFilterChainDecorator$ObservationFilter.wrapFilter(ObservationFilterChainDecorator.java:240)
	at org.springframework.security.web.ObservationFilterChainDecorator$ObservationFilter.doFilter(ObservationFilterChainDecorator.java:227)
	at org.springframework.security.web.ObservationFilterChainDecorator$VirtualFilterChain.doFilter(ObservationFilterChainDecorator.java:137)
	at org.springframework.security.web.context.SecurityContextHolderFilter.doFilter(SecurityContextHolderFilter.java:82)
	at org.springframework.security.web.context.SecurityContextHolderFilter.doFilter(SecurityContextHolderFilter.java:69)
	at org.springframework.security.web.ObservationFilterChainDecorator$ObservationFilter.wrapFilter(ObservationFilterChainDecorator.java:240)
	at org.springframework.security.web.ObservationFilterChainDecorator$ObservationFilter.doFilter(ObservationFilterChainDecorator.java:227)
	at org.springframework.security.web.ObservationFilterChainDecorator$VirtualFilterChain.doFilter(ObservationFilterChainDecorator.java:137)
	at org.springframework.security.web.context.request.async.WebAsyncManagerIntegrationFilter.doFilterInternal(WebAsyncManagerIntegrationFilter.java:62)
	at org.springframework.web.filter.OncePerRequestFilter.doFilter(OncePerRequestFilter.java:116)
	at org.springframework.security.web.ObservationFilterChainDecorator$ObservationFilter.wrapFilter(ObservationFilterChainDecorator.java:240)
	at org.springframework.security.web.ObservationFilterChainDecorator$ObservationFilter.doFilter(ObservationFilterChainDecorator.java:227)
	at org.springframework.security.web.ObservationFilterChainDecorator$VirtualFilterChain.doFilter(ObservationFilterChainDecorator.java:137)
	at org.springframework.security.web.session.DisableEncodeUrlFilter.doFilterInternal(DisableEncodeUrlFilter.java:42)
	at org.springframework.web.filter.OncePerRequestFilter.doFilter(OncePerRequestFilter.java:116)
	at org.springframework.security.web.ObservationFilterChainDecorator$ObservationFilter.wrapFilter(ObservationFilterChainDecorator.java:240)
	at org.springframework.security.web.ObservationFilterChainDecorator$AroundFilterObservation$SimpleAroundFilterObservation.lambda$wrap$0(ObservationFilterChainDecorator.java:323)
	at org.springframework.security.web.ObservationFilterChainDecorator$ObservationFilter.doFilter(ObservationFilterChainDecorator.java:224)
	at org.springframework.security.web.ObservationFilterChainDecorator$VirtualFilterChain.doFilter(ObservationFilterChainDecorator.java:137)
	at org.springframework.security.web.FilterChainProxy.doFilterInternal(FilterChainProxy.java:233)
	at org.springframework.security.web.FilterChainProxy.doFilter(FilterChainProxy.java:191)
	at org.springframework.web.filter.DelegatingFilterProxy.invokeDelegate(DelegatingFilterProxy.java:352)
	at org.springframework.web.filter.DelegatingFilterProxy.doFilter(DelegatingFilterProxy.java:268)
	at org.apache.catalina.core.ApplicationFilterChain.internalDoFilter(ApplicationFilterChain.java:174)
	at org.apache.catalina.core.ApplicationFilterChain.doFilter(ApplicationFilterChain.java:149)
	at org.springframework.web.filter.RequestContextFilter.doFilterInternal(RequestContextFilter.java:100)
	at org.springframework.web.filter.OncePerRequestFilter.doFilter(OncePerRequestFilter.java:116)
	at org.apache.catalina.core.ApplicationFilterChain.internalDoFilter(ApplicationFilterChain.java:174)
	at org.apache.catalina.core.ApplicationFilterChain.doFilter(ApplicationFilterChain.java:149)
	at org.springframework.web.filter.FormContentFilter.doFilterInternal(FormContentFilter.java:93)
	at org.springframework.web.filter.OncePerRequestFilter.doFilter(OncePerRequestFilter.java:116)
	at org.apache.catalina.core.ApplicationFilterChain.internalDoFilter(ApplicationFilterChain.java:174)
	at org.apache.catalina.core.ApplicationFilterChain.doFilter(ApplicationFilterChain.java:149)
	at org.springframework.web.servlet.v6_0.OpenTelemetryHandlerMappingFilter.doFilter(OpenTelemetryHandlerMappingFilter.java:78)
	at org.apache.catalina.core.ApplicationFilterChain.internalDoFilter(ApplicationFilterChain.java:174)
	at org.apache.catalina.core.ApplicationFilterChain.doFilter(ApplicationFilterChain.java:149)
	at org.springframework.web.filter.ServerHttpObservationFilter.doFilterInternal(ServerHttpObservationFilter.java:109)
	at org.springframework.web.filter.OncePerRequestFilter.doFilter(OncePerRequestFilter.java:116)
	at org.apache.catalina.core.ApplicationFilterChain.internalDoFilter(ApplicationFilterChain.java:174)
	at org.apache.catalina.core.ApplicationFilterChain.doFilter(ApplicationFilterChain.java:149)
	at org.springframework.web.filter.CharacterEncodingFilter.doFilterInternal(CharacterEncodingFilter.java:201)
	at org.springframework.web.filter.OncePerRequestFilter.doFilter(OncePerRequestFilter.java:116)
	at org.apache.catalina.core.ApplicationFilterChain.internalDoFilter(ApplicationFilterChain.java:174)
	at org.apache.catalina.core.ApplicationFilterChain.doFilter(ApplicationFilterChain.java:149)
	at org.apache.catalina.core.StandardWrapperValve.invoke(StandardWrapperValve.java:167)
	at org.apache.catalina.core.StandardContextValve.invoke(StandardContextValve.java:90)
	at org.apache.catalina.authenticator.AuthenticatorBase.invoke(AuthenticatorBase.java:482)
	at org.apache.catalina.core.StandardHostValve.invoke(StandardHostValve.java:115)
	at org.apache.catalina.valves.ErrorReportValve.invoke(ErrorReportValve.java:93)
	at org.apache.catalina.core.StandardEngineValve.invoke(StandardEngineValve.java:74)
	at org.apache.catalina.connector.CoyoteAdapter.service(CoyoteAdapter.java:340)
	at org.apache.coyote.http11.Http11Processor.service(Http11Processor.java:391)
	at org.apache.coyote.AbstractProcessorLight.process(AbstractProcessorLight.java:63)
	at org.apache.coyote.AbstractProtocol$ConnectionHandler.process(AbstractProtocol.java:896)
	at org.apache.tomcat.util.net.NioEndpoint$SocketProcessor.doRun(NioEndpoint.java:1744)
	at org.apache.tomcat.util.net.SocketProcessorBase.run(SocketProcessorBase.java:52)
	at org.apache.tomcat.util.threads.ThreadPoolExecutor.runWorker(ThreadPoolExecutor.java:1191)
	at org.apache.tomcat.util.threads.ThreadPoolExecutor$Worker.run(ThreadPoolExecutor.java:659)
	at org.apache.tomcat.util.threads.TaskThread$WrappingRunnable.run(TaskThread.java:61)
	at java.base/java.lang.Thread.run(Thread.java:842)
