2025-07-03 10:40:51 INFO  [http-nio-8080-exec-1] ACCESS_LOG - IP: 0:0:0:0:0:0:0:1, Method: GET, URL: /api/customers/status, Status: 200, Time: 2568 ms, ClientInfo: RemoteUser=12685f8a-d508-45ee-bcfa-1b7b7e5688bb, Headers: sec-ch-ua-platform="Windows", authorization=***HIDDEN***, user-agent=Mozilla/5.0 (Windows NT 10.0; Win64; x64) AppleWebKit/537.36 (KHTML, like Gecko) Chrome/137.0.0.0 Sa..., accept=application/json, text/plain, */*, sec-ch-ua="Google Chrome";v="137", "Chromium";v="137", "Not/A)Brand";v="24", sec-ch-ua-mobile=?0, origin=http://localhost:4200, sec-fetch-site=same-site, sec-fetch-mode=cors, sec-fetch-dest=empty, referer=http://localhost:4200/, accept-encoding=gzip, deflate, br, zstd, accept-language=vi,fr-FR;q=0.9,fr;q=0.8,en-US;q=0.7,en;q=0.6,ar;q=0.5, forwarded=proto=http;host="localhost:8888";for="[0:0:0:0:0:0:0:1]:60338", x-forwarded-for=0:0:0:0:0:0:0:1, x-forwarded-proto=http, x-forwarded-port=8888, x-forwarded-host=localhost:8888, host=localhost:8080, content-length=0
2025-07-03 10:40:51 INFO  [http-nio-8080-exec-2] ACCESS_LOG - IP: 0:0:0:0:0:0:0:1, Method: GET, URL: /api/customers/status, Status: 200, Time: 15 ms, ClientInfo: RemoteUser=12685f8a-d508-45ee-bcfa-1b7b7e5688bb, Headers: sec-ch-ua-platform="Windows", authorization=***HIDDEN***, user-agent=Mozilla/5.0 (Windows NT 10.0; Win64; x64) AppleWebKit/537.36 (KHTML, like Gecko) Chrome/137.0.0.0 Sa..., accept=application/json, text/plain, */*, sec-ch-ua="Google Chrome";v="137", "Chromium";v="137", "Not/A)Brand";v="24", sec-ch-ua-mobile=?0, origin=http://localhost:4200, sec-fetch-site=same-site, sec-fetch-mode=cors, sec-fetch-dest=empty, referer=http://localhost:4200/, accept-encoding=gzip, deflate, br, zstd, accept-language=vi,fr-FR;q=0.9,fr;q=0.8,en-US;q=0.7,en;q=0.6,ar;q=0.5, forwarded=proto=http;host="localhost:8888";for="[0:0:0:0:0:0:0:1]:60403", x-forwarded-for=0:0:0:0:0:0:0:1, x-forwarded-proto=http, x-forwarded-port=8888, x-forwarded-host=localhost:8888, host=localhost:8080, content-length=0
2025-07-03 10:40:51 INFO  [http-nio-8080-exec-3] ACCESS_LOG - IP: 0:0:0:0:0:0:0:1, Method: GET, URL: /api/customers/status, Status: 200, Time: 17 ms, ClientInfo: RemoteUser=12685f8a-d508-45ee-bcfa-1b7b7e5688bb, Headers: sec-ch-ua-platform="Windows", authorization=***HIDDEN***, user-agent=Mozilla/5.0 (Windows NT 10.0; Win64; x64) AppleWebKit/537.36 (KHTML, like Gecko) Chrome/137.0.0.0 Sa..., accept=application/json, text/plain, */*, sec-ch-ua="Google Chrome";v="137", "Chromium";v="137", "Not/A)Brand";v="24", sec-ch-ua-mobile=?0, origin=http://localhost:4200, sec-fetch-site=same-site, sec-fetch-mode=cors, sec-fetch-dest=empty, referer=http://localhost:4200/, accept-encoding=gzip, deflate, br, zstd, accept-language=vi,fr-FR;q=0.9,fr;q=0.8,en-US;q=0.7,en;q=0.6,ar;q=0.5, forwarded=proto=http;host="localhost:8888";for="[0:0:0:0:0:0:0:1]:60338", x-forwarded-for=0:0:0:0:0:0:0:1, x-forwarded-proto=http, x-forwarded-port=8888, x-forwarded-host=localhost:8888, host=localhost:8080, content-length=0
2025-07-03 10:40:51 INFO  [http-nio-8080-exec-6] ACCESS_LOG - IP: 0:0:0:0:0:0:0:1, Method: GET, URL: /api/customers/status, Status: 200, Time: 20 ms, ClientInfo: RemoteUser=12685f8a-d508-45ee-bcfa-1b7b7e5688bb, Headers: sec-ch-ua-platform="Windows", authorization=***HIDDEN***, user-agent=Mozilla/5.0 (Windows NT 10.0; Win64; x64) AppleWebKit/537.36 (KHTML, like Gecko) Chrome/137.0.0.0 Sa..., accept=application/json, text/plain, */*, sec-ch-ua="Google Chrome";v="137", "Chromium";v="137", "Not/A)Brand";v="24", sec-ch-ua-mobile=?0, origin=http://localhost:4200, sec-fetch-site=same-site, sec-fetch-mode=cors, sec-fetch-dest=empty, referer=http://localhost:4200/, accept-encoding=gzip, deflate, br, zstd, accept-language=vi,fr-FR;q=0.9,fr;q=0.8,en-US;q=0.7,en;q=0.6,ar;q=0.5, forwarded=proto=http;host="localhost:8888";for="[0:0:0:0:0:0:0:1]:60403", x-forwarded-for=0:0:0:0:0:0:0:1, x-forwarded-proto=http, x-forwarded-port=8888, x-forwarded-host=localhost:8888, host=localhost:8080, content-length=0
2025-07-03 10:40:52 INFO  [http-nio-8080-exec-4] ACCESS_LOG - IP: 0:0:0:0:0:0:0:1, Method: GET, URL: /api/customers/detail, Status: 200, Time: 68 ms, ClientInfo: RemoteUser=12685f8a-d508-45ee-bcfa-1b7b7e5688bb, Headers: sec-ch-ua-platform="Windows", authorization=***HIDDEN***, user-agent=Mozilla/5.0 (Windows NT 10.0; Win64; x64) AppleWebKit/537.36 (KHTML, like Gecko) Chrome/137.0.0.0 Sa..., accept=application/json, text/plain, */*, sec-ch-ua="Google Chrome";v="137", "Chromium";v="137", "Not/A)Brand";v="24", sec-ch-ua-mobile=?0, origin=http://localhost:4200, sec-fetch-site=same-site, sec-fetch-mode=cors, sec-fetch-dest=empty, referer=http://localhost:4200/, accept-encoding=gzip, deflate, br, zstd, accept-language=vi,fr-FR;q=0.9,fr;q=0.8,en-US;q=0.7,en;q=0.6,ar;q=0.5, forwarded=proto=http;host="localhost:8888";for="[0:0:0:0:0:0:0:1]:60403", x-forwarded-for=0:0:0:0:0:0:0:1, x-forwarded-proto=http, x-forwarded-port=8888, x-forwarded-host=localhost:8888, host=localhost:8080, content-length=0
2025-07-03 10:40:53 INFO  [http-nio-8080-exec-5] ACCESS_LOG - IP: 0:0:0:0:0:0:0:1, Method: GET, URL: /api/customers/status, Status: 200, Time: 28 ms, ClientInfo: RemoteUser=12685f8a-d508-45ee-bcfa-1b7b7e5688bb, Headers: sec-ch-ua-platform="Windows", authorization=***HIDDEN***, user-agent=Mozilla/5.0 (Windows NT 10.0; Win64; x64) AppleWebKit/537.36 (KHTML, like Gecko) Chrome/137.0.0.0 Sa..., accept=application/json, text/plain, */*, sec-ch-ua="Google Chrome";v="137", "Chromium";v="137", "Not/A)Brand";v="24", sec-ch-ua-mobile=?0, origin=http://localhost:4200, sec-fetch-site=same-site, sec-fetch-mode=cors, sec-fetch-dest=empty, referer=http://localhost:4200/, accept-encoding=gzip, deflate, br, zstd, accept-language=vi,fr-FR;q=0.9,fr;q=0.8,en-US;q=0.7,en;q=0.6,ar;q=0.5, forwarded=proto=http;host="localhost:8888";for="[0:0:0:0:0:0:0:1]:60403", x-forwarded-for=0:0:0:0:0:0:0:1, x-forwarded-proto=http, x-forwarded-port=8888, x-forwarded-host=localhost:8888, host=localhost:8080, content-length=0
2025-07-03 10:40:54 INFO  [http-nio-8080-exec-7] ACCESS_LOG - IP: 0:0:0:0:0:0:0:1, Method: GET, URL: /api/customers/status, Status: 200, Time: 21 ms, ClientInfo: RemoteUser=12685f8a-d508-45ee-bcfa-1b7b7e5688bb, Headers: sec-ch-ua-platform="Windows", authorization=***HIDDEN***, user-agent=Mozilla/5.0 (Windows NT 10.0; Win64; x64) AppleWebKit/537.36 (KHTML, like Gecko) Chrome/137.0.0.0 Sa..., accept=application/json, text/plain, */*, sec-ch-ua="Google Chrome";v="137", "Chromium";v="137", "Not/A)Brand";v="24", sec-ch-ua-mobile=?0, origin=http://localhost:4200, sec-fetch-site=same-site, sec-fetch-mode=cors, sec-fetch-dest=empty, referer=http://localhost:4200/, accept-encoding=gzip, deflate, br, zstd, accept-language=vi,fr-FR;q=0.9,fr;q=0.8,en-US;q=0.7,en;q=0.6,ar;q=0.5, forwarded=proto=http;host="localhost:8888";for="[0:0:0:0:0:0:0:1]:60403", x-forwarded-for=0:0:0:0:0:0:0:1, x-forwarded-proto=http, x-forwarded-port=8888, x-forwarded-host=localhost:8888, host=localhost:8080, content-length=0
2025-07-03 10:42:23 INFO  [http-nio-8080-exec-9] ACCESS_LOG - IP: 0:0:0:0:0:0:0:1, Method: GET, URL: /api/customers/status, Status: 200, Time: 38 ms, ClientInfo: RemoteUser=12685f8a-d508-45ee-bcfa-1b7b7e5688bb, Headers: sec-ch-ua-platform="Windows", authorization=***HIDDEN***, user-agent=Mozilla/5.0 (Windows NT 10.0; Win64; x64) AppleWebKit/537.36 (KHTML, like Gecko) Chrome/137.0.0.0 Sa..., accept=application/json, text/plain, */*, sec-ch-ua="Google Chrome";v="137", "Chromium";v="137", "Not/A)Brand";v="24", sec-ch-ua-mobile=?0, origin=http://localhost:4200, sec-fetch-site=same-site, sec-fetch-mode=cors, sec-fetch-dest=empty, referer=http://localhost:4200/, accept-encoding=gzip, deflate, br, zstd, accept-language=vi,fr-FR;q=0.9,fr;q=0.8,en-US;q=0.7,en;q=0.6,ar;q=0.5, forwarded=proto=http;host="localhost:8888";for="[0:0:0:0:0:0:0:1]:60463", x-forwarded-for=0:0:0:0:0:0:0:1, x-forwarded-proto=http, x-forwarded-port=8888, x-forwarded-host=localhost:8888, host=localhost:8080, content-length=0
2025-07-03 10:42:26 INFO  [http-nio-8080-exec-1] ACCESS_LOG - IP: 0:0:0:0:0:0:0:1, Method: GET, URL: /api/customers/status, Status: 200, Time: 13 ms, ClientInfo: RemoteUser=12685f8a-d508-45ee-bcfa-1b7b7e5688bb, Headers: sec-ch-ua-platform="Windows", authorization=***HIDDEN***, user-agent=Mozilla/5.0 (Windows NT 10.0; Win64; x64) AppleWebKit/537.36 (KHTML, like Gecko) Chrome/137.0.0.0 Sa..., accept=application/json, text/plain, */*, sec-ch-ua="Google Chrome";v="137", "Chromium";v="137", "Not/A)Brand";v="24", sec-ch-ua-mobile=?0, origin=http://localhost:4200, sec-fetch-site=same-site, sec-fetch-mode=cors, sec-fetch-dest=empty, referer=http://localhost:4200/, accept-encoding=gzip, deflate, br, zstd, accept-language=vi,fr-FR;q=0.9,fr;q=0.8,en-US;q=0.7,en;q=0.6,ar;q=0.5, forwarded=proto=http;host="localhost:8888";for="[0:0:0:0:0:0:0:1]:60463", x-forwarded-for=0:0:0:0:0:0:0:1, x-forwarded-proto=http, x-forwarded-port=8888, x-forwarded-host=localhost:8888, host=localhost:8080, content-length=0
2025-07-03 10:42:27 INFO  [http-nio-8080-exec-2] ACCESS_LOG - IP: 0:0:0:0:0:0:0:1, Method: GET, URL: /api/customers/status, Status: 200, Time: 13 ms, ClientInfo: RemoteUser=12685f8a-d508-45ee-bcfa-1b7b7e5688bb, Headers: sec-ch-ua-platform="Windows", authorization=***HIDDEN***, user-agent=Mozilla/5.0 (Windows NT 10.0; Win64; x64) AppleWebKit/537.36 (KHTML, like Gecko) Chrome/137.0.0.0 Sa..., accept=application/json, text/plain, */*, sec-ch-ua="Google Chrome";v="137", "Chromium";v="137", "Not/A)Brand";v="24", sec-ch-ua-mobile=?0, origin=http://localhost:4200, sec-fetch-site=same-site, sec-fetch-mode=cors, sec-fetch-dest=empty, referer=http://localhost:4200/, accept-encoding=gzip, deflate, br, zstd, accept-language=vi,fr-FR;q=0.9,fr;q=0.8,en-US;q=0.7,en;q=0.6,ar;q=0.5, forwarded=proto=http;host="localhost:8888";for="[0:0:0:0:0:0:0:1]:60463", x-forwarded-for=0:0:0:0:0:0:0:1, x-forwarded-proto=http, x-forwarded-port=8888, x-forwarded-host=localhost:8888, host=localhost:8080, content-length=0
2025-07-03 10:42:32 INFO  [http-nio-8080-exec-3] ACCESS_LOG - IP: 0:0:0:0:0:0:0:1, Method: GET, URL: /api/customers/status, Status: 200, Time: 11 ms, ClientInfo: RemoteUser=12685f8a-d508-45ee-bcfa-1b7b7e5688bb, Headers: sec-ch-ua-platform="Windows", authorization=***HIDDEN***, user-agent=Mozilla/5.0 (Windows NT 10.0; Win64; x64) AppleWebKit/537.36 (KHTML, like Gecko) Chrome/137.0.0.0 Sa..., accept=application/json, text/plain, */*, sec-ch-ua="Google Chrome";v="137", "Chromium";v="137", "Not/A)Brand";v="24", sec-ch-ua-mobile=?0, origin=http://localhost:4200, sec-fetch-site=same-site, sec-fetch-mode=cors, sec-fetch-dest=empty, referer=http://localhost:4200/, accept-encoding=gzip, deflate, br, zstd, accept-language=vi,fr-FR;q=0.9,fr;q=0.8,en-US;q=0.7,en;q=0.6,ar;q=0.5, forwarded=proto=http;host="localhost:8888";for="[0:0:0:0:0:0:0:1]:60480", x-forwarded-for=0:0:0:0:0:0:0:1, x-forwarded-proto=http, x-forwarded-port=8888, x-forwarded-host=localhost:8888, host=localhost:8080, content-length=0
2025-07-03 10:42:33 INFO  [http-nio-8080-exec-6] ACCESS_LOG - IP: 0:0:0:0:0:0:0:1, Method: GET, URL: /api/customers/status, Status: 200, Time: 30 ms, ClientInfo: RemoteUser=12685f8a-d508-45ee-bcfa-1b7b7e5688bb, Headers: sec-ch-ua-platform="Windows", authorization=***HIDDEN***, user-agent=Mozilla/5.0 (Windows NT 10.0; Win64; x64) AppleWebKit/537.36 (KHTML, like Gecko) Chrome/137.0.0.0 Sa..., accept=application/json, text/plain, */*, sec-ch-ua="Google Chrome";v="137", "Chromium";v="137", "Not/A)Brand";v="24", sec-ch-ua-mobile=?0, origin=http://localhost:4200, sec-fetch-site=same-site, sec-fetch-mode=cors, sec-fetch-dest=empty, referer=http://localhost:4200/, accept-encoding=gzip, deflate, br, zstd, accept-language=vi,fr-FR;q=0.9,fr;q=0.8,en-US;q=0.7,en;q=0.6,ar;q=0.5, forwarded=proto=http;host="localhost:8888";for="[0:0:0:0:0:0:0:1]:60480", x-forwarded-for=0:0:0:0:0:0:0:1, x-forwarded-proto=http, x-forwarded-port=8888, x-forwarded-host=localhost:8888, host=localhost:8080, content-length=0
2025-07-03 10:42:57 INFO  [http-nio-8080-exec-4] ACCESS_LOG - IP: 0:0:0:0:0:0:0:1, Method: GET, URL: /api/customers/status, Status: 200, Time: 17 ms, ClientInfo: RemoteUser=12685f8a-d508-45ee-bcfa-1b7b7e5688bb, Headers: sec-ch-ua-platform="Windows", authorization=***HIDDEN***, user-agent=Mozilla/5.0 (Windows NT 10.0; Win64; x64) AppleWebKit/537.36 (KHTML, like Gecko) Chrome/137.0.0.0 Sa..., accept=application/json, text/plain, */*, sec-ch-ua="Google Chrome";v="137", "Chromium";v="137", "Not/A)Brand";v="24", sec-ch-ua-mobile=?0, origin=http://localhost:4200, sec-fetch-site=same-site, sec-fetch-mode=cors, sec-fetch-dest=empty, referer=http://localhost:4200/, accept-encoding=gzip, deflate, br, zstd, accept-language=vi,fr-FR;q=0.9,fr;q=0.8,en-US;q=0.7,en;q=0.6,ar;q=0.5, forwarded=proto=http;host="localhost:8888";for="[0:0:0:0:0:0:0:1]:60480", x-forwarded-for=0:0:0:0:0:0:0:1, x-forwarded-proto=http, x-forwarded-port=8888, x-forwarded-host=localhost:8888, host=localhost:8080, content-length=0
2025-07-03 10:42:59 INFO  [http-nio-8080-exec-5] ACCESS_LOG - IP: 0:0:0:0:0:0:0:1, Method: GET, URL: /api/customers/status, Status: 200, Time: 11 ms, ClientInfo: RemoteUser=12685f8a-d508-45ee-bcfa-1b7b7e5688bb, Headers: sec-ch-ua-platform="Windows", authorization=***HIDDEN***, user-agent=Mozilla/5.0 (Windows NT 10.0; Win64; x64) AppleWebKit/537.36 (KHTML, like Gecko) Chrome/137.0.0.0 Sa..., accept=application/json, text/plain, */*, sec-ch-ua="Google Chrome";v="137", "Chromium";v="137", "Not/A)Brand";v="24", sec-ch-ua-mobile=?0, origin=http://localhost:4200, sec-fetch-site=same-site, sec-fetch-mode=cors, sec-fetch-dest=empty, referer=http://localhost:4200/, accept-encoding=gzip, deflate, br, zstd, accept-language=vi,fr-FR;q=0.9,fr;q=0.8,en-US;q=0.7,en;q=0.6,ar;q=0.5, forwarded=proto=http;host="localhost:8888";for="[0:0:0:0:0:0:0:1]:60480", x-forwarded-for=0:0:0:0:0:0:0:1, x-forwarded-proto=http, x-forwarded-port=8888, x-forwarded-host=localhost:8888, host=localhost:8080, content-length=0
2025-07-03 10:43:00 INFO  [http-nio-8080-exec-7] ACCESS_LOG - IP: 0:0:0:0:0:0:0:1, Method: GET, URL: /api/customers/status, Status: 200, Time: 12 ms, ClientInfo: RemoteUser=12685f8a-d508-45ee-bcfa-1b7b7e5688bb, Headers: sec-ch-ua-platform="Windows", authorization=***HIDDEN***, user-agent=Mozilla/5.0 (Windows NT 10.0; Win64; x64) AppleWebKit/537.36 (KHTML, like Gecko) Chrome/137.0.0.0 Sa..., accept=application/json, text/plain, */*, sec-ch-ua="Google Chrome";v="137", "Chromium";v="137", "Not/A)Brand";v="24", sec-ch-ua-mobile=?0, origin=http://localhost:4200, sec-fetch-site=same-site, sec-fetch-mode=cors, sec-fetch-dest=empty, referer=http://localhost:4200/, accept-encoding=gzip, deflate, br, zstd, accept-language=vi,fr-FR;q=0.9,fr;q=0.8,en-US;q=0.7,en;q=0.6,ar;q=0.5, forwarded=proto=http;host="localhost:8888";for="[0:0:0:0:0:0:0:1]:60480", x-forwarded-for=0:0:0:0:0:0:0:1, x-forwarded-proto=http, x-forwarded-port=8888, x-forwarded-host=localhost:8888, host=localhost:8080, content-length=0
2025-07-03 10:43:21 INFO  [http-nio-8080-exec-10] ACCESS_LOG - IP: 0:0:0:0:0:0:0:1, Method: GET, URL: /api/customers/status, Status: 200, Time: 38 ms, ClientInfo: RemoteUser=12685f8a-d508-45ee-bcfa-1b7b7e5688bb, Headers: sec-ch-ua-platform="Windows", authorization=***HIDDEN***, user-agent=Mozilla/5.0 (Windows NT 10.0; Win64; x64) AppleWebKit/537.36 (KHTML, like Gecko) Chrome/137.0.0.0 Sa..., accept=application/json, text/plain, */*, sec-ch-ua="Google Chrome";v="137", "Chromium";v="137", "Not/A)Brand";v="24", sec-ch-ua-mobile=?0, origin=http://localhost:4200, sec-fetch-site=same-site, sec-fetch-mode=cors, sec-fetch-dest=empty, referer=http://localhost:4200/, accept-encoding=gzip, deflate, br, zstd, accept-language=vi,fr-FR;q=0.9,fr;q=0.8,en-US;q=0.7,en;q=0.6,ar;q=0.5, forwarded=proto=http;host="localhost:8888";for="[0:0:0:0:0:0:0:1]:60514", x-forwarded-for=0:0:0:0:0:0:0:1, x-forwarded-proto=http, x-forwarded-port=8888, x-forwarded-host=localhost:8888, host=localhost:8080, content-length=0
2025-07-03 10:43:22 INFO  [http-nio-8080-exec-8] ACCESS_LOG - IP: 0:0:0:0:0:0:0:1, Method: GET, URL: /api/customers/detail, Status: 200, Time: 182 ms, ClientInfo: RemoteUser=12685f8a-d508-45ee-bcfa-1b7b7e5688bb, Headers: sec-ch-ua-platform="Windows", authorization=***HIDDEN***, user-agent=Mozilla/5.0 (Windows NT 10.0; Win64; x64) AppleWebKit/537.36 (KHTML, like Gecko) Chrome/137.0.0.0 Sa..., accept=application/json, text/plain, */*, sec-ch-ua="Google Chrome";v="137", "Chromium";v="137", "Not/A)Brand";v="24", sec-ch-ua-mobile=?0, origin=http://localhost:4200, sec-fetch-site=same-site, sec-fetch-mode=cors, sec-fetch-dest=empty, referer=http://localhost:4200/, accept-encoding=gzip, deflate, br, zstd, accept-language=vi,fr-FR;q=0.9,fr;q=0.8,en-US;q=0.7,en;q=0.6,ar;q=0.5, forwarded=proto=http;host="localhost:8888";for="[0:0:0:0:0:0:0:1]:60513", x-forwarded-for=0:0:0:0:0:0:0:1, x-forwarded-proto=http, x-forwarded-port=8888, x-forwarded-host=localhost:8888, host=localhost:8080, content-length=0
2025-07-03 10:43:25 INFO  [http-nio-8080-exec-9] ACCESS_LOG - IP: 0:0:0:0:0:0:0:1, Method: GET, URL: /api/customers/detail, Status: 200, Time: 20 ms, ClientInfo: RemoteUser=12685f8a-d508-45ee-bcfa-1b7b7e5688bb, Headers: sec-ch-ua-platform="Windows", authorization=***HIDDEN***, user-agent=Mozilla/5.0 (Windows NT 10.0; Win64; x64) AppleWebKit/537.36 (KHTML, like Gecko) Chrome/137.0.0.0 Sa..., accept=application/json, text/plain, */*, sec-ch-ua="Google Chrome";v="137", "Chromium";v="137", "Not/A)Brand";v="24", sec-ch-ua-mobile=?0, origin=http://localhost:4200, sec-fetch-site=same-site, sec-fetch-mode=cors, sec-fetch-dest=empty, referer=http://localhost:4200/, accept-encoding=gzip, deflate, br, zstd, accept-language=vi,fr-FR;q=0.9,fr;q=0.8,en-US;q=0.7,en;q=0.6,ar;q=0.5, forwarded=proto=http;host="localhost:8888";for="[0:0:0:0:0:0:0:1]:60514", x-forwarded-for=0:0:0:0:0:0:0:1, x-forwarded-proto=http, x-forwarded-port=8888, x-forwarded-host=localhost:8888, host=localhost:8080, content-length=0
2025-07-03 10:43:27 INFO  [http-nio-8080-exec-1] ACCESS_LOG - IP: 0:0:0:0:0:0:0:1, Method: GET, URL: /api/customers/detail, Status: 200, Time: 23 ms, ClientInfo: RemoteUser=12685f8a-d508-45ee-bcfa-1b7b7e5688bb, Headers: sec-ch-ua-platform="Windows", authorization=***HIDDEN***, user-agent=Mozilla/5.0 (Windows NT 10.0; Win64; x64) AppleWebKit/537.36 (KHTML, like Gecko) Chrome/137.0.0.0 Sa..., accept=application/json, text/plain, */*, sec-ch-ua="Google Chrome";v="137", "Chromium";v="137", "Not/A)Brand";v="24", sec-ch-ua-mobile=?0, origin=http://localhost:4200, sec-fetch-site=same-site, sec-fetch-mode=cors, sec-fetch-dest=empty, referer=http://localhost:4200/, accept-encoding=gzip, deflate, br, zstd, accept-language=vi,fr-FR;q=0.9,fr;q=0.8,en-US;q=0.7,en;q=0.6,ar;q=0.5, forwarded=proto=http;host="localhost:8888";for="[0:0:0:0:0:0:0:1]:60526", x-forwarded-for=0:0:0:0:0:0:0:1, x-forwarded-proto=http, x-forwarded-port=8888, x-forwarded-host=localhost:8888, host=localhost:8080, content-length=0
2025-07-03 10:43:38 INFO  [http-nio-8080-exec-2] ACCESS_LOG - IP: 0:0:0:0:0:0:0:1, Method: GET, URL: /api/customers/detail, Status: 200, Time: 26 ms, ClientInfo: RemoteUser=12685f8a-d508-45ee-bcfa-1b7b7e5688bb, Headers: sec-ch-ua-platform="Windows", authorization=***HIDDEN***, user-agent=Mozilla/5.0 (Windows NT 10.0; Win64; x64) AppleWebKit/537.36 (KHTML, like Gecko) Chrome/137.0.0.0 Sa..., accept=application/json, text/plain, */*, sec-ch-ua="Google Chrome";v="137", "Chromium";v="137", "Not/A)Brand";v="24", sec-ch-ua-mobile=?0, origin=http://localhost:4200, sec-fetch-site=same-site, sec-fetch-mode=cors, sec-fetch-dest=empty, referer=http://localhost:4200/, accept-encoding=gzip, deflate, br, zstd, accept-language=vi,fr-FR;q=0.9,fr;q=0.8,en-US;q=0.7,en;q=0.6,ar;q=0.5, forwarded=proto=http;host="localhost:8888";for="[0:0:0:0:0:0:0:1]:60534", x-forwarded-for=0:0:0:0:0:0:0:1, x-forwarded-proto=http, x-forwarded-port=8888, x-forwarded-host=localhost:8888, host=localhost:8080, content-length=0
2025-07-03 10:43:40 INFO  [http-nio-8080-exec-3] ACCESS_LOG - IP: 0:0:0:0:0:0:0:1, Method: GET, URL: /api/customers/status, Status: 200, Time: 529 ms, ClientInfo: RemoteUser=12685f8a-d508-45ee-bcfa-1b7b7e5688bb, Headers: sec-ch-ua-platform="Windows", authorization=***HIDDEN***, user-agent=Mozilla/5.0 (Windows NT 10.0; Win64; x64) AppleWebKit/537.36 (KHTML, like Gecko) Chrome/137.0.0.0 Sa..., accept=application/json, text/plain, */*, sec-ch-ua="Google Chrome";v="137", "Chromium";v="137", "Not/A)Brand";v="24", sec-ch-ua-mobile=?0, origin=http://localhost:4200, sec-fetch-site=same-site, sec-fetch-mode=cors, sec-fetch-dest=empty, referer=http://localhost:4200/, accept-encoding=gzip, deflate, br, zstd, accept-language=vi,fr-FR;q=0.9,fr;q=0.8,en-US;q=0.7,en;q=0.6,ar;q=0.5, forwarded=proto=http;host="localhost:8888";for="[0:0:0:0:0:0:0:1]:60533", x-forwarded-for=0:0:0:0:0:0:0:1, x-forwarded-proto=http, x-forwarded-port=8888, x-forwarded-host=localhost:8888, host=localhost:8080, content-length=0
2025-07-03 10:44:32 INFO  [http-nio-8080-exec-6] ACCESS_LOG - IP: 0:0:0:0:0:0:0:1, Method: POST, URL: /api/customers/register/initiate, Status: 200, Time: 2735 ms, Headers: content-length=269, sec-ch-ua-platform="Windows", user-agent=Mozilla/5.0 (Windows NT 10.0; Win64; x64) AppleWebKit/537.36 (KHTML, like Gecko) Chrome/137.0.0.0 Sa..., accept=application/json, text/plain, */*, sec-ch-ua="Google Chrome";v="137", "Chromium";v="137", "Not/A)Brand";v="24", content-type=application/json, sec-ch-ua-mobile=?0, origin=http://localhost:4200, sec-fetch-site=same-site, sec-fetch-mode=cors, sec-fetch-dest=empty, referer=http://localhost:4200/, accept-encoding=gzip, deflate, br, zstd, accept-language=vi,fr-FR;q=0.9,fr;q=0.8,en-US;q=0.7,en;q=0.6,ar;q=0.5, forwarded=proto=http;host="localhost:8888";for="[0:0:0:0:0:0:0:1]:60557", x-forwarded-for=0:0:0:0:0:0:0:1, x-forwarded-proto=http, x-forwarded-port=8888, x-forwarded-host=localhost:8888, host=localhost:8080
2025-07-03 10:45:32 ERROR [http-nio-8080-exec-4] ACCESS_LOG - Failed to send OTP email to: testfe6@gmail.com
org.springframework.core.task.TaskRejectedException: ExecutorService in shutdown state did not accept task: org.springframework.cloud.stream.binding.BindingService$$Lambda$3953/0x0000000802237b58@60376482
	at org.springframework.scheduling.concurrent.ThreadPoolTaskScheduler.schedule(ThreadPoolTaskScheduler.java:405)
	at org.springframework.cloud.stream.binding.BindingService.scheduleTask(BindingService.java:432)
	at org.springframework.cloud.stream.binding.BindingService.rescheduleProducerBinding(BindingService.java:373)
	at org.springframework.cloud.stream.binding.BindingService.doBindProducer(BindingService.java:358)
	at org.springframework.cloud.stream.binding.BindingService.bindProducer(BindingService.java:294)
	at org.springframework.cloud.stream.function.StreamBridge.resolveDestination(StreamBridge.java:297)
	at org.springframework.cloud.stream.function.StreamBridge.send(StreamBridge.java:189)
	at org.springframework.cloud.stream.function.StreamBridge.send(StreamBridge.java:168)
	at org.springframework.cloud.stream.function.StreamBridge.send(StreamBridge.java:163)
	at com.example.customer_service.services.Impl.CustomerServiceImpl.processKycAndSendOtp(CustomerServiceImpl.java:137)
	at java.base/jdk.internal.reflect.NativeMethodAccessorImpl.invoke0(Native Method)
	at java.base/jdk.internal.reflect.NativeMethodAccessorImpl.invoke(NativeMethodAccessorImpl.java:77)
	at java.base/jdk.internal.reflect.DelegatingMethodAccessorImpl.invoke(DelegatingMethodAccessorImpl.java:43)
	at java.base/java.lang.reflect.Method.invoke(Method.java:568)
	at org.springframework.aop.support.AopUtils.invokeJoinpointUsingReflection(AopUtils.java:355)
	at org.springframework.aop.framework.CglibAopProxy$DynamicAdvisedInterceptor.intercept(CglibAopProxy.java:717)
	at com.example.customer_service.services.Impl.CustomerServiceImpl$$SpringCGLIB$$0.processKycAndSendOtp(<generated>)
	at com.example.customer_service.controllers.CustomerController.processKycAndSendOtp(CustomerController.java:91)
	at java.base/jdk.internal.reflect.NativeMethodAccessorImpl.invoke0(Native Method)
	at java.base/jdk.internal.reflect.NativeMethodAccessorImpl.invoke(NativeMethodAccessorImpl.java:77)
	at java.base/jdk.internal.reflect.DelegatingMethodAccessorImpl.invoke(DelegatingMethodAccessorImpl.java:43)
	at java.base/java.lang.reflect.Method.invoke(Method.java:568)
	at org.springframework.aop.support.AopUtils.invokeJoinpointUsingReflection(AopUtils.java:355)
	at org.springframework.aop.framework.CglibAopProxy$DynamicAdvisedInterceptor.intercept(CglibAopProxy.java:717)
	at com.example.customer_service.controllers.CustomerController$$SpringCGLIB$$0.processKycAndSendOtp(<generated>)
	at java.base/jdk.internal.reflect.NativeMethodAccessorImpl.invoke0(Native Method)
	at java.base/jdk.internal.reflect.NativeMethodAccessorImpl.invoke(NativeMethodAccessorImpl.java:77)
	at java.base/jdk.internal.reflect.DelegatingMethodAccessorImpl.invoke(DelegatingMethodAccessorImpl.java:43)
	at java.base/java.lang.reflect.Method.invoke(Method.java:568)
	at org.springframework.web.method.support.InvocableHandlerMethod.doInvoke(InvocableHandlerMethod.java:255)
	at org.springframework.web.method.support.InvocableHandlerMethod.invokeForRequest(InvocableHandlerMethod.java:188)
	at org.springframework.web.servlet.mvc.method.annotation.ServletInvocableHandlerMethod.invokeAndHandle(ServletInvocableHandlerMethod.java:118)
	at org.springframework.web.servlet.mvc.method.annotation.RequestMappingHandlerAdapter.invokeHandlerMethod(RequestMappingHandlerAdapter.java:926)
	at org.springframework.web.servlet.mvc.method.annotation.RequestMappingHandlerAdapter.handleInternal(RequestMappingHandlerAdapter.java:831)
	at org.springframework.web.servlet.mvc.method.AbstractHandlerMethodAdapter.handle(AbstractHandlerMethodAdapter.java:87)
	at org.springframework.web.servlet.DispatcherServlet.doDispatch(DispatcherServlet.java:1089)
	at org.springframework.web.servlet.DispatcherServlet.doService(DispatcherServlet.java:979)
	at org.springframework.web.servlet.FrameworkServlet.processRequest(FrameworkServlet.java:1014)
	at org.springframework.web.servlet.FrameworkServlet.doPost(FrameworkServlet.java:914)
	at jakarta.servlet.http.HttpServlet.service(HttpServlet.java:590)
	at org.springframework.web.servlet.FrameworkServlet.service(FrameworkServlet.java:885)
	at jakarta.servlet.http.HttpServlet.service(HttpServlet.java:658)
	at org.apache.catalina.core.ApplicationFilterChain.internalDoFilter(ApplicationFilterChain.java:195)
	at org.apache.catalina.core.ApplicationFilterChain.doFilter(ApplicationFilterChain.java:140)
	at org.apache.tomcat.websocket.server.WsFilter.doFilter(WsFilter.java:51)
	at org.apache.catalina.core.ApplicationFilterChain.internalDoFilter(ApplicationFilterChain.java:164)
	at org.apache.catalina.core.ApplicationFilterChain.doFilter(ApplicationFilterChain.java:140)
	at com.example.customer_service.components.CustomRequestLoggingFilter.doFilterInternal(CustomRequestLoggingFilter.java:44)
	at org.springframework.web.filter.OncePerRequestFilter.doFilter(OncePerRequestFilter.java:116)
	at org.apache.catalina.core.ApplicationFilterChain.internalDoFilter(ApplicationFilterChain.java:164)
	at org.apache.catalina.core.ApplicationFilterChain.doFilter(ApplicationFilterChain.java:140)
	at org.springframework.web.filter.CompositeFilter$VirtualFilterChain.doFilter(CompositeFilter.java:108)
	at org.springframework.security.web.FilterChainProxy.lambda$doFilterInternal$3(FilterChainProxy.java:231)
	at org.springframework.security.web.ObservationFilterChainDecorator$FilterObservation$SimpleFilterObservation.lambda$wrap$1(ObservationFilterChainDecorator.java:479)
	at org.springframework.security.web.ObservationFilterChainDecorator$AroundFilterObservation$SimpleAroundFilterObservation.lambda$wrap$1(ObservationFilterChainDecorator.java:340)
	at org.springframework.security.web.ObservationFilterChainDecorator.lambda$wrapSecured$0(ObservationFilterChainDecorator.java:82)
	at org.springframework.security.web.ObservationFilterChainDecorator$VirtualFilterChain.doFilter(ObservationFilterChainDecorator.java:128)
	at org.springframework.security.web.access.intercept.AuthorizationFilter.doFilter(AuthorizationFilter.java:100)
	at org.springframework.security.web.ObservationFilterChainDecorator$ObservationFilter.wrapFilter(ObservationFilterChainDecorator.java:240)
	at org.springframework.security.web.ObservationFilterChainDecorator$ObservationFilter.doFilter(ObservationFilterChainDecorator.java:227)
	at org.springframework.security.web.ObservationFilterChainDecorator$VirtualFilterChain.doFilter(ObservationFilterChainDecorator.java:137)
	at org.springframework.security.web.access.ExceptionTranslationFilter.doFilter(ExceptionTranslationFilter.java:126)
	at org.springframework.security.web.access.ExceptionTranslationFilter.doFilter(ExceptionTranslationFilter.java:120)
	at org.springframework.security.web.ObservationFilterChainDecorator$ObservationFilter.wrapFilter(ObservationFilterChainDecorator.java:240)
	at org.springframework.security.web.ObservationFilterChainDecorator$ObservationFilter.doFilter(ObservationFilterChainDecorator.java:227)
	at org.springframework.security.web.ObservationFilterChainDecorator$VirtualFilterChain.doFilter(ObservationFilterChainDecorator.java:137)
	at org.springframework.security.web.session.SessionManagementFilter.doFilter(SessionManagementFilter.java:131)
	at org.springframework.security.web.session.SessionManagementFilter.doFilter(SessionManagementFilter.java:85)
	at org.springframework.security.web.ObservationFilterChainDecorator$ObservationFilter.wrapFilter(ObservationFilterChainDecorator.java:240)
	at org.springframework.security.web.ObservationFilterChainDecorator$ObservationFilter.doFilter(ObservationFilterChainDecorator.java:227)
	at org.springframework.security.web.ObservationFilterChainDecorator$VirtualFilterChain.doFilter(ObservationFilterChainDecorator.java:137)
	at org.springframework.security.web.authentication.AnonymousAuthenticationFilter.doFilter(AnonymousAuthenticationFilter.java:100)
	at org.springframework.security.web.ObservationFilterChainDecorator$ObservationFilter.wrapFilter(ObservationFilterChainDecorator.java:240)
	at org.springframework.security.web.ObservationFilterChainDecorator$ObservationFilter.doFilter(ObservationFilterChainDecorator.java:227)
	at org.springframework.security.web.ObservationFilterChainDecorator$VirtualFilterChain.doFilter(ObservationFilterChainDecorator.java:137)
	at org.springframework.security.web.servletapi.SecurityContextHolderAwareRequestFilter.doFilter(SecurityContextHolderAwareRequestFilter.java:179)
	at org.springframework.security.web.ObservationFilterChainDecorator$ObservationFilter.wrapFilter(ObservationFilterChainDecorator.java:240)
	at org.springframework.security.web.ObservationFilterChainDecorator$ObservationFilter.doFilter(ObservationFilterChainDecorator.java:227)
	at org.springframework.security.web.ObservationFilterChainDecorator$VirtualFilterChain.doFilter(ObservationFilterChainDecorator.java:137)
	at org.springframework.security.web.savedrequest.RequestCacheAwareFilter.doFilter(RequestCacheAwareFilter.java:63)
	at org.springframework.security.web.ObservationFilterChainDecorator$ObservationFilter.wrapFilter(ObservationFilterChainDecorator.java:240)
	at org.springframework.security.web.ObservationFilterChainDecorator$ObservationFilter.doFilter(ObservationFilterChainDecorator.java:227)
	at org.springframework.security.web.ObservationFilterChainDecorator$VirtualFilterChain.doFilter(ObservationFilterChainDecorator.java:137)
	at org.springframework.security.oauth2.server.resource.web.authentication.BearerTokenAuthenticationFilter.doFilterInternal(BearerTokenAuthenticationFilter.java:128)
	at org.springframework.web.filter.OncePerRequestFilter.doFilter(OncePerRequestFilter.java:116)
	at org.springframework.security.web.ObservationFilterChainDecorator$ObservationFilter.wrapFilter(ObservationFilterChainDecorator.java:240)
	at org.springframework.security.web.ObservationFilterChainDecorator$ObservationFilter.doFilter(ObservationFilterChainDecorator.java:227)
	at org.springframework.security.web.ObservationFilterChainDecorator$VirtualFilterChain.doFilter(ObservationFilterChainDecorator.java:137)
	at org.springframework.security.web.authentication.logout.LogoutFilter.doFilter(LogoutFilter.java:107)
	at org.springframework.security.web.authentication.logout.LogoutFilter.doFilter(LogoutFilter.java:93)
	at org.springframework.security.web.ObservationFilterChainDecorator$ObservationFilter.wrapFilter(ObservationFilterChainDecorator.java:240)
	at org.springframework.security.web.ObservationFilterChainDecorator$ObservationFilter.doFilter(ObservationFilterChainDecorator.java:227)
	at org.springframework.security.web.ObservationFilterChainDecorator$VirtualFilterChain.doFilter(ObservationFilterChainDecorator.java:137)
	at org.springframework.web.filter.CorsFilter.doFilterInternal(CorsFilter.java:91)
	at org.springframework.web.filter.OncePerRequestFilter.doFilter(OncePerRequestFilter.java:116)
	at org.springframework.security.web.ObservationFilterChainDecorator$ObservationFilter.wrapFilter(ObservationFilterChainDecorator.java:240)
	at org.springframework.security.web.ObservationFilterChainDecorator$ObservationFilter.doFilter(ObservationFilterChainDecorator.java:227)
	at org.springframework.security.web.ObservationFilterChainDecorator$VirtualFilterChain.doFilter(ObservationFilterChainDecorator.java:137)
	at org.springframework.security.web.header.HeaderWriterFilter.doHeadersAfter(HeaderWriterFilter.java:90)
	at org.springframework.security.web.header.HeaderWriterFilter.doFilterInternal(HeaderWriterFilter.java:75)
	at org.springframework.web.filter.OncePerRequestFilter.doFilter(OncePerRequestFilter.java:116)
	at org.springframework.security.web.ObservationFilterChainDecorator$ObservationFilter.wrapFilter(ObservationFilterChainDecorator.java:240)
	at org.springframework.security.web.ObservationFilterChainDecorator$ObservationFilter.doFilter(ObservationFilterChainDecorator.java:227)
	at org.springframework.security.web.ObservationFilterChainDecorator$VirtualFilterChain.doFilter(ObservationFilterChainDecorator.java:137)
	at org.springframework.security.web.context.SecurityContextHolderFilter.doFilter(SecurityContextHolderFilter.java:82)
	at org.springframework.security.web.context.SecurityContextHolderFilter.doFilter(SecurityContextHolderFilter.java:69)
	at org.springframework.security.web.ObservationFilterChainDecorator$ObservationFilter.wrapFilter(ObservationFilterChainDecorator.java:240)
	at org.springframework.security.web.ObservationFilterChainDecorator$ObservationFilter.doFilter(ObservationFilterChainDecorator.java:227)
	at org.springframework.security.web.ObservationFilterChainDecorator$VirtualFilterChain.doFilter(ObservationFilterChainDecorator.java:137)
	at org.springframework.security.web.context.request.async.WebAsyncManagerIntegrationFilter.doFilterInternal(WebAsyncManagerIntegrationFilter.java:62)
	at org.springframework.web.filter.OncePerRequestFilter.doFilter(OncePerRequestFilter.java:116)
	at org.springframework.security.web.ObservationFilterChainDecorator$ObservationFilter.wrapFilter(ObservationFilterChainDecorator.java:240)
	at org.springframework.security.web.ObservationFilterChainDecorator$ObservationFilter.doFilter(ObservationFilterChainDecorator.java:227)
	at org.springframework.security.web.ObservationFilterChainDecorator$VirtualFilterChain.doFilter(ObservationFilterChainDecorator.java:137)
	at org.springframework.security.web.session.DisableEncodeUrlFilter.doFilterInternal(DisableEncodeUrlFilter.java:42)
	at org.springframework.web.filter.OncePerRequestFilter.doFilter(OncePerRequestFilter.java:116)
	at org.springframework.security.web.ObservationFilterChainDecorator$ObservationFilter.wrapFilter(ObservationFilterChainDecorator.java:240)
	at org.springframework.security.web.ObservationFilterChainDecorator$AroundFilterObservation$SimpleAroundFilterObservation.lambda$wrap$0(ObservationFilterChainDecorator.java:323)
	at org.springframework.security.web.ObservationFilterChainDecorator$ObservationFilter.doFilter(ObservationFilterChainDecorator.java:224)
	at org.springframework.security.web.ObservationFilterChainDecorator$VirtualFilterChain.doFilter(ObservationFilterChainDecorator.java:137)
	at org.springframework.security.web.FilterChainProxy.doFilterInternal(FilterChainProxy.java:233)
	at org.springframework.security.web.FilterChainProxy.doFilter(FilterChainProxy.java:191)
	at org.springframework.web.filter.CompositeFilter$VirtualFilterChain.doFilter(CompositeFilter.java:113)
	at org.springframework.web.servlet.handler.HandlerMappingIntrospector.lambda$createCacheFilter$3(HandlerMappingIntrospector.java:195)
	at org.springframework.web.filter.CompositeFilter$VirtualFilterChain.doFilter(CompositeFilter.java:113)
	at org.springframework.web.filter.CompositeFilter.doFilter(CompositeFilter.java:74)
	at org.springframework.security.config.annotation.web.configuration.WebMvcSecurityConfiguration$CompositeFilterChainProxy.doFilter(WebMvcSecurityConfiguration.java:230)
	at org.springframework.web.filter.DelegatingFilterProxy.invokeDelegate(DelegatingFilterProxy.java:362)
	at org.springframework.web.filter.DelegatingFilterProxy.doFilter(DelegatingFilterProxy.java:278)
	at org.apache.catalina.core.ApplicationFilterChain.internalDoFilter(ApplicationFilterChain.java:164)
	at org.apache.catalina.core.ApplicationFilterChain.doFilter(ApplicationFilterChain.java:140)
	at org.springframework.web.filter.RequestContextFilter.doFilterInternal(RequestContextFilter.java:100)
	at org.springframework.web.filter.OncePerRequestFilter.doFilter(OncePerRequestFilter.java:116)
	at org.apache.catalina.core.ApplicationFilterChain.internalDoFilter(ApplicationFilterChain.java:164)
	at org.apache.catalina.core.ApplicationFilterChain.doFilter(ApplicationFilterChain.java:140)
	at org.springframework.web.filter.FormContentFilter.doFilterInternal(FormContentFilter.java:93)
	at org.springframework.web.filter.OncePerRequestFilter.doFilter(OncePerRequestFilter.java:116)
	at org.apache.catalina.core.ApplicationFilterChain.internalDoFilter(ApplicationFilterChain.java:164)
	at org.apache.catalina.core.ApplicationFilterChain.doFilter(ApplicationFilterChain.java:140)
	at org.springframework.web.servlet.v6_0.OpenTelemetryHandlerMappingFilter.doFilter(OpenTelemetryHandlerMappingFilter.java:78)
	at org.apache.catalina.core.ApplicationFilterChain.internalDoFilter(ApplicationFilterChain.java:164)
	at org.apache.catalina.core.ApplicationFilterChain.doFilter(ApplicationFilterChain.java:140)
	at org.springframework.web.filter.ServerHttpObservationFilter.doFilterInternal(ServerHttpObservationFilter.java:113)
	at org.springframework.web.filter.OncePerRequestFilter.doFilter(OncePerRequestFilter.java:116)
	at org.apache.catalina.core.ApplicationFilterChain.internalDoFilter(ApplicationFilterChain.java:164)
	at org.apache.catalina.core.ApplicationFilterChain.doFilter(ApplicationFilterChain.java:140)
	at org.springframework.web.filter.CharacterEncodingFilter.doFilterInternal(CharacterEncodingFilter.java:201)
	at org.springframework.web.filter.OncePerRequestFilter.doFilter(OncePerRequestFilter.java:116)
	at org.apache.catalina.core.ApplicationFilterChain.internalDoFilter(ApplicationFilterChain.java:164)
	at org.apache.catalina.core.ApplicationFilterChain.doFilter(ApplicationFilterChain.java:140)
	at org.apache.catalina.core.StandardWrapperValve.invoke(StandardWrapperValve.java:167)
	at org.apache.catalina.core.StandardContextValve.invoke(StandardContextValve.java:90)
	at org.apache.catalina.authenticator.AuthenticatorBase.invoke(AuthenticatorBase.java:483)
	at org.apache.catalina.core.StandardHostValve.invoke(StandardHostValve.java:116)
	at org.apache.catalina.valves.ErrorReportValve.invoke(ErrorReportValve.java:93)
	at org.apache.catalina.core.StandardEngineValve.invoke(StandardEngineValve.java:74)
	at org.apache.catalina.connector.CoyoteAdapter.service(CoyoteAdapter.java:344)
	at org.apache.coyote.http11.Http11Processor.service(Http11Processor.java:398)
	at org.apache.coyote.AbstractProcessorLight.process(AbstractProcessorLight.java:63)
	at org.apache.coyote.AbstractProtocol$ConnectionHandler.process(AbstractProtocol.java:903)
	at org.apache.tomcat.util.net.NioEndpoint$SocketProcessor.doRun(NioEndpoint.java:1740)
	at org.apache.tomcat.util.net.SocketProcessorBase.run(SocketProcessorBase.java:52)
	at org.apache.tomcat.util.threads.ThreadPoolExecutor.runWorker(ThreadPoolExecutor.java:1189)
	at org.apache.tomcat.util.threads.ThreadPoolExecutor$Worker.run(ThreadPoolExecutor.java:658)
	at org.apache.tomcat.util.threads.TaskThread$WrappingRunnable.run(TaskThread.java:63)
	at java.base/java.lang.Thread.run(Thread.java:833)
Caused by: java.util.concurrent.RejectedExecutionException: Task java.util.concurrent.ScheduledThreadPoolExecutor$ScheduledFutureTask@6c27b8b8[Not completed, task = java.util.concurrent.Executors$RunnableAdapter@642c4df5[Wrapped task = DelegatingErrorHandlingRunnable for org.springframework.cloud.stream.binding.BindingService$$Lambda$3953/0x0000000802237b58@60376482]] rejected from org.springframework.scheduling.concurrent.ThreadPoolTaskScheduler$1@66dbcbf[Terminated, pool size = 0, active threads = 0, queued tasks = 0, completed tasks = 0]
	at java.base/java.util.concurrent.ThreadPoolExecutor$AbortPolicy.rejectedExecution(ThreadPoolExecutor.java:2065)
	at java.base/java.util.concurrent.ThreadPoolExecutor.reject(ThreadPoolExecutor.java:833)
	at java.base/java.util.concurrent.ScheduledThreadPoolExecutor.delayedExecute(ScheduledThreadPoolExecutor.java:340)
	at java.base/java.util.concurrent.ScheduledThreadPoolExecutor.schedule(ScheduledThreadPoolExecutor.java:562)
	at org.springframework.scheduling.concurrent.ThreadPoolTaskScheduler.schedule(ThreadPoolTaskScheduler.java:402)
	... 165 common frames omitted
2025-07-03 10:45:32 ERROR [http-nio-8080-exec-4] ACCESS_LOG - IP: 0:0:0:0:0:0:0:1, Method: POST, URL: /api/customers/register/kyc-and-otp?email=testfe6@gmail.com, Status: 500, Time: 56944 ms, Headers: content-length=103, sec-ch-ua-platform="Windows", user-agent=Mozilla/5.0 (Windows NT 10.0; Win64; x64) AppleWebKit/537.36 (KHTML, like Gecko) Chrome/137.0.0.0 Sa..., accept=application/json, text/plain, */*, sec-ch-ua="Google Chrome";v="137", "Chromium";v="137", "Not/A)Brand";v="24", content-type=application/json, sec-ch-ua-mobile=?0, origin=http://localhost:4200, sec-fetch-site=same-site, sec-fetch-mode=cors, sec-fetch-dest=empty, referer=http://localhost:4200/, accept-encoding=gzip, deflate, br, zstd, accept-language=vi,fr-FR;q=0.9,fr;q=0.8,en-US;q=0.7,en;q=0.6,ar;q=0.5, forwarded=proto=http;host="localhost:8888";for="[0:0:0:0:0:0:0:1]:60557", x-forwarded-for=0:0:0:0:0:0:0:1, x-forwarded-proto=http, x-forwarded-port=8888, x-forwarded-host=localhost:8888, host=localhost:8080
2025-07-03 13:19:12 INFO  [http-nio-8080-exec-1] ACCESS_LOG - IP: 0:0:0:0:0:0:0:1, Method: GET, URL: /api/customers/status, Status: 200, Time: 865 ms, ClientInfo: RemoteUser=12685f8a-d508-45ee-bcfa-1b7b7e5688bb, Headers: sec-ch-ua-platform="Windows", authorization=***HIDDEN***, user-agent=Mozilla/5.0 (Windows NT 10.0; Win64; x64) AppleWebKit/537.36 (KHTML, like Gecko) Chrome/137.0.0.0 Sa..., accept=application/json, text/plain, */*, sec-ch-ua="Google Chrome";v="137", "Chromium";v="137", "Not/A)Brand";v="24", sec-ch-ua-mobile=?0, origin=http://localhost:4200, sec-fetch-site=same-site, sec-fetch-mode=cors, sec-fetch-dest=empty, referer=http://localhost:4200/, accept-encoding=gzip, deflate, br, zstd, accept-language=vi,fr-FR;q=0.9,fr;q=0.8,en-US;q=0.7,en;q=0.6,ar;q=0.5, forwarded=proto=http;host="localhost:8888";for="[0:0:0:0:0:0:0:1]:59102", x-forwarded-for=0:0:0:0:0:0:0:1, x-forwarded-proto=http, x-forwarded-port=8888, x-forwarded-host=localhost:8888, host=localhost:8080, content-length=0
2025-07-03 13:19:12 INFO  [http-nio-8080-exec-2] ACCESS_LOG - IP: 0:0:0:0:0:0:0:1, Method: GET, URL: /api/customers/status, Status: 200, Time: 15 ms, ClientInfo: RemoteUser=12685f8a-d508-45ee-bcfa-1b7b7e5688bb, Headers: sec-ch-ua-platform="Windows", authorization=***HIDDEN***, user-agent=Mozilla/5.0 (Windows NT 10.0; Win64; x64) AppleWebKit/537.36 (KHTML, like Gecko) Chrome/137.0.0.0 Sa..., accept=application/json, text/plain, */*, sec-ch-ua="Google Chrome";v="137", "Chromium";v="137", "Not/A)Brand";v="24", sec-ch-ua-mobile=?0, origin=http://localhost:4200, sec-fetch-site=same-site, sec-fetch-mode=cors, sec-fetch-dest=empty, referer=http://localhost:4200/, accept-encoding=gzip, deflate, br, zstd, accept-language=vi,fr-FR;q=0.9,fr;q=0.8,en-US;q=0.7,en;q=0.6,ar;q=0.5, forwarded=proto=http;host="localhost:8888";for="[0:0:0:0:0:0:0:1]:59102", x-forwarded-for=0:0:0:0:0:0:0:1, x-forwarded-proto=http, x-forwarded-port=8888, x-forwarded-host=localhost:8888, host=localhost:8080, content-length=0
2025-07-03 13:19:16 INFO  [http-nio-8080-exec-3] ACCESS_LOG - IP: 0:0:0:0:0:0:0:1, Method: GET, URL: /api/customers/status, Status: 200, Time: 11 ms, ClientInfo: RemoteUser=12685f8a-d508-45ee-bcfa-1b7b7e5688bb, Headers: sec-ch-ua-platform="Windows", authorization=***HIDDEN***, user-agent=Mozilla/5.0 (Windows NT 10.0; Win64; x64) AppleWebKit/537.36 (KHTML, like Gecko) Chrome/137.0.0.0 Sa..., accept=application/json, text/plain, */*, sec-ch-ua="Google Chrome";v="137", "Chromium";v="137", "Not/A)Brand";v="24", sec-ch-ua-mobile=?0, origin=http://localhost:4200, sec-fetch-site=same-site, sec-fetch-mode=cors, sec-fetch-dest=empty, referer=http://localhost:4200/, accept-encoding=gzip, deflate, br, zstd, accept-language=vi,fr-FR;q=0.9,fr;q=0.8,en-US;q=0.7,en;q=0.6,ar;q=0.5, forwarded=proto=http;host="localhost:8888";for="[0:0:0:0:0:0:0:1]:59118", x-forwarded-for=0:0:0:0:0:0:0:1, x-forwarded-proto=http, x-forwarded-port=8888, x-forwarded-host=localhost:8888, host=localhost:8080, content-length=0
2025-07-03 13:19:16 INFO  [http-nio-8080-exec-4] ACCESS_LOG - IP: 0:0:0:0:0:0:0:1, Method: GET, URL: /api/customers/detail, Status: 200, Time: 39 ms, ClientInfo: RemoteUser=12685f8a-d508-45ee-bcfa-1b7b7e5688bb, Headers: sec-ch-ua-platform="Windows", authorization=***HIDDEN***, user-agent=Mozilla/5.0 (Windows NT 10.0; Win64; x64) AppleWebKit/537.36 (KHTML, like Gecko) Chrome/137.0.0.0 Sa..., accept=application/json, text/plain, */*, sec-ch-ua="Google Chrome";v="137", "Chromium";v="137", "Not/A)Brand";v="24", sec-ch-ua-mobile=?0, origin=http://localhost:4200, sec-fetch-site=same-site, sec-fetch-mode=cors, sec-fetch-dest=empty, referer=http://localhost:4200/, accept-encoding=gzip, deflate, br, zstd, accept-language=vi,fr-FR;q=0.9,fr;q=0.8,en-US;q=0.7,en;q=0.6,ar;q=0.5, forwarded=proto=http;host="localhost:8888";for="[0:0:0:0:0:0:0:1]:59118", x-forwarded-for=0:0:0:0:0:0:0:1, x-forwarded-proto=http, x-forwarded-port=8888, x-forwarded-host=localhost:8888, host=localhost:8080, content-length=0
2025-07-03 13:19:17 INFO  [http-nio-8080-exec-5] ACCESS_LOG - IP: 0:0:0:0:0:0:0:1, Method: GET, URL: /api/customers/status, Status: 200, Time: 15 ms, ClientInfo: RemoteUser=12685f8a-d508-45ee-bcfa-1b7b7e5688bb, Headers: sec-ch-ua-platform="Windows", authorization=***HIDDEN***, user-agent=Mozilla/5.0 (Windows NT 10.0; Win64; x64) AppleWebKit/537.36 (KHTML, like Gecko) Chrome/137.0.0.0 Sa..., accept=application/json, text/plain, */*, sec-ch-ua="Google Chrome";v="137", "Chromium";v="137", "Not/A)Brand";v="24", sec-ch-ua-mobile=?0, origin=http://localhost:4200, sec-fetch-site=same-site, sec-fetch-mode=cors, sec-fetch-dest=empty, referer=http://localhost:4200/, accept-encoding=gzip, deflate, br, zstd, accept-language=vi,fr-FR;q=0.9,fr;q=0.8,en-US;q=0.7,en;q=0.6,ar;q=0.5, forwarded=proto=http;host="localhost:8888";for="[0:0:0:0:0:0:0:1]:59118", x-forwarded-for=0:0:0:0:0:0:0:1, x-forwarded-proto=http, x-forwarded-port=8888, x-forwarded-host=localhost:8888, host=localhost:8080, content-length=0
2025-07-03 13:19:18 INFO  [http-nio-8080-exec-9] ACCESS_LOG - IP: 0:0:0:0:0:0:0:1, Method: GET, URL: /api/customers/status, Status: 200, Time: 16 ms, ClientInfo: RemoteUser=12685f8a-d508-45ee-bcfa-1b7b7e5688bb, Headers: sec-ch-ua-platform="Windows", authorization=***HIDDEN***, user-agent=Mozilla/5.0 (Windows NT 10.0; Win64; x64) AppleWebKit/537.36 (KHTML, like Gecko) Chrome/137.0.0.0 Sa..., accept=application/json, text/plain, */*, sec-ch-ua="Google Chrome";v="137", "Chromium";v="137", "Not/A)Brand";v="24", sec-ch-ua-mobile=?0, origin=http://localhost:4200, sec-fetch-site=same-site, sec-fetch-mode=cors, sec-fetch-dest=empty, referer=http://localhost:4200/, accept-encoding=gzip, deflate, br, zstd, accept-language=vi,fr-FR;q=0.9,fr;q=0.8,en-US;q=0.7,en;q=0.6,ar;q=0.5, forwarded=proto=http;host="localhost:8888";for="[0:0:0:0:0:0:0:1]:59118", x-forwarded-for=0:0:0:0:0:0:0:1, x-forwarded-proto=http, x-forwarded-port=8888, x-forwarded-host=localhost:8888, host=localhost:8080, content-length=0
2025-07-03 13:19:30 INFO  [http-nio-8080-exec-6] ACCESS_LOG - IP: 0:0:0:0:0:0:0:1, Method: GET, URL: /api/customers/status, Status: 200, Time: 12 ms, ClientInfo: RemoteUser=12685f8a-d508-45ee-bcfa-1b7b7e5688bb, Headers: sec-ch-ua-platform="Windows", authorization=***HIDDEN***, user-agent=Mozilla/5.0 (Windows NT 10.0; Win64; x64) AppleWebKit/537.36 (KHTML, like Gecko) Chrome/137.0.0.0 Sa..., accept=application/json, text/plain, */*, sec-ch-ua="Google Chrome";v="137", "Chromium";v="137", "Not/A)Brand";v="24", sec-ch-ua-mobile=?0, origin=http://localhost:4200, sec-fetch-site=same-site, sec-fetch-mode=cors, sec-fetch-dest=empty, referer=http://localhost:4200/, accept-encoding=gzip, deflate, br, zstd, accept-language=vi,fr-FR;q=0.9,fr;q=0.8,en-US;q=0.7,en;q=0.6,ar;q=0.5, forwarded=proto=http;host="localhost:8888";for="[0:0:0:0:0:0:0:1]:59151", x-forwarded-for=0:0:0:0:0:0:0:1, x-forwarded-proto=http, x-forwarded-port=8888, x-forwarded-host=localhost:8888, host=localhost:8080, content-length=0
2025-07-03 13:19:32 INFO  [http-nio-8080-exec-8] ACCESS_LOG - IP: 0:0:0:0:0:0:0:1, Method: GET, URL: /api/customers/status, Status: 200, Time: 16 ms, ClientInfo: RemoteUser=12685f8a-d508-45ee-bcfa-1b7b7e5688bb, Headers: sec-ch-ua-platform="Windows", authorization=***HIDDEN***, user-agent=Mozilla/5.0 (Windows NT 10.0; Win64; x64) AppleWebKit/537.36 (KHTML, like Gecko) Chrome/137.0.0.0 Sa..., accept=application/json, text/plain, */*, sec-ch-ua="Google Chrome";v="137", "Chromium";v="137", "Not/A)Brand";v="24", sec-ch-ua-mobile=?0, origin=http://localhost:4200, sec-fetch-site=same-site, sec-fetch-mode=cors, sec-fetch-dest=empty, referer=http://localhost:4200/, accept-encoding=gzip, deflate, br, zstd, accept-language=vi,fr-FR;q=0.9,fr;q=0.8,en-US;q=0.7,en;q=0.6,ar;q=0.5, forwarded=proto=http;host="localhost:8888";for="[0:0:0:0:0:0:0:1]:59151", x-forwarded-for=0:0:0:0:0:0:0:1, x-forwarded-proto=http, x-forwarded-port=8888, x-forwarded-host=localhost:8888, host=localhost:8080, content-length=0
2025-07-03 13:21:24 INFO  [http-nio-8080-exec-10] ACCESS_LOG - IP: 0:0:0:0:0:0:0:1, Method: GET, URL: /api/customers/status, Status: 200, Time: 35 ms, ClientInfo: RemoteUser=12685f8a-d508-45ee-bcfa-1b7b7e5688bb, Headers: sec-ch-ua-platform="Windows", authorization=***HIDDEN***, user-agent=Mozilla/5.0 (Windows NT 10.0; Win64; x64) AppleWebKit/537.36 (KHTML, like Gecko) Chrome/137.0.0.0 Sa..., accept=application/json, text/plain, */*, sec-ch-ua="Google Chrome";v="137", "Chromium";v="137", "Not/A)Brand";v="24", sec-ch-ua-mobile=?0, origin=http://localhost:4200, sec-fetch-site=same-site, sec-fetch-mode=cors, sec-fetch-dest=empty, referer=http://localhost:4200/, accept-encoding=gzip, deflate, br, zstd, accept-language=vi,fr-FR;q=0.9,fr;q=0.8,en-US;q=0.7,en;q=0.6,ar;q=0.5, forwarded=proto=http;host="localhost:8888";for="[0:0:0:0:0:0:0:1]:59249", x-forwarded-for=0:0:0:0:0:0:0:1, x-forwarded-proto=http, x-forwarded-port=8888, x-forwarded-host=localhost:8888, host=localhost:8080, content-length=0
2025-07-03 13:21:26 INFO  [http-nio-8080-exec-1] ACCESS_LOG - IP: 0:0:0:0:0:0:0:1, Method: GET, URL: /api/customers/status, Status: 200, Time: 17 ms, ClientInfo: RemoteUser=12685f8a-d508-45ee-bcfa-1b7b7e5688bb, Headers: sec-ch-ua-platform="Windows", authorization=***HIDDEN***, user-agent=Mozilla/5.0 (Windows NT 10.0; Win64; x64) AppleWebKit/537.36 (KHTML, like Gecko) Chrome/137.0.0.0 Sa..., accept=application/json, text/plain, */*, sec-ch-ua="Google Chrome";v="137", "Chromium";v="137", "Not/A)Brand";v="24", sec-ch-ua-mobile=?0, origin=http://localhost:4200, sec-fetch-site=same-site, sec-fetch-mode=cors, sec-fetch-dest=empty, referer=http://localhost:4200/, accept-encoding=gzip, deflate, br, zstd, accept-language=vi,fr-FR;q=0.9,fr;q=0.8,en-US;q=0.7,en;q=0.6,ar;q=0.5, forwarded=proto=http;host="localhost:8888";for="[0:0:0:0:0:0:0:1]:59249", x-forwarded-for=0:0:0:0:0:0:0:1, x-forwarded-proto=http, x-forwarded-port=8888, x-forwarded-host=localhost:8888, host=localhost:8080, content-length=0
2025-07-03 13:21:26 INFO  [http-nio-8080-exec-2] ACCESS_LOG - IP: 0:0:0:0:0:0:0:1, Method: GET, URL: /api/customers/detail, Status: 200, Time: 23 ms, ClientInfo: RemoteUser=12685f8a-d508-45ee-bcfa-1b7b7e5688bb, Headers: sec-ch-ua-platform="Windows", authorization=***HIDDEN***, user-agent=Mozilla/5.0 (Windows NT 10.0; Win64; x64) AppleWebKit/537.36 (KHTML, like Gecko) Chrome/137.0.0.0 Sa..., accept=application/json, text/plain, */*, sec-ch-ua="Google Chrome";v="137", "Chromium";v="137", "Not/A)Brand";v="24", sec-ch-ua-mobile=?0, origin=http://localhost:4200, sec-fetch-site=same-site, sec-fetch-mode=cors, sec-fetch-dest=empty, referer=http://localhost:4200/, accept-encoding=gzip, deflate, br, zstd, accept-language=vi,fr-FR;q=0.9,fr;q=0.8,en-US;q=0.7,en;q=0.6,ar;q=0.5, forwarded=proto=http;host="localhost:8888";for="[0:0:0:0:0:0:0:1]:59251", x-forwarded-for=0:0:0:0:0:0:0:1, x-forwarded-proto=http, x-forwarded-port=8888, x-forwarded-host=localhost:8888, host=localhost:8080, content-length=0
2025-07-03 13:21:28 INFO  [http-nio-8080-exec-3] ACCESS_LOG - IP: 0:0:0:0:0:0:0:1, Method: GET, URL: /api/customers/detail, Status: 200, Time: 16 ms, ClientInfo: RemoteUser=12685f8a-d508-45ee-bcfa-1b7b7e5688bb, Headers: sec-ch-ua-platform="Windows", authorization=***HIDDEN***, user-agent=Mozilla/5.0 (Windows NT 10.0; Win64; x64) AppleWebKit/537.36 (KHTML, like Gecko) Chrome/137.0.0.0 Sa..., accept=application/json, text/plain, */*, sec-ch-ua="Google Chrome";v="137", "Chromium";v="137", "Not/A)Brand";v="24", sec-ch-ua-mobile=?0, origin=http://localhost:4200, sec-fetch-site=same-site, sec-fetch-mode=cors, sec-fetch-dest=empty, referer=http://localhost:4200/, accept-encoding=gzip, deflate, br, zstd, accept-language=vi,fr-FR;q=0.9,fr;q=0.8,en-US;q=0.7,en;q=0.6,ar;q=0.5, forwarded=proto=http;host="localhost:8888";for="[0:0:0:0:0:0:0:1]:59251", x-forwarded-for=0:0:0:0:0:0:0:1, x-forwarded-proto=http, x-forwarded-port=8888, x-forwarded-host=localhost:8888, host=localhost:8080, content-length=0
2025-07-03 13:21:29 INFO  [http-nio-8080-exec-4] ACCESS_LOG - IP: 0:0:0:0:0:0:0:1, Method: GET, URL: /api/customers/status, Status: 200, Time: 11 ms, ClientInfo: RemoteUser=12685f8a-d508-45ee-bcfa-1b7b7e5688bb, Headers: sec-ch-ua-platform="Windows", authorization=***HIDDEN***, user-agent=Mozilla/5.0 (Windows NT 10.0; Win64; x64) AppleWebKit/537.36 (KHTML, like Gecko) Chrome/137.0.0.0 Sa..., accept=application/json, text/plain, */*, sec-ch-ua="Google Chrome";v="137", "Chromium";v="137", "Not/A)Brand";v="24", sec-ch-ua-mobile=?0, origin=http://localhost:4200, sec-fetch-site=same-site, sec-fetch-mode=cors, sec-fetch-dest=empty, referer=http://localhost:4200/, accept-encoding=gzip, deflate, br, zstd, accept-language=vi,fr-FR;q=0.9,fr;q=0.8,en-US;q=0.7,en;q=0.6,ar;q=0.5, forwarded=proto=http;host="localhost:8888";for="[0:0:0:0:0:0:0:1]:59249", x-forwarded-for=0:0:0:0:0:0:0:1, x-forwarded-proto=http, x-forwarded-port=8888, x-forwarded-host=localhost:8888, host=localhost:8080, content-length=0
2025-07-03 13:21:30 INFO  [http-nio-8080-exec-5] ACCESS_LOG - IP: 0:0:0:0:0:0:0:1, Method: GET, URL: /api/customers/status, Status: 200, Time: 9 ms, ClientInfo: RemoteUser=12685f8a-d508-45ee-bcfa-1b7b7e5688bb, Headers: sec-ch-ua-platform="Windows", authorization=***HIDDEN***, user-agent=Mozilla/5.0 (Windows NT 10.0; Win64; x64) AppleWebKit/537.36 (KHTML, like Gecko) Chrome/137.0.0.0 Sa..., accept=application/json, text/plain, */*, sec-ch-ua="Google Chrome";v="137", "Chromium";v="137", "Not/A)Brand";v="24", sec-ch-ua-mobile=?0, origin=http://localhost:4200, sec-fetch-site=same-site, sec-fetch-mode=cors, sec-fetch-dest=empty, referer=http://localhost:4200/, accept-encoding=gzip, deflate, br, zstd, accept-language=vi,fr-FR;q=0.9,fr;q=0.8,en-US;q=0.7,en;q=0.6,ar;q=0.5, forwarded=proto=http;host="localhost:8888";for="[0:0:0:0:0:0:0:1]:59257", x-forwarded-for=0:0:0:0:0:0:0:1, x-forwarded-proto=http, x-forwarded-port=8888, x-forwarded-host=localhost:8888, host=localhost:8080, content-length=0
2025-07-03 13:21:30 INFO  [http-nio-8080-exec-9] ACCESS_LOG - IP: 0:0:0:0:0:0:0:1, Method: GET, URL: /api/customers/status, Status: 200, Time: 12 ms, ClientInfo: RemoteUser=12685f8a-d508-45ee-bcfa-1b7b7e5688bb, Headers: sec-ch-ua-platform="Windows", authorization=***HIDDEN***, user-agent=Mozilla/5.0 (Windows NT 10.0; Win64; x64) AppleWebKit/537.36 (KHTML, like Gecko) Chrome/137.0.0.0 Sa..., accept=application/json, text/plain, */*, sec-ch-ua="Google Chrome";v="137", "Chromium";v="137", "Not/A)Brand";v="24", sec-ch-ua-mobile=?0, origin=http://localhost:4200, sec-fetch-site=same-site, sec-fetch-mode=cors, sec-fetch-dest=empty, referer=http://localhost:4200/, accept-encoding=gzip, deflate, br, zstd, accept-language=vi,fr-FR;q=0.9,fr;q=0.8,en-US;q=0.7,en;q=0.6,ar;q=0.5, forwarded=proto=http;host="localhost:8888";for="[0:0:0:0:0:0:0:1]:59258", x-forwarded-for=0:0:0:0:0:0:0:1, x-forwarded-proto=http, x-forwarded-port=8888, x-forwarded-host=localhost:8888, host=localhost:8080, content-length=0
2025-07-03 13:21:31 INFO  [http-nio-8080-exec-6] ACCESS_LOG - IP: 0:0:0:0:0:0:0:1, Method: GET, URL: /api/customers/status, Status: 200, Time: 21 ms, ClientInfo: RemoteUser=12685f8a-d508-45ee-bcfa-1b7b7e5688bb, Headers: sec-ch-ua-platform="Windows", authorization=***HIDDEN***, user-agent=Mozilla/5.0 (Windows NT 10.0; Win64; x64) AppleWebKit/537.36 (KHTML, like Gecko) Chrome/137.0.0.0 Sa..., accept=application/json, text/plain, */*, sec-ch-ua="Google Chrome";v="137", "Chromium";v="137", "Not/A)Brand";v="24", sec-ch-ua-mobile=?0, origin=http://localhost:4200, sec-fetch-site=same-site, sec-fetch-mode=cors, sec-fetch-dest=empty, referer=http://localhost:4200/, accept-encoding=gzip, deflate, br, zstd, accept-language=vi,fr-FR;q=0.9,fr;q=0.8,en-US;q=0.7,en;q=0.6,ar;q=0.5, forwarded=proto=http;host="localhost:8888";for="[0:0:0:0:0:0:0:1]:59258", x-forwarded-for=0:0:0:0:0:0:0:1, x-forwarded-proto=http, x-forwarded-port=8888, x-forwarded-host=localhost:8888, host=localhost:8080, content-length=0
2025-07-03 13:21:31 INFO  [http-nio-8080-exec-8] ACCESS_LOG - IP: 0:0:0:0:0:0:0:1, Method: GET, URL: /api/customers/detail, Status: 200, Time: 20 ms, ClientInfo: RemoteUser=12685f8a-d508-45ee-bcfa-1b7b7e5688bb, Headers: sec-ch-ua-platform="Windows", authorization=***HIDDEN***, user-agent=Mozilla/5.0 (Windows NT 10.0; Win64; x64) AppleWebKit/537.36 (KHTML, like Gecko) Chrome/137.0.0.0 Sa..., accept=application/json, text/plain, */*, sec-ch-ua="Google Chrome";v="137", "Chromium";v="137", "Not/A)Brand";v="24", sec-ch-ua-mobile=?0, origin=http://localhost:4200, sec-fetch-site=same-site, sec-fetch-mode=cors, sec-fetch-dest=empty, referer=http://localhost:4200/, accept-encoding=gzip, deflate, br, zstd, accept-language=vi,fr-FR;q=0.9,fr;q=0.8,en-US;q=0.7,en;q=0.6,ar;q=0.5, forwarded=proto=http;host="localhost:8888";for="[0:0:0:0:0:0:0:1]:59257", x-forwarded-for=0:0:0:0:0:0:0:1, x-forwarded-proto=http, x-forwarded-port=8888, x-forwarded-host=localhost:8888, host=localhost:8080, content-length=0
2025-07-03 13:21:34 INFO  [http-nio-8080-exec-7] ACCESS_LOG - IP: 0:0:0:0:0:0:0:1, Method: GET, URL: /api/customers/detail, Status: 200, Time: 21 ms, ClientInfo: RemoteUser=12685f8a-d508-45ee-bcfa-1b7b7e5688bb, Headers: sec-ch-ua-platform="Windows", authorization=***HIDDEN***, user-agent=Mozilla/5.0 (Windows NT 10.0; Win64; x64) AppleWebKit/537.36 (KHTML, like Gecko) Chrome/137.0.0.0 Sa..., accept=application/json, text/plain, */*, sec-ch-ua="Google Chrome";v="137", "Chromium";v="137", "Not/A)Brand";v="24", sec-ch-ua-mobile=?0, origin=http://localhost:4200, sec-fetch-site=same-site, sec-fetch-mode=cors, sec-fetch-dest=empty, referer=http://localhost:4200/, accept-encoding=gzip, deflate, br, zstd, accept-language=vi,fr-FR;q=0.9,fr;q=0.8,en-US;q=0.7,en;q=0.6,ar;q=0.5, forwarded=proto=http;host="localhost:8888";for="[0:0:0:0:0:0:0:1]:59257", x-forwarded-for=0:0:0:0:0:0:0:1, x-forwarded-proto=http, x-forwarded-port=8888, x-forwarded-host=localhost:8888, host=localhost:8080, content-length=0
2025-07-03 13:21:35 INFO  [http-nio-8080-exec-10] ACCESS_LOG - IP: 0:0:0:0:0:0:0:1, Method: GET, URL: /api/customers/status, Status: 200, Time: 13 ms, ClientInfo: RemoteUser=12685f8a-d508-45ee-bcfa-1b7b7e5688bb, Headers: sec-ch-ua-platform="Windows", authorization=***HIDDEN***, user-agent=Mozilla/5.0 (Windows NT 10.0; Win64; x64) AppleWebKit/537.36 (KHTML, like Gecko) Chrome/137.0.0.0 Sa..., accept=application/json, text/plain, */*, sec-ch-ua="Google Chrome";v="137", "Chromium";v="137", "Not/A)Brand";v="24", sec-ch-ua-mobile=?0, origin=http://localhost:4200, sec-fetch-site=same-site, sec-fetch-mode=cors, sec-fetch-dest=empty, referer=http://localhost:4200/, accept-encoding=gzip, deflate, br, zstd, accept-language=vi,fr-FR;q=0.9,fr;q=0.8,en-US;q=0.7,en;q=0.6,ar;q=0.5, forwarded=proto=http;host="localhost:8888";for="[0:0:0:0:0:0:0:1]:59258", x-forwarded-for=0:0:0:0:0:0:0:1, x-forwarded-proto=http, x-forwarded-port=8888, x-forwarded-host=localhost:8888, host=localhost:8080, content-length=0
2025-07-03 13:21:38 INFO  [http-nio-8080-exec-1] ACCESS_LOG - IP: 0:0:0:0:0:0:0:1, Method: GET, URL: /api/customers/status, Status: 200, Time: 13 ms, ClientInfo: RemoteUser=12685f8a-d508-45ee-bcfa-1b7b7e5688bb, Headers: sec-ch-ua-platform="Windows", authorization=***HIDDEN***, user-agent=Mozilla/5.0 (Windows NT 10.0; Win64; x64) AppleWebKit/537.36 (KHTML, like Gecko) Chrome/137.0.0.0 Sa..., accept=application/json, text/plain, */*, sec-ch-ua="Google Chrome";v="137", "Chromium";v="137", "Not/A)Brand";v="24", sec-ch-ua-mobile=?0, origin=http://localhost:4200, sec-fetch-site=same-site, sec-fetch-mode=cors, sec-fetch-dest=empty, referer=http://localhost:4200/, accept-encoding=gzip, deflate, br, zstd, accept-language=vi,fr-FR;q=0.9,fr;q=0.8,en-US;q=0.7,en;q=0.6,ar;q=0.5, forwarded=proto=http;host="localhost:8888";for="[0:0:0:0:0:0:0:1]:59258", x-forwarded-for=0:0:0:0:0:0:0:1, x-forwarded-proto=http, x-forwarded-port=8888, x-forwarded-host=localhost:8888, host=localhost:8080, content-length=0
2025-07-03 13:21:38 INFO  [http-nio-8080-exec-2] ACCESS_LOG - IP: 0:0:0:0:0:0:0:1, Method: GET, URL: /api/customers/detail, Status: 200, Time: 19 ms, ClientInfo: RemoteUser=12685f8a-d508-45ee-bcfa-1b7b7e5688bb, Headers: sec-ch-ua-platform="Windows", authorization=***HIDDEN***, user-agent=Mozilla/5.0 (Windows NT 10.0; Win64; x64) AppleWebKit/537.36 (KHTML, like Gecko) Chrome/137.0.0.0 Sa..., accept=application/json, text/plain, */*, sec-ch-ua="Google Chrome";v="137", "Chromium";v="137", "Not/A)Brand";v="24", sec-ch-ua-mobile=?0, origin=http://localhost:4200, sec-fetch-site=same-site, sec-fetch-mode=cors, sec-fetch-dest=empty, referer=http://localhost:4200/, accept-encoding=gzip, deflate, br, zstd, accept-language=vi,fr-FR;q=0.9,fr;q=0.8,en-US;q=0.7,en;q=0.6,ar;q=0.5, forwarded=proto=http;host="localhost:8888";for="[0:0:0:0:0:0:0:1]:59257", x-forwarded-for=0:0:0:0:0:0:0:1, x-forwarded-proto=http, x-forwarded-port=8888, x-forwarded-host=localhost:8888, host=localhost:8080, content-length=0
2025-07-03 13:21:47 INFO  [http-nio-8080-exec-3] ACCESS_LOG - IP: 0:0:0:0:0:0:0:1, Method: GET, URL: /api/customers/status, Status: 200, Time: 26 ms, ClientInfo: RemoteUser=c5a3845b-d61f-4dd4-aa29-f851cf7a3dd8, Headers: sec-ch-ua-platform="Windows", authorization=***HIDDEN***, user-agent=Mozilla/5.0 (Windows NT 10.0; Win64; x64) AppleWebKit/537.36 (KHTML, like Gecko) Chrome/137.0.0.0 Sa..., accept=application/json, text/plain, */*, sec-ch-ua="Google Chrome";v="137", "Chromium";v="137", "Not/A)Brand";v="24", sec-ch-ua-mobile=?0, origin=http://localhost:4200, sec-fetch-site=same-site, sec-fetch-mode=cors, sec-fetch-dest=empty, referer=http://localhost:4200/, accept-encoding=gzip, deflate, br, zstd, accept-language=vi, forwarded=proto=http;host="localhost:8888";for="[0:0:0:0:0:0:0:1]:59268", x-forwarded-for=0:0:0:0:0:0:0:1, x-forwarded-proto=http, x-forwarded-port=8888, x-forwarded-host=localhost:8888, host=localhost:8080, content-length=0
2025-07-03 13:21:47 ERROR [http-nio-8080-exec-4] ACCESS_LOG - IP: 0:0:0:0:0:0:0:1, Method: GET, URL: /api/customers/growth?startDate=2025-06-03&endDate=2025-07-03, Status: 500, Time: 73 ms, ClientInfo: RemoteUser=c5a3845b-d61f-4dd4-aa29-f851cf7a3dd8, Headers: sec-ch-ua-platform="Windows", authorization=***HIDDEN***, user-agent=Mozilla/5.0 (Windows NT 10.0; Win64; x64) AppleWebKit/537.36 (KHTML, like Gecko) Chrome/137.0.0.0 Sa..., accept=application/json, text/plain, */*, sec-ch-ua="Google Chrome";v="137", "Chromium";v="137", "Not/A)Brand";v="24", sec-ch-ua-mobile=?0, origin=http://localhost:4200, sec-fetch-site=same-site, sec-fetch-mode=cors, sec-fetch-dest=empty, referer=http://localhost:4200/, accept-encoding=gzip, deflate, br, zstd, accept-language=vi, forwarded=proto=http;host="localhost:8888";for="[0:0:0:0:0:0:0:1]:59269", x-forwarded-for=0:0:0:0:0:0:0:1, x-forwarded-proto=http, x-forwarded-port=8888, x-forwarded-host=localhost:8888, host=localhost:8080, content-length=0
2025-07-03 13:21:47 ERROR [http-nio-8080-exec-5] ACCESS_LOG - IP: 0:0:0:0:0:0:0:1, Method: GET, URL: /api/customers/kyc/statistics?startDate=2025-06-03&endDate=2025-07-03, Status: 500, Time: 73 ms, ClientInfo: RemoteUser=c5a3845b-d61f-4dd4-aa29-f851cf7a3dd8, Headers: sec-ch-ua-platform="Windows", authorization=***HIDDEN***, user-agent=Mozilla/5.0 (Windows NT 10.0; Win64; x64) AppleWebKit/537.36 (KHTML, like Gecko) Chrome/137.0.0.0 Sa..., accept=application/json, text/plain, */*, sec-ch-ua="Google Chrome";v="137", "Chromium";v="137", "Not/A)Brand";v="24", sec-ch-ua-mobile=?0, origin=http://localhost:4200, sec-fetch-site=same-site, sec-fetch-mode=cors, sec-fetch-dest=empty, referer=http://localhost:4200/, accept-encoding=gzip, deflate, br, zstd, accept-language=vi, forwarded=proto=http;host="localhost:8888";for="[0:0:0:0:0:0:0:1]:59268", x-forwarded-for=0:0:0:0:0:0:0:1, x-forwarded-proto=http, x-forwarded-port=8888, x-forwarded-host=localhost:8888, host=localhost:8080, content-length=0
2025-07-03 13:21:57 INFO  [http-nio-8080-exec-9] ACCESS_LOG - IP: 0:0:0:0:0:0:0:1, Method: GET, URL: /api/customers/list?page=0&size=10&keyword=***HIDDEN***, Status: 200, Time: 423 ms, ClientInfo: RemoteUser=c5a3845b-d61f-4dd4-aa29-f851cf7a3dd8, Headers: sec-ch-ua-platform="Windows", authorization=***HIDDEN***, user-agent=Mozilla/5.0 (Windows NT 10.0; Win64; x64) AppleWebKit/537.36 (KHTML, like Gecko) Chrome/137.0.0.0 Sa..., accept=application/json, text/plain, */*, sec-ch-ua="Google Chrome";v="137", "Chromium";v="137", "Not/A)Brand";v="24", sec-ch-ua-mobile=?0, origin=http://localhost:4200, sec-fetch-site=same-site, sec-fetch-mode=cors, sec-fetch-dest=empty, referer=http://localhost:4200/, accept-encoding=gzip, deflate, br, zstd, accept-language=vi, forwarded=proto=http;host="localhost:8888";for="[0:0:0:0:0:0:0:1]:59275", x-forwarded-for=0:0:0:0:0:0:0:1, x-forwarded-proto=http, x-forwarded-port=8888, x-forwarded-host=localhost:8888, host=localhost:8080, content-length=0
2025-07-03 13:21:57 INFO  [http-nio-8080-exec-6] ACCESS_LOG - IP: 0:0:0:0:0:0:0:1, Method: GET, URL: /api/customers/list?page=0&size=10&keyword=***HIDDEN***, Status: 200, Time: 59 ms, ClientInfo: RemoteUser=c5a3845b-d61f-4dd4-aa29-f851cf7a3dd8, Headers: sec-ch-ua-platform="Windows", authorization=***HIDDEN***, user-agent=Mozilla/5.0 (Windows NT 10.0; Win64; x64) AppleWebKit/537.36 (KHTML, like Gecko) Chrome/137.0.0.0 Sa..., accept=application/json, text/plain, */*, sec-ch-ua="Google Chrome";v="137", "Chromium";v="137", "Not/A)Brand";v="24", sec-ch-ua-mobile=?0, origin=http://localhost:4200, sec-fetch-site=same-site, sec-fetch-mode=cors, sec-fetch-dest=empty, referer=http://localhost:4200/, accept-encoding=gzip, deflate, br, zstd, accept-language=vi, forwarded=proto=http;host="localhost:8888";for="[0:0:0:0:0:0:0:1]:59276", x-forwarded-for=0:0:0:0:0:0:0:1, x-forwarded-proto=http, x-forwarded-port=8888, x-forwarded-host=localhost:8888, host=localhost:8080, content-length=0
2025-07-03 13:22:33 INFO  [http-nio-8080-exec-8] ACCESS_LOG - IP: 0:0:0:0:0:0:0:1, Method: GET, URL: /api/customers/list?page=0&size=10&keyword=***HIDDEN***, Status: 200, Time: 86 ms, ClientInfo: RemoteUser=c5a3845b-d61f-4dd4-aa29-f851cf7a3dd8, Headers: sec-ch-ua-platform="Windows", authorization=***HIDDEN***, user-agent=Mozilla/5.0 (Windows NT 10.0; Win64; x64) AppleWebKit/537.36 (KHTML, like Gecko) Chrome/137.0.0.0 Sa..., accept=application/json, text/plain, */*, sec-ch-ua="Google Chrome";v="137", "Chromium";v="137", "Not/A)Brand";v="24", sec-ch-ua-mobile=?0, origin=http://localhost:4200, sec-fetch-site=same-site, sec-fetch-mode=cors, sec-fetch-dest=empty, referer=http://localhost:4200/, accept-encoding=gzip, deflate, br, zstd, accept-language=vi, forwarded=proto=http;host="localhost:8888";for="[0:0:0:0:0:0:0:1]:59294", x-forwarded-for=0:0:0:0:0:0:0:1, x-forwarded-proto=http, x-forwarded-port=8888, x-forwarded-host=localhost:8888, host=localhost:8080, content-length=0
2025-07-03 13:22:33 INFO  [http-nio-8080-exec-7] ACCESS_LOG - IP: 0:0:0:0:0:0:0:1, Method: GET, URL: /api/customers/list?page=0&size=10&keyword=***HIDDEN***, Status: 200, Time: 104 ms, ClientInfo: RemoteUser=c5a3845b-d61f-4dd4-aa29-f851cf7a3dd8, Headers: sec-ch-ua-platform="Windows", authorization=***HIDDEN***, user-agent=Mozilla/5.0 (Windows NT 10.0; Win64; x64) AppleWebKit/537.36 (KHTML, like Gecko) Chrome/137.0.0.0 Sa..., accept=application/json, text/plain, */*, sec-ch-ua="Google Chrome";v="137", "Chromium";v="137", "Not/A)Brand";v="24", sec-ch-ua-mobile=?0, origin=http://localhost:4200, sec-fetch-site=same-site, sec-fetch-mode=cors, sec-fetch-dest=empty, referer=http://localhost:4200/, accept-encoding=gzip, deflate, br, zstd, accept-language=vi, forwarded=proto=http;host="localhost:8888";for="[0:0:0:0:0:0:0:1]:59296", x-forwarded-for=0:0:0:0:0:0:0:1, x-forwarded-proto=http, x-forwarded-port=8888, x-forwarded-host=localhost:8888, host=localhost:8080, content-length=0
2025-07-03 13:22:34 INFO  [http-nio-8080-exec-10] ACCESS_LOG - IP: 0:0:0:0:0:0:0:1, Method: GET, URL: /api/customers/status, Status: 200, Time: 23 ms, ClientInfo: RemoteUser=12685f8a-d508-45ee-bcfa-1b7b7e5688bb, Headers: sec-ch-ua-platform="Windows", authorization=***HIDDEN***, user-agent=Mozilla/5.0 (Windows NT 10.0; Win64; x64) AppleWebKit/537.36 (KHTML, like Gecko) Chrome/137.0.0.0 Sa..., accept=application/json, text/plain, */*, sec-ch-ua="Google Chrome";v="137", "Chromium";v="137", "Not/A)Brand";v="24", sec-ch-ua-mobile=?0, origin=http://localhost:4200, sec-fetch-site=same-site, sec-fetch-mode=cors, sec-fetch-dest=empty, referer=http://localhost:4200/, accept-encoding=gzip, deflate, br, zstd, accept-language=vi,fr-FR;q=0.9,fr;q=0.8,en-US;q=0.7,en;q=0.6,ar;q=0.5, forwarded=proto=http;host="localhost:8888";for="[0:0:0:0:0:0:0:1]:59298", x-forwarded-for=0:0:0:0:0:0:0:1, x-forwarded-proto=http, x-forwarded-port=8888, x-forwarded-host=localhost:8888, host=localhost:8080, content-length=0
2025-07-03 13:22:34 INFO  [http-nio-8080-exec-1] ACCESS_LOG - IP: 0:0:0:0:0:0:0:1, Method: GET, URL: /api/customers/detail, Status: 200, Time: 13 ms, ClientInfo: RemoteUser=12685f8a-d508-45ee-bcfa-1b7b7e5688bb, Headers: sec-ch-ua-platform="Windows", authorization=***HIDDEN***, user-agent=Mozilla/5.0 (Windows NT 10.0; Win64; x64) AppleWebKit/537.36 (KHTML, like Gecko) Chrome/137.0.0.0 Sa..., accept=application/json, text/plain, */*, sec-ch-ua="Google Chrome";v="137", "Chromium";v="137", "Not/A)Brand";v="24", sec-ch-ua-mobile=?0, origin=http://localhost:4200, sec-fetch-site=same-site, sec-fetch-mode=cors, sec-fetch-dest=empty, referer=http://localhost:4200/, accept-encoding=gzip, deflate, br, zstd, accept-language=vi,fr-FR;q=0.9,fr;q=0.8,en-US;q=0.7,en;q=0.6,ar;q=0.5, forwarded=proto=http;host="localhost:8888";for="[0:0:0:0:0:0:0:1]:59299", x-forwarded-for=0:0:0:0:0:0:0:1, x-forwarded-proto=http, x-forwarded-port=8888, x-forwarded-host=localhost:8888, host=localhost:8080, content-length=0
2025-07-03 13:22:44 INFO  [http-nio-8080-exec-2] ACCESS_LOG - IP: 0:0:0:0:0:0:0:1, Method: GET, URL: /api/customers/list?page=0&size=10&keyword=***HIDDEN***, Status: 200, Time: 101 ms, ClientInfo: RemoteUser=c5a3845b-d61f-4dd4-aa29-f851cf7a3dd8, Headers: sec-ch-ua-platform="Windows", authorization=***HIDDEN***, user-agent=Mozilla/5.0 (Windows NT 10.0; Win64; x64) AppleWebKit/537.36 (KHTML, like Gecko) Chrome/137.0.0.0 Sa..., accept=application/json, text/plain, */*, sec-ch-ua="Google Chrome";v="137", "Chromium";v="137", "Not/A)Brand";v="24", sec-ch-ua-mobile=?0, origin=http://localhost:4200, sec-fetch-site=same-site, sec-fetch-mode=cors, sec-fetch-dest=empty, referer=http://localhost:4200/, accept-encoding=gzip, deflate, br, zstd, accept-language=vi, forwarded=proto=http;host="localhost:8888";for="[0:0:0:0:0:0:0:1]:59314", x-forwarded-for=0:0:0:0:0:0:0:1, x-forwarded-proto=http, x-forwarded-port=8888, x-forwarded-host=localhost:8888, host=localhost:8080, content-length=0
2025-07-03 13:22:44 INFO  [http-nio-8080-exec-3] ACCESS_LOG - IP: 0:0:0:0:0:0:0:1, Method: GET, URL: /api/customers/list?page=0&size=10&keyword=***HIDDEN***, Status: 200, Time: 50 ms, ClientInfo: RemoteUser=c5a3845b-d61f-4dd4-aa29-f851cf7a3dd8, Headers: sec-ch-ua-platform="Windows", authorization=***HIDDEN***, user-agent=Mozilla/5.0 (Windows NT 10.0; Win64; x64) AppleWebKit/537.36 (KHTML, like Gecko) Chrome/137.0.0.0 Sa..., accept=application/json, text/plain, */*, sec-ch-ua="Google Chrome";v="137", "Chromium";v="137", "Not/A)Brand";v="24", sec-ch-ua-mobile=?0, origin=http://localhost:4200, sec-fetch-site=same-site, sec-fetch-mode=cors, sec-fetch-dest=empty, referer=http://localhost:4200/, accept-encoding=gzip, deflate, br, zstd, accept-language=vi, forwarded=proto=http;host="localhost:8888";for="[0:0:0:0:0:0:0:1]:59315", x-forwarded-for=0:0:0:0:0:0:0:1, x-forwarded-proto=http, x-forwarded-port=8888, x-forwarded-host=localhost:8888, host=localhost:8080, content-length=0
2025-07-03 13:22:44 INFO  [http-nio-8080-exec-5] ACCESS_LOG - IP: 0:0:0:0:0:0:0:1, Method: GET, URL: /api/customers/status, Status: 200, Time: 17 ms, ClientInfo: RemoteUser=12685f8a-d508-45ee-bcfa-1b7b7e5688bb, Headers: sec-ch-ua-platform="Windows", authorization=***HIDDEN***, user-agent=Mozilla/5.0 (Windows NT 10.0; Win64; x64) AppleWebKit/537.36 (KHTML, like Gecko) Chrome/137.0.0.0 Sa..., accept=application/json, text/plain, */*, sec-ch-ua="Google Chrome";v="137", "Chromium";v="137", "Not/A)Brand";v="24", sec-ch-ua-mobile=?0, origin=http://localhost:4200, sec-fetch-site=same-site, sec-fetch-mode=cors, sec-fetch-dest=empty, referer=http://localhost:4200/, accept-encoding=gzip, deflate, br, zstd, accept-language=vi,fr-FR;q=0.9,fr;q=0.8,en-US;q=0.7,en;q=0.6,ar;q=0.5, forwarded=proto=http;host="localhost:8888";for="[0:0:0:0:0:0:0:1]:59316", x-forwarded-for=0:0:0:0:0:0:0:1, x-forwarded-proto=http, x-forwarded-port=8888, x-forwarded-host=localhost:8888, host=localhost:8080, content-length=0
2025-07-03 13:22:44 INFO  [http-nio-8080-exec-4] ACCESS_LOG - IP: 0:0:0:0:0:0:0:1, Method: GET, URL: /api/customers/detail, Status: 200, Time: 25 ms, ClientInfo: RemoteUser=12685f8a-d508-45ee-bcfa-1b7b7e5688bb, Headers: sec-ch-ua-platform="Windows", authorization=***HIDDEN***, user-agent=Mozilla/5.0 (Windows NT 10.0; Win64; x64) AppleWebKit/537.36 (KHTML, like Gecko) Chrome/137.0.0.0 Sa..., accept=application/json, text/plain, */*, sec-ch-ua="Google Chrome";v="137", "Chromium";v="137", "Not/A)Brand";v="24", sec-ch-ua-mobile=?0, origin=http://localhost:4200, sec-fetch-site=same-site, sec-fetch-mode=cors, sec-fetch-dest=empty, referer=http://localhost:4200/, accept-encoding=gzip, deflate, br, zstd, accept-language=vi,fr-FR;q=0.9,fr;q=0.8,en-US;q=0.7,en;q=0.6,ar;q=0.5, forwarded=proto=http;host="localhost:8888";for="[0:0:0:0:0:0:0:1]:59317", x-forwarded-for=0:0:0:0:0:0:0:1, x-forwarded-proto=http, x-forwarded-port=8888, x-forwarded-host=localhost:8888, host=localhost:8080, content-length=0
2025-07-03 13:23:33 INFO  [http-nio-8080-exec-9] ACCESS_LOG - IP: 0:0:0:0:0:0:0:1, Method: GET, URL: /api/customers/list?page=0&size=10&keyword=***HIDDEN***, Status: 200, Time: 129 ms, ClientInfo: RemoteUser=c5a3845b-d61f-4dd4-aa29-f851cf7a3dd8, Headers: sec-ch-ua-platform="Windows", authorization=***HIDDEN***, user-agent=Mozilla/5.0 (Windows NT 10.0; Win64; x64) AppleWebKit/537.36 (KHTML, like Gecko) Chrome/137.0.0.0 Sa..., accept=application/json, text/plain, */*, sec-ch-ua="Google Chrome";v="137", "Chromium";v="137", "Not/A)Brand";v="24", sec-ch-ua-mobile=?0, origin=http://localhost:4200, sec-fetch-site=same-site, sec-fetch-mode=cors, sec-fetch-dest=empty, referer=http://localhost:4200/, accept-encoding=gzip, deflate, br, zstd, accept-language=vi, forwarded=proto=http;host="localhost:8888";for="[0:0:0:0:0:0:0:1]:59378", x-forwarded-for=0:0:0:0:0:0:0:1, x-forwarded-proto=http, x-forwarded-port=8888, x-forwarded-host=localhost:8888, host=localhost:8080, content-length=0
2025-07-03 13:23:34 INFO  [http-nio-8080-exec-6] ACCESS_LOG - IP: 0:0:0:0:0:0:0:1, Method: GET, URL: /api/customers/list?page=0&size=10&keyword=***HIDDEN***, Status: 200, Time: 175 ms, ClientInfo: RemoteUser=c5a3845b-d61f-4dd4-aa29-f851cf7a3dd8, Headers: sec-ch-ua-platform="Windows", authorization=***HIDDEN***, user-agent=Mozilla/5.0 (Windows NT 10.0; Win64; x64) AppleWebKit/537.36 (KHTML, like Gecko) Chrome/137.0.0.0 Sa..., accept=application/json, text/plain, */*, sec-ch-ua="Google Chrome";v="137", "Chromium";v="137", "Not/A)Brand";v="24", sec-ch-ua-mobile=?0, origin=http://localhost:4200, sec-fetch-site=same-site, sec-fetch-mode=cors, sec-fetch-dest=empty, referer=http://localhost:4200/, accept-encoding=gzip, deflate, br, zstd, accept-language=vi, forwarded=proto=http;host="localhost:8888";for="[0:0:0:0:0:0:0:1]:59380", x-forwarded-for=0:0:0:0:0:0:0:1, x-forwarded-proto=http, x-forwarded-port=8888, x-forwarded-host=localhost:8888, host=localhost:8080, content-length=0
2025-07-03 13:23:34 INFO  [http-nio-8080-exec-8] ACCESS_LOG - IP: 0:0:0:0:0:0:0:1, Method: GET, URL: /api/customers/status, Status: 200, Time: 24 ms, ClientInfo: RemoteUser=12685f8a-d508-45ee-bcfa-1b7b7e5688bb, Headers: sec-ch-ua-platform="Windows", authorization=***HIDDEN***, user-agent=Mozilla/5.0 (Windows NT 10.0; Win64; x64) AppleWebKit/537.36 (KHTML, like Gecko) Chrome/137.0.0.0 Sa..., accept=application/json, text/plain, */*, sec-ch-ua="Google Chrome";v="137", "Chromium";v="137", "Not/A)Brand";v="24", sec-ch-ua-mobile=?0, origin=http://localhost:4200, sec-fetch-site=same-site, sec-fetch-mode=cors, sec-fetch-dest=empty, referer=http://localhost:4200/, accept-encoding=gzip, deflate, br, zstd, accept-language=vi,fr-FR;q=0.9,fr;q=0.8,en-US;q=0.7,en;q=0.6,ar;q=0.5, forwarded=proto=http;host="localhost:8888";for="[0:0:0:0:0:0:0:1]:59381", x-forwarded-for=0:0:0:0:0:0:0:1, x-forwarded-proto=http, x-forwarded-port=8888, x-forwarded-host=localhost:8888, host=localhost:8080, content-length=0
2025-07-03 13:23:34 INFO  [http-nio-8080-exec-7] ACCESS_LOG - IP: 0:0:0:0:0:0:0:1, Method: GET, URL: /api/customers/detail, Status: 200, Time: 25 ms, ClientInfo: RemoteUser=12685f8a-d508-45ee-bcfa-1b7b7e5688bb, Headers: sec-ch-ua-platform="Windows", authorization=***HIDDEN***, user-agent=Mozilla/5.0 (Windows NT 10.0; Win64; x64) AppleWebKit/537.36 (KHTML, like Gecko) Chrome/137.0.0.0 Sa..., accept=application/json, text/plain, */*, sec-ch-ua="Google Chrome";v="137", "Chromium";v="137", "Not/A)Brand";v="24", sec-ch-ua-mobile=?0, origin=http://localhost:4200, sec-fetch-site=same-site, sec-fetch-mode=cors, sec-fetch-dest=empty, referer=http://localhost:4200/, accept-encoding=gzip, deflate, br, zstd, accept-language=vi,fr-FR;q=0.9,fr;q=0.8,en-US;q=0.7,en;q=0.6,ar;q=0.5, forwarded=proto=http;host="localhost:8888";for="[0:0:0:0:0:0:0:1]:59382", x-forwarded-for=0:0:0:0:0:0:0:1, x-forwarded-proto=http, x-forwarded-port=8888, x-forwarded-host=localhost:8888, host=localhost:8080, content-length=0
2025-07-03 13:23:40 INFO  [http-nio-8080-exec-10] ACCESS_LOG - IP: 0:0:0:0:0:0:0:1, Method: GET, URL: /api/customers/list?page=0&size=10&keyword=***HIDDEN***, Status: 200, Time: 73 ms, ClientInfo: RemoteUser=c5a3845b-d61f-4dd4-aa29-f851cf7a3dd8, Headers: sec-ch-ua-platform="Windows", authorization=***HIDDEN***, user-agent=Mozilla/5.0 (Windows NT 10.0; Win64; x64) AppleWebKit/537.36 (KHTML, like Gecko) Chrome/137.0.0.0 Sa..., accept=application/json, text/plain, */*, sec-ch-ua="Google Chrome";v="137", "Chromium";v="137", "Not/A)Brand";v="24", sec-ch-ua-mobile=?0, origin=http://localhost:4200, sec-fetch-site=same-site, sec-fetch-mode=cors, sec-fetch-dest=empty, referer=http://localhost:4200/, accept-encoding=gzip, deflate, br, zstd, accept-language=vi, forwarded=proto=http;host="localhost:8888";for="[0:0:0:0:0:0:0:1]:59396", x-forwarded-for=0:0:0:0:0:0:0:1, x-forwarded-proto=http, x-forwarded-port=8888, x-forwarded-host=localhost:8888, host=localhost:8080, content-length=0
2025-07-03 13:23:40 INFO  [http-nio-8080-exec-1] ACCESS_LOG - IP: 0:0:0:0:0:0:0:1, Method: GET, URL: /api/customers/list?page=0&size=10&keyword=***HIDDEN***, Status: 200, Time: 64 ms, ClientInfo: RemoteUser=c5a3845b-d61f-4dd4-aa29-f851cf7a3dd8, Headers: sec-ch-ua-platform="Windows", authorization=***HIDDEN***, user-agent=Mozilla/5.0 (Windows NT 10.0; Win64; x64) AppleWebKit/537.36 (KHTML, like Gecko) Chrome/137.0.0.0 Sa..., accept=application/json, text/plain, */*, sec-ch-ua="Google Chrome";v="137", "Chromium";v="137", "Not/A)Brand";v="24", sec-ch-ua-mobile=?0, origin=http://localhost:4200, sec-fetch-site=same-site, sec-fetch-mode=cors, sec-fetch-dest=empty, referer=http://localhost:4200/, accept-encoding=gzip, deflate, br, zstd, accept-language=vi, forwarded=proto=http;host="localhost:8888";for="[0:0:0:0:0:0:0:1]:59397", x-forwarded-for=0:0:0:0:0:0:0:1, x-forwarded-proto=http, x-forwarded-port=8888, x-forwarded-host=localhost:8888, host=localhost:8080, content-length=0
2025-07-03 13:24:10 INFO  [http-nio-8080-exec-5] ACCESS_LOG - IP: 0:0:0:0:0:0:0:1, Method: GET, URL: /api/customers/status, Status: 200, Time: 35 ms, ClientInfo: RemoteUser=12685f8a-d508-45ee-bcfa-1b7b7e5688bb, Headers: sec-ch-ua-platform="Windows", authorization=***HIDDEN***, user-agent=Mozilla/5.0 (Windows NT 10.0; Win64; x64) AppleWebKit/537.36 (KHTML, like Gecko) Chrome/137.0.0.0 Sa..., accept=application/json, text/plain, */*, sec-ch-ua="Google Chrome";v="137", "Chromium";v="137", "Not/A)Brand";v="24", sec-ch-ua-mobile=?0, origin=http://localhost:4200, sec-fetch-site=same-site, sec-fetch-mode=cors, sec-fetch-dest=empty, referer=http://localhost:4200/, accept-encoding=gzip, deflate, br, zstd, accept-language=vi,fr-FR;q=0.9,fr;q=0.8,en-US;q=0.7,en;q=0.6,ar;q=0.5, forwarded=proto=http;host="localhost:8888";for="[0:0:0:0:0:0:0:1]:59457", x-forwarded-for=0:0:0:0:0:0:0:1, x-forwarded-proto=http, x-forwarded-port=8888, x-forwarded-host=localhost:8888, host=localhost:8080, content-length=0
2025-07-03 13:24:10 INFO  [http-nio-8080-exec-4] ACCESS_LOG - IP: 0:0:0:0:0:0:0:1, Method: GET, URL: /api/customers/detail, Status: 200, Time: 14 ms, ClientInfo: RemoteUser=12685f8a-d508-45ee-bcfa-1b7b7e5688bb, Headers: sec-ch-ua-platform="Windows", authorization=***HIDDEN***, user-agent=Mozilla/5.0 (Windows NT 10.0; Win64; x64) AppleWebKit/537.36 (KHTML, like Gecko) Chrome/137.0.0.0 Sa..., accept=application/json, text/plain, */*, sec-ch-ua="Google Chrome";v="137", "Chromium";v="137", "Not/A)Brand";v="24", sec-ch-ua-mobile=?0, origin=http://localhost:4200, sec-fetch-site=same-site, sec-fetch-mode=cors, sec-fetch-dest=empty, referer=http://localhost:4200/, accept-encoding=gzip, deflate, br, zstd, accept-language=vi,fr-FR;q=0.9,fr;q=0.8,en-US;q=0.7,en;q=0.6,ar;q=0.5, forwarded=proto=http;host="localhost:8888";for="[0:0:0:0:0:0:0:1]:59458", x-forwarded-for=0:0:0:0:0:0:0:1, x-forwarded-proto=http, x-forwarded-port=8888, x-forwarded-host=localhost:8888, host=localhost:8080, content-length=0
2025-07-03 13:24:21 INFO  [http-nio-8080-exec-3] ACCESS_LOG - IP: 0:0:0:0:0:0:0:1, Method: GET, URL: /api/customers/status, Status: 200, Time: 10 ms, ClientInfo: RemoteUser=12685f8a-d508-45ee-bcfa-1b7b7e5688bb, Headers: sec-ch-ua-platform="Windows", authorization=***HIDDEN***, user-agent=Mozilla/5.0 (Windows NT 10.0; Win64; x64) AppleWebKit/537.36 (KHTML, like Gecko) Chrome/137.0.0.0 Sa..., accept=application/json, text/plain, */*, sec-ch-ua="Google Chrome";v="137", "Chromium";v="137", "Not/A)Brand";v="24", sec-ch-ua-mobile=?0, origin=http://localhost:4200, sec-fetch-site=same-site, sec-fetch-mode=cors, sec-fetch-dest=empty, referer=http://localhost:4200/, accept-encoding=gzip, deflate, br, zstd, accept-language=vi,fr-FR;q=0.9,fr;q=0.8,en-US;q=0.7,en;q=0.6,ar;q=0.5, forwarded=proto=http;host="localhost:8888";for="[0:0:0:0:0:0:0:1]:59496", x-forwarded-for=0:0:0:0:0:0:0:1, x-forwarded-proto=http, x-forwarded-port=8888, x-forwarded-host=localhost:8888, host=localhost:8080, content-length=0
2025-07-03 13:24:21 INFO  [http-nio-8080-exec-5] ACCESS_LOG - IP: 0:0:0:0:0:0:0:1, Method: GET, URL: /api/customers/detail, Status: 200, Time: 12 ms, ClientInfo: RemoteUser=12685f8a-d508-45ee-bcfa-1b7b7e5688bb, Headers: sec-ch-ua-platform="Windows", authorization=***HIDDEN***, user-agent=Mozilla/5.0 (Windows NT 10.0; Win64; x64) AppleWebKit/537.36 (KHTML, like Gecko) Chrome/137.0.0.0 Sa..., accept=application/json, text/plain, */*, sec-ch-ua="Google Chrome";v="137", "Chromium";v="137", "Not/A)Brand";v="24", sec-ch-ua-mobile=?0, origin=http://localhost:4200, sec-fetch-site=same-site, sec-fetch-mode=cors, sec-fetch-dest=empty, referer=http://localhost:4200/, accept-encoding=gzip, deflate, br, zstd, accept-language=vi,fr-FR;q=0.9,fr;q=0.8,en-US;q=0.7,en;q=0.6,ar;q=0.5, forwarded=proto=http;host="localhost:8888";for="[0:0:0:0:0:0:0:1]:59498", x-forwarded-for=0:0:0:0:0:0:0:1, x-forwarded-proto=http, x-forwarded-port=8888, x-forwarded-host=localhost:8888, host=localhost:8080, content-length=0
2025-07-03 13:26:32 INFO  [http-nio-8080-exec-9] ACCESS_LOG - IP: 0:0:0:0:0:0:0:1, Method: GET, URL: /api/customers/status, Status: 200, Time: 24 ms, ClientInfo: RemoteUser=12685f8a-d508-45ee-bcfa-1b7b7e5688bb, Headers: sec-ch-ua-platform="Windows", authorization=***HIDDEN***, user-agent=Mozilla/5.0 (Windows NT 10.0; Win64; x64) AppleWebKit/537.36 (KHTML, like Gecko) Chrome/137.0.0.0 Sa..., accept=application/json, text/plain, */*, sec-ch-ua="Google Chrome";v="137", "Chromium";v="137", "Not/A)Brand";v="24", sec-ch-ua-mobile=?0, origin=http://localhost:4200, sec-fetch-site=same-site, sec-fetch-mode=cors, sec-fetch-dest=empty, referer=http://localhost:4200/, accept-encoding=gzip, deflate, br, zstd, accept-language=vi,fr-FR;q=0.9,fr;q=0.8,en-US;q=0.7,en;q=0.6,ar;q=0.5, forwarded=proto=http;host="localhost:8888";for="[0:0:0:0:0:0:0:1]:59685", x-forwarded-for=0:0:0:0:0:0:0:1, x-forwarded-proto=http, x-forwarded-port=8888, x-forwarded-host=localhost:8888, host=localhost:8080, content-length=0
2025-07-03 13:26:32 INFO  [http-nio-8080-exec-6] ACCESS_LOG - IP: 0:0:0:0:0:0:0:1, Method: GET, URL: /api/customers/detail, Status: 200, Time: 22 ms, ClientInfo: RemoteUser=12685f8a-d508-45ee-bcfa-1b7b7e5688bb, Headers: sec-ch-ua-platform="Windows", authorization=***HIDDEN***, user-agent=Mozilla/5.0 (Windows NT 10.0; Win64; x64) AppleWebKit/537.36 (KHTML, like Gecko) Chrome/137.0.0.0 Sa..., accept=application/json, text/plain, */*, sec-ch-ua="Google Chrome";v="137", "Chromium";v="137", "Not/A)Brand";v="24", sec-ch-ua-mobile=?0, origin=http://localhost:4200, sec-fetch-site=same-site, sec-fetch-mode=cors, sec-fetch-dest=empty, referer=http://localhost:4200/, accept-encoding=gzip, deflate, br, zstd, accept-language=vi,fr-FR;q=0.9,fr;q=0.8,en-US;q=0.7,en;q=0.6,ar;q=0.5, forwarded=proto=http;host="localhost:8888";for="[0:0:0:0:0:0:0:1]:59688", x-forwarded-for=0:0:0:0:0:0:0:1, x-forwarded-proto=http, x-forwarded-port=8888, x-forwarded-host=localhost:8888, host=localhost:8080, content-length=0
2025-07-03 13:26:57 INFO  [http-nio-8080-exec-8] ACCESS_LOG - IP: 0:0:0:0:0:0:0:1, Method: GET, URL: /api/customers/status, Status: 200, Time: 21 ms, ClientInfo: RemoteUser=12685f8a-d508-45ee-bcfa-1b7b7e5688bb, Headers: sec-ch-ua-platform="Windows", authorization=***HIDDEN***, user-agent=Mozilla/5.0 (Windows NT 10.0; Win64; x64) AppleWebKit/537.36 (KHTML, like Gecko) Chrome/137.0.0.0 Sa..., accept=application/json, text/plain, */*, sec-ch-ua="Google Chrome";v="137", "Chromium";v="137", "Not/A)Brand";v="24", sec-ch-ua-mobile=?0, origin=http://localhost:4200, sec-fetch-site=same-site, sec-fetch-mode=cors, sec-fetch-dest=empty, referer=http://localhost:4200/, accept-encoding=gzip, deflate, br, zstd, accept-language=vi,fr-FR;q=0.9,fr;q=0.8,en-US;q=0.7,en;q=0.6,ar;q=0.5, forwarded=proto=http;host="localhost:8888";for="[0:0:0:0:0:0:0:1]:59815", x-forwarded-for=0:0:0:0:0:0:0:1, x-forwarded-proto=http, x-forwarded-port=8888, x-forwarded-host=localhost:8888, host=localhost:8080, content-length=0
2025-07-03 13:26:57 INFO  [http-nio-8080-exec-7] ACCESS_LOG - IP: 0:0:0:0:0:0:0:1, Method: GET, URL: /api/customers/detail, Status: 200, Time: 21 ms, ClientInfo: RemoteUser=12685f8a-d508-45ee-bcfa-1b7b7e5688bb, Headers: sec-ch-ua-platform="Windows", authorization=***HIDDEN***, user-agent=Mozilla/5.0 (Windows NT 10.0; Win64; x64) AppleWebKit/537.36 (KHTML, like Gecko) Chrome/137.0.0.0 Sa..., accept=application/json, text/plain, */*, sec-ch-ua="Google Chrome";v="137", "Chromium";v="137", "Not/A)Brand";v="24", sec-ch-ua-mobile=?0, origin=http://localhost:4200, sec-fetch-site=same-site, sec-fetch-mode=cors, sec-fetch-dest=empty, referer=http://localhost:4200/, accept-encoding=gzip, deflate, br, zstd, accept-language=vi,fr-FR;q=0.9,fr;q=0.8,en-US;q=0.7,en;q=0.6,ar;q=0.5, forwarded=proto=http;host="localhost:8888";for="[0:0:0:0:0:0:0:1]:59817", x-forwarded-for=0:0:0:0:0:0:0:1, x-forwarded-proto=http, x-forwarded-port=8888, x-forwarded-host=localhost:8888, host=localhost:8080, content-length=0
2025-07-03 13:27:02 INFO  [http-nio-8080-exec-10] ACCESS_LOG - IP: 0:0:0:0:0:0:0:1, Method: GET, URL: /api/customers/status, Status: 200, Time: 21 ms, ClientInfo: RemoteUser=12685f8a-d508-45ee-bcfa-1b7b7e5688bb, Headers: sec-ch-ua-platform="Windows", authorization=***HIDDEN***, user-agent=Mozilla/5.0 (Windows NT 10.0; Win64; x64) AppleWebKit/537.36 (KHTML, like Gecko) Chrome/137.0.0.0 Sa..., accept=application/json, text/plain, */*, sec-ch-ua="Google Chrome";v="137", "Chromium";v="137", "Not/A)Brand";v="24", sec-ch-ua-mobile=?0, origin=http://localhost:4200, sec-fetch-site=same-site, sec-fetch-mode=cors, sec-fetch-dest=empty, referer=http://localhost:4200/, accept-encoding=gzip, deflate, br, zstd, accept-language=vi,fr-FR;q=0.9,fr;q=0.8,en-US;q=0.7,en;q=0.6,ar;q=0.5, forwarded=proto=http;host="localhost:8888";for="[0:0:0:0:0:0:0:1]:59815", x-forwarded-for=0:0:0:0:0:0:0:1, x-forwarded-proto=http, x-forwarded-port=8888, x-forwarded-host=localhost:8888, host=localhost:8080, content-length=0
2025-07-03 13:27:02 INFO  [http-nio-8080-exec-1] ACCESS_LOG - IP: 0:0:0:0:0:0:0:1, Method: GET, URL: /api/customers/detail, Status: 200, Time: 16 ms, ClientInfo: RemoteUser=12685f8a-d508-45ee-bcfa-1b7b7e5688bb, Headers: sec-ch-ua-platform="Windows", authorization=***HIDDEN***, user-agent=Mozilla/5.0 (Windows NT 10.0; Win64; x64) AppleWebKit/537.36 (KHTML, like Gecko) Chrome/137.0.0.0 Sa..., accept=application/json, text/plain, */*, sec-ch-ua="Google Chrome";v="137", "Chromium";v="137", "Not/A)Brand";v="24", sec-ch-ua-mobile=?0, origin=http://localhost:4200, sec-fetch-site=same-site, sec-fetch-mode=cors, sec-fetch-dest=empty, referer=http://localhost:4200/, accept-encoding=gzip, deflate, br, zstd, accept-language=vi,fr-FR;q=0.9,fr;q=0.8,en-US;q=0.7,en;q=0.6,ar;q=0.5, forwarded=proto=http;host="localhost:8888";for="[0:0:0:0:0:0:0:1]:59817", x-forwarded-for=0:0:0:0:0:0:0:1, x-forwarded-proto=http, x-forwarded-port=8888, x-forwarded-host=localhost:8888, host=localhost:8080, content-length=0
2025-07-03 13:27:59 INFO  [http-nio-8080-exec-2] ACCESS_LOG - IP: 0:0:0:0:0:0:0:1, Method: GET, URL: /api/customers/status, Status: 200, Time: 20 ms, ClientInfo: RemoteUser=12685f8a-d508-45ee-bcfa-1b7b7e5688bb, Headers: sec-ch-ua-platform="Windows", authorization=***HIDDEN***, user-agent=Mozilla/5.0 (Windows NT 10.0; Win64; x64) AppleWebKit/537.36 (KHTML, like Gecko) Chrome/137.0.0.0 Sa..., accept=application/json, text/plain, */*, sec-ch-ua="Google Chrome";v="137", "Chromium";v="137", "Not/A)Brand";v="24", sec-ch-ua-mobile=?0, origin=http://localhost:4200, sec-fetch-site=same-site, sec-fetch-mode=cors, sec-fetch-dest=empty, referer=http://localhost:4200/, accept-encoding=gzip, deflate, br, zstd, accept-language=vi,fr-FR;q=0.9,fr;q=0.8,en-US;q=0.7,en;q=0.6,ar;q=0.5, forwarded=proto=http;host="localhost:8888";for="[0:0:0:0:0:0:0:1]:59916", x-forwarded-for=0:0:0:0:0:0:0:1, x-forwarded-proto=http, x-forwarded-port=8888, x-forwarded-host=localhost:8888, host=localhost:8080, content-length=0
2025-07-03 13:27:59 INFO  [http-nio-8080-exec-3] ACCESS_LOG - IP: 0:0:0:0:0:0:0:1, Method: GET, URL: /api/customers/detail, Status: 200, Time: 21 ms, ClientInfo: RemoteUser=12685f8a-d508-45ee-bcfa-1b7b7e5688bb, Headers: sec-ch-ua-platform="Windows", authorization=***HIDDEN***, user-agent=Mozilla/5.0 (Windows NT 10.0; Win64; x64) AppleWebKit/537.36 (KHTML, like Gecko) Chrome/137.0.0.0 Sa..., accept=application/json, text/plain, */*, sec-ch-ua="Google Chrome";v="137", "Chromium";v="137", "Not/A)Brand";v="24", sec-ch-ua-mobile=?0, origin=http://localhost:4200, sec-fetch-site=same-site, sec-fetch-mode=cors, sec-fetch-dest=empty, referer=http://localhost:4200/, accept-encoding=gzip, deflate, br, zstd, accept-language=vi,fr-FR;q=0.9,fr;q=0.8,en-US;q=0.7,en;q=0.6,ar;q=0.5, forwarded=proto=http;host="localhost:8888";for="[0:0:0:0:0:0:0:1]:59917", x-forwarded-for=0:0:0:0:0:0:0:1, x-forwarded-proto=http, x-forwarded-port=8888, x-forwarded-host=localhost:8888, host=localhost:8080, content-length=0
2025-07-03 13:28:07 INFO  [http-nio-8080-exec-5] ACCESS_LOG - IP: 0:0:0:0:0:0:0:1, Method: GET, URL: /api/customers/status, Status: 200, Time: 24 ms, ClientInfo: RemoteUser=12685f8a-d508-45ee-bcfa-1b7b7e5688bb, Headers: sec-ch-ua-platform="Windows", authorization=***HIDDEN***, user-agent=Mozilla/5.0 (Windows NT 10.0; Win64; x64) AppleWebKit/537.36 (KHTML, like Gecko) Chrome/137.0.0.0 Sa..., accept=application/json, text/plain, */*, sec-ch-ua="Google Chrome";v="137", "Chromium";v="137", "Not/A)Brand";v="24", sec-ch-ua-mobile=?0, origin=http://localhost:4200, sec-fetch-site=same-site, sec-fetch-mode=cors, sec-fetch-dest=empty, referer=http://localhost:4200/, accept-encoding=gzip, deflate, br, zstd, accept-language=vi,fr-FR;q=0.9,fr;q=0.8,en-US;q=0.7,en;q=0.6,ar;q=0.5, forwarded=proto=http;host="localhost:8888";for="[0:0:0:0:0:0:0:1]:59936", x-forwarded-for=0:0:0:0:0:0:0:1, x-forwarded-proto=http, x-forwarded-port=8888, x-forwarded-host=localhost:8888, host=localhost:8080, content-length=0
2025-07-03 13:28:07 INFO  [http-nio-8080-exec-4] ACCESS_LOG - IP: 0:0:0:0:0:0:0:1, Method: GET, URL: /api/customers/detail, Status: 200, Time: 26 ms, ClientInfo: RemoteUser=12685f8a-d508-45ee-bcfa-1b7b7e5688bb, Headers: sec-ch-ua-platform="Windows", authorization=***HIDDEN***, user-agent=Mozilla/5.0 (Windows NT 10.0; Win64; x64) AppleWebKit/537.36 (KHTML, like Gecko) Chrome/137.0.0.0 Sa..., accept=application/json, text/plain, */*, sec-ch-ua="Google Chrome";v="137", "Chromium";v="137", "Not/A)Brand";v="24", sec-ch-ua-mobile=?0, origin=http://localhost:4200, sec-fetch-site=same-site, sec-fetch-mode=cors, sec-fetch-dest=empty, referer=http://localhost:4200/, accept-encoding=gzip, deflate, br, zstd, accept-language=vi,fr-FR;q=0.9,fr;q=0.8,en-US;q=0.7,en;q=0.6,ar;q=0.5, forwarded=proto=http;host="localhost:8888";for="[0:0:0:0:0:0:0:1]:59937", x-forwarded-for=0:0:0:0:0:0:0:1, x-forwarded-proto=http, x-forwarded-port=8888, x-forwarded-host=localhost:8888, host=localhost:8080, content-length=0
2025-07-03 13:28:18 INFO  [http-nio-8080-exec-9] ACCESS_LOG - IP: 0:0:0:0:0:0:0:1, Method: GET, URL: /api/customers/status, Status: 200, Time: 19 ms, ClientInfo: RemoteUser=12685f8a-d508-45ee-bcfa-1b7b7e5688bb, Headers: sec-ch-ua-platform="Windows", authorization=***HIDDEN***, user-agent=Mozilla/5.0 (Windows NT 10.0; Win64; x64) AppleWebKit/537.36 (KHTML, like Gecko) Chrome/137.0.0.0 Sa..., accept=application/json, text/plain, */*, sec-ch-ua="Google Chrome";v="137", "Chromium";v="137", "Not/A)Brand";v="24", sec-ch-ua-mobile=?0, origin=http://localhost:4200, sec-fetch-site=same-site, sec-fetch-mode=cors, sec-fetch-dest=empty, referer=http://localhost:4200/, accept-encoding=gzip, deflate, br, zstd, accept-language=vi,fr-FR;q=0.9,fr;q=0.8,en-US;q=0.7,en;q=0.6,ar;q=0.5, forwarded=proto=http;host="localhost:8888";for="[0:0:0:0:0:0:0:1]:59954", x-forwarded-for=0:0:0:0:0:0:0:1, x-forwarded-proto=http, x-forwarded-port=8888, x-forwarded-host=localhost:8888, host=localhost:8080, content-length=0
2025-07-03 13:28:18 INFO  [http-nio-8080-exec-6] ACCESS_LOG - IP: 0:0:0:0:0:0:0:1, Method: GET, URL: /api/customers/detail, Status: 200, Time: 20 ms, ClientInfo: RemoteUser=12685f8a-d508-45ee-bcfa-1b7b7e5688bb, Headers: sec-ch-ua-platform="Windows", authorization=***HIDDEN***, user-agent=Mozilla/5.0 (Windows NT 10.0; Win64; x64) AppleWebKit/537.36 (KHTML, like Gecko) Chrome/137.0.0.0 Sa..., accept=application/json, text/plain, */*, sec-ch-ua="Google Chrome";v="137", "Chromium";v="137", "Not/A)Brand";v="24", sec-ch-ua-mobile=?0, origin=http://localhost:4200, sec-fetch-site=same-site, sec-fetch-mode=cors, sec-fetch-dest=empty, referer=http://localhost:4200/, accept-encoding=gzip, deflate, br, zstd, accept-language=vi,fr-FR;q=0.9,fr;q=0.8,en-US;q=0.7,en;q=0.6,ar;q=0.5, forwarded=proto=http;host="localhost:8888";for="[0:0:0:0:0:0:0:1]:59955", x-forwarded-for=0:0:0:0:0:0:0:1, x-forwarded-proto=http, x-forwarded-port=8888, x-forwarded-host=localhost:8888, host=localhost:8080, content-length=0
2025-07-03 13:28:21 INFO  [http-nio-8080-exec-8] ACCESS_LOG - IP: 0:0:0:0:0:0:0:1, Method: GET, URL: /api/customers/list?page=0&size=10&keyword=***HIDDEN***, Status: 200, Time: 64 ms, ClientInfo: RemoteUser=c5a3845b-d61f-4dd4-aa29-f851cf7a3dd8, Headers: sec-ch-ua-platform="Windows", authorization=***HIDDEN***, user-agent=Mozilla/5.0 (Windows NT 10.0; Win64; x64) AppleWebKit/537.36 (KHTML, like Gecko) Chrome/137.0.0.0 Sa..., accept=application/json, text/plain, */*, sec-ch-ua="Google Chrome";v="137", "Chromium";v="137", "Not/A)Brand";v="24", sec-ch-ua-mobile=?0, origin=http://localhost:4200, sec-fetch-site=same-site, sec-fetch-mode=cors, sec-fetch-dest=empty, referer=http://localhost:4200/, accept-encoding=gzip, deflate, br, zstd, accept-language=vi, forwarded=proto=http;host="localhost:8888";for="[0:0:0:0:0:0:0:1]:59947", x-forwarded-for=0:0:0:0:0:0:0:1, x-forwarded-proto=http, x-forwarded-port=8888, x-forwarded-host=localhost:8888, host=localhost:8080, content-length=0
2025-07-03 13:28:21 INFO  [http-nio-8080-exec-7] ACCESS_LOG - IP: 0:0:0:0:0:0:0:1, Method: GET, URL: /api/customers/list?page=0&size=10&keyword=***HIDDEN***, Status: 200, Time: 40 ms, ClientInfo: RemoteUser=c5a3845b-d61f-4dd4-aa29-f851cf7a3dd8, Headers: sec-ch-ua-platform="Windows", authorization=***HIDDEN***, user-agent=Mozilla/5.0 (Windows NT 10.0; Win64; x64) AppleWebKit/537.36 (KHTML, like Gecko) Chrome/137.0.0.0 Sa..., accept=application/json, text/plain, */*, sec-ch-ua="Google Chrome";v="137", "Chromium";v="137", "Not/A)Brand";v="24", sec-ch-ua-mobile=?0, origin=http://localhost:4200, sec-fetch-site=same-site, sec-fetch-mode=cors, sec-fetch-dest=empty, referer=http://localhost:4200/, accept-encoding=gzip, deflate, br, zstd, accept-language=vi, forwarded=proto=http;host="localhost:8888";for="[0:0:0:0:0:0:0:1]:59946", x-forwarded-for=0:0:0:0:0:0:0:1, x-forwarded-proto=http, x-forwarded-port=8888, x-forwarded-host=localhost:8888, host=localhost:8080, content-length=0
2025-07-03 13:28:22 INFO  [http-nio-8080-exec-10] ACCESS_LOG - IP: 0:0:0:0:0:0:0:1, Method: GET, URL: /api/customers/list?page=0&size=10&keyword=***HIDDEN***, Status: 200, Time: 42 ms, ClientInfo: RemoteUser=c5a3845b-d61f-4dd4-aa29-f851cf7a3dd8, Headers: sec-ch-ua-platform="Windows", authorization=***HIDDEN***, user-agent=Mozilla/5.0 (Windows NT 10.0; Win64; x64) AppleWebKit/537.36 (KHTML, like Gecko) Chrome/137.0.0.0 Sa..., accept=application/json, text/plain, */*, sec-ch-ua="Google Chrome";v="137", "Chromium";v="137", "Not/A)Brand";v="24", sec-ch-ua-mobile=?0, origin=http://localhost:4200, sec-fetch-site=same-site, sec-fetch-mode=cors, sec-fetch-dest=empty, referer=http://localhost:4200/, accept-encoding=gzip, deflate, br, zstd, accept-language=vi, forwarded=proto=http;host="localhost:8888";for="[0:0:0:0:0:0:0:1]:59946", x-forwarded-for=0:0:0:0:0:0:0:1, x-forwarded-proto=http, x-forwarded-port=8888, x-forwarded-host=localhost:8888, host=localhost:8080, content-length=0
2025-07-03 13:28:22 INFO  [http-nio-8080-exec-1] ACCESS_LOG - IP: 0:0:0:0:0:0:0:1, Method: GET, URL: /api/customers/list?page=0&size=10&keyword=***HIDDEN***, Status: 200, Time: 43 ms, ClientInfo: RemoteUser=c5a3845b-d61f-4dd4-aa29-f851cf7a3dd8, Headers: sec-ch-ua-platform="Windows", authorization=***HIDDEN***, user-agent=Mozilla/5.0 (Windows NT 10.0; Win64; x64) AppleWebKit/537.36 (KHTML, like Gecko) Chrome/137.0.0.0 Sa..., accept=application/json, text/plain, */*, sec-ch-ua="Google Chrome";v="137", "Chromium";v="137", "Not/A)Brand";v="24", sec-ch-ua-mobile=?0, origin=http://localhost:4200, sec-fetch-site=same-site, sec-fetch-mode=cors, sec-fetch-dest=empty, referer=http://localhost:4200/, accept-encoding=gzip, deflate, br, zstd, accept-language=vi, forwarded=proto=http;host="localhost:8888";for="[0:0:0:0:0:0:0:1]:59947", x-forwarded-for=0:0:0:0:0:0:0:1, x-forwarded-proto=http, x-forwarded-port=8888, x-forwarded-host=localhost:8888, host=localhost:8080, content-length=0
2025-07-03 13:28:28 ERROR [http-nio-8080-exec-2] ACCESS_LOG - IP: 0:0:0:0:0:0:0:1, Method: GET, URL: /api/customers/kyc/statistics?startDate=2025-06-03&endDate=2025-07-03, Status: 500, Time: 40 ms, ClientInfo: RemoteUser=c5a3845b-d61f-4dd4-aa29-f851cf7a3dd8, Headers: sec-ch-ua-platform="Windows", authorization=***HIDDEN***, user-agent=Mozilla/5.0 (Windows NT 10.0; Win64; x64) AppleWebKit/537.36 (KHTML, like Gecko) Chrome/137.0.0.0 Sa..., accept=application/json, text/plain, */*, sec-ch-ua="Google Chrome";v="137", "Chromium";v="137", "Not/A)Brand";v="24", sec-ch-ua-mobile=?0, origin=http://localhost:4200, sec-fetch-site=same-site, sec-fetch-mode=cors, sec-fetch-dest=empty, referer=http://localhost:4200/, accept-encoding=gzip, deflate, br, zstd, accept-language=vi, forwarded=proto=http;host="localhost:8888";for="[0:0:0:0:0:0:0:1]:59957", x-forwarded-for=0:0:0:0:0:0:0:1, x-forwarded-proto=http, x-forwarded-port=8888, x-forwarded-host=localhost:8888, host=localhost:8080, content-length=0
2025-07-03 13:28:28 ERROR [http-nio-8080-exec-3] ACCESS_LOG - IP: 0:0:0:0:0:0:0:1, Method: GET, URL: /api/customers/growth?startDate=2025-06-03&endDate=2025-07-03, Status: 500, Time: 37 ms, ClientInfo: RemoteUser=c5a3845b-d61f-4dd4-aa29-f851cf7a3dd8, Headers: sec-ch-ua-platform="Windows", authorization=***HIDDEN***, user-agent=Mozilla/5.0 (Windows NT 10.0; Win64; x64) AppleWebKit/537.36 (KHTML, like Gecko) Chrome/137.0.0.0 Sa..., accept=application/json, text/plain, */*, sec-ch-ua="Google Chrome";v="137", "Chromium";v="137", "Not/A)Brand";v="24", sec-ch-ua-mobile=?0, origin=http://localhost:4200, sec-fetch-site=same-site, sec-fetch-mode=cors, sec-fetch-dest=empty, referer=http://localhost:4200/, accept-encoding=gzip, deflate, br, zstd, accept-language=vi, forwarded=proto=http;host="localhost:8888";for="[0:0:0:0:0:0:0:1]:59958", x-forwarded-for=0:0:0:0:0:0:0:1, x-forwarded-proto=http, x-forwarded-port=8888, x-forwarded-host=localhost:8888, host=localhost:8080, content-length=0
2025-07-03 13:28:37 ERROR [http-nio-8080-exec-5] ACCESS_LOG - IP: 0:0:0:0:0:0:0:1, Method: GET, URL: /api/customers/kyc/statistics?startDate=2025-06-03&endDate=2025-07-03, Status: 500, Time: 4 ms, ClientInfo: RemoteUser=c5a3845b-d61f-4dd4-aa29-f851cf7a3dd8, Headers: sec-ch-ua-platform="Windows", authorization=***HIDDEN***, user-agent=Mozilla/5.0 (Windows NT 10.0; Win64; x64) AppleWebKit/537.36 (KHTML, like Gecko) Chrome/137.0.0.0 Sa..., accept=application/json, text/plain, */*, sec-ch-ua="Google Chrome";v="137", "Chromium";v="137", "Not/A)Brand";v="24", sec-ch-ua-mobile=?0, origin=http://localhost:4200, sec-fetch-site=same-site, sec-fetch-mode=cors, sec-fetch-dest=empty, referer=http://localhost:4200/, accept-encoding=gzip, deflate, br, zstd, accept-language=vi, forwarded=proto=http;host="localhost:8888";for="[0:0:0:0:0:0:0:1]:59964", x-forwarded-for=0:0:0:0:0:0:0:1, x-forwarded-proto=http, x-forwarded-port=8888, x-forwarded-host=localhost:8888, host=localhost:8080, content-length=0
2025-07-03 13:28:37 ERROR [http-nio-8080-exec-4] ACCESS_LOG - IP: 0:0:0:0:0:0:0:1, Method: GET, URL: /api/customers/growth?startDate=2025-06-03&endDate=2025-07-03, Status: 500, Time: 5 ms, ClientInfo: RemoteUser=c5a3845b-d61f-4dd4-aa29-f851cf7a3dd8, Headers: sec-ch-ua-platform="Windows", authorization=***HIDDEN***, user-agent=Mozilla/5.0 (Windows NT 10.0; Win64; x64) AppleWebKit/537.36 (KHTML, like Gecko) Chrome/137.0.0.0 Sa..., accept=application/json, text/plain, */*, sec-ch-ua="Google Chrome";v="137", "Chromium";v="137", "Not/A)Brand";v="24", sec-ch-ua-mobile=?0, origin=http://localhost:4200, sec-fetch-site=same-site, sec-fetch-mode=cors, sec-fetch-dest=empty, referer=http://localhost:4200/, accept-encoding=gzip, deflate, br, zstd, accept-language=vi, forwarded=proto=http;host="localhost:8888";for="[0:0:0:0:0:0:0:1]:59965", x-forwarded-for=0:0:0:0:0:0:0:1, x-forwarded-proto=http, x-forwarded-port=8888, x-forwarded-host=localhost:8888, host=localhost:8080, content-length=0
2025-07-03 13:28:57 ERROR [http-nio-8080-exec-9] ACCESS_LOG - IP: 0:0:0:0:0:0:0:1, Method: GET, URL: /api/customers/kyc/statistics?startDate=2025-06-03&endDate=2025-07-03, Status: 500, Time: 13 ms, ClientInfo: RemoteUser=c5a3845b-d61f-4dd4-aa29-f851cf7a3dd8, Headers: sec-ch-ua-platform="Windows", authorization=***HIDDEN***, user-agent=Mozilla/5.0 (Windows NT 10.0; Win64; x64) AppleWebKit/537.36 (KHTML, like Gecko) Chrome/137.0.0.0 Sa..., accept=application/json, text/plain, */*, sec-ch-ua="Google Chrome";v="137", "Chromium";v="137", "Not/A)Brand";v="24", sec-ch-ua-mobile=?0, origin=http://localhost:4200, sec-fetch-site=same-site, sec-fetch-mode=cors, sec-fetch-dest=empty, referer=http://localhost:4200/, accept-encoding=gzip, deflate, br, zstd, accept-language=vi, forwarded=proto=http;host="localhost:8888";for="[0:0:0:0:0:0:0:1]:60028", x-forwarded-for=0:0:0:0:0:0:0:1, x-forwarded-proto=http, x-forwarded-port=8888, x-forwarded-host=localhost:8888, host=localhost:8080, content-length=0
2025-07-03 13:28:57 ERROR [http-nio-8080-exec-6] ACCESS_LOG - IP: 0:0:0:0:0:0:0:1, Method: GET, URL: /api/customers/growth?startDate=2025-06-03&endDate=2025-07-03, Status: 500, Time: 9 ms, ClientInfo: RemoteUser=c5a3845b-d61f-4dd4-aa29-f851cf7a3dd8, Headers: sec-ch-ua-platform="Windows", authorization=***HIDDEN***, user-agent=Mozilla/5.0 (Windows NT 10.0; Win64; x64) AppleWebKit/537.36 (KHTML, like Gecko) Chrome/137.0.0.0 Sa..., accept=application/json, text/plain, */*, sec-ch-ua="Google Chrome";v="137", "Chromium";v="137", "Not/A)Brand";v="24", sec-ch-ua-mobile=?0, origin=http://localhost:4200, sec-fetch-site=same-site, sec-fetch-mode=cors, sec-fetch-dest=empty, referer=http://localhost:4200/, accept-encoding=gzip, deflate, br, zstd, accept-language=vi, forwarded=proto=http;host="localhost:8888";for="[0:0:0:0:0:0:0:1]:60029", x-forwarded-for=0:0:0:0:0:0:0:1, x-forwarded-proto=http, x-forwarded-port=8888, x-forwarded-host=localhost:8888, host=localhost:8080, content-length=0
2025-07-03 13:28:57 INFO  [http-nio-8080-exec-8] ACCESS_LOG - IP: 0:0:0:0:0:0:0:1, Method: GET, URL: /api/customers/status, Status: 200, Time: 32 ms, ClientInfo: RemoteUser=12685f8a-d508-45ee-bcfa-1b7b7e5688bb, Headers: sec-ch-ua-platform="Windows", authorization=***HIDDEN***, user-agent=Mozilla/5.0 (Windows NT 10.0; Win64; x64) AppleWebKit/537.36 (KHTML, like Gecko) Chrome/137.0.0.0 Sa..., accept=application/json, text/plain, */*, sec-ch-ua="Google Chrome";v="137", "Chromium";v="137", "Not/A)Brand";v="24", sec-ch-ua-mobile=?0, origin=http://localhost:4200, sec-fetch-site=same-site, sec-fetch-mode=cors, sec-fetch-dest=empty, referer=http://localhost:4200/, accept-encoding=gzip, deflate, br, zstd, accept-language=vi,fr-FR;q=0.9,fr;q=0.8,en-US;q=0.7,en;q=0.6,ar;q=0.5, forwarded=proto=http;host="localhost:8888";for="[0:0:0:0:0:0:0:1]:60040", x-forwarded-for=0:0:0:0:0:0:0:1, x-forwarded-proto=http, x-forwarded-port=8888, x-forwarded-host=localhost:8888, host=localhost:8080, content-length=0
2025-07-03 13:28:58 INFO  [http-nio-8080-exec-7] ACCESS_LOG - IP: 0:0:0:0:0:0:0:1, Method: GET, URL: /api/customers/detail, Status: 200, Time: 18 ms, ClientInfo: RemoteUser=12685f8a-d508-45ee-bcfa-1b7b7e5688bb, Headers: sec-ch-ua-platform="Windows", authorization=***HIDDEN***, user-agent=Mozilla/5.0 (Windows NT 10.0; Win64; x64) AppleWebKit/537.36 (KHTML, like Gecko) Chrome/137.0.0.0 Sa..., accept=application/json, text/plain, */*, sec-ch-ua="Google Chrome";v="137", "Chromium";v="137", "Not/A)Brand";v="24", sec-ch-ua-mobile=?0, origin=http://localhost:4200, sec-fetch-site=same-site, sec-fetch-mode=cors, sec-fetch-dest=empty, referer=http://localhost:4200/, accept-encoding=gzip, deflate, br, zstd, accept-language=vi,fr-FR;q=0.9,fr;q=0.8,en-US;q=0.7,en;q=0.6,ar;q=0.5, forwarded=proto=http;host="localhost:8888";for="[0:0:0:0:0:0:0:1]:60044", x-forwarded-for=0:0:0:0:0:0:0:1, x-forwarded-proto=http, x-forwarded-port=8888, x-forwarded-host=localhost:8888, host=localhost:8080, content-length=0
2025-07-03 13:29:07 INFO  [http-nio-8080-exec-10] ACCESS_LOG - IP: 0:0:0:0:0:0:0:1, Method: GET, URL: /api/customers/list?page=0&size=10&keyword=***HIDDEN***, Status: 200, Time: 36 ms, ClientInfo: RemoteUser=c5a3845b-d61f-4dd4-aa29-f851cf7a3dd8, Headers: sec-ch-ua-platform="Windows", authorization=***HIDDEN***, user-agent=Mozilla/5.0 (Windows NT 10.0; Win64; x64) AppleWebKit/537.36 (KHTML, like Gecko) Chrome/137.0.0.0 Sa..., accept=application/json, text/plain, */*, sec-ch-ua="Google Chrome";v="137", "Chromium";v="137", "Not/A)Brand";v="24", sec-ch-ua-mobile=?0, origin=http://localhost:4200, sec-fetch-site=same-site, sec-fetch-mode=cors, sec-fetch-dest=empty, referer=http://localhost:4200/, accept-encoding=gzip, deflate, br, zstd, accept-language=vi, forwarded=proto=http;host="localhost:8888";for="[0:0:0:0:0:0:0:1]:60063", x-forwarded-for=0:0:0:0:0:0:0:1, x-forwarded-proto=http, x-forwarded-port=8888, x-forwarded-host=localhost:8888, host=localhost:8080, content-length=0
2025-07-03 13:29:07 INFO  [http-nio-8080-exec-1] ACCESS_LOG - IP: 0:0:0:0:0:0:0:1, Method: GET, URL: /api/customers/list?page=0&size=10&keyword=***HIDDEN***, Status: 200, Time: 69 ms, ClientInfo: RemoteUser=c5a3845b-d61f-4dd4-aa29-f851cf7a3dd8, Headers: sec-ch-ua-platform="Windows", authorization=***HIDDEN***, user-agent=Mozilla/5.0 (Windows NT 10.0; Win64; x64) AppleWebKit/537.36 (KHTML, like Gecko) Chrome/137.0.0.0 Sa..., accept=application/json, text/plain, */*, sec-ch-ua="Google Chrome";v="137", "Chromium";v="137", "Not/A)Brand";v="24", sec-ch-ua-mobile=?0, origin=http://localhost:4200, sec-fetch-site=same-site, sec-fetch-mode=cors, sec-fetch-dest=empty, referer=http://localhost:4200/, accept-encoding=gzip, deflate, br, zstd, accept-language=vi, forwarded=proto=http;host="localhost:8888";for="[0:0:0:0:0:0:0:1]:60064", x-forwarded-for=0:0:0:0:0:0:0:1, x-forwarded-proto=http, x-forwarded-port=8888, x-forwarded-host=localhost:8888, host=localhost:8080, content-length=0
2025-07-03 13:29:15 ERROR [http-nio-8080-exec-2] ACCESS_LOG - IP: 0:0:0:0:0:0:0:1, Method: GET, URL: /api/customers/kyc/pending?page=0&size=10&keyword=***HIDDEN***, Status: 500, Time: 14 ms, ClientInfo: RemoteUser=c5a3845b-d61f-4dd4-aa29-f851cf7a3dd8, Headers: sec-ch-ua-platform="Windows", authorization=***HIDDEN***, user-agent=Mozilla/5.0 (Windows NT 10.0; Win64; x64) AppleWebKit/537.36 (KHTML, like Gecko) Chrome/137.0.0.0 Sa..., accept=application/json, text/plain, */*, sec-ch-ua="Google Chrome";v="137", "Chromium";v="137", "Not/A)Brand";v="24", sec-ch-ua-mobile=?0, origin=http://localhost:4200, sec-fetch-site=same-site, sec-fetch-mode=cors, sec-fetch-dest=empty, referer=http://localhost:4200/, accept-encoding=gzip, deflate, br, zstd, accept-language=vi, forwarded=proto=http;host="localhost:8888";for="[0:0:0:0:0:0:0:1]:60070", x-forwarded-for=0:0:0:0:0:0:0:1, x-forwarded-proto=http, x-forwarded-port=8888, x-forwarded-host=localhost:8888, host=localhost:8080, content-length=0
2025-07-03 13:29:15 ERROR [http-nio-8080-exec-3] ACCESS_LOG - IP: 0:0:0:0:0:0:0:1, Method: GET, URL: /api/customers/kyc/pending?page=0&size=10&keyword=***HIDDEN***, Status: 500, Time: 4 ms, ClientInfo: RemoteUser=c5a3845b-d61f-4dd4-aa29-f851cf7a3dd8, Headers: sec-ch-ua-platform="Windows", authorization=***HIDDEN***, user-agent=Mozilla/5.0 (Windows NT 10.0; Win64; x64) AppleWebKit/537.36 (KHTML, like Gecko) Chrome/137.0.0.0 Sa..., accept=application/json, text/plain, */*, sec-ch-ua="Google Chrome";v="137", "Chromium";v="137", "Not/A)Brand";v="24", sec-ch-ua-mobile=?0, origin=http://localhost:4200, sec-fetch-site=same-site, sec-fetch-mode=cors, sec-fetch-dest=empty, referer=http://localhost:4200/, accept-encoding=gzip, deflate, br, zstd, accept-language=vi, forwarded=proto=http;host="localhost:8888";for="[0:0:0:0:0:0:0:1]:60071", x-forwarded-for=0:0:0:0:0:0:0:1, x-forwarded-proto=http, x-forwarded-port=8888, x-forwarded-host=localhost:8888, host=localhost:8080, content-length=0
2025-07-03 13:29:24 INFO  [http-nio-8080-exec-5] ACCESS_LOG - IP: 0:0:0:0:0:0:0:1, Method: GET, URL: /api/customers/list?page=0&size=10&keyword=***HIDDEN***, Status: 200, Time: 44 ms, ClientInfo: RemoteUser=c5a3845b-d61f-4dd4-aa29-f851cf7a3dd8, Headers: sec-ch-ua-platform="Windows", authorization=***HIDDEN***, user-agent=Mozilla/5.0 (Windows NT 10.0; Win64; x64) AppleWebKit/537.36 (KHTML, like Gecko) Chrome/137.0.0.0 Sa..., accept=application/json, text/plain, */*, sec-ch-ua="Google Chrome";v="137", "Chromium";v="137", "Not/A)Brand";v="24", sec-ch-ua-mobile=?0, origin=http://localhost:4200, sec-fetch-site=same-site, sec-fetch-mode=cors, sec-fetch-dest=empty, referer=http://localhost:4200/, accept-encoding=gzip, deflate, br, zstd, accept-language=vi, forwarded=proto=http;host="localhost:8888";for="[0:0:0:0:0:0:0:1]:60074", x-forwarded-for=0:0:0:0:0:0:0:1, x-forwarded-proto=http, x-forwarded-port=8888, x-forwarded-host=localhost:8888, host=localhost:8080, content-length=0
2025-07-03 13:29:24 INFO  [http-nio-8080-exec-4] ACCESS_LOG - IP: 0:0:0:0:0:0:0:1, Method: GET, URL: /api/customers/list?page=0&size=10&keyword=***HIDDEN***, Status: 200, Time: 42 ms, ClientInfo: RemoteUser=c5a3845b-d61f-4dd4-aa29-f851cf7a3dd8, Headers: sec-ch-ua-platform="Windows", authorization=***HIDDEN***, user-agent=Mozilla/5.0 (Windows NT 10.0; Win64; x64) AppleWebKit/537.36 (KHTML, like Gecko) Chrome/137.0.0.0 Sa..., accept=application/json, text/plain, */*, sec-ch-ua="Google Chrome";v="137", "Chromium";v="137", "Not/A)Brand";v="24", sec-ch-ua-mobile=?0, origin=http://localhost:4200, sec-fetch-site=same-site, sec-fetch-mode=cors, sec-fetch-dest=empty, referer=http://localhost:4200/, accept-encoding=gzip, deflate, br, zstd, accept-language=vi, forwarded=proto=http;host="localhost:8888";for="[0:0:0:0:0:0:0:1]:60073", x-forwarded-for=0:0:0:0:0:0:0:1, x-forwarded-proto=http, x-forwarded-port=8888, x-forwarded-host=localhost:8888, host=localhost:8080, content-length=0
2025-07-03 13:29:29 INFO  [http-nio-8080-exec-9] ACCESS_LOG - IP: 0:0:0:0:0:0:0:1, Method: GET, URL: /api/customers/detail/9704520178720, Status: 200, Time: 64 ms, ClientInfo: RemoteUser=c5a3845b-d61f-4dd4-aa29-f851cf7a3dd8, Headers: sec-ch-ua-platform="Windows", authorization=***HIDDEN***, user-agent=Mozilla/5.0 (Windows NT 10.0; Win64; x64) AppleWebKit/537.36 (KHTML, like Gecko) Chrome/137.0.0.0 Sa..., accept=application/json, text/plain, */*, sec-ch-ua="Google Chrome";v="137", "Chromium";v="137", "Not/A)Brand";v="24", sec-ch-ua-mobile=?0, origin=http://localhost:4200, sec-fetch-site=same-site, sec-fetch-mode=cors, sec-fetch-dest=empty, referer=http://localhost:4200/, accept-encoding=gzip, deflate, br, zstd, accept-language=vi, forwarded=proto=http;host="localhost:8888";for="[0:0:0:0:0:0:0:1]:60079", x-forwarded-for=0:0:0:0:0:0:0:1, x-forwarded-proto=http, x-forwarded-port=8888, x-forwarded-host=localhost:8888, host=localhost:8080, content-length=0
2025-07-03 13:29:31 INFO  [http-nio-8080-exec-6] ACCESS_LOG - IP: 0:0:0:0:0:0:0:1, Method: GET, URL: /api/customers/list?page=0&size=10&keyword=***HIDDEN***, Status: 200, Time: 33 ms, ClientInfo: RemoteUser=c5a3845b-d61f-4dd4-aa29-f851cf7a3dd8, Headers: sec-ch-ua-platform="Windows", authorization=***HIDDEN***, user-agent=Mozilla/5.0 (Windows NT 10.0; Win64; x64) AppleWebKit/537.36 (KHTML, like Gecko) Chrome/137.0.0.0 Sa..., accept=application/json, text/plain, */*, sec-ch-ua="Google Chrome";v="137", "Chromium";v="137", "Not/A)Brand";v="24", sec-ch-ua-mobile=?0, origin=http://localhost:4200, sec-fetch-site=same-site, sec-fetch-mode=cors, sec-fetch-dest=empty, referer=http://localhost:4200/, accept-encoding=gzip, deflate, br, zstd, accept-language=vi, forwarded=proto=http;host="localhost:8888";for="[0:0:0:0:0:0:0:1]:60079", x-forwarded-for=0:0:0:0:0:0:0:1, x-forwarded-proto=http, x-forwarded-port=8888, x-forwarded-host=localhost:8888, host=localhost:8080, content-length=0
2025-07-03 13:29:31 INFO  [http-nio-8080-exec-8] ACCESS_LOG - IP: 0:0:0:0:0:0:0:1, Method: GET, URL: /api/customers/list?page=0&size=10&keyword=***HIDDEN***, Status: 200, Time: 36 ms, ClientInfo: RemoteUser=c5a3845b-d61f-4dd4-aa29-f851cf7a3dd8, Headers: sec-ch-ua-platform="Windows", authorization=***HIDDEN***, user-agent=Mozilla/5.0 (Windows NT 10.0; Win64; x64) AppleWebKit/537.36 (KHTML, like Gecko) Chrome/137.0.0.0 Sa..., accept=application/json, text/plain, */*, sec-ch-ua="Google Chrome";v="137", "Chromium";v="137", "Not/A)Brand";v="24", sec-ch-ua-mobile=?0, origin=http://localhost:4200, sec-fetch-site=same-site, sec-fetch-mode=cors, sec-fetch-dest=empty, referer=http://localhost:4200/, accept-encoding=gzip, deflate, br, zstd, accept-language=vi, forwarded=proto=http;host="localhost:8888";for="[0:0:0:0:0:0:0:1]:60083", x-forwarded-for=0:0:0:0:0:0:0:1, x-forwarded-proto=http, x-forwarded-port=8888, x-forwarded-host=localhost:8888, host=localhost:8080, content-length=0
2025-07-03 13:29:37 INFO  [http-nio-8080-exec-7] ACCESS_LOG - IP: 0:0:0:0:0:0:0:1, Method: GET, URL: /api/customers/list?page=0&size=10&keyword=***HIDDEN***, Status: 200, Time: 33 ms, ClientInfo: RemoteUser=c5a3845b-d61f-4dd4-aa29-f851cf7a3dd8, Headers: sec-ch-ua-platform="Windows", authorization=***HIDDEN***, user-agent=Mozilla/5.0 (Windows NT 10.0; Win64; x64) AppleWebKit/537.36 (KHTML, like Gecko) Chrome/137.0.0.0 Sa..., accept=application/json, text/plain, */*, sec-ch-ua="Google Chrome";v="137", "Chromium";v="137", "Not/A)Brand";v="24", sec-ch-ua-mobile=?0, origin=http://localhost:4200, sec-fetch-site=same-site, sec-fetch-mode=cors, sec-fetch-dest=empty, referer=http://localhost:4200/, accept-encoding=gzip, deflate, br, zstd, accept-language=vi, forwarded=proto=http;host="localhost:8888";for="[0:0:0:0:0:0:0:1]:60086", x-forwarded-for=0:0:0:0:0:0:0:1, x-forwarded-proto=http, x-forwarded-port=8888, x-forwarded-host=localhost:8888, host=localhost:8080, content-length=0
2025-07-03 13:29:37 INFO  [http-nio-8080-exec-10] ACCESS_LOG - IP: 0:0:0:0:0:0:0:1, Method: GET, URL: /api/customers/list?page=0&size=10&keyword=***HIDDEN***, Status: 200, Time: 51 ms, ClientInfo: RemoteUser=c5a3845b-d61f-4dd4-aa29-f851cf7a3dd8, Headers: sec-ch-ua-platform="Windows", authorization=***HIDDEN***, user-agent=Mozilla/5.0 (Windows NT 10.0; Win64; x64) AppleWebKit/537.36 (KHTML, like Gecko) Chrome/137.0.0.0 Sa..., accept=application/json, text/plain, */*, sec-ch-ua="Google Chrome";v="137", "Chromium";v="137", "Not/A)Brand";v="24", sec-ch-ua-mobile=?0, origin=http://localhost:4200, sec-fetch-site=same-site, sec-fetch-mode=cors, sec-fetch-dest=empty, referer=http://localhost:4200/, accept-encoding=gzip, deflate, br, zstd, accept-language=vi, forwarded=proto=http;host="localhost:8888";for="[0:0:0:0:0:0:0:1]:60087", x-forwarded-for=0:0:0:0:0:0:0:1, x-forwarded-proto=http, x-forwarded-port=8888, x-forwarded-host=localhost:8888, host=localhost:8080, content-length=0
2025-07-03 13:29:40 ERROR [http-nio-8080-exec-1] ACCESS_LOG - IP: 0:0:0:0:0:0:0:1, Method: GET, URL: /api/customers/kyc/statistics?startDate=2025-06-03&endDate=2025-07-03, Status: 500, Time: 6 ms, ClientInfo: RemoteUser=c5a3845b-d61f-4dd4-aa29-f851cf7a3dd8, Headers: sec-ch-ua-platform="Windows", authorization=***HIDDEN***, user-agent=Mozilla/5.0 (Windows NT 10.0; Win64; x64) AppleWebKit/537.36 (KHTML, like Gecko) Chrome/137.0.0.0 Sa..., accept=application/json, text/plain, */*, sec-ch-ua="Google Chrome";v="137", "Chromium";v="137", "Not/A)Brand";v="24", sec-ch-ua-mobile=?0, origin=http://localhost:4200, sec-fetch-site=same-site, sec-fetch-mode=cors, sec-fetch-dest=empty, referer=http://localhost:4200/, accept-encoding=gzip, deflate, br, zstd, accept-language=vi, forwarded=proto=http;host="localhost:8888";for="[0:0:0:0:0:0:0:1]:60086", x-forwarded-for=0:0:0:0:0:0:0:1, x-forwarded-proto=http, x-forwarded-port=8888, x-forwarded-host=localhost:8888, host=localhost:8080, content-length=0
2025-07-03 13:29:40 ERROR [http-nio-8080-exec-2] ACCESS_LOG - IP: 0:0:0:0:0:0:0:1, Method: GET, URL: /api/customers/growth?startDate=2025-06-03&endDate=2025-07-03, Status: 500, Time: 4 ms, ClientInfo: RemoteUser=c5a3845b-d61f-4dd4-aa29-f851cf7a3dd8, Headers: sec-ch-ua-platform="Windows", authorization=***HIDDEN***, user-agent=Mozilla/5.0 (Windows NT 10.0; Win64; x64) AppleWebKit/537.36 (KHTML, like Gecko) Chrome/137.0.0.0 Sa..., accept=application/json, text/plain, */*, sec-ch-ua="Google Chrome";v="137", "Chromium";v="137", "Not/A)Brand";v="24", sec-ch-ua-mobile=?0, origin=http://localhost:4200, sec-fetch-site=same-site, sec-fetch-mode=cors, sec-fetch-dest=empty, referer=http://localhost:4200/, accept-encoding=gzip, deflate, br, zstd, accept-language=vi, forwarded=proto=http;host="localhost:8888";for="[0:0:0:0:0:0:0:1]:60087", x-forwarded-for=0:0:0:0:0:0:0:1, x-forwarded-proto=http, x-forwarded-port=8888, x-forwarded-host=localhost:8888, host=localhost:8080, content-length=0
2025-07-03 13:30:04 ERROR [http-nio-8080-exec-3] ACCESS_LOG - IP: 0:0:0:0:0:0:0:1, Method: GET, URL: /api/customers/kyc/statistics?startDate=2025-06-03&endDate=2025-07-03, Status: 500, Time: 6 ms, ClientInfo: RemoteUser=c5a3845b-d61f-4dd4-aa29-f851cf7a3dd8, Headers: sec-ch-ua-platform="Windows", authorization=***HIDDEN***, user-agent=Mozilla/5.0 (Windows NT 10.0; Win64; x64) AppleWebKit/537.36 (KHTML, like Gecko) Chrome/137.0.0.0 Sa..., accept=application/json, text/plain, */*, sec-ch-ua="Google Chrome";v="137", "Chromium";v="137", "Not/A)Brand";v="24", sec-ch-ua-mobile=?0, origin=http://localhost:4200, sec-fetch-site=same-site, sec-fetch-mode=cors, sec-fetch-dest=empty, referer=http://localhost:4200/, accept-encoding=gzip, deflate, br, zstd, accept-language=vi, forwarded=proto=http;host="localhost:8888";for="[0:0:0:0:0:0:0:1]:60139", x-forwarded-for=0:0:0:0:0:0:0:1, x-forwarded-proto=http, x-forwarded-port=8888, x-forwarded-host=localhost:8888, host=localhost:8080, content-length=0
2025-07-03 13:30:04 ERROR [http-nio-8080-exec-5] ACCESS_LOG - IP: 0:0:0:0:0:0:0:1, Method: GET, URL: /api/customers/growth?startDate=2025-06-03&endDate=2025-07-03, Status: 500, Time: 4 ms, ClientInfo: RemoteUser=c5a3845b-d61f-4dd4-aa29-f851cf7a3dd8, Headers: sec-ch-ua-platform="Windows", authorization=***HIDDEN***, user-agent=Mozilla/5.0 (Windows NT 10.0; Win64; x64) AppleWebKit/537.36 (KHTML, like Gecko) Chrome/137.0.0.0 Sa..., accept=application/json, text/plain, */*, sec-ch-ua="Google Chrome";v="137", "Chromium";v="137", "Not/A)Brand";v="24", sec-ch-ua-mobile=?0, origin=http://localhost:4200, sec-fetch-site=same-site, sec-fetch-mode=cors, sec-fetch-dest=empty, referer=http://localhost:4200/, accept-encoding=gzip, deflate, br, zstd, accept-language=vi, forwarded=proto=http;host="localhost:8888";for="[0:0:0:0:0:0:0:1]:60140", x-forwarded-for=0:0:0:0:0:0:0:1, x-forwarded-proto=http, x-forwarded-port=8888, x-forwarded-host=localhost:8888, host=localhost:8080, content-length=0
2025-07-03 13:30:04 INFO  [http-nio-8080-exec-4] ACCESS_LOG - IP: 0:0:0:0:0:0:0:1, Method: GET, URL: /api/customers/status, Status: 200, Time: 17 ms, ClientInfo: RemoteUser=12685f8a-d508-45ee-bcfa-1b7b7e5688bb, Headers: sec-ch-ua-platform="Windows", authorization=***HIDDEN***, user-agent=Mozilla/5.0 (Windows NT 10.0; Win64; x64) AppleWebKit/537.36 (KHTML, like Gecko) Chrome/137.0.0.0 Sa..., accept=application/json, text/plain, */*, sec-ch-ua="Google Chrome";v="137", "Chromium";v="137", "Not/A)Brand";v="24", sec-ch-ua-mobile=?0, origin=http://localhost:4200, sec-fetch-site=same-site, sec-fetch-mode=cors, sec-fetch-dest=empty, referer=http://localhost:4200/, accept-encoding=gzip, deflate, br, zstd, accept-language=vi,fr-FR;q=0.9,fr;q=0.8,en-US;q=0.7,en;q=0.6,ar;q=0.5, forwarded=proto=http;host="localhost:8888";for="[0:0:0:0:0:0:0:1]:60143", x-forwarded-for=0:0:0:0:0:0:0:1, x-forwarded-proto=http, x-forwarded-port=8888, x-forwarded-host=localhost:8888, host=localhost:8080, content-length=0
2025-07-03 13:30:04 INFO  [http-nio-8080-exec-9] ACCESS_LOG - IP: 0:0:0:0:0:0:0:1, Method: GET, URL: /api/customers/detail, Status: 200, Time: 10 ms, ClientInfo: RemoteUser=12685f8a-d508-45ee-bcfa-1b7b7e5688bb, Headers: sec-ch-ua-platform="Windows", authorization=***HIDDEN***, user-agent=Mozilla/5.0 (Windows NT 10.0; Win64; x64) AppleWebKit/537.36 (KHTML, like Gecko) Chrome/137.0.0.0 Sa..., accept=application/json, text/plain, */*, sec-ch-ua="Google Chrome";v="137", "Chromium";v="137", "Not/A)Brand";v="24", sec-ch-ua-mobile=?0, origin=http://localhost:4200, sec-fetch-site=same-site, sec-fetch-mode=cors, sec-fetch-dest=empty, referer=http://localhost:4200/, accept-encoding=gzip, deflate, br, zstd, accept-language=vi,fr-FR;q=0.9,fr;q=0.8,en-US;q=0.7,en;q=0.6,ar;q=0.5, forwarded=proto=http;host="localhost:8888";for="[0:0:0:0:0:0:0:1]:60146", x-forwarded-for=0:0:0:0:0:0:0:1, x-forwarded-proto=http, x-forwarded-port=8888, x-forwarded-host=localhost:8888, host=localhost:8080, content-length=0
2025-07-03 13:30:26 INFO  [http-nio-8080-exec-6] ACCESS_LOG - IP: 0:0:0:0:0:0:0:1, Method: GET, URL: /api/customers/list?page=0&size=10&keyword=***HIDDEN***, Status: 200, Time: 31 ms, ClientInfo: RemoteUser=c5a3845b-d61f-4dd4-aa29-f851cf7a3dd8, Headers: sec-ch-ua-platform="Windows", authorization=***HIDDEN***, user-agent=Mozilla/5.0 (Windows NT 10.0; Win64; x64) AppleWebKit/537.36 (KHTML, like Gecko) Chrome/137.0.0.0 Sa..., accept=application/json, text/plain, */*, sec-ch-ua="Google Chrome";v="137", "Chromium";v="137", "Not/A)Brand";v="24", sec-ch-ua-mobile=?0, origin=http://localhost:4200, sec-fetch-site=same-site, sec-fetch-mode=cors, sec-fetch-dest=empty, referer=http://localhost:4200/, accept-encoding=gzip, deflate, br, zstd, accept-language=vi, forwarded=proto=http;host="localhost:8888";for="[0:0:0:0:0:0:0:1]:60162", x-forwarded-for=0:0:0:0:0:0:0:1, x-forwarded-proto=http, x-forwarded-port=8888, x-forwarded-host=localhost:8888, host=localhost:8080, content-length=0
2025-07-03 13:30:26 INFO  [http-nio-8080-exec-8] ACCESS_LOG - IP: 0:0:0:0:0:0:0:1, Method: GET, URL: /api/customers/list?page=0&size=10&keyword=***HIDDEN***, Status: 200, Time: 36 ms, ClientInfo: RemoteUser=c5a3845b-d61f-4dd4-aa29-f851cf7a3dd8, Headers: sec-ch-ua-platform="Windows", authorization=***HIDDEN***, user-agent=Mozilla/5.0 (Windows NT 10.0; Win64; x64) AppleWebKit/537.36 (KHTML, like Gecko) Chrome/137.0.0.0 Sa..., accept=application/json, text/plain, */*, sec-ch-ua="Google Chrome";v="137", "Chromium";v="137", "Not/A)Brand";v="24", sec-ch-ua-mobile=?0, origin=http://localhost:4200, sec-fetch-site=same-site, sec-fetch-mode=cors, sec-fetch-dest=empty, referer=http://localhost:4200/, accept-encoding=gzip, deflate, br, zstd, accept-language=vi, forwarded=proto=http;host="localhost:8888";for="[0:0:0:0:0:0:0:1]:60163", x-forwarded-for=0:0:0:0:0:0:0:1, x-forwarded-proto=http, x-forwarded-port=8888, x-forwarded-host=localhost:8888, host=localhost:8080, content-length=0
2025-07-03 13:30:40 INFO  [http-nio-8080-exec-7] ACCESS_LOG - IP: 0:0:0:0:0:0:0:1, Method: GET, URL: /api/customers/list?page=0&size=10&keyword=***HIDDEN***, Status: 200, Time: 28 ms, ClientInfo: RemoteUser=c5a3845b-d61f-4dd4-aa29-f851cf7a3dd8, Headers: sec-ch-ua-platform="Windows", authorization=***HIDDEN***, user-agent=Mozilla/5.0 (Windows NT 10.0; Win64; x64) AppleWebKit/537.36 (KHTML, like Gecko) Chrome/137.0.0.0 Sa..., accept=application/json, text/plain, */*, sec-ch-ua="Google Chrome";v="137", "Chromium";v="137", "Not/A)Brand";v="24", sec-ch-ua-mobile=?0, origin=http://localhost:4200, sec-fetch-site=same-site, sec-fetch-mode=cors, sec-fetch-dest=empty, referer=http://localhost:4200/, accept-encoding=gzip, deflate, br, zstd, accept-language=vi, forwarded=proto=http;host="localhost:8888";for="[0:0:0:0:0:0:0:1]:60169", x-forwarded-for=0:0:0:0:0:0:0:1, x-forwarded-proto=http, x-forwarded-port=8888, x-forwarded-host=localhost:8888, host=localhost:8080, content-length=0
2025-07-03 13:30:40 INFO  [http-nio-8080-exec-10] ACCESS_LOG - IP: 0:0:0:0:0:0:0:1, Method: GET, URL: /api/customers/list?page=0&size=10&keyword=***HIDDEN***, Status: 200, Time: 36 ms, ClientInfo: RemoteUser=c5a3845b-d61f-4dd4-aa29-f851cf7a3dd8, Headers: sec-ch-ua-platform="Windows", authorization=***HIDDEN***, user-agent=Mozilla/5.0 (Windows NT 10.0; Win64; x64) AppleWebKit/537.36 (KHTML, like Gecko) Chrome/137.0.0.0 Sa..., accept=application/json, text/plain, */*, sec-ch-ua="Google Chrome";v="137", "Chromium";v="137", "Not/A)Brand";v="24", sec-ch-ua-mobile=?0, origin=http://localhost:4200, sec-fetch-site=same-site, sec-fetch-mode=cors, sec-fetch-dest=empty, referer=http://localhost:4200/, accept-encoding=gzip, deflate, br, zstd, accept-language=vi, forwarded=proto=http;host="localhost:8888";for="[0:0:0:0:0:0:0:1]:60168", x-forwarded-for=0:0:0:0:0:0:0:1, x-forwarded-proto=http, x-forwarded-port=8888, x-forwarded-host=localhost:8888, host=localhost:8080, content-length=0
2025-07-03 13:31:03 INFO  [http-nio-8080-exec-1] ACCESS_LOG - IP: 0:0:0:0:0:0:0:1, Method: GET, URL: /api/customers/status, Status: 200, Time: 17 ms, ClientInfo: RemoteUser=12685f8a-d508-45ee-bcfa-1b7b7e5688bb, Headers: sec-ch-ua-platform="Windows", authorization=***HIDDEN***, user-agent=Mozilla/5.0 (Windows NT 10.0; Win64; x64) AppleWebKit/537.36 (KHTML, like Gecko) Chrome/137.0.0.0 Sa..., accept=application/json, text/plain, */*, sec-ch-ua="Google Chrome";v="137", "Chromium";v="137", "Not/A)Brand";v="24", sec-ch-ua-mobile=?0, origin=http://localhost:4200, sec-fetch-site=same-site, sec-fetch-mode=cors, sec-fetch-dest=empty, referer=http://localhost:4200/, accept-encoding=gzip, deflate, br, zstd, accept-language=vi,fr-FR;q=0.9,fr;q=0.8,en-US;q=0.7,en;q=0.6,ar;q=0.5, forwarded=proto=http;host="localhost:8888";for="[0:0:0:0:0:0:0:1]:60227", x-forwarded-for=0:0:0:0:0:0:0:1, x-forwarded-proto=http, x-forwarded-port=8888, x-forwarded-host=localhost:8888, host=localhost:8080, content-length=0
2025-07-03 13:31:04 INFO  [http-nio-8080-exec-2] ACCESS_LOG - IP: 0:0:0:0:0:0:0:1, Method: GET, URL: /api/customers/detail, Status: 200, Time: 15 ms, ClientInfo: RemoteUser=12685f8a-d508-45ee-bcfa-1b7b7e5688bb, Headers: sec-ch-ua-platform="Windows", authorization=***HIDDEN***, user-agent=Mozilla/5.0 (Windows NT 10.0; Win64; x64) AppleWebKit/537.36 (KHTML, like Gecko) Chrome/137.0.0.0 Sa..., accept=application/json, text/plain, */*, sec-ch-ua="Google Chrome";v="137", "Chromium";v="137", "Not/A)Brand";v="24", sec-ch-ua-mobile=?0, origin=http://localhost:4200, sec-fetch-site=same-site, sec-fetch-mode=cors, sec-fetch-dest=empty, referer=http://localhost:4200/, accept-encoding=gzip, deflate, br, zstd, accept-language=vi,fr-FR;q=0.9,fr;q=0.8,en-US;q=0.7,en;q=0.6,ar;q=0.5, forwarded=proto=http;host="localhost:8888";for="[0:0:0:0:0:0:0:1]:60228", x-forwarded-for=0:0:0:0:0:0:0:1, x-forwarded-proto=http, x-forwarded-port=8888, x-forwarded-host=localhost:8888, host=localhost:8080, content-length=0
2025-07-03 13:31:45 INFO  [http-nio-8080-exec-5] ACCESS_LOG - IP: 0:0:0:0:0:0:0:1, Method: GET, URL: /api/customers/status, Status: 200, Time: 19 ms, ClientInfo: RemoteUser=12685f8a-d508-45ee-bcfa-1b7b7e5688bb, Headers: sec-ch-ua-platform="Windows", authorization=***HIDDEN***, user-agent=Mozilla/5.0 (Windows NT 10.0; Win64; x64) AppleWebKit/537.36 (KHTML, like Gecko) Chrome/137.0.0.0 Sa..., accept=application/json, text/plain, */*, sec-ch-ua="Google Chrome";v="137", "Chromium";v="137", "Not/A)Brand";v="24", sec-ch-ua-mobile=?0, origin=http://localhost:4200, sec-fetch-site=same-site, sec-fetch-mode=cors, sec-fetch-dest=empty, referer=http://localhost:4200/, accept-encoding=gzip, deflate, br, zstd, accept-language=vi,fr-FR;q=0.9,fr;q=0.8,en-US;q=0.7,en;q=0.6,ar;q=0.5, forwarded=proto=http;host="localhost:8888";for="[0:0:0:0:0:0:0:1]:60269", x-forwarded-for=0:0:0:0:0:0:0:1, x-forwarded-proto=http, x-forwarded-port=8888, x-forwarded-host=localhost:8888, host=localhost:8080, content-length=0
2025-07-03 13:31:45 INFO  [http-nio-8080-exec-3] ACCESS_LOG - IP: 0:0:0:0:0:0:0:1, Method: GET, URL: /api/customers/detail, Status: 200, Time: 14 ms, ClientInfo: RemoteUser=12685f8a-d508-45ee-bcfa-1b7b7e5688bb, Headers: sec-ch-ua-platform="Windows", authorization=***HIDDEN***, user-agent=Mozilla/5.0 (Windows NT 10.0; Win64; x64) AppleWebKit/537.36 (KHTML, like Gecko) Chrome/137.0.0.0 Sa..., accept=application/json, text/plain, */*, sec-ch-ua="Google Chrome";v="137", "Chromium";v="137", "Not/A)Brand";v="24", sec-ch-ua-mobile=?0, origin=http://localhost:4200, sec-fetch-site=same-site, sec-fetch-mode=cors, sec-fetch-dest=empty, referer=http://localhost:4200/, accept-encoding=gzip, deflate, br, zstd, accept-language=vi,fr-FR;q=0.9,fr;q=0.8,en-US;q=0.7,en;q=0.6,ar;q=0.5, forwarded=proto=http;host="localhost:8888";for="[0:0:0:0:0:0:0:1]:60271", x-forwarded-for=0:0:0:0:0:0:0:1, x-forwarded-proto=http, x-forwarded-port=8888, x-forwarded-host=localhost:8888, host=localhost:8080, content-length=0
2025-07-03 13:31:51 INFO  [http-nio-8080-exec-4] ACCESS_LOG - IP: 0:0:0:0:0:0:0:1, Method: GET, URL: /api/customers/status, Status: 200, Time: 16 ms, ClientInfo: RemoteUser=12685f8a-d508-45ee-bcfa-1b7b7e5688bb, Headers: sec-ch-ua-platform="Windows", authorization=***HIDDEN***, user-agent=Mozilla/5.0 (Windows NT 10.0; Win64; x64) AppleWebKit/537.36 (KHTML, like Gecko) Chrome/137.0.0.0 Sa..., accept=application/json, text/plain, */*, sec-ch-ua="Google Chrome";v="137", "Chromium";v="137", "Not/A)Brand";v="24", sec-ch-ua-mobile=?0, origin=http://localhost:4200, sec-fetch-site=same-site, sec-fetch-mode=cors, sec-fetch-dest=empty, referer=http://localhost:4200/, accept-encoding=gzip, deflate, br, zstd, accept-language=vi,fr-FR;q=0.9,fr;q=0.8,en-US;q=0.7,en;q=0.6,ar;q=0.5, forwarded=proto=http;host="localhost:8888";for="[0:0:0:0:0:0:0:1]:60289", x-forwarded-for=0:0:0:0:0:0:0:1, x-forwarded-proto=http, x-forwarded-port=8888, x-forwarded-host=localhost:8888, host=localhost:8080, content-length=0
2025-07-03 13:31:51 INFO  [http-nio-8080-exec-9] ACCESS_LOG - IP: 0:0:0:0:0:0:0:1, Method: GET, URL: /api/customers/detail, Status: 200, Time: 13 ms, ClientInfo: RemoteUser=12685f8a-d508-45ee-bcfa-1b7b7e5688bb, Headers: sec-ch-ua-platform="Windows", authorization=***HIDDEN***, user-agent=Mozilla/5.0 (Windows NT 10.0; Win64; x64) AppleWebKit/537.36 (KHTML, like Gecko) Chrome/137.0.0.0 Sa..., accept=application/json, text/plain, */*, sec-ch-ua="Google Chrome";v="137", "Chromium";v="137", "Not/A)Brand";v="24", sec-ch-ua-mobile=?0, origin=http://localhost:4200, sec-fetch-site=same-site, sec-fetch-mode=cors, sec-fetch-dest=empty, referer=http://localhost:4200/, accept-encoding=gzip, deflate, br, zstd, accept-language=vi,fr-FR;q=0.9,fr;q=0.8,en-US;q=0.7,en;q=0.6,ar;q=0.5, forwarded=proto=http;host="localhost:8888";for="[0:0:0:0:0:0:0:1]:60290", x-forwarded-for=0:0:0:0:0:0:0:1, x-forwarded-proto=http, x-forwarded-port=8888, x-forwarded-host=localhost:8888, host=localhost:8080, content-length=0
2025-07-03 13:40:04 INFO  [http-nio-8080-exec-8] ACCESS_LOG - IP: 0:0:0:0:0:0:0:1, Method: GET, URL: /api/customers/status, Status: 200, Time: 369 ms, ClientInfo: RemoteUser=12685f8a-d508-45ee-bcfa-1b7b7e5688bb, Headers: sec-ch-ua-platform="Windows", authorization=***HIDDEN***, user-agent=Mozilla/5.0 (Windows NT 10.0; Win64; x64) AppleWebKit/537.36 (KHTML, like Gecko) Chrome/137.0.0.0 Sa..., accept=application/json, text/plain, */*, sec-ch-ua="Google Chrome";v="137", "Chromium";v="137", "Not/A)Brand";v="24", sec-ch-ua-mobile=?0, origin=http://localhost:4200, sec-fetch-site=same-site, sec-fetch-mode=cors, sec-fetch-dest=empty, referer=http://localhost:4200/, accept-encoding=gzip, deflate, br, zstd, accept-language=vi,fr-FR;q=0.9,fr;q=0.8,en-US;q=0.7,en;q=0.6,ar;q=0.5, forwarded=proto=http;host="localhost:8888";for="[0:0:0:0:0:0:0:1]:61237", x-forwarded-for=0:0:0:0:0:0:0:1, x-forwarded-proto=http, x-forwarded-port=8888, x-forwarded-host=localhost:8888, host=localhost:8080, content-length=0
2025-07-03 13:40:05 INFO  [http-nio-8080-exec-7] ACCESS_LOG - IP: 0:0:0:0:0:0:0:1, Method: GET, URL: /api/customers/detail, Status: 200, Time: 25 ms, ClientInfo: RemoteUser=12685f8a-d508-45ee-bcfa-1b7b7e5688bb, Headers: sec-ch-ua-platform="Windows", authorization=***HIDDEN***, user-agent=Mozilla/5.0 (Windows NT 10.0; Win64; x64) AppleWebKit/537.36 (KHTML, like Gecko) Chrome/137.0.0.0 Sa..., accept=application/json, text/plain, */*, sec-ch-ua="Google Chrome";v="137", "Chromium";v="137", "Not/A)Brand";v="24", sec-ch-ua-mobile=?0, origin=http://localhost:4200, sec-fetch-site=same-site, sec-fetch-mode=cors, sec-fetch-dest=empty, referer=http://localhost:4200/, accept-encoding=gzip, deflate, br, zstd, accept-language=vi,fr-FR;q=0.9,fr;q=0.8,en-US;q=0.7,en;q=0.6,ar;q=0.5, forwarded=proto=http;host="localhost:8888";for="[0:0:0:0:0:0:0:1]:61247", x-forwarded-for=0:0:0:0:0:0:0:1, x-forwarded-proto=http, x-forwarded-port=8888, x-forwarded-host=localhost:8888, host=localhost:8080, content-length=0
2025-07-03 13:43:41 INFO  [http-nio-8080-exec-1] ACCESS_LOG - IP: 0:0:0:0:0:0:0:1, Method: GET, URL: /api/customers/status, Status: 200, Time: 469 ms, ClientInfo: RemoteUser=12685f8a-d508-45ee-bcfa-1b7b7e5688bb, Headers: sec-ch-ua-platform="Windows", authorization=***HIDDEN***, user-agent=Mozilla/5.0 (Windows NT 10.0; Win64; x64) AppleWebKit/537.36 (KHTML, like Gecko) Chrome/137.0.0.0 Sa..., accept=application/json, text/plain, */*, sec-ch-ua="Google Chrome";v="137", "Chromium";v="137", "Not/A)Brand";v="24", sec-ch-ua-mobile=?0, origin=http://localhost:4200, sec-fetch-site=same-site, sec-fetch-mode=cors, sec-fetch-dest=empty, referer=http://localhost:4200/, accept-encoding=gzip, deflate, br, zstd, accept-language=vi,fr-FR;q=0.9,fr;q=0.8,en-US;q=0.7,en;q=0.6,ar;q=0.5, forwarded=proto=http;host="localhost:8888";for="[0:0:0:0:0:0:0:1]:61304", x-forwarded-for=0:0:0:0:0:0:0:1, x-forwarded-proto=http, x-forwarded-port=8888, x-forwarded-host=localhost:8888, host=localhost:8080, content-length=0
2025-07-03 13:43:41 INFO  [http-nio-8080-exec-2] ACCESS_LOG - IP: 0:0:0:0:0:0:0:1, Method: GET, URL: /api/customers/detail, Status: 200, Time: 53 ms, ClientInfo: RemoteUser=12685f8a-d508-45ee-bcfa-1b7b7e5688bb, Headers: sec-ch-ua-platform="Windows", authorization=***HIDDEN***, user-agent=Mozilla/5.0 (Windows NT 10.0; Win64; x64) AppleWebKit/537.36 (KHTML, like Gecko) Chrome/137.0.0.0 Sa..., accept=application/json, text/plain, */*, sec-ch-ua="Google Chrome";v="137", "Chromium";v="137", "Not/A)Brand";v="24", sec-ch-ua-mobile=?0, origin=http://localhost:4200, sec-fetch-site=same-site, sec-fetch-mode=cors, sec-fetch-dest=empty, referer=http://localhost:4200/, accept-encoding=gzip, deflate, br, zstd, accept-language=vi,fr-FR;q=0.9,fr;q=0.8,en-US;q=0.7,en;q=0.6,ar;q=0.5, forwarded=proto=http;host="localhost:8888";for="[0:0:0:0:0:0:0:1]:61319", x-forwarded-for=0:0:0:0:0:0:0:1, x-forwarded-proto=http, x-forwarded-port=8888, x-forwarded-host=localhost:8888, host=localhost:8080, content-length=0
2025-07-03 13:43:48 INFO  [http-nio-8080-exec-5] ACCESS_LOG - IP: 0:0:0:0:0:0:0:1, Method: GET, URL: /api/customers/status, Status: 200, Time: 26 ms, ClientInfo: RemoteUser=12685f8a-d508-45ee-bcfa-1b7b7e5688bb, Headers: sec-ch-ua-platform="Windows", authorization=***HIDDEN***, user-agent=Mozilla/5.0 (Windows NT 10.0; Win64; x64) AppleWebKit/537.36 (KHTML, like Gecko) Chrome/137.0.0.0 Sa..., accept=application/json, text/plain, */*, sec-ch-ua="Google Chrome";v="137", "Chromium";v="137", "Not/A)Brand";v="24", sec-ch-ua-mobile=?0, origin=http://localhost:4200, sec-fetch-site=same-site, sec-fetch-mode=cors, sec-fetch-dest=empty, referer=http://localhost:4200/, accept-encoding=gzip, deflate, br, zstd, accept-language=vi,fr-FR;q=0.9,fr;q=0.8,en-US;q=0.7,en;q=0.6,ar;q=0.5, forwarded=proto=http;host="localhost:8888";for="[0:0:0:0:0:0:0:1]:61353", x-forwarded-for=0:0:0:0:0:0:0:1, x-forwarded-proto=http, x-forwarded-port=8888, x-forwarded-host=localhost:8888, host=localhost:8080, content-length=0
2025-07-03 13:43:48 INFO  [http-nio-8080-exec-3] ACCESS_LOG - IP: 0:0:0:0:0:0:0:1, Method: GET, URL: /api/customers/detail, Status: 200, Time: 19 ms, ClientInfo: RemoteUser=12685f8a-d508-45ee-bcfa-1b7b7e5688bb, Headers: sec-ch-ua-platform="Windows", authorization=***HIDDEN***, user-agent=Mozilla/5.0 (Windows NT 10.0; Win64; x64) AppleWebKit/537.36 (KHTML, like Gecko) Chrome/137.0.0.0 Sa..., accept=application/json, text/plain, */*, sec-ch-ua="Google Chrome";v="137", "Chromium";v="137", "Not/A)Brand";v="24", sec-ch-ua-mobile=?0, origin=http://localhost:4200, sec-fetch-site=same-site, sec-fetch-mode=cors, sec-fetch-dest=empty, referer=http://localhost:4200/, accept-encoding=gzip, deflate, br, zstd, accept-language=vi,fr-FR;q=0.9,fr;q=0.8,en-US;q=0.7,en;q=0.6,ar;q=0.5, forwarded=proto=http;host="localhost:8888";for="[0:0:0:0:0:0:0:1]:61356", x-forwarded-for=0:0:0:0:0:0:0:1, x-forwarded-proto=http, x-forwarded-port=8888, x-forwarded-host=localhost:8888, host=localhost:8080, content-length=0
2025-07-03 13:48:18 INFO  [http-nio-8080-exec-9] ACCESS_LOG - IP: 0:0:0:0:0:0:0:1, Method: GET, URL: /api/customers/status, Status: 200, Time: 228 ms, ClientInfo: RemoteUser=12685f8a-d508-45ee-bcfa-1b7b7e5688bb, Headers: sec-ch-ua-platform="Windows", authorization=***HIDDEN***, user-agent=Mozilla/5.0 (Windows NT 10.0; Win64; x64) AppleWebKit/537.36 (KHTML, like Gecko) Chrome/137.0.0.0 Sa..., accept=application/json, text/plain, */*, sec-ch-ua="Google Chrome";v="137", "Chromium";v="137", "Not/A)Brand";v="24", sec-ch-ua-mobile=?0, origin=http://localhost:4200, sec-fetch-site=same-site, sec-fetch-mode=cors, sec-fetch-dest=empty, referer=http://localhost:4200/, accept-encoding=gzip, deflate, br, zstd, accept-language=vi,fr-FR;q=0.9,fr;q=0.8,en-US;q=0.7,en;q=0.6,ar;q=0.5, forwarded=proto=http;host="localhost:8888";for="[0:0:0:0:0:0:0:1]:61802", x-forwarded-for=0:0:0:0:0:0:0:1, x-forwarded-proto=http, x-forwarded-port=8888, x-forwarded-host=localhost:8888, host=localhost:8080, content-length=0
2025-07-03 13:48:18 INFO  [http-nio-8080-exec-6] ACCESS_LOG - IP: 0:0:0:0:0:0:0:1, Method: GET, URL: /api/customers/detail, Status: 200, Time: 39 ms, ClientInfo: RemoteUser=12685f8a-d508-45ee-bcfa-1b7b7e5688bb, Headers: sec-ch-ua-platform="Windows", authorization=***HIDDEN***, user-agent=Mozilla/5.0 (Windows NT 10.0; Win64; x64) AppleWebKit/537.36 (KHTML, like Gecko) Chrome/137.0.0.0 Sa..., accept=application/json, text/plain, */*, sec-ch-ua="Google Chrome";v="137", "Chromium";v="137", "Not/A)Brand";v="24", sec-ch-ua-mobile=?0, origin=http://localhost:4200, sec-fetch-site=same-site, sec-fetch-mode=cors, sec-fetch-dest=empty, referer=http://localhost:4200/, accept-encoding=gzip, deflate, br, zstd, accept-language=vi,fr-FR;q=0.9,fr;q=0.8,en-US;q=0.7,en;q=0.6,ar;q=0.5, forwarded=proto=http;host="localhost:8888";for="[0:0:0:0:0:0:0:1]:61810", x-forwarded-for=0:0:0:0:0:0:0:1, x-forwarded-proto=http, x-forwarded-port=8888, x-forwarded-host=localhost:8888, host=localhost:8080, content-length=0
2025-07-03 13:54:07 INFO  [http-nio-8080-exec-7] ACCESS_LOG - IP: 0:0:0:0:0:0:0:1, Method: GET, URL: /api/customers/status, Status: 200, Time: 616 ms, ClientInfo: RemoteUser=12685f8a-d508-45ee-bcfa-1b7b7e5688bb, Headers: sec-ch-ua-platform="Windows", authorization=***HIDDEN***, user-agent=Mozilla/5.0 (Windows NT 10.0; Win64; x64) AppleWebKit/537.36 (KHTML, like Gecko) Chrome/137.0.0.0 Sa..., accept=application/json, text/plain, */*, sec-ch-ua="Google Chrome";v="137", "Chromium";v="137", "Not/A)Brand";v="24", sec-ch-ua-mobile=?0, origin=http://localhost:4200, sec-fetch-site=same-site, sec-fetch-mode=cors, sec-fetch-dest=empty, referer=http://localhost:4200/, accept-encoding=gzip, deflate, br, zstd, accept-language=vi,fr-FR;q=0.9,fr;q=0.8,en-US;q=0.7,en;q=0.6,ar;q=0.5, forwarded=proto=http;host="localhost:8888";for="[0:0:0:0:0:0:0:1]:62456", x-forwarded-for=0:0:0:0:0:0:0:1, x-forwarded-proto=http, x-forwarded-port=8888, x-forwarded-host=localhost:8888, host=localhost:8080, content-length=0
2025-07-03 13:54:09 INFO  [http-nio-8080-exec-10] ACCESS_LOG - IP: 0:0:0:0:0:0:0:1, Method: GET, URL: /api/customers/detail, Status: 200, Time: 231 ms, ClientInfo: RemoteUser=12685f8a-d508-45ee-bcfa-1b7b7e5688bb, Headers: sec-ch-ua-platform="Windows", authorization=***HIDDEN***, user-agent=Mozilla/5.0 (Windows NT 10.0; Win64; x64) AppleWebKit/537.36 (KHTML, like Gecko) Chrome/137.0.0.0 Sa..., accept=application/json, text/plain, */*, sec-ch-ua="Google Chrome";v="137", "Chromium";v="137", "Not/A)Brand";v="24", sec-ch-ua-mobile=?0, origin=http://localhost:4200, sec-fetch-site=same-site, sec-fetch-mode=cors, sec-fetch-dest=empty, referer=http://localhost:4200/, accept-encoding=gzip, deflate, br, zstd, accept-language=vi,fr-FR;q=0.9,fr;q=0.8,en-US;q=0.7,en;q=0.6,ar;q=0.5, forwarded=proto=http;host="localhost:8888";for="[0:0:0:0:0:0:0:1]:62472", x-forwarded-for=0:0:0:0:0:0:0:1, x-forwarded-proto=http, x-forwarded-port=8888, x-forwarded-host=localhost:8888, host=localhost:8080, content-length=0
2025-07-03 13:54:12 INFO  [http-nio-8080-exec-1] ACCESS_LOG - IP: 0:0:0:0:0:0:0:1, Method: GET, URL: /api/customers/status, Status: 200, Time: 18 ms, ClientInfo: RemoteUser=12685f8a-d508-45ee-bcfa-1b7b7e5688bb, Headers: sec-ch-ua-platform="Windows", authorization=***HIDDEN***, user-agent=Mozilla/5.0 (Windows NT 10.0; Win64; x64) AppleWebKit/537.36 (KHTML, like Gecko) Chrome/137.0.0.0 Sa..., accept=application/json, text/plain, */*, sec-ch-ua="Google Chrome";v="137", "Chromium";v="137", "Not/A)Brand";v="24", sec-ch-ua-mobile=?0, origin=http://localhost:4200, sec-fetch-site=same-site, sec-fetch-mode=cors, sec-fetch-dest=empty, referer=http://localhost:4200/, accept-encoding=gzip, deflate, br, zstd, accept-language=vi,fr-FR;q=0.9,fr;q=0.8,en-US;q=0.7,en;q=0.6,ar;q=0.5, forwarded=proto=http;host="localhost:8888";for="[0:0:0:0:0:0:0:1]:62487", x-forwarded-for=0:0:0:0:0:0:0:1, x-forwarded-proto=http, x-forwarded-port=8888, x-forwarded-host=localhost:8888, host=localhost:8080, content-length=0
2025-07-03 13:54:12 INFO  [http-nio-8080-exec-2] ACCESS_LOG - IP: 0:0:0:0:0:0:0:1, Method: GET, URL: /api/customers/detail, Status: 200, Time: 34 ms, ClientInfo: RemoteUser=12685f8a-d508-45ee-bcfa-1b7b7e5688bb, Headers: sec-ch-ua-platform="Windows", authorization=***HIDDEN***, user-agent=Mozilla/5.0 (Windows NT 10.0; Win64; x64) AppleWebKit/537.36 (KHTML, like Gecko) Chrome/137.0.0.0 Sa..., accept=application/json, text/plain, */*, sec-ch-ua="Google Chrome";v="137", "Chromium";v="137", "Not/A)Brand";v="24", sec-ch-ua-mobile=?0, origin=http://localhost:4200, sec-fetch-site=same-site, sec-fetch-mode=cors, sec-fetch-dest=empty, referer=http://localhost:4200/, accept-encoding=gzip, deflate, br, zstd, accept-language=vi,fr-FR;q=0.9,fr;q=0.8,en-US;q=0.7,en;q=0.6,ar;q=0.5, forwarded=proto=http;host="localhost:8888";for="[0:0:0:0:0:0:0:1]:62489", x-forwarded-for=0:0:0:0:0:0:0:1, x-forwarded-proto=http, x-forwarded-port=8888, x-forwarded-host=localhost:8888, host=localhost:8080, content-length=0
2025-07-03 13:54:15 INFO  [http-nio-8080-exec-5] ACCESS_LOG - IP: 0:0:0:0:0:0:0:1, Method: GET, URL: /api/customers/status, Status: 200, Time: 39 ms, ClientInfo: RemoteUser=c5a3845b-d61f-4dd4-aa29-f851cf7a3dd8, Headers: sec-ch-ua-platform="Windows", authorization=***HIDDEN***, user-agent=Mozilla/5.0 (Windows NT 10.0; Win64; x64) AppleWebKit/537.36 (KHTML, like Gecko) Chrome/137.0.0.0 Sa..., accept=application/json, text/plain, */*, sec-ch-ua="Google Chrome";v="137", "Chromium";v="137", "Not/A)Brand";v="24", sec-ch-ua-mobile=?0, origin=http://localhost:4200, sec-fetch-site=same-site, sec-fetch-mode=cors, sec-fetch-dest=empty, referer=http://localhost:4200/, accept-encoding=gzip, deflate, br, zstd, accept-language=vi, forwarded=proto=http;host="localhost:8888";for="[0:0:0:0:0:0:0:1]:62506", x-forwarded-for=0:0:0:0:0:0:0:1, x-forwarded-proto=http, x-forwarded-port=8888, x-forwarded-host=localhost:8888, host=localhost:8080, content-length=0
2025-07-03 13:54:15 ERROR [http-nio-8080-exec-4] ACCESS_LOG - IP: 0:0:0:0:0:0:0:1, Method: GET, URL: /api/customers/growth?startDate=2025-06-03&endDate=2025-07-03, Status: 500, Time: 78 ms, ClientInfo: RemoteUser=c5a3845b-d61f-4dd4-aa29-f851cf7a3dd8, Headers: sec-ch-ua-platform="Windows", authorization=***HIDDEN***, user-agent=Mozilla/5.0 (Windows NT 10.0; Win64; x64) AppleWebKit/537.36 (KHTML, like Gecko) Chrome/137.0.0.0 Sa..., accept=application/json, text/plain, */*, sec-ch-ua="Google Chrome";v="137", "Chromium";v="137", "Not/A)Brand";v="24", sec-ch-ua-mobile=?0, origin=http://localhost:4200, sec-fetch-site=same-site, sec-fetch-mode=cors, sec-fetch-dest=empty, referer=http://localhost:4200/, accept-encoding=gzip, deflate, br, zstd, accept-language=vi, forwarded=proto=http;host="localhost:8888";for="[0:0:0:0:0:0:0:1]:62507", x-forwarded-for=0:0:0:0:0:0:0:1, x-forwarded-proto=http, x-forwarded-port=8888, x-forwarded-host=localhost:8888, host=localhost:8080, content-length=0
2025-07-03 13:54:15 ERROR [http-nio-8080-exec-3] ACCESS_LOG - IP: 0:0:0:0:0:0:0:1, Method: GET, URL: /api/customers/kyc/statistics?startDate=2025-06-03&endDate=2025-07-03, Status: 500, Time: 78 ms, ClientInfo: RemoteUser=c5a3845b-d61f-4dd4-aa29-f851cf7a3dd8, Headers: sec-ch-ua-platform="Windows", authorization=***HIDDEN***, user-agent=Mozilla/5.0 (Windows NT 10.0; Win64; x64) AppleWebKit/537.36 (KHTML, like Gecko) Chrome/137.0.0.0 Sa..., accept=application/json, text/plain, */*, sec-ch-ua="Google Chrome";v="137", "Chromium";v="137", "Not/A)Brand";v="24", sec-ch-ua-mobile=?0, origin=http://localhost:4200, sec-fetch-site=same-site, sec-fetch-mode=cors, sec-fetch-dest=empty, referer=http://localhost:4200/, accept-encoding=gzip, deflate, br, zstd, accept-language=vi, forwarded=proto=http;host="localhost:8888";for="[0:0:0:0:0:0:0:1]:62506", x-forwarded-for=0:0:0:0:0:0:0:1, x-forwarded-proto=http, x-forwarded-port=8888, x-forwarded-host=localhost:8888, host=localhost:8080, content-length=0
2025-07-03 13:55:46 INFO  [http-nio-8080-exec-9] ACCESS_LOG - IP: 0:0:0:0:0:0:0:1, Method: GET, URL: /api/customers/status, Status: 200, Time: 211 ms, ClientInfo: RemoteUser=12685f8a-d508-45ee-bcfa-1b7b7e5688bb, Headers: sec-ch-ua-platform="Windows", authorization=***HIDDEN***, user-agent=Mozilla/5.0 (Windows NT 10.0; Win64; x64) AppleWebKit/537.36 (KHTML, like Gecko) Chrome/137.0.0.0 Sa..., accept=application/json, text/plain, */*, sec-ch-ua="Google Chrome";v="137", "Chromium";v="137", "Not/A)Brand";v="24", sec-ch-ua-mobile=?0, origin=http://localhost:4200, sec-fetch-site=same-site, sec-fetch-mode=cors, sec-fetch-dest=empty, referer=http://localhost:4200/, accept-encoding=gzip, deflate, br, zstd, accept-language=vi,fr-FR;q=0.9,fr;q=0.8,en-US;q=0.7,en;q=0.6,ar;q=0.5, forwarded=proto=http;host="localhost:8888";for="[0:0:0:0:0:0:0:1]:62692", x-forwarded-for=0:0:0:0:0:0:0:1, x-forwarded-proto=http, x-forwarded-port=8888, x-forwarded-host=localhost:8888, host=localhost:8080, content-length=0
2025-07-03 13:55:46 INFO  [http-nio-8080-exec-6] ACCESS_LOG - IP: 0:0:0:0:0:0:0:1, Method: GET, URL: /api/customers/detail, Status: 200, Time: 46 ms, ClientInfo: RemoteUser=12685f8a-d508-45ee-bcfa-1b7b7e5688bb, Headers: sec-ch-ua-platform="Windows", authorization=***HIDDEN***, user-agent=Mozilla/5.0 (Windows NT 10.0; Win64; x64) AppleWebKit/537.36 (KHTML, like Gecko) Chrome/137.0.0.0 Sa..., accept=application/json, text/plain, */*, sec-ch-ua="Google Chrome";v="137", "Chromium";v="137", "Not/A)Brand";v="24", sec-ch-ua-mobile=?0, origin=http://localhost:4200, sec-fetch-site=same-site, sec-fetch-mode=cors, sec-fetch-dest=empty, referer=http://localhost:4200/, accept-encoding=gzip, deflate, br, zstd, accept-language=vi,fr-FR;q=0.9,fr;q=0.8,en-US;q=0.7,en;q=0.6,ar;q=0.5, forwarded=proto=http;host="localhost:8888";for="[0:0:0:0:0:0:0:1]:62701", x-forwarded-for=0:0:0:0:0:0:0:1, x-forwarded-proto=http, x-forwarded-port=8888, x-forwarded-host=localhost:8888, host=localhost:8080, content-length=0
2025-07-03 13:56:41 INFO  [http-nio-8080-exec-8] ACCESS_LOG - IP: 0:0:0:0:0:0:0:1, Method: GET, URL: /api/customers/status, Status: 200, Time: 28 ms, ClientInfo: RemoteUser=12685f8a-d508-45ee-bcfa-1b7b7e5688bb, Headers: sec-ch-ua-platform="Windows", authorization=***HIDDEN***, user-agent=Mozilla/5.0 (Windows NT 10.0; Win64; x64) AppleWebKit/537.36 (KHTML, like Gecko) Chrome/137.0.0.0 Sa..., accept=application/json, text/plain, */*, sec-ch-ua="Google Chrome";v="137", "Chromium";v="137", "Not/A)Brand";v="24", sec-ch-ua-mobile=?0, origin=http://localhost:4200, sec-fetch-site=same-site, sec-fetch-mode=cors, sec-fetch-dest=empty, referer=http://localhost:4200/, accept-encoding=gzip, deflate, br, zstd, accept-language=vi,fr-FR;q=0.9,fr;q=0.8,en-US;q=0.7,en;q=0.6,ar;q=0.5, forwarded=proto=http;host="localhost:8888";for="[0:0:0:0:0:0:0:1]:62767", x-forwarded-for=0:0:0:0:0:0:0:1, x-forwarded-proto=http, x-forwarded-port=8888, x-forwarded-host=localhost:8888, host=localhost:8080, content-length=0
2025-07-03 13:56:41 INFO  [http-nio-8080-exec-7] ACCESS_LOG - IP: 0:0:0:0:0:0:0:1, Method: GET, URL: /api/customers/detail, Status: 200, Time: 26 ms, ClientInfo: RemoteUser=12685f8a-d508-45ee-bcfa-1b7b7e5688bb, Headers: sec-ch-ua-platform="Windows", authorization=***HIDDEN***, user-agent=Mozilla/5.0 (Windows NT 10.0; Win64; x64) AppleWebKit/537.36 (KHTML, like Gecko) Chrome/137.0.0.0 Sa..., accept=application/json, text/plain, */*, sec-ch-ua="Google Chrome";v="137", "Chromium";v="137", "Not/A)Brand";v="24", sec-ch-ua-mobile=?0, origin=http://localhost:4200, sec-fetch-site=same-site, sec-fetch-mode=cors, sec-fetch-dest=empty, referer=http://localhost:4200/, accept-encoding=gzip, deflate, br, zstd, accept-language=vi,fr-FR;q=0.9,fr;q=0.8,en-US;q=0.7,en;q=0.6,ar;q=0.5, forwarded=proto=http;host="localhost:8888";for="[0:0:0:0:0:0:0:1]:62769", x-forwarded-for=0:0:0:0:0:0:0:1, x-forwarded-proto=http, x-forwarded-port=8888, x-forwarded-host=localhost:8888, host=localhost:8080, content-length=0
2025-07-03 13:57:13 INFO  [http-nio-8080-exec-10] ACCESS_LOG - IP: 0:0:0:0:0:0:0:1, Method: GET, URL: /api/customers/list?page=0&size=10&keyword=***HIDDEN***, Status: 200, Time: 130 ms, ClientInfo: RemoteUser=c5a3845b-d61f-4dd4-aa29-f851cf7a3dd8, Headers: sec-ch-ua-platform="Windows", authorization=***HIDDEN***, user-agent=Mozilla/5.0 (Windows NT 10.0; Win64; x64) AppleWebKit/537.36 (KHTML, like Gecko) Chrome/137.0.0.0 Sa..., accept=application/json, text/plain, */*, sec-ch-ua="Google Chrome";v="137", "Chromium";v="137", "Not/A)Brand";v="24", sec-ch-ua-mobile=?0, origin=http://localhost:4200, sec-fetch-site=same-site, sec-fetch-mode=cors, sec-fetch-dest=empty, referer=http://localhost:4200/, accept-encoding=gzip, deflate, br, zstd, accept-language=vi, forwarded=proto=http;host="localhost:8888";for="[0:0:0:0:0:0:0:1]:62873", x-forwarded-for=0:0:0:0:0:0:0:1, x-forwarded-proto=http, x-forwarded-port=8888, x-forwarded-host=localhost:8888, host=localhost:8080, content-length=0
2025-07-03 13:57:13 INFO  [http-nio-8080-exec-1] ACCESS_LOG - IP: 0:0:0:0:0:0:0:1, Method: GET, URL: /api/customers/list?page=0&size=10&keyword=***HIDDEN***, Status: 200, Time: 63 ms, ClientInfo: RemoteUser=c5a3845b-d61f-4dd4-aa29-f851cf7a3dd8, Headers: sec-ch-ua-platform="Windows", authorization=***HIDDEN***, user-agent=Mozilla/5.0 (Windows NT 10.0; Win64; x64) AppleWebKit/537.36 (KHTML, like Gecko) Chrome/137.0.0.0 Sa..., accept=application/json, text/plain, */*, sec-ch-ua="Google Chrome";v="137", "Chromium";v="137", "Not/A)Brand";v="24", sec-ch-ua-mobile=?0, origin=http://localhost:4200, sec-fetch-site=same-site, sec-fetch-mode=cors, sec-fetch-dest=empty, referer=http://localhost:4200/, accept-encoding=gzip, deflate, br, zstd, accept-language=vi, forwarded=proto=http;host="localhost:8888";for="[0:0:0:0:0:0:0:1]:62874", x-forwarded-for=0:0:0:0:0:0:0:1, x-forwarded-proto=http, x-forwarded-port=8888, x-forwarded-host=localhost:8888, host=localhost:8080, content-length=0
2025-07-03 13:57:15 INFO  [http-nio-8080-exec-2] ACCESS_LOG - IP: 0:0:0:0:0:0:0:1, Method: GET, URL: /api/customers/list?page=0&size=10&keyword=***HIDDEN***, Status: 200, Time: 55 ms, ClientInfo: RemoteUser=c5a3845b-d61f-4dd4-aa29-f851cf7a3dd8, Headers: sec-ch-ua-platform="Windows", authorization=***HIDDEN***, user-agent=Mozilla/5.0 (Windows NT 10.0; Win64; x64) AppleWebKit/537.36 (KHTML, like Gecko) Chrome/137.0.0.0 Sa..., accept=application/json, text/plain, */*, sec-ch-ua="Google Chrome";v="137", "Chromium";v="137", "Not/A)Brand";v="24", sec-ch-ua-mobile=?0, origin=http://localhost:4200, sec-fetch-site=same-site, sec-fetch-mode=cors, sec-fetch-dest=empty, referer=http://localhost:4200/, accept-encoding=gzip, deflate, br, zstd, accept-language=vi, forwarded=proto=http;host="localhost:8888";for="[0:0:0:0:0:0:0:1]:62874", x-forwarded-for=0:0:0:0:0:0:0:1, x-forwarded-proto=http, x-forwarded-port=8888, x-forwarded-host=localhost:8888, host=localhost:8080, content-length=0
2025-07-03 13:57:15 INFO  [http-nio-8080-exec-5] ACCESS_LOG - IP: 0:0:0:0:0:0:0:1, Method: GET, URL: /api/customers/list?page=0&size=10&keyword=***HIDDEN***, Status: 200, Time: 44 ms, ClientInfo: RemoteUser=c5a3845b-d61f-4dd4-aa29-f851cf7a3dd8, Headers: sec-ch-ua-platform="Windows", authorization=***HIDDEN***, user-agent=Mozilla/5.0 (Windows NT 10.0; Win64; x64) AppleWebKit/537.36 (KHTML, like Gecko) Chrome/137.0.0.0 Sa..., accept=application/json, text/plain, */*, sec-ch-ua="Google Chrome";v="137", "Chromium";v="137", "Not/A)Brand";v="24", sec-ch-ua-mobile=?0, origin=http://localhost:4200, sec-fetch-site=same-site, sec-fetch-mode=cors, sec-fetch-dest=empty, referer=http://localhost:4200/, accept-encoding=gzip, deflate, br, zstd, accept-language=vi, forwarded=proto=http;host="localhost:8888";for="[0:0:0:0:0:0:0:1]:62873", x-forwarded-for=0:0:0:0:0:0:0:1, x-forwarded-proto=http, x-forwarded-port=8888, x-forwarded-host=localhost:8888, host=localhost:8080, content-length=0
2025-07-03 13:58:08 INFO  [http-nio-8080-exec-4] ACCESS_LOG - IP: 0:0:0:0:0:0:0:1, Method: GET, URL: /api/customers/list?page=0&size=10&keyword=***HIDDEN***, Status: 200, Time: 60 ms, ClientInfo: RemoteUser=c5a3845b-d61f-4dd4-aa29-f851cf7a3dd8, Headers: sec-ch-ua-platform="Windows", authorization=***HIDDEN***, user-agent=Mozilla/5.0 (Windows NT 10.0; Win64; x64) AppleWebKit/537.36 (KHTML, like Gecko) Chrome/137.0.0.0 Sa..., accept=application/json, text/plain, */*, sec-ch-ua="Google Chrome";v="137", "Chromium";v="137", "Not/A)Brand";v="24", sec-ch-ua-mobile=?0, origin=http://localhost:4200, sec-fetch-site=same-site, sec-fetch-mode=cors, sec-fetch-dest=empty, referer=http://localhost:4200/, accept-encoding=gzip, deflate, br, zstd, accept-language=vi, forwarded=proto=http;host="localhost:8888";for="[0:0:0:0:0:0:0:1]:63063", x-forwarded-for=0:0:0:0:0:0:0:1, x-forwarded-proto=http, x-forwarded-port=8888, x-forwarded-host=localhost:8888, host=localhost:8080, content-length=0
2025-07-03 13:58:08 INFO  [http-nio-8080-exec-3] ACCESS_LOG - IP: 0:0:0:0:0:0:0:1, Method: GET, URL: /api/customers/list?page=0&size=10&keyword=***HIDDEN***, Status: 200, Time: 66 ms, ClientInfo: RemoteUser=c5a3845b-d61f-4dd4-aa29-f851cf7a3dd8, Headers: sec-ch-ua-platform="Windows", authorization=***HIDDEN***, user-agent=Mozilla/5.0 (Windows NT 10.0; Win64; x64) AppleWebKit/537.36 (KHTML, like Gecko) Chrome/137.0.0.0 Sa..., accept=application/json, text/plain, */*, sec-ch-ua="Google Chrome";v="137", "Chromium";v="137", "Not/A)Brand";v="24", sec-ch-ua-mobile=?0, origin=http://localhost:4200, sec-fetch-site=same-site, sec-fetch-mode=cors, sec-fetch-dest=empty, referer=http://localhost:4200/, accept-encoding=gzip, deflate, br, zstd, accept-language=vi, forwarded=proto=http;host="localhost:8888";for="[0:0:0:0:0:0:0:1]:63065", x-forwarded-for=0:0:0:0:0:0:0:1, x-forwarded-proto=http, x-forwarded-port=8888, x-forwarded-host=localhost:8888, host=localhost:8080, content-length=0
2025-07-03 13:58:09 INFO  [http-nio-8080-exec-9] ACCESS_LOG - IP: 0:0:0:0:0:0:0:1, Method: GET, URL: /api/customers/status, Status: 200, Time: 16 ms, ClientInfo: RemoteUser=12685f8a-d508-45ee-bcfa-1b7b7e5688bb, Headers: sec-ch-ua-platform="Windows", authorization=***HIDDEN***, user-agent=Mozilla/5.0 (Windows NT 10.0; Win64; x64) AppleWebKit/537.36 (KHTML, like Gecko) Chrome/137.0.0.0 Sa..., accept=application/json, text/plain, */*, sec-ch-ua="Google Chrome";v="137", "Chromium";v="137", "Not/A)Brand";v="24", sec-ch-ua-mobile=?0, origin=http://localhost:4200, sec-fetch-site=same-site, sec-fetch-mode=cors, sec-fetch-dest=empty, referer=http://localhost:4200/, accept-encoding=gzip, deflate, br, zstd, accept-language=vi,fr-FR;q=0.9,fr;q=0.8,en-US;q=0.7,en;q=0.6,ar;q=0.5, forwarded=proto=http;host="localhost:8888";for="[0:0:0:0:0:0:0:1]:63066", x-forwarded-for=0:0:0:0:0:0:0:1, x-forwarded-proto=http, x-forwarded-port=8888, x-forwarded-host=localhost:8888, host=localhost:8080, content-length=0
2025-07-03 13:58:09 INFO  [http-nio-8080-exec-6] ACCESS_LOG - IP: 0:0:0:0:0:0:0:1, Method: GET, URL: /api/customers/detail, Status: 200, Time: 14 ms, ClientInfo: RemoteUser=12685f8a-d508-45ee-bcfa-1b7b7e5688bb, Headers: sec-ch-ua-platform="Windows", authorization=***HIDDEN***, user-agent=Mozilla/5.0 (Windows NT 10.0; Win64; x64) AppleWebKit/537.36 (KHTML, like Gecko) Chrome/137.0.0.0 Sa..., accept=application/json, text/plain, */*, sec-ch-ua="Google Chrome";v="137", "Chromium";v="137", "Not/A)Brand";v="24", sec-ch-ua-mobile=?0, origin=http://localhost:4200, sec-fetch-site=same-site, sec-fetch-mode=cors, sec-fetch-dest=empty, referer=http://localhost:4200/, accept-encoding=gzip, deflate, br, zstd, accept-language=vi,fr-FR;q=0.9,fr;q=0.8,en-US;q=0.7,en;q=0.6,ar;q=0.5, forwarded=proto=http;host="localhost:8888";for="[0:0:0:0:0:0:0:1]:63067", x-forwarded-for=0:0:0:0:0:0:0:1, x-forwarded-proto=http, x-forwarded-port=8888, x-forwarded-host=localhost:8888, host=localhost:8080, content-length=0
2025-07-03 13:58:12 INFO  [http-nio-8080-exec-8] ACCESS_LOG - IP: 0:0:0:0:0:0:0:1, Method: GET, URL: /api/customers/list?page=0&size=10&keyword=***HIDDEN***, Status: 200, Time: 82 ms, ClientInfo: RemoteUser=c5a3845b-d61f-4dd4-aa29-f851cf7a3dd8, Headers: sec-ch-ua-platform="Windows", authorization=***HIDDEN***, user-agent=Mozilla/5.0 (Windows NT 10.0; Win64; x64) AppleWebKit/537.36 (KHTML, like Gecko) Chrome/137.0.0.0 Sa..., accept=application/json, text/plain, */*, sec-ch-ua="Google Chrome";v="137", "Chromium";v="137", "Not/A)Brand";v="24", sec-ch-ua-mobile=?0, origin=http://localhost:4200, sec-fetch-site=same-site, sec-fetch-mode=cors, sec-fetch-dest=empty, referer=http://localhost:4200/, accept-encoding=gzip, deflate, br, zstd, accept-language=vi, forwarded=proto=http;host="localhost:8888";for="[0:0:0:0:0:0:0:1]:63065", x-forwarded-for=0:0:0:0:0:0:0:1, x-forwarded-proto=http, x-forwarded-port=8888, x-forwarded-host=localhost:8888, host=localhost:8080, content-length=0
2025-07-03 13:58:12 INFO  [http-nio-8080-exec-7] ACCESS_LOG - IP: 0:0:0:0:0:0:0:1, Method: GET, URL: /api/customers/list?page=0&size=10&keyword=***HIDDEN***, Status: 200, Time: 60 ms, ClientInfo: RemoteUser=c5a3845b-d61f-4dd4-aa29-f851cf7a3dd8, Headers: sec-ch-ua-platform="Windows", authorization=***HIDDEN***, user-agent=Mozilla/5.0 (Windows NT 10.0; Win64; x64) AppleWebKit/537.36 (KHTML, like Gecko) Chrome/137.0.0.0 Sa..., accept=application/json, text/plain, */*, sec-ch-ua="Google Chrome";v="137", "Chromium";v="137", "Not/A)Brand";v="24", sec-ch-ua-mobile=?0, origin=http://localhost:4200, sec-fetch-site=same-site, sec-fetch-mode=cors, sec-fetch-dest=empty, referer=http://localhost:4200/, accept-encoding=gzip, deflate, br, zstd, accept-language=vi, forwarded=proto=http;host="localhost:8888";for="[0:0:0:0:0:0:0:1]:63084", x-forwarded-for=0:0:0:0:0:0:0:1, x-forwarded-proto=http, x-forwarded-port=8888, x-forwarded-host=localhost:8888, host=localhost:8080, content-length=0
2025-07-03 13:58:17 INFO  [http-nio-8080-exec-10] ACCESS_LOG - IP: 0:0:0:0:0:0:0:1, Method: GET, URL: /api/customers/status, Status: 200, Time: 8 ms, ClientInfo: RemoteUser=c5a3845b-d61f-4dd4-aa29-f851cf7a3dd8, Headers: sec-ch-ua-platform="Windows", authorization=***HIDDEN***, user-agent=Mozilla/5.0 (Windows NT 10.0; Win64; x64) AppleWebKit/537.36 (KHTML, like Gecko) Chrome/137.0.0.0 Sa..., accept=application/json, text/plain, */*, sec-ch-ua="Google Chrome";v="137", "Chromium";v="137", "Not/A)Brand";v="24", sec-ch-ua-mobile=?0, origin=http://localhost:4200, sec-fetch-site=same-site, sec-fetch-mode=cors, sec-fetch-dest=empty, referer=http://localhost:4200/, accept-encoding=gzip, deflate, br, zstd, accept-language=vi, forwarded=proto=http;host="localhost:8888";for="[0:0:0:0:0:0:0:1]:63065", x-forwarded-for=0:0:0:0:0:0:0:1, x-forwarded-proto=http, x-forwarded-port=8888, x-forwarded-host=localhost:8888, host=localhost:8080, content-length=0
2025-07-03 13:59:05 INFO  [http-nio-8080-exec-1] ACCESS_LOG - IP: 0:0:0:0:0:0:0:1, Method: GET, URL: /api/customers/status, Status: 200, Time: 276 ms, ClientInfo: RemoteUser=12685f8a-d508-45ee-bcfa-1b7b7e5688bb, Headers: sec-ch-ua-platform="Windows", authorization=***HIDDEN***, user-agent=Mozilla/5.0 (Windows NT 10.0; Win64; x64) AppleWebKit/537.36 (KHTML, like Gecko) Chrome/137.0.0.0 Sa..., accept=application/json, text/plain, */*, sec-ch-ua="Google Chrome";v="137", "Chromium";v="137", "Not/A)Brand";v="24", sec-ch-ua-mobile=?0, origin=http://localhost:4200, sec-fetch-site=same-site, sec-fetch-mode=cors, sec-fetch-dest=empty, referer=http://localhost:4200/, accept-encoding=gzip, deflate, br, zstd, accept-language=vi,fr-FR;q=0.9,fr;q=0.8,en-US;q=0.7,en;q=0.6,ar;q=0.5, forwarded=proto=http;host="localhost:8888";for="[0:0:0:0:0:0:0:1]:63290", x-forwarded-for=0:0:0:0:0:0:0:1, x-forwarded-proto=http, x-forwarded-port=8888, x-forwarded-host=localhost:8888, host=localhost:8080, content-length=0
2025-07-03 13:59:05 INFO  [http-nio-8080-exec-2] ACCESS_LOG - IP: 0:0:0:0:0:0:0:1, Method: GET, URL: /api/customers/detail, Status: 200, Time: 26 ms, ClientInfo: RemoteUser=12685f8a-d508-45ee-bcfa-1b7b7e5688bb, Headers: sec-ch-ua-platform="Windows", authorization=***HIDDEN***, user-agent=Mozilla/5.0 (Windows NT 10.0; Win64; x64) AppleWebKit/537.36 (KHTML, like Gecko) Chrome/137.0.0.0 Sa..., accept=application/json, text/plain, */*, sec-ch-ua="Google Chrome";v="137", "Chromium";v="137", "Not/A)Brand";v="24", sec-ch-ua-mobile=?0, origin=http://localhost:4200, sec-fetch-site=same-site, sec-fetch-mode=cors, sec-fetch-dest=empty, referer=http://localhost:4200/, accept-encoding=gzip, deflate, br, zstd, accept-language=vi,fr-FR;q=0.9,fr;q=0.8,en-US;q=0.7,en;q=0.6,ar;q=0.5, forwarded=proto=http;host="localhost:8888";for="[0:0:0:0:0:0:0:1]:63295", x-forwarded-for=0:0:0:0:0:0:0:1, x-forwarded-proto=http, x-forwarded-port=8888, x-forwarded-host=localhost:8888, host=localhost:8080, content-length=0
2025-07-03 13:59:11 INFO  [http-nio-8080-exec-5] ACCESS_LOG - IP: 0:0:0:0:0:0:0:1, Method: GET, URL: /api/customers/list?page=0&size=10&keyword=***HIDDEN***, Status: 200, Time: 54 ms, ClientInfo: RemoteUser=c5a3845b-d61f-4dd4-aa29-f851cf7a3dd8, Headers: sec-ch-ua-platform="Windows", authorization=***HIDDEN***, user-agent=Mozilla/5.0 (Windows NT 10.0; Win64; x64) AppleWebKit/537.36 (KHTML, like Gecko) Chrome/137.0.0.0 Sa..., accept=application/json, text/plain, */*, sec-ch-ua="Google Chrome";v="137", "Chromium";v="137", "Not/A)Brand";v="24", sec-ch-ua-mobile=?0, origin=http://localhost:4200, sec-fetch-site=same-site, sec-fetch-mode=cors, sec-fetch-dest=empty, referer=http://localhost:4200/, accept-encoding=gzip, deflate, br, zstd, accept-language=vi, forwarded=proto=http;host="localhost:8888";for="[0:0:0:0:0:0:0:1]:63302", x-forwarded-for=0:0:0:0:0:0:0:1, x-forwarded-proto=http, x-forwarded-port=8888, x-forwarded-host=localhost:8888, host=localhost:8080, content-length=0
2025-07-03 13:59:11 INFO  [http-nio-8080-exec-4] ACCESS_LOG - IP: 0:0:0:0:0:0:0:1, Method: GET, URL: /api/customers/list?page=0&size=10&keyword=***HIDDEN***, Status: 200, Time: 34 ms, ClientInfo: RemoteUser=c5a3845b-d61f-4dd4-aa29-f851cf7a3dd8, Headers: sec-ch-ua-platform="Windows", authorization=***HIDDEN***, user-agent=Mozilla/5.0 (Windows NT 10.0; Win64; x64) AppleWebKit/537.36 (KHTML, like Gecko) Chrome/137.0.0.0 Sa..., accept=application/json, text/plain, */*, sec-ch-ua="Google Chrome";v="137", "Chromium";v="137", "Not/A)Brand";v="24", sec-ch-ua-mobile=?0, origin=http://localhost:4200, sec-fetch-site=same-site, sec-fetch-mode=cors, sec-fetch-dest=empty, referer=http://localhost:4200/, accept-encoding=gzip, deflate, br, zstd, accept-language=vi, forwarded=proto=http;host="localhost:8888";for="[0:0:0:0:0:0:0:1]:63308", x-forwarded-for=0:0:0:0:0:0:0:1, x-forwarded-proto=http, x-forwarded-port=8888, x-forwarded-host=localhost:8888, host=localhost:8080, content-length=0
2025-07-03 13:59:36 ERROR [http-nio-8080-exec-9] ACCESS_LOG - IP: 0:0:0:0:0:0:0:1, Method: GET, URL: /api/customers/kyc/statistics?startDate=2025-06-03&endDate=2025-07-03, Status: 500, Time: 41 ms, ClientInfo: RemoteUser=c5a3845b-d61f-4dd4-aa29-f851cf7a3dd8, Headers: sec-ch-ua-platform="Windows", authorization=***HIDDEN***, user-agent=Mozilla/5.0 (Windows NT 10.0; Win64; x64) AppleWebKit/537.36 (KHTML, like Gecko) Chrome/137.0.0.0 Sa..., accept=application/json, text/plain, */*, sec-ch-ua="Google Chrome";v="137", "Chromium";v="137", "Not/A)Brand";v="24", sec-ch-ua-mobile=?0, origin=http://localhost:4200, sec-fetch-site=same-site, sec-fetch-mode=cors, sec-fetch-dest=empty, referer=http://localhost:4200/, accept-encoding=gzip, deflate, br, zstd, accept-language=vi, forwarded=proto=http;host="localhost:8888";for="[0:0:0:0:0:0:0:1]:63366", x-forwarded-for=0:0:0:0:0:0:0:1, x-forwarded-proto=http, x-forwarded-port=8888, x-forwarded-host=localhost:8888, host=localhost:8080, content-length=0
2025-07-03 13:59:36 ERROR [http-nio-8080-exec-3] ACCESS_LOG - IP: 0:0:0:0:0:0:0:1, Method: GET, URL: /api/customers/growth?startDate=2025-06-03&endDate=2025-07-03, Status: 500, Time: 86 ms, ClientInfo: RemoteUser=c5a3845b-d61f-4dd4-aa29-f851cf7a3dd8, Headers: sec-ch-ua-platform="Windows", authorization=***HIDDEN***, user-agent=Mozilla/5.0 (Windows NT 10.0; Win64; x64) AppleWebKit/537.36 (KHTML, like Gecko) Chrome/137.0.0.0 Sa..., accept=application/json, text/plain, */*, sec-ch-ua="Google Chrome";v="137", "Chromium";v="137", "Not/A)Brand";v="24", sec-ch-ua-mobile=?0, origin=http://localhost:4200, sec-fetch-site=same-site, sec-fetch-mode=cors, sec-fetch-dest=empty, referer=http://localhost:4200/, accept-encoding=gzip, deflate, br, zstd, accept-language=vi, forwarded=proto=http;host="localhost:8888";for="[0:0:0:0:0:0:0:1]:63367", x-forwarded-for=0:0:0:0:0:0:0:1, x-forwarded-proto=http, x-forwarded-port=8888, x-forwarded-host=localhost:8888, host=localhost:8080, content-length=0
2025-07-03 14:03:50 INFO  [http-nio-8080-exec-6] ACCESS_LOG - IP: 0:0:0:0:0:0:0:1, Method: GET, URL: /api/customers/status, Status: 200, Time: 800 ms, ClientInfo: RemoteUser=12685f8a-d508-45ee-bcfa-1b7b7e5688bb, Headers: sec-ch-ua-platform="Windows", authorization=***HIDDEN***, user-agent=Mozilla/5.0 (Windows NT 10.0; Win64; x64) AppleWebKit/537.36 (KHTML, like Gecko) Chrome/137.0.0.0 Sa..., accept=application/json, text/plain, */*, sec-ch-ua="Google Chrome";v="137", "Chromium";v="137", "Not/A)Brand";v="24", sec-ch-ua-mobile=?0, origin=http://localhost:4200, sec-fetch-site=same-site, sec-fetch-mode=cors, sec-fetch-dest=empty, referer=http://localhost:4200/, accept-encoding=gzip, deflate, br, zstd, accept-language=vi,fr-FR;q=0.9,fr;q=0.8,en-US;q=0.7,en;q=0.6,ar;q=0.5, forwarded=proto=http;host="localhost:8888";for="[0:0:0:0:0:0:0:1]:63875", x-forwarded-for=0:0:0:0:0:0:0:1, x-forwarded-proto=http, x-forwarded-port=8888, x-forwarded-host=localhost:8888, host=localhost:8080, content-length=0
2025-07-03 14:03:50 INFO  [http-nio-8080-exec-8] ACCESS_LOG - IP: 0:0:0:0:0:0:0:1, Method: GET, URL: /api/customers/detail, Status: 200, Time: 30 ms, ClientInfo: RemoteUser=12685f8a-d508-45ee-bcfa-1b7b7e5688bb, Headers: sec-ch-ua-platform="Windows", authorization=***HIDDEN***, user-agent=Mozilla/5.0 (Windows NT 10.0; Win64; x64) AppleWebKit/537.36 (KHTML, like Gecko) Chrome/137.0.0.0 Sa..., accept=application/json, text/plain, */*, sec-ch-ua="Google Chrome";v="137", "Chromium";v="137", "Not/A)Brand";v="24", sec-ch-ua-mobile=?0, origin=http://localhost:4200, sec-fetch-site=same-site, sec-fetch-mode=cors, sec-fetch-dest=empty, referer=http://localhost:4200/, accept-encoding=gzip, deflate, br, zstd, accept-language=vi,fr-FR;q=0.9,fr;q=0.8,en-US;q=0.7,en;q=0.6,ar;q=0.5, forwarded=proto=http;host="localhost:8888";for="[0:0:0:0:0:0:0:1]:63890", x-forwarded-for=0:0:0:0:0:0:0:1, x-forwarded-proto=http, x-forwarded-port=8888, x-forwarded-host=localhost:8888, host=localhost:8080, content-length=0
2025-07-03 14:05:04 INFO  [http-nio-8080-exec-10] ACCESS_LOG - IP: 0:0:0:0:0:0:0:1, Method: GET, URL: /api/customers/status, Status: 200, Time: 251 ms, ClientInfo: RemoteUser=12685f8a-d508-45ee-bcfa-1b7b7e5688bb, Headers: sec-ch-ua-platform="Windows", authorization=***HIDDEN***, user-agent=Mozilla/5.0 (Windows NT 10.0; Win64; x64) AppleWebKit/537.36 (KHTML, like Gecko) Chrome/137.0.0.0 Sa..., accept=application/json, text/plain, */*, sec-ch-ua="Google Chrome";v="137", "Chromium";v="137", "Not/A)Brand";v="24", sec-ch-ua-mobile=?0, origin=http://localhost:4200, sec-fetch-site=same-site, sec-fetch-mode=cors, sec-fetch-dest=empty, referer=http://localhost:4200/, accept-encoding=gzip, deflate, br, zstd, accept-language=vi,fr-FR;q=0.9,fr;q=0.8,en-US;q=0.7,en;q=0.6,ar;q=0.5, forwarded=proto=http;host="localhost:8888";for="[0:0:0:0:0:0:0:1]:64103", x-forwarded-for=0:0:0:0:0:0:0:1, x-forwarded-proto=http, x-forwarded-port=8888, x-forwarded-host=localhost:8888, host=localhost:8080, content-length=0
2025-07-03 14:05:04 INFO  [http-nio-8080-exec-1] ACCESS_LOG - IP: 0:0:0:0:0:0:0:1, Method: GET, URL: /api/customers/detail, Status: 200, Time: 30 ms, ClientInfo: RemoteUser=12685f8a-d508-45ee-bcfa-1b7b7e5688bb, Headers: sec-ch-ua-platform="Windows", authorization=***HIDDEN***, user-agent=Mozilla/5.0 (Windows NT 10.0; Win64; x64) AppleWebKit/537.36 (KHTML, like Gecko) Chrome/137.0.0.0 Sa..., accept=application/json, text/plain, */*, sec-ch-ua="Google Chrome";v="137", "Chromium";v="137", "Not/A)Brand";v="24", sec-ch-ua-mobile=?0, origin=http://localhost:4200, sec-fetch-site=same-site, sec-fetch-mode=cors, sec-fetch-dest=empty, referer=http://localhost:4200/, accept-encoding=gzip, deflate, br, zstd, accept-language=vi,fr-FR;q=0.9,fr;q=0.8,en-US;q=0.7,en;q=0.6,ar;q=0.5, forwarded=proto=http;host="localhost:8888";for="[0:0:0:0:0:0:0:1]:64107", x-forwarded-for=0:0:0:0:0:0:0:1, x-forwarded-proto=http, x-forwarded-port=8888, x-forwarded-host=localhost:8888, host=localhost:8080, content-length=0
2025-07-03 14:07:37 ERROR [http-nio-8080-exec-5] ACCESS_LOG - IP: 0:0:0:0:0:0:0:1, Method: GET, URL: /api/customers/growth?startDate=2025-06-03&endDate=2025-07-03, Status: 500, Time: 509 ms, ClientInfo: RemoteUser=c5a3845b-d61f-4dd4-aa29-f851cf7a3dd8, Headers: sec-ch-ua-platform="Windows", authorization=***HIDDEN***, user-agent=Mozilla/5.0 (Windows NT 10.0; Win64; x64) AppleWebKit/537.36 (KHTML, like Gecko) Chrome/137.0.0.0 Sa..., accept=application/json, text/plain, */*, sec-ch-ua="Google Chrome";v="137", "Chromium";v="137", "Not/A)Brand";v="24", sec-ch-ua-mobile=?0, origin=http://localhost:4200, sec-fetch-site=same-site, sec-fetch-mode=cors, sec-fetch-dest=empty, referer=http://localhost:4200/, accept-encoding=gzip, deflate, br, zstd, accept-language=vi, forwarded=proto=http;host="localhost:8888";for="[0:0:0:0:0:0:0:1]:64462", x-forwarded-for=0:0:0:0:0:0:0:1, x-forwarded-proto=http, x-forwarded-port=8888, x-forwarded-host=localhost:8888, host=localhost:8080, content-length=0
2025-07-03 14:07:37 ERROR [http-nio-8080-exec-4] ACCESS_LOG - IP: 0:0:0:0:0:0:0:1, Method: GET, URL: /api/customers/kyc/statistics?startDate=2025-06-03&endDate=2025-07-03, Status: 500, Time: 509 ms, ClientInfo: RemoteUser=c5a3845b-d61f-4dd4-aa29-f851cf7a3dd8, Headers: sec-ch-ua-platform="Windows", authorization=***HIDDEN***, user-agent=Mozilla/5.0 (Windows NT 10.0; Win64; x64) AppleWebKit/537.36 (KHTML, like Gecko) Chrome/137.0.0.0 Sa..., accept=application/json, text/plain, */*, sec-ch-ua="Google Chrome";v="137", "Chromium";v="137", "Not/A)Brand";v="24", sec-ch-ua-mobile=?0, origin=http://localhost:4200, sec-fetch-site=same-site, sec-fetch-mode=cors, sec-fetch-dest=empty, referer=http://localhost:4200/, accept-encoding=gzip, deflate, br, zstd, accept-language=vi, forwarded=proto=http;host="localhost:8888";for="[0:0:0:0:0:0:0:1]:64461", x-forwarded-for=0:0:0:0:0:0:0:1, x-forwarded-proto=http, x-forwarded-port=8888, x-forwarded-host=localhost:8888, host=localhost:8080, content-length=0
2025-07-03 14:08:35 ERROR [http-nio-8080-exec-3] ACCESS_LOG - IP: 0:0:0:0:0:0:0:1, Method: GET, URL: /api/customers/kyc/statistics?startDate=2025-06-03&endDate=2025-07-03, Status: 500, Time: 6 ms, ClientInfo: RemoteUser=c5a3845b-d61f-4dd4-aa29-f851cf7a3dd8, Headers: sec-ch-ua-platform="Windows", authorization=***HIDDEN***, user-agent=Mozilla/5.0 (Windows NT 10.0; Win64; x64) AppleWebKit/537.36 (KHTML, like Gecko) Chrome/137.0.0.0 Sa..., accept=application/json, text/plain, */*, sec-ch-ua="Google Chrome";v="137", "Chromium";v="137", "Not/A)Brand";v="24", sec-ch-ua-mobile=?0, origin=http://localhost:4200, sec-fetch-site=same-site, sec-fetch-mode=cors, sec-fetch-dest=empty, referer=http://localhost:4200/, accept-encoding=gzip, deflate, br, zstd, accept-language=vi, forwarded=proto=http;host="localhost:8888";for="[0:0:0:0:0:0:0:1]:64545", x-forwarded-for=0:0:0:0:0:0:0:1, x-forwarded-proto=http, x-forwarded-port=8888, x-forwarded-host=localhost:8888, host=localhost:8080, content-length=0
2025-07-03 14:08:35 ERROR [http-nio-8080-exec-9] ACCESS_LOG - IP: 0:0:0:0:0:0:0:1, Method: GET, URL: /api/customers/growth?startDate=2025-06-03&endDate=2025-07-03, Status: 500, Time: 4 ms, ClientInfo: RemoteUser=c5a3845b-d61f-4dd4-aa29-f851cf7a3dd8, Headers: sec-ch-ua-platform="Windows", authorization=***HIDDEN***, user-agent=Mozilla/5.0 (Windows NT 10.0; Win64; x64) AppleWebKit/537.36 (KHTML, like Gecko) Chrome/137.0.0.0 Sa..., accept=application/json, text/plain, */*, sec-ch-ua="Google Chrome";v="137", "Chromium";v="137", "Not/A)Brand";v="24", sec-ch-ua-mobile=?0, origin=http://localhost:4200, sec-fetch-site=same-site, sec-fetch-mode=cors, sec-fetch-dest=empty, referer=http://localhost:4200/, accept-encoding=gzip, deflate, br, zstd, accept-language=vi, forwarded=proto=http;host="localhost:8888";for="[0:0:0:0:0:0:0:1]:64546", x-forwarded-for=0:0:0:0:0:0:0:1, x-forwarded-proto=http, x-forwarded-port=8888, x-forwarded-host=localhost:8888, host=localhost:8080, content-length=0
2025-07-03 14:10:32 ERROR [http-nio-8080-exec-6] ACCESS_LOG - IP: 0:0:0:0:0:0:0:1, Method: GET, URL: /api/customers/growth?startDate=2025-06-03&endDate=2025-07-03, Status: 500, Time: 164 ms, ClientInfo: RemoteUser=c5a3845b-d61f-4dd4-aa29-f851cf7a3dd8, Headers: sec-ch-ua-platform="Windows", authorization=***HIDDEN***, user-agent=Mozilla/5.0 (Windows NT 10.0; Win64; x64) AppleWebKit/537.36 (KHTML, like Gecko) Chrome/137.0.0.0 Sa..., accept=application/json, text/plain, */*, sec-ch-ua="Google Chrome";v="137", "Chromium";v="137", "Not/A)Brand";v="24", sec-ch-ua-mobile=?0, origin=http://localhost:4200, sec-fetch-site=same-site, sec-fetch-mode=cors, sec-fetch-dest=empty, referer=http://localhost:4200/, accept-encoding=gzip, deflate, br, zstd, accept-language=vi, forwarded=proto=http;host="localhost:8888";for="[0:0:0:0:0:0:0:1]:64719", x-forwarded-for=0:0:0:0:0:0:0:1, x-forwarded-proto=http, x-forwarded-port=8888, x-forwarded-host=localhost:8888, host=localhost:8080, content-length=0
2025-07-03 14:10:32 ERROR [http-nio-8080-exec-8] ACCESS_LOG - IP: 0:0:0:0:0:0:0:1, Method: GET, URL: /api/customers/kyc/statistics?startDate=2025-06-03&endDate=2025-07-03, Status: 500, Time: 164 ms, ClientInfo: RemoteUser=c5a3845b-d61f-4dd4-aa29-f851cf7a3dd8, Headers: sec-ch-ua-platform="Windows", authorization=***HIDDEN***, user-agent=Mozilla/5.0 (Windows NT 10.0; Win64; x64) AppleWebKit/537.36 (KHTML, like Gecko) Chrome/137.0.0.0 Sa..., accept=application/json, text/plain, */*, sec-ch-ua="Google Chrome";v="137", "Chromium";v="137", "Not/A)Brand";v="24", sec-ch-ua-mobile=?0, origin=http://localhost:4200, sec-fetch-site=same-site, sec-fetch-mode=cors, sec-fetch-dest=empty, referer=http://localhost:4200/, accept-encoding=gzip, deflate, br, zstd, accept-language=vi, forwarded=proto=http;host="localhost:8888";for="[0:0:0:0:0:0:0:1]:64718", x-forwarded-for=0:0:0:0:0:0:0:1, x-forwarded-proto=http, x-forwarded-port=8888, x-forwarded-host=localhost:8888, host=localhost:8080, content-length=0
2025-07-03 14:10:33 ERROR [http-nio-8080-exec-7] ACCESS_LOG - IP: 0:0:0:0:0:0:0:1, Method: GET, URL: /api/customers/kyc/statistics?startDate=2025-06-03&endDate=2025-07-03, Status: 500, Time: 8 ms, ClientInfo: RemoteUser=c5a3845b-d61f-4dd4-aa29-f851cf7a3dd8, Headers: sec-ch-ua-platform="Windows", authorization=***HIDDEN***, user-agent=Mozilla/5.0 (Windows NT 10.0; Win64; x64) AppleWebKit/537.36 (KHTML, like Gecko) Chrome/137.0.0.0 Sa..., accept=application/json, text/plain, */*, sec-ch-ua="Google Chrome";v="137", "Chromium";v="137", "Not/A)Brand";v="24", sec-ch-ua-mobile=?0, origin=http://localhost:4200, sec-fetch-site=same-site, sec-fetch-mode=cors, sec-fetch-dest=empty, referer=http://localhost:4200/, accept-encoding=gzip, deflate, br, zstd, accept-language=vi, forwarded=proto=http;host="localhost:8888";for="[0:0:0:0:0:0:0:1]:64725", x-forwarded-for=0:0:0:0:0:0:0:1, x-forwarded-proto=http, x-forwarded-port=8888, x-forwarded-host=localhost:8888, host=localhost:8080, content-length=0
2025-07-03 14:10:33 ERROR [http-nio-8080-exec-10] ACCESS_LOG - IP: 0:0:0:0:0:0:0:1, Method: GET, URL: /api/customers/growth?startDate=2025-06-03&endDate=2025-07-03, Status: 500, Time: 15 ms, ClientInfo: RemoteUser=c5a3845b-d61f-4dd4-aa29-f851cf7a3dd8, Headers: sec-ch-ua-platform="Windows", authorization=***HIDDEN***, user-agent=Mozilla/5.0 (Windows NT 10.0; Win64; x64) AppleWebKit/537.36 (KHTML, like Gecko) Chrome/137.0.0.0 Sa..., accept=application/json, text/plain, */*, sec-ch-ua="Google Chrome";v="137", "Chromium";v="137", "Not/A)Brand";v="24", sec-ch-ua-mobile=?0, origin=http://localhost:4200, sec-fetch-site=same-site, sec-fetch-mode=cors, sec-fetch-dest=empty, referer=http://localhost:4200/, accept-encoding=gzip, deflate, br, zstd, accept-language=vi, forwarded=proto=http;host="localhost:8888";for="[0:0:0:0:0:0:0:1]:64726", x-forwarded-for=0:0:0:0:0:0:0:1, x-forwarded-proto=http, x-forwarded-port=8888, x-forwarded-host=localhost:8888, host=localhost:8080, content-length=0
2025-07-03 14:17:00 ERROR [http-nio-8080-exec-2] ACCESS_LOG - IP: 0:0:0:0:0:0:0:1, Method: GET, URL: /api/customers/growth?startDate=2025-06-03&endDate=2025-07-03, Status: 500, Time: 127 ms, ClientInfo: RemoteUser=c5a3845b-d61f-4dd4-aa29-f851cf7a3dd8, Headers: sec-ch-ua-platform="Windows", authorization=***HIDDEN***, user-agent=Mozilla/5.0 (Windows NT 10.0; Win64; x64) AppleWebKit/537.36 (KHTML, like Gecko) Chrome/137.0.0.0 Sa..., accept=application/json, text/plain, */*, sec-ch-ua="Google Chrome";v="137", "Chromium";v="137", "Not/A)Brand";v="24", sec-ch-ua-mobile=?0, origin=http://localhost:4200, sec-fetch-site=same-site, sec-fetch-mode=cors, sec-fetch-dest=empty, referer=http://localhost:4200/, accept-encoding=gzip, deflate, br, zstd, accept-language=vi, forwarded=proto=http;host="localhost:8888";for="[0:0:0:0:0:0:0:1]:49243", x-forwarded-for=0:0:0:0:0:0:0:1, x-forwarded-proto=http, x-forwarded-port=8888, x-forwarded-host=localhost:8888, host=localhost:8080, content-length=0
2025-07-03 14:17:00 ERROR [http-nio-8080-exec-1] ACCESS_LOG - IP: 0:0:0:0:0:0:0:1, Method: GET, URL: /api/customers/kyc/statistics?startDate=2025-06-03&endDate=2025-07-03, Status: 500, Time: 127 ms, ClientInfo: RemoteUser=c5a3845b-d61f-4dd4-aa29-f851cf7a3dd8, Headers: sec-ch-ua-platform="Windows", authorization=***HIDDEN***, user-agent=Mozilla/5.0 (Windows NT 10.0; Win64; x64) AppleWebKit/537.36 (KHTML, like Gecko) Chrome/137.0.0.0 Sa..., accept=application/json, text/plain, */*, sec-ch-ua="Google Chrome";v="137", "Chromium";v="137", "Not/A)Brand";v="24", sec-ch-ua-mobile=?0, origin=http://localhost:4200, sec-fetch-site=same-site, sec-fetch-mode=cors, sec-fetch-dest=empty, referer=http://localhost:4200/, accept-encoding=gzip, deflate, br, zstd, accept-language=vi, forwarded=proto=http;host="localhost:8888";for="[0:0:0:0:0:0:0:1]:49242", x-forwarded-for=0:0:0:0:0:0:0:1, x-forwarded-proto=http, x-forwarded-port=8888, x-forwarded-host=localhost:8888, host=localhost:8080, content-length=0
2025-07-03 14:22:29 INFO  [http-nio-8080-exec-4] ACCESS_LOG - IP: 0:0:0:0:0:0:0:1, Method: GET, URL: /api/customers/status, Status: 200, Time: 286 ms, ClientInfo: RemoteUser=c5a3845b-d61f-4dd4-aa29-f851cf7a3dd8, Headers: sec-ch-ua-platform="Windows", authorization=***HIDDEN***, user-agent=Mozilla/5.0 (Windows NT 10.0; Win64; x64) AppleWebKit/537.36 (KHTML, like Gecko) Chrome/137.0.0.0 Sa..., accept=application/json, text/plain, */*, sec-ch-ua="Google Chrome";v="137", "Chromium";v="137", "Not/A)Brand";v="24", sec-ch-ua-mobile=?0, origin=http://localhost:4200, sec-fetch-site=same-site, sec-fetch-mode=cors, sec-fetch-dest=empty, referer=http://localhost:4200/, accept-encoding=gzip, deflate, br, zstd, accept-language=vi, forwarded=proto=http;host="localhost:8888";for="[0:0:0:0:0:0:0:1]:49988", x-forwarded-for=0:0:0:0:0:0:0:1, x-forwarded-proto=http, x-forwarded-port=8888, x-forwarded-host=localhost:8888, host=localhost:8080, content-length=0
2025-07-03 14:22:30 ERROR [http-nio-8080-exec-3] ACCESS_LOG - IP: 0:0:0:0:0:0:0:1, Method: GET, URL: /api/customers/growth?startDate=2025-06-03&endDate=2025-07-03, Status: 500, Time: 80 ms, ClientInfo: RemoteUser=c5a3845b-d61f-4dd4-aa29-f851cf7a3dd8, Headers: sec-ch-ua-platform="Windows", authorization=***HIDDEN***, user-agent=Mozilla/5.0 (Windows NT 10.0; Win64; x64) AppleWebKit/537.36 (KHTML, like Gecko) Chrome/137.0.0.0 Sa..., accept=application/json, text/plain, */*, sec-ch-ua="Google Chrome";v="137", "Chromium";v="137", "Not/A)Brand";v="24", sec-ch-ua-mobile=?0, origin=http://localhost:4200, sec-fetch-site=same-site, sec-fetch-mode=cors, sec-fetch-dest=empty, referer=http://localhost:4200/, accept-encoding=gzip, deflate, br, zstd, accept-language=vi, forwarded=proto=http;host="localhost:8888";for="[0:0:0:0:0:0:0:1]:49988", x-forwarded-for=0:0:0:0:0:0:0:1, x-forwarded-proto=http, x-forwarded-port=8888, x-forwarded-host=localhost:8888, host=localhost:8080, content-length=0
2025-07-03 14:22:30 ERROR [http-nio-8080-exec-5] ACCESS_LOG - IP: 0:0:0:0:0:0:0:1, Method: GET, URL: /api/customers/kyc/statistics?startDate=2025-06-03&endDate=2025-07-03, Status: 500, Time: 59 ms, ClientInfo: RemoteUser=c5a3845b-d61f-4dd4-aa29-f851cf7a3dd8, Headers: sec-ch-ua-platform="Windows", authorization=***HIDDEN***, user-agent=Mozilla/5.0 (Windows NT 10.0; Win64; x64) AppleWebKit/537.36 (KHTML, like Gecko) Chrome/137.0.0.0 Sa..., accept=application/json, text/plain, */*, sec-ch-ua="Google Chrome";v="137", "Chromium";v="137", "Not/A)Brand";v="24", sec-ch-ua-mobile=?0, origin=http://localhost:4200, sec-fetch-site=same-site, sec-fetch-mode=cors, sec-fetch-dest=empty, referer=http://localhost:4200/, accept-encoding=gzip, deflate, br, zstd, accept-language=vi, forwarded=proto=http;host="localhost:8888";for="[0:0:0:0:0:0:0:1]:49997", x-forwarded-for=0:0:0:0:0:0:0:1, x-forwarded-proto=http, x-forwarded-port=8888, x-forwarded-host=localhost:8888, host=localhost:8080, content-length=0
2025-07-03 14:27:57 INFO  [http-nio-8080-exec-9] ACCESS_LOG - IP: 0:0:0:0:0:0:0:1, Method: POST, URL: /api/customers/register/initiate, Status: 200, Time: 4125 ms, Headers: content-length=271, sec-ch-ua-platform="Windows", user-agent=Mozilla/5.0 (Windows NT 10.0; Win64; x64) AppleWebKit/537.36 (KHTML, like Gecko) Chrome/137.0.0.0 Sa..., accept=application/json, text/plain, */*, sec-ch-ua="Google Chrome";v="137", "Chromium";v="137", "Not/A)Brand";v="24", content-type=application/json, sec-ch-ua-mobile=?0, origin=http://localhost:4200, sec-fetch-site=same-site, sec-fetch-mode=cors, sec-fetch-dest=empty, referer=http://localhost:4200/, accept-encoding=gzip, deflate, br, zstd, accept-language=vi,fr-FR;q=0.9,fr;q=0.8,en-US;q=0.7,en;q=0.6,ar;q=0.5, forwarded=proto=http;host="localhost:8888";for="[0:0:0:0:0:0:0:1]:50642", x-forwarded-for=0:0:0:0:0:0:0:1, x-forwarded-proto=http, x-forwarded-port=8888, x-forwarded-host=localhost:8888, host=localhost:8080
2025-07-03 14:31:37 ERROR [http-nio-8080-exec-7] ACCESS_LOG - IP: 0:0:0:0:0:0:0:1, Method: GET, URL: /api/customers/growth?startDate=2025-06-03&endDate=2025-07-03, Status: 500, Time: 180 ms, ClientInfo: RemoteUser=c5a3845b-d61f-4dd4-aa29-f851cf7a3dd8, Headers: sec-ch-ua-platform="Windows", authorization=***HIDDEN***, user-agent=Mozilla/5.0 (Windows NT 10.0; Win64; x64) AppleWebKit/537.36 (KHTML, like Gecko) Chrome/137.0.0.0 Sa..., accept=application/json, text/plain, */*, sec-ch-ua="Google Chrome";v="137", "Chromium";v="137", "Not/A)Brand";v="24", sec-ch-ua-mobile=?0, origin=http://localhost:4200, sec-fetch-site=same-site, sec-fetch-mode=cors, sec-fetch-dest=empty, referer=http://localhost:4200/, accept-encoding=gzip, deflate, br, zstd, accept-language=vi, forwarded=proto=http;host="localhost:8888";for="[0:0:0:0:0:0:0:1]:50992", x-forwarded-for=0:0:0:0:0:0:0:1, x-forwarded-proto=http, x-forwarded-port=8888, x-forwarded-host=localhost:8888, host=localhost:8080, content-length=0
2025-07-03 14:31:37 ERROR [http-nio-8080-exec-6] ACCESS_LOG - IP: 0:0:0:0:0:0:0:1, Method: GET, URL: /api/customers/kyc/statistics?startDate=2025-06-03&endDate=2025-07-03, Status: 500, Time: 180 ms, ClientInfo: RemoteUser=c5a3845b-d61f-4dd4-aa29-f851cf7a3dd8, Headers: sec-ch-ua-platform="Windows", authorization=***HIDDEN***, user-agent=Mozilla/5.0 (Windows NT 10.0; Win64; x64) AppleWebKit/537.36 (KHTML, like Gecko) Chrome/137.0.0.0 Sa..., accept=application/json, text/plain, */*, sec-ch-ua="Google Chrome";v="137", "Chromium";v="137", "Not/A)Brand";v="24", sec-ch-ua-mobile=?0, origin=http://localhost:4200, sec-fetch-site=same-site, sec-fetch-mode=cors, sec-fetch-dest=empty, referer=http://localhost:4200/, accept-encoding=gzip, deflate, br, zstd, accept-language=vi, forwarded=proto=http;host="localhost:8888";for="[0:0:0:0:0:0:0:1]:50991", x-forwarded-for=0:0:0:0:0:0:0:1, x-forwarded-proto=http, x-forwarded-port=8888, x-forwarded-host=localhost:8888, host=localhost:8080, content-length=0
2025-07-03 14:32:10 INFO  [http-nio-8080-exec-10] ACCESS_LOG - IP: 0:0:0:0:0:0:0:1, Method: GET, URL: /api/customers/list?page=0&size=10&keyword=***HIDDEN***, Status: 200, Time: 553 ms, ClientInfo: RemoteUser=c5a3845b-d61f-4dd4-aa29-f851cf7a3dd8, Headers: sec-ch-ua-platform="Windows", authorization=***HIDDEN***, user-agent=Mozilla/5.0 (Windows NT 10.0; Win64; x64) AppleWebKit/537.36 (KHTML, like Gecko) Chrome/137.0.0.0 Sa..., accept=application/json, text/plain, */*, sec-ch-ua="Google Chrome";v="137", "Chromium";v="137", "Not/A)Brand";v="24", sec-ch-ua-mobile=?0, origin=http://localhost:4200, sec-fetch-site=same-site, sec-fetch-mode=cors, sec-fetch-dest=empty, referer=http://localhost:4200/, accept-encoding=gzip, deflate, br, zstd, accept-language=vi, forwarded=proto=http;host="localhost:8888";for="[0:0:0:0:0:0:0:1]:51150", x-forwarded-for=0:0:0:0:0:0:0:1, x-forwarded-proto=http, x-forwarded-port=8888, x-forwarded-host=localhost:8888, host=localhost:8080, content-length=0
2025-07-03 14:32:10 INFO  [http-nio-8080-exec-1] ACCESS_LOG - IP: 0:0:0:0:0:0:0:1, Method: GET, URL: /api/customers/list?page=0&size=10&keyword=***HIDDEN***, Status: 200, Time: 46 ms, ClientInfo: RemoteUser=c5a3845b-d61f-4dd4-aa29-f851cf7a3dd8, Headers: sec-ch-ua-platform="Windows", authorization=***HIDDEN***, user-agent=Mozilla/5.0 (Windows NT 10.0; Win64; x64) AppleWebKit/537.36 (KHTML, like Gecko) Chrome/137.0.0.0 Sa..., accept=application/json, text/plain, */*, sec-ch-ua="Google Chrome";v="137", "Chromium";v="137", "Not/A)Brand";v="24", sec-ch-ua-mobile=?0, origin=http://localhost:4200, sec-fetch-site=same-site, sec-fetch-mode=cors, sec-fetch-dest=empty, referer=http://localhost:4200/, accept-encoding=gzip, deflate, br, zstd, accept-language=vi, forwarded=proto=http;host="localhost:8888";for="[0:0:0:0:0:0:0:1]:51151", x-forwarded-for=0:0:0:0:0:0:0:1, x-forwarded-proto=http, x-forwarded-port=8888, x-forwarded-host=localhost:8888, host=localhost:8080, content-length=0
2025-07-03 14:32:17 INFO  [http-nio-8080-exec-2] ACCESS_LOG - IP: 0:0:0:0:0:0:0:1, Method: GET, URL: /api/customers/list?page=0&size=10&keyword=***HIDDEN***, Status: 200, Time: 31 ms, ClientInfo: RemoteUser=c5a3845b-d61f-4dd4-aa29-f851cf7a3dd8, Headers: sec-ch-ua-platform="Windows", authorization=***HIDDEN***, user-agent=Mozilla/5.0 (Windows NT 10.0; Win64; x64) AppleWebKit/537.36 (KHTML, like Gecko) Chrome/137.0.0.0 Sa..., accept=application/json, text/plain, */*, sec-ch-ua="Google Chrome";v="137", "Chromium";v="137", "Not/A)Brand";v="24", sec-ch-ua-mobile=?0, origin=http://localhost:4200, sec-fetch-site=same-site, sec-fetch-mode=cors, sec-fetch-dest=empty, referer=http://localhost:4200/, accept-encoding=gzip, deflate, br, zstd, accept-language=vi, forwarded=proto=http;host="localhost:8888";for="[0:0:0:0:0:0:0:1]:51150", x-forwarded-for=0:0:0:0:0:0:0:1, x-forwarded-proto=http, x-forwarded-port=8888, x-forwarded-host=localhost:8888, host=localhost:8080, content-length=0
2025-07-03 14:32:17 INFO  [http-nio-8080-exec-4] ACCESS_LOG - IP: 0:0:0:0:0:0:0:1, Method: GET, URL: /api/customers/list?page=0&size=10&keyword=***HIDDEN***, Status: 200, Time: 29 ms, ClientInfo: RemoteUser=c5a3845b-d61f-4dd4-aa29-f851cf7a3dd8, Headers: sec-ch-ua-platform="Windows", authorization=***HIDDEN***, user-agent=Mozilla/5.0 (Windows NT 10.0; Win64; x64) AppleWebKit/537.36 (KHTML, like Gecko) Chrome/137.0.0.0 Sa..., accept=application/json, text/plain, */*, sec-ch-ua="Google Chrome";v="137", "Chromium";v="137", "Not/A)Brand";v="24", sec-ch-ua-mobile=?0, origin=http://localhost:4200, sec-fetch-site=same-site, sec-fetch-mode=cors, sec-fetch-dest=empty, referer=http://localhost:4200/, accept-encoding=gzip, deflate, br, zstd, accept-language=vi, forwarded=proto=http;host="localhost:8888";for="[0:0:0:0:0:0:0:1]:51151", x-forwarded-for=0:0:0:0:0:0:0:1, x-forwarded-proto=http, x-forwarded-port=8888, x-forwarded-host=localhost:8888, host=localhost:8080, content-length=0
2025-07-03 14:32:21 ERROR [http-nio-8080-exec-3] ACCESS_LOG - IP: 0:0:0:0:0:0:0:1, Method: GET, URL: /api/customers/growth?startDate=2025-06-03&endDate=2025-07-03, Status: 500, Time: 4 ms, ClientInfo: RemoteUser=c5a3845b-d61f-4dd4-aa29-f851cf7a3dd8, Headers: sec-ch-ua-platform="Windows", authorization=***HIDDEN***, user-agent=Mozilla/5.0 (Windows NT 10.0; Win64; x64) AppleWebKit/537.36 (KHTML, like Gecko) Chrome/137.0.0.0 Sa..., accept=application/json, text/plain, */*, sec-ch-ua="Google Chrome";v="137", "Chromium";v="137", "Not/A)Brand";v="24", sec-ch-ua-mobile=?0, origin=http://localhost:4200, sec-fetch-site=same-site, sec-fetch-mode=cors, sec-fetch-dest=empty, referer=http://localhost:4200/, accept-encoding=gzip, deflate, br, zstd, accept-language=vi, forwarded=proto=http;host="localhost:8888";for="[0:0:0:0:0:0:0:1]:51207", x-forwarded-for=0:0:0:0:0:0:0:1, x-forwarded-proto=http, x-forwarded-port=8888, x-forwarded-host=localhost:8888, host=localhost:8080, content-length=0
2025-07-03 14:32:21 ERROR [http-nio-8080-exec-5] ACCESS_LOG - IP: 0:0:0:0:0:0:0:1, Method: GET, URL: /api/customers/kyc/statistics?startDate=2025-06-03&endDate=2025-07-03, Status: 500, Time: 6 ms, ClientInfo: RemoteUser=c5a3845b-d61f-4dd4-aa29-f851cf7a3dd8, Headers: sec-ch-ua-platform="Windows", authorization=***HIDDEN***, user-agent=Mozilla/5.0 (Windows NT 10.0; Win64; x64) AppleWebKit/537.36 (KHTML, like Gecko) Chrome/137.0.0.0 Sa..., accept=application/json, text/plain, */*, sec-ch-ua="Google Chrome";v="137", "Chromium";v="137", "Not/A)Brand";v="24", sec-ch-ua-mobile=?0, origin=http://localhost:4200, sec-fetch-site=same-site, sec-fetch-mode=cors, sec-fetch-dest=empty, referer=http://localhost:4200/, accept-encoding=gzip, deflate, br, zstd, accept-language=vi, forwarded=proto=http;host="localhost:8888";for="[0:0:0:0:0:0:0:1]:51206", x-forwarded-for=0:0:0:0:0:0:0:1, x-forwarded-proto=http, x-forwarded-port=8888, x-forwarded-host=localhost:8888, host=localhost:8080, content-length=0
2025-07-03 14:38:58 ERROR [http-nio-8080-exec-9] ACCESS_LOG - IP: 0:0:0:0:0:0:0:1, Method: POST, URL: /api/customers/register/kyc-and-otp?email=testfe32@gmail.com, Status: 500, Time: 61193 ms, Headers: content-length=104, sec-ch-ua-platform="Windows", user-agent=Mozilla/5.0 (Windows NT 10.0; Win64; x64) AppleWebKit/537.36 (KHTML, like Gecko) Chrome/137.0.0.0 Sa..., accept=application/json, text/plain, */*, sec-ch-ua="Google Chrome";v="137", "Chromium";v="137", "Not/A)Brand";v="24", content-type=application/json, sec-ch-ua-mobile=?0, origin=http://localhost:4200, sec-fetch-site=same-site, sec-fetch-mode=cors, sec-fetch-dest=empty, referer=http://localhost:4200/, accept-encoding=gzip, deflate, br, zstd, accept-language=vi,fr-FR;q=0.9,fr;q=0.8,en-US;q=0.7,en;q=0.6,ar;q=0.5, forwarded=proto=http;host="localhost:8888";for="[0:0:0:0:0:0:0:1]:53490", x-forwarded-for=0:0:0:0:0:0:0:1, x-forwarded-proto=http, x-forwarded-port=8888, x-forwarded-host=localhost:8888, host=localhost:8080
2025-07-03 14:40:36 ERROR [http-nio-8080-exec-10] ACCESS_LOG - IP: 0:0:0:0:0:0:0:1, Method: POST, URL: /api/customers/register/kyc-and-otp?email=testfe32@gmail.com, Status: 500, Time: 60510 ms, Headers: content-length=104, sec-ch-ua-platform="Windows", user-agent=Mozilla/5.0 (Windows NT 10.0; Win64; x64) AppleWebKit/537.36 (KHTML, like Gecko) Chrome/137.0.0.0 Sa..., accept=application/json, text/plain, */*, sec-ch-ua="Google Chrome";v="137", "Chromium";v="137", "Not/A)Brand";v="24", content-type=application/json, sec-ch-ua-mobile=?0, origin=http://localhost:4200, sec-fetch-site=same-site, sec-fetch-mode=cors, sec-fetch-dest=empty, referer=http://localhost:4200/, accept-encoding=gzip, deflate, br, zstd, accept-language=vi,fr-FR;q=0.9,fr;q=0.8,en-US;q=0.7,en;q=0.6,ar;q=0.5, forwarded=proto=http;host="localhost:8888";for="[0:0:0:0:0:0:0:1]:50413", x-forwarded-for=0:0:0:0:0:0:0:1, x-forwarded-proto=http, x-forwarded-port=8888, x-forwarded-host=localhost:8888, host=localhost:8080
2025-07-03 14:45:47 INFO  [http-nio-8080-exec-1] ACCESS_LOG - IP: 0:0:0:0:0:0:0:1, Method: POST, URL: /api/customers/register/initiate, Status: 200, Time: 2143 ms, Headers: content-length=273, sec-ch-ua-platform="Windows", user-agent=Mozilla/5.0 (Windows NT 10.0; Win64; x64) AppleWebKit/537.36 (KHTML, like Gecko) Chrome/137.0.0.0 Sa..., accept=application/json, text/plain, */*, sec-ch-ua="Google Chrome";v="137", "Chromium";v="137", "Not/A)Brand";v="24", content-type=application/json, sec-ch-ua-mobile=?0, origin=http://localhost:4200, sec-fetch-site=same-site, sec-fetch-mode=cors, sec-fetch-dest=empty, referer=http://localhost:4200/, accept-encoding=gzip, deflate, br, zstd, accept-language=vi,fr-FR;q=0.9,fr;q=0.8,en-US;q=0.7,en;q=0.6,ar;q=0.5, forwarded=proto=http;host="localhost:8888";for="[0:0:0:0:0:0:0:1]:52100", x-forwarded-for=0:0:0:0:0:0:0:1, x-forwarded-proto=http, x-forwarded-port=8888, x-forwarded-host=localhost:8888, host=localhost:8080
2025-07-03 14:47:05 ERROR [http-nio-8080-exec-2] ACCESS_LOG - Failed to send OTP email to: testfe32@gmail.com
org.springframework.messaging.MessageDeliveryException: Dispatcher has no subscribers for channel 'customer-service.mail-register-out-0'.
	at org.springframework.integration.channel.AbstractSubscribableChannel.doSend(AbstractSubscribableChannel.java:76)
	at org.springframework.integration.channel.AbstractMessageChannel.sendInternal(AbstractMessageChannel.java:390)
	at org.springframework.integration.channel.AbstractMessageChannel.send(AbstractMessageChannel.java:334)
	at org.springframework.integration.channel.AbstractMessageChannel.send(AbstractMessageChannel.java:304)
	at org.springframework.cloud.stream.function.StreamBridge.send(StreamBridge.java:216)
	at org.springframework.cloud.stream.function.StreamBridge.send(StreamBridge.java:168)
	at org.springframework.cloud.stream.function.StreamBridge.send(StreamBridge.java:163)
	at com.example.customer_service.services.Impl.CustomerServiceImpl.processKycAndSendOtp(CustomerServiceImpl.java:137)
	at java.base/jdk.internal.reflect.NativeMethodAccessorImpl.invoke0(Native Method)
	at java.base/jdk.internal.reflect.NativeMethodAccessorImpl.invoke(NativeMethodAccessorImpl.java:77)
	at java.base/jdk.internal.reflect.DelegatingMethodAccessorImpl.invoke(DelegatingMethodAccessorImpl.java:43)
	at java.base/java.lang.reflect.Method.invoke(Method.java:568)
	at org.springframework.aop.support.AopUtils.invokeJoinpointUsingReflection(AopUtils.java:355)
	at org.springframework.aop.framework.CglibAopProxy$DynamicAdvisedInterceptor.intercept(CglibAopProxy.java:717)
	at com.example.customer_service.services.Impl.CustomerServiceImpl$$SpringCGLIB$$0.processKycAndSendOtp(<generated>)
	at com.example.customer_service.controllers.CustomerController.processKycAndSendOtp(CustomerController.java:91)
	at java.base/jdk.internal.reflect.NativeMethodAccessorImpl.invoke0(Native Method)
	at java.base/jdk.internal.reflect.NativeMethodAccessorImpl.invoke(NativeMethodAccessorImpl.java:77)
	at java.base/jdk.internal.reflect.DelegatingMethodAccessorImpl.invoke(DelegatingMethodAccessorImpl.java:43)
	at java.base/java.lang.reflect.Method.invoke(Method.java:568)
	at org.springframework.aop.support.AopUtils.invokeJoinpointUsingReflection(AopUtils.java:355)
	at org.springframework.aop.framework.CglibAopProxy$DynamicAdvisedInterceptor.intercept(CglibAopProxy.java:717)
	at com.example.customer_service.controllers.CustomerController$$SpringCGLIB$$0.processKycAndSendOtp(<generated>)
	at java.base/jdk.internal.reflect.NativeMethodAccessorImpl.invoke0(Native Method)
	at java.base/jdk.internal.reflect.NativeMethodAccessorImpl.invoke(NativeMethodAccessorImpl.java:77)
	at java.base/jdk.internal.reflect.DelegatingMethodAccessorImpl.invoke(DelegatingMethodAccessorImpl.java:43)
	at java.base/java.lang.reflect.Method.invoke(Method.java:568)
	at org.springframework.web.method.support.InvocableHandlerMethod.doInvoke(InvocableHandlerMethod.java:255)
	at org.springframework.web.method.support.InvocableHandlerMethod.invokeForRequest(InvocableHandlerMethod.java:188)
	at org.springframework.web.servlet.mvc.method.annotation.ServletInvocableHandlerMethod.invokeAndHandle(ServletInvocableHandlerMethod.java:118)
	at org.springframework.web.servlet.mvc.method.annotation.RequestMappingHandlerAdapter.invokeHandlerMethod(RequestMappingHandlerAdapter.java:926)
	at org.springframework.web.servlet.mvc.method.annotation.RequestMappingHandlerAdapter.handleInternal(RequestMappingHandlerAdapter.java:831)
	at org.springframework.web.servlet.mvc.method.AbstractHandlerMethodAdapter.handle(AbstractHandlerMethodAdapter.java:87)
	at org.springframework.web.servlet.DispatcherServlet.doDispatch(DispatcherServlet.java:1089)
	at org.springframework.web.servlet.DispatcherServlet.doService(DispatcherServlet.java:979)
	at org.springframework.web.servlet.FrameworkServlet.processRequest(FrameworkServlet.java:1014)
	at org.springframework.web.servlet.FrameworkServlet.doPost(FrameworkServlet.java:914)
	at jakarta.servlet.http.HttpServlet.service(HttpServlet.java:590)
	at org.springframework.web.servlet.FrameworkServlet.service(FrameworkServlet.java:885)
	at jakarta.servlet.http.HttpServlet.service(HttpServlet.java:658)
	at org.apache.catalina.core.ApplicationFilterChain.internalDoFilter(ApplicationFilterChain.java:195)
	at org.apache.catalina.core.ApplicationFilterChain.doFilter(ApplicationFilterChain.java:140)
	at org.apache.tomcat.websocket.server.WsFilter.doFilter(WsFilter.java:51)
	at org.apache.catalina.core.ApplicationFilterChain.internalDoFilter(ApplicationFilterChain.java:164)
	at org.apache.catalina.core.ApplicationFilterChain.doFilter(ApplicationFilterChain.java:140)
	at com.example.customer_service.components.CustomRequestLoggingFilter.doFilterInternal(CustomRequestLoggingFilter.java:44)
	at org.springframework.web.filter.OncePerRequestFilter.doFilter(OncePerRequestFilter.java:116)
	at org.apache.catalina.core.ApplicationFilterChain.internalDoFilter(ApplicationFilterChain.java:164)
	at org.apache.catalina.core.ApplicationFilterChain.doFilter(ApplicationFilterChain.java:140)
	at org.springframework.web.filter.CompositeFilter$VirtualFilterChain.doFilter(CompositeFilter.java:108)
	at org.springframework.security.web.FilterChainProxy.lambda$doFilterInternal$3(FilterChainProxy.java:231)
	at org.springframework.security.web.ObservationFilterChainDecorator$FilterObservation$SimpleFilterObservation.lambda$wrap$1(ObservationFilterChainDecorator.java:479)
	at org.springframework.security.web.ObservationFilterChainDecorator$AroundFilterObservation$SimpleAroundFilterObservation.lambda$wrap$1(ObservationFilterChainDecorator.java:340)
	at org.springframework.security.web.ObservationFilterChainDecorator.lambda$wrapSecured$0(ObservationFilterChainDecorator.java:82)
	at org.springframework.security.web.ObservationFilterChainDecorator$VirtualFilterChain.doFilter(ObservationFilterChainDecorator.java:128)
	at org.springframework.security.web.access.intercept.AuthorizationFilter.doFilter(AuthorizationFilter.java:100)
	at org.springframework.security.web.ObservationFilterChainDecorator$ObservationFilter.wrapFilter(ObservationFilterChainDecorator.java:240)
	at org.springframework.security.web.ObservationFilterChainDecorator$ObservationFilter.doFilter(ObservationFilterChainDecorator.java:227)
	at org.springframework.security.web.ObservationFilterChainDecorator$VirtualFilterChain.doFilter(ObservationFilterChainDecorator.java:137)
	at org.springframework.security.web.access.ExceptionTranslationFilter.doFilter(ExceptionTranslationFilter.java:126)
	at org.springframework.security.web.access.ExceptionTranslationFilter.doFilter(ExceptionTranslationFilter.java:120)
	at org.springframework.security.web.ObservationFilterChainDecorator$ObservationFilter.wrapFilter(ObservationFilterChainDecorator.java:240)
	at org.springframework.security.web.ObservationFilterChainDecorator$ObservationFilter.doFilter(ObservationFilterChainDecorator.java:227)
	at org.springframework.security.web.ObservationFilterChainDecorator$VirtualFilterChain.doFilter(ObservationFilterChainDecorator.java:137)
	at org.springframework.security.web.session.SessionManagementFilter.doFilter(SessionManagementFilter.java:131)
	at org.springframework.security.web.session.SessionManagementFilter.doFilter(SessionManagementFilter.java:85)
	at org.springframework.security.web.ObservationFilterChainDecorator$ObservationFilter.wrapFilter(ObservationFilterChainDecorator.java:240)
	at org.springframework.security.web.ObservationFilterChainDecorator$ObservationFilter.doFilter(ObservationFilterChainDecorator.java:227)
	at org.springframework.security.web.ObservationFilterChainDecorator$VirtualFilterChain.doFilter(ObservationFilterChainDecorator.java:137)
	at org.springframework.security.web.authentication.AnonymousAuthenticationFilter.doFilter(AnonymousAuthenticationFilter.java:100)
	at org.springframework.security.web.ObservationFilterChainDecorator$ObservationFilter.wrapFilter(ObservationFilterChainDecorator.java:240)
	at org.springframework.security.web.ObservationFilterChainDecorator$ObservationFilter.doFilter(ObservationFilterChainDecorator.java:227)
	at org.springframework.security.web.ObservationFilterChainDecorator$VirtualFilterChain.doFilter(ObservationFilterChainDecorator.java:137)
	at org.springframework.security.web.servletapi.SecurityContextHolderAwareRequestFilter.doFilter(SecurityContextHolderAwareRequestFilter.java:179)
	at org.springframework.security.web.ObservationFilterChainDecorator$ObservationFilter.wrapFilter(ObservationFilterChainDecorator.java:240)
	at org.springframework.security.web.ObservationFilterChainDecorator$ObservationFilter.doFilter(ObservationFilterChainDecorator.java:227)
	at org.springframework.security.web.ObservationFilterChainDecorator$VirtualFilterChain.doFilter(ObservationFilterChainDecorator.java:137)
	at org.springframework.security.web.savedrequest.RequestCacheAwareFilter.doFilter(RequestCacheAwareFilter.java:63)
	at org.springframework.security.web.ObservationFilterChainDecorator$ObservationFilter.wrapFilter(ObservationFilterChainDecorator.java:240)
	at org.springframework.security.web.ObservationFilterChainDecorator$ObservationFilter.doFilter(ObservationFilterChainDecorator.java:227)
	at org.springframework.security.web.ObservationFilterChainDecorator$VirtualFilterChain.doFilter(ObservationFilterChainDecorator.java:137)
	at org.springframework.security.oauth2.server.resource.web.authentication.BearerTokenAuthenticationFilter.doFilterInternal(BearerTokenAuthenticationFilter.java:128)
	at org.springframework.web.filter.OncePerRequestFilter.doFilter(OncePerRequestFilter.java:116)
	at org.springframework.security.web.ObservationFilterChainDecorator$ObservationFilter.wrapFilter(ObservationFilterChainDecorator.java:240)
	at org.springframework.security.web.ObservationFilterChainDecorator$ObservationFilter.doFilter(ObservationFilterChainDecorator.java:227)
	at org.springframework.security.web.ObservationFilterChainDecorator$VirtualFilterChain.doFilter(ObservationFilterChainDecorator.java:137)
	at org.springframework.security.web.authentication.logout.LogoutFilter.doFilter(LogoutFilter.java:107)
	at org.springframework.security.web.authentication.logout.LogoutFilter.doFilter(LogoutFilter.java:93)
	at org.springframework.security.web.ObservationFilterChainDecorator$ObservationFilter.wrapFilter(ObservationFilterChainDecorator.java:240)
	at org.springframework.security.web.ObservationFilterChainDecorator$ObservationFilter.doFilter(ObservationFilterChainDecorator.java:227)
	at org.springframework.security.web.ObservationFilterChainDecorator$VirtualFilterChain.doFilter(ObservationFilterChainDecorator.java:137)
	at org.springframework.web.filter.CorsFilter.doFilterInternal(CorsFilter.java:91)
	at org.springframework.web.filter.OncePerRequestFilter.doFilter(OncePerRequestFilter.java:116)
	at org.springframework.security.web.ObservationFilterChainDecorator$ObservationFilter.wrapFilter(ObservationFilterChainDecorator.java:240)
	at org.springframework.security.web.ObservationFilterChainDecorator$ObservationFilter.doFilter(ObservationFilterChainDecorator.java:227)
	at org.springframework.security.web.ObservationFilterChainDecorator$VirtualFilterChain.doFilter(ObservationFilterChainDecorator.java:137)
	at org.springframework.security.web.header.HeaderWriterFilter.doHeadersAfter(HeaderWriterFilter.java:90)
	at org.springframework.security.web.header.HeaderWriterFilter.doFilterInternal(HeaderWriterFilter.java:75)
	at org.springframework.web.filter.OncePerRequestFilter.doFilter(OncePerRequestFilter.java:116)
	at org.springframework.security.web.ObservationFilterChainDecorator$ObservationFilter.wrapFilter(ObservationFilterChainDecorator.java:240)
	at org.springframework.security.web.ObservationFilterChainDecorator$ObservationFilter.doFilter(ObservationFilterChainDecorator.java:227)
	at org.springframework.security.web.ObservationFilterChainDecorator$VirtualFilterChain.doFilter(ObservationFilterChainDecorator.java:137)
	at org.springframework.security.web.context.SecurityContextHolderFilter.doFilter(SecurityContextHolderFilter.java:82)
	at org.springframework.security.web.context.SecurityContextHolderFilter.doFilter(SecurityContextHolderFilter.java:69)
	at org.springframework.security.web.ObservationFilterChainDecorator$ObservationFilter.wrapFilter(ObservationFilterChainDecorator.java:240)
	at org.springframework.security.web.ObservationFilterChainDecorator$ObservationFilter.doFilter(ObservationFilterChainDecorator.java:227)
	at org.springframework.security.web.ObservationFilterChainDecorator$VirtualFilterChain.doFilter(ObservationFilterChainDecorator.java:137)
	at org.springframework.security.web.context.request.async.WebAsyncManagerIntegrationFilter.doFilterInternal(WebAsyncManagerIntegrationFilter.java:62)
	at org.springframework.web.filter.OncePerRequestFilter.doFilter(OncePerRequestFilter.java:116)
	at org.springframework.security.web.ObservationFilterChainDecorator$ObservationFilter.wrapFilter(ObservationFilterChainDecorator.java:240)
	at org.springframework.security.web.ObservationFilterChainDecorator$ObservationFilter.doFilter(ObservationFilterChainDecorator.java:227)
	at org.springframework.security.web.ObservationFilterChainDecorator$VirtualFilterChain.doFilter(ObservationFilterChainDecorator.java:137)
	at org.springframework.security.web.session.DisableEncodeUrlFilter.doFilterInternal(DisableEncodeUrlFilter.java:42)
	at org.springframework.web.filter.OncePerRequestFilter.doFilter(OncePerRequestFilter.java:116)
	at org.springframework.security.web.ObservationFilterChainDecorator$ObservationFilter.wrapFilter(ObservationFilterChainDecorator.java:240)
	at org.springframework.security.web.ObservationFilterChainDecorator$AroundFilterObservation$SimpleAroundFilterObservation.lambda$wrap$0(ObservationFilterChainDecorator.java:323)
	at org.springframework.security.web.ObservationFilterChainDecorator$ObservationFilter.doFilter(ObservationFilterChainDecorator.java:224)
	at org.springframework.security.web.ObservationFilterChainDecorator$VirtualFilterChain.doFilter(ObservationFilterChainDecorator.java:137)
	at org.springframework.security.web.FilterChainProxy.doFilterInternal(FilterChainProxy.java:233)
	at org.springframework.security.web.FilterChainProxy.doFilter(FilterChainProxy.java:191)
	at org.springframework.web.filter.CompositeFilter$VirtualFilterChain.doFilter(CompositeFilter.java:113)
	at org.springframework.web.servlet.handler.HandlerMappingIntrospector.lambda$createCacheFilter$3(HandlerMappingIntrospector.java:195)
	at org.springframework.web.filter.CompositeFilter$VirtualFilterChain.doFilter(CompositeFilter.java:113)
	at org.springframework.web.filter.CompositeFilter.doFilter(CompositeFilter.java:74)
	at org.springframework.security.config.annotation.web.configuration.WebMvcSecurityConfiguration$CompositeFilterChainProxy.doFilter(WebMvcSecurityConfiguration.java:230)
	at org.springframework.web.filter.DelegatingFilterProxy.invokeDelegate(DelegatingFilterProxy.java:362)
	at org.springframework.web.filter.DelegatingFilterProxy.doFilter(DelegatingFilterProxy.java:278)
	at org.apache.catalina.core.ApplicationFilterChain.internalDoFilter(ApplicationFilterChain.java:164)
	at org.apache.catalina.core.ApplicationFilterChain.doFilter(ApplicationFilterChain.java:140)
	at org.springframework.web.filter.RequestContextFilter.doFilterInternal(RequestContextFilter.java:100)
	at org.springframework.web.filter.OncePerRequestFilter.doFilter(OncePerRequestFilter.java:116)
	at org.apache.catalina.core.ApplicationFilterChain.internalDoFilter(ApplicationFilterChain.java:164)
	at org.apache.catalina.core.ApplicationFilterChain.doFilter(ApplicationFilterChain.java:140)
	at org.springframework.web.filter.FormContentFilter.doFilterInternal(FormContentFilter.java:93)
	at org.springframework.web.filter.OncePerRequestFilter.doFilter(OncePerRequestFilter.java:116)
	at org.apache.catalina.core.ApplicationFilterChain.internalDoFilter(ApplicationFilterChain.java:164)
	at org.apache.catalina.core.ApplicationFilterChain.doFilter(ApplicationFilterChain.java:140)
	at org.springframework.web.servlet.v6_0.OpenTelemetryHandlerMappingFilter.doFilter(OpenTelemetryHandlerMappingFilter.java:78)
	at org.apache.catalina.core.ApplicationFilterChain.internalDoFilter(ApplicationFilterChain.java:164)
	at org.apache.catalina.core.ApplicationFilterChain.doFilter(ApplicationFilterChain.java:140)
	at org.springframework.web.filter.ServerHttpObservationFilter.doFilterInternal(ServerHttpObservationFilter.java:113)
	at org.springframework.web.filter.OncePerRequestFilter.doFilter(OncePerRequestFilter.java:116)
	at org.apache.catalina.core.ApplicationFilterChain.internalDoFilter(ApplicationFilterChain.java:164)
	at org.apache.catalina.core.ApplicationFilterChain.doFilter(ApplicationFilterChain.java:140)
	at org.springframework.web.filter.CharacterEncodingFilter.doFilterInternal(CharacterEncodingFilter.java:201)
	at org.springframework.web.filter.OncePerRequestFilter.doFilter(OncePerRequestFilter.java:116)
	at org.apache.catalina.core.ApplicationFilterChain.internalDoFilter(ApplicationFilterChain.java:164)
	at org.apache.catalina.core.ApplicationFilterChain.doFilter(ApplicationFilterChain.java:140)
	at org.apache.catalina.core.StandardWrapperValve.invoke(StandardWrapperValve.java:167)
	at org.apache.catalina.core.StandardContextValve.invoke(StandardContextValve.java:90)
	at org.apache.catalina.authenticator.AuthenticatorBase.invoke(AuthenticatorBase.java:483)
	at org.apache.catalina.core.StandardHostValve.invoke(StandardHostValve.java:116)
	at org.apache.catalina.valves.ErrorReportValve.invoke(ErrorReportValve.java:93)
	at org.apache.catalina.core.StandardEngineValve.invoke(StandardEngineValve.java:74)
	at org.apache.catalina.connector.CoyoteAdapter.service(CoyoteAdapter.java:344)
	at org.apache.coyote.http11.Http11Processor.service(Http11Processor.java:398)
	at org.apache.coyote.AbstractProcessorLight.process(AbstractProcessorLight.java:63)
	at org.apache.coyote.AbstractProtocol$ConnectionHandler.process(AbstractProtocol.java:903)
	at org.apache.tomcat.util.net.NioEndpoint$SocketProcessor.doRun(NioEndpoint.java:1740)
	at org.apache.tomcat.util.net.SocketProcessorBase.run(SocketProcessorBase.java:52)
	at org.apache.tomcat.util.threads.ThreadPoolExecutor.runWorker(ThreadPoolExecutor.java:1189)
	at org.apache.tomcat.util.threads.ThreadPoolExecutor$Worker.run(ThreadPoolExecutor.java:658)
	at org.apache.tomcat.util.threads.TaskThread$WrappingRunnable.run(TaskThread.java:63)
	at java.base/java.lang.Thread.run(Thread.java:833)
Caused by: org.springframework.integration.MessageDispatchingException: Dispatcher has no subscribers
	at org.springframework.integration.dispatcher.UnicastingDispatcher.doDispatch(UnicastingDispatcher.java:154)
	at org.springframework.integration.dispatcher.UnicastingDispatcher.dispatch(UnicastingDispatcher.java:121)
	at org.springframework.integration.channel.AbstractSubscribableChannel.doSend(AbstractSubscribableChannel.java:72)
	... 163 common frames omitted
2025-07-03 14:47:06 WARN  [http-nio-8080-exec-2] ACCESS_LOG - IP: 0:0:0:0:0:0:0:1, Method: POST, URL: /api/customers/register/kyc-and-otp?email=testfe32@gmail.com, Status: 400, Time: 62443 ms, Headers: content-length=104, sec-ch-ua-platform="Windows", user-agent=Mozilla/5.0 (Windows NT 10.0; Win64; x64) AppleWebKit/537.36 (KHTML, like Gecko) Chrome/137.0.0.0 Sa..., accept=application/json, text/plain, */*, sec-ch-ua="Google Chrome";v="137", "Chromium";v="137", "Not/A)Brand";v="24", content-type=application/json, sec-ch-ua-mobile=?0, origin=http://localhost:4200, sec-fetch-site=same-site, sec-fetch-mode=cors, sec-fetch-dest=empty, referer=http://localhost:4200/, accept-encoding=gzip, deflate, br, zstd, accept-language=vi,fr-FR;q=0.9,fr;q=0.8,en-US;q=0.7,en;q=0.6,ar;q=0.5, forwarded=proto=http;host="localhost:8888";for="[0:0:0:0:0:0:0:1]:52168", x-forwarded-for=0:0:0:0:0:0:0:1, x-forwarded-proto=http, x-forwarded-port=8888, x-forwarded-host=localhost:8888, host=localhost:8080
2025-07-03 14:52:44 WARN  [http-nio-8080-exec-1] ACCESS_LOG - IP: 0:0:0:0:0:0:0:1, Method: POST, URL: /api/customers/register/kyc-and-otp?email=testfe32@gmail.com, Status: 400, Time: 2575 ms, Headers: content-length=104, sec-ch-ua-platform="Windows", user-agent=Mozilla/5.0 (Windows NT 10.0; Win64; x64) AppleWebKit/537.36 (KHTML, like Gecko) Chrome/137.0.0.0 Sa..., accept=application/json, text/plain, */*, sec-ch-ua="Google Chrome";v="137", "Chromium";v="137", "Not/A)Brand";v="24", content-type=application/json, sec-ch-ua-mobile=?0, origin=http://localhost:4200, sec-fetch-site=same-site, sec-fetch-mode=cors, sec-fetch-dest=empty, referer=http://localhost:4200/, accept-encoding=gzip, deflate, br, zstd, accept-language=vi,fr-FR;q=0.9,fr;q=0.8,en-US;q=0.7,en;q=0.6,ar;q=0.5, forwarded=proto=http;host="localhost:8888";for="[0:0:0:0:0:0:0:1]:52890", x-forwarded-for=0:0:0:0:0:0:0:1, x-forwarded-proto=http, x-forwarded-port=8888, x-forwarded-host=localhost:8888, host=localhost:8080
2025-07-03 15:30:54 INFO  [http-nio-8080-exec-2] ACCESS_LOG - IP: 0:0:0:0:0:0:0:1, Method: GET, URL: /api/customers/status, Status: 200, Time: 537 ms, ClientInfo: RemoteUser=c5a3845b-d61f-4dd4-aa29-f851cf7a3dd8, Headers: sec-ch-ua-platform="Windows", authorization=***HIDDEN***, user-agent=Mozilla/5.0 (Windows NT 10.0; Win64; x64) AppleWebKit/537.36 (KHTML, like Gecko) Chrome/137.0.0.0 Sa..., accept=application/json, text/plain, */*, sec-ch-ua="Google Chrome";v="137", "Chromium";v="137", "Not/A)Brand";v="24", sec-ch-ua-mobile=?0, origin=http://localhost:4200, sec-fetch-site=same-site, sec-fetch-mode=cors, sec-fetch-dest=empty, referer=http://localhost:4200/, accept-encoding=gzip, deflate, br, zstd, accept-language=vi, forwarded=proto=http;host="localhost:8888";for="[0:0:0:0:0:0:0:1]:59369", x-forwarded-for=0:0:0:0:0:0:0:1, x-forwarded-proto=http, x-forwarded-port=8888, x-forwarded-host=localhost:8888, host=localhost:8080, content-length=0
2025-07-03 15:30:54 ERROR [http-nio-8080-exec-1] ACCESS_LOG - IP: 0:0:0:0:0:0:0:1, Method: GET, URL: /api/customers/growth?startDate=2025-06-03&endDate=2025-07-03, Status: 500, Time: 40 ms, ClientInfo: RemoteUser=c5a3845b-d61f-4dd4-aa29-f851cf7a3dd8, Headers: sec-ch-ua-platform="Windows", authorization=***HIDDEN***, user-agent=Mozilla/5.0 (Windows NT 10.0; Win64; x64) AppleWebKit/537.36 (KHTML, like Gecko) Chrome/137.0.0.0 Sa..., accept=application/json, text/plain, */*, sec-ch-ua="Google Chrome";v="137", "Chromium";v="137", "Not/A)Brand";v="24", sec-ch-ua-mobile=?0, origin=http://localhost:4200, sec-fetch-site=same-site, sec-fetch-mode=cors, sec-fetch-dest=empty, referer=http://localhost:4200/, accept-encoding=gzip, deflate, br, zstd, accept-language=vi, forwarded=proto=http;host="localhost:8888";for="[0:0:0:0:0:0:0:1]:59372", x-forwarded-for=0:0:0:0:0:0:0:1, x-forwarded-proto=http, x-forwarded-port=8888, x-forwarded-host=localhost:8888, host=localhost:8080, content-length=0
2025-07-03 15:30:54 ERROR [http-nio-8080-exec-3] ACCESS_LOG - IP: 0:0:0:0:0:0:0:1, Method: GET, URL: /api/customers/kyc/statistics?startDate=2025-06-03&endDate=2025-07-03, Status: 500, Time: 40 ms, ClientInfo: RemoteUser=c5a3845b-d61f-4dd4-aa29-f851cf7a3dd8, Headers: sec-ch-ua-platform="Windows", authorization=***HIDDEN***, user-agent=Mozilla/5.0 (Windows NT 10.0; Win64; x64) AppleWebKit/537.36 (KHTML, like Gecko) Chrome/137.0.0.0 Sa..., accept=application/json, text/plain, */*, sec-ch-ua="Google Chrome";v="137", "Chromium";v="137", "Not/A)Brand";v="24", sec-ch-ua-mobile=?0, origin=http://localhost:4200, sec-fetch-site=same-site, sec-fetch-mode=cors, sec-fetch-dest=empty, referer=http://localhost:4200/, accept-encoding=gzip, deflate, br, zstd, accept-language=vi, forwarded=proto=http;host="localhost:8888";for="[0:0:0:0:0:0:0:1]:59369", x-forwarded-for=0:0:0:0:0:0:0:1, x-forwarded-proto=http, x-forwarded-port=8888, x-forwarded-host=localhost:8888, host=localhost:8080, content-length=0
2025-07-03 15:44:42 INFO  [http-nio-8080-exec-4] ACCESS_LOG - IP: 0:0:0:0:0:0:0:1, Method: POST, URL: /api/customers/register/initiate, Status: 200, Time: 3032 ms, Headers: content-length=272, sec-ch-ua-platform="Windows", user-agent=Mozilla/5.0 (Windows NT 10.0; Win64; x64) AppleWebKit/537.36 (KHTML, like Gecko) Chrome/137.0.0.0 Sa..., accept=application/json, text/plain, */*, sec-ch-ua="Google Chrome";v="137", "Chromium";v="137", "Not/A)Brand";v="24", content-type=application/json, sec-ch-ua-mobile=?0, origin=http://localhost:4200, sec-fetch-site=same-site, sec-fetch-mode=cors, sec-fetch-dest=empty, referer=http://localhost:4200/, accept-encoding=gzip, deflate, br, zstd, accept-language=vi,fr-FR;q=0.9,fr;q=0.8,en-US;q=0.7,en;q=0.6,ar;q=0.5, forwarded=proto=http;host="localhost:8888";for="[0:0:0:0:0:0:0:1]:61033", x-forwarded-for=0:0:0:0:0:0:0:1, x-forwarded-proto=http, x-forwarded-port=8888, x-forwarded-host=localhost:8888, host=localhost:8080
2025-07-03 15:46:55 INFO  [http-nio-8080-exec-6] ACCESS_LOG - Đã gửi OTP tới email: testfe32@gmail.com sau khi xác minh KYC
2025-07-03 15:46:55 INFO  [http-nio-8080-exec-6] ACCESS_LOG - IP: 0:0:0:0:0:0:0:1, Method: POST, URL: /api/customers/register/kyc-and-otp?email=testfe32@gmail.com, Status: 200, Time: 9977 ms, Headers: content-length=104, sec-ch-ua-platform="Windows", user-agent=Mozilla/5.0 (Windows NT 10.0; Win64; x64) AppleWebKit/537.36 (KHTML, like Gecko) Chrome/137.0.0.0 Sa..., accept=application/json, text/plain, */*, sec-ch-ua="Google Chrome";v="137", "Chromium";v="137", "Not/A)Brand";v="24", content-type=application/json, sec-ch-ua-mobile=?0, origin=http://localhost:4200, sec-fetch-site=same-site, sec-fetch-mode=cors, sec-fetch-dest=empty, referer=http://localhost:4200/, accept-encoding=gzip, deflate, br, zstd, accept-language=vi,fr-FR;q=0.9,fr;q=0.8,en-US;q=0.7,en;q=0.6,ar;q=0.5, forwarded=proto=http;host="localhost:8888";for="[0:0:0:0:0:0:0:1]:61156", x-forwarded-for=0:0:0:0:0:0:0:1, x-forwarded-proto=http, x-forwarded-port=8888, x-forwarded-host=localhost:8888, host=localhost:8080
2025-07-03 15:48:00 INFO  [http-nio-8080-exec-8] ACCESS_LOG - Attempting to create user in Keycloak with username: testfe32
2025-07-03 15:48:01 INFO  [http-nio-8080-exec-8] ACCESS_LOG - Keycloak response status: 201
2025-07-03 15:48:01 INFO  [http-nio-8080-exec-8] ACCESS_LOG - Keycloak response body: 
2025-07-03 15:48:01 INFO  [http-nio-8080-exec-8] ACCESS_LOG - Created Keycloak user with ID: 2f500890-5ff1-4dca-a15e-cfa2ee7e964d and assigned CUSTOMER role
2025-07-03 15:48:02 INFO  [http-nio-8080-exec-8] ACCESS_LOG - Syncing with core banking for CIF: 9704522163221
2025-07-03 15:48:04 ERROR [http-nio-8080-exec-8] ACCESS_LOG - Registration failed, deleting Keycloak user ID: 2f500890-5ff1-4dca-a15e-cfa2ee7e964d
org.springframework.web.client.HttpClientErrorException$Unauthorized: 401 : [no body]
	at org.springframework.web.client.HttpClientErrorException.create(HttpClientErrorException.java:106)
	at org.springframework.web.client.DefaultResponseErrorHandler.handleError(DefaultResponseErrorHandler.java:183)
	at org.springframework.web.client.DefaultResponseErrorHandler.handleError(DefaultResponseErrorHandler.java:137)
	at org.springframework.web.client.ResponseErrorHandler.handleError(ResponseErrorHandler.java:63)
	at org.springframework.web.client.RestTemplate.handleResponse(RestTemplate.java:942)
	at org.springframework.web.client.RestTemplate.doExecute(RestTemplate.java:891)
	at org.springframework.web.client.RestTemplate.execute(RestTemplate.java:790)
	at org.springframework.web.client.RestTemplate.postForEntity(RestTemplate.java:538)
	at com.example.customer_service.services.CoreBankingClient.syncCustomer(CoreBankingClient.java:17)
	at com.example.customer_service.services.Impl.CustomerServiceImpl.completeRegistration(CustomerServiceImpl.java:260)
	at com.example.customer_service.services.Impl.CustomerServiceImpl.confirmRegister(CustomerServiceImpl.java:218)
	at java.base/jdk.internal.reflect.NativeMethodAccessorImpl.invoke0(Native Method)
	at java.base/jdk.internal.reflect.NativeMethodAccessorImpl.invoke(NativeMethodAccessorImpl.java:77)
	at java.base/jdk.internal.reflect.DelegatingMethodAccessorImpl.invoke(DelegatingMethodAccessorImpl.java:43)
	at java.base/java.lang.reflect.Method.invoke(Method.java:568)
	at org.springframework.aop.support.AopUtils.invokeJoinpointUsingReflection(AopUtils.java:355)
	at org.springframework.aop.framework.ReflectiveMethodInvocation.invokeJoinpoint(ReflectiveMethodInvocation.java:196)
	at org.springframework.aop.framework.ReflectiveMethodInvocation.proceed(ReflectiveMethodInvocation.java:163)
	at org.springframework.aop.framework.CglibAopProxy$CglibMethodInvocation.proceed(CglibAopProxy.java:769)
	at org.springframework.transaction.interceptor.TransactionAspectSupport.invokeWithinTransaction(TransactionAspectSupport.java:379)
	at org.springframework.transaction.interceptor.TransactionInterceptor.invoke(TransactionInterceptor.java:119)
	at org.springframework.aop.framework.ReflectiveMethodInvocation.proceed(ReflectiveMethodInvocation.java:184)
	at org.springframework.aop.framework.CglibAopProxy$CglibMethodInvocation.proceed(CglibAopProxy.java:769)
	at org.springframework.aop.framework.CglibAopProxy$DynamicAdvisedInterceptor.intercept(CglibAopProxy.java:721)
	at com.example.customer_service.services.Impl.CustomerServiceImpl$$SpringCGLIB$$0.confirmRegister(<generated>)
	at com.example.customer_service.controllers.CustomerController.confirmRegister(CustomerController.java:137)
	at java.base/jdk.internal.reflect.NativeMethodAccessorImpl.invoke0(Native Method)
	at java.base/jdk.internal.reflect.NativeMethodAccessorImpl.invoke(NativeMethodAccessorImpl.java:77)
	at java.base/jdk.internal.reflect.DelegatingMethodAccessorImpl.invoke(DelegatingMethodAccessorImpl.java:43)
	at java.base/java.lang.reflect.Method.invoke(Method.java:568)
	at org.springframework.aop.support.AopUtils.invokeJoinpointUsingReflection(AopUtils.java:355)
	at org.springframework.aop.framework.CglibAopProxy$DynamicAdvisedInterceptor.intercept(CglibAopProxy.java:717)
	at com.example.customer_service.controllers.CustomerController$$SpringCGLIB$$0.confirmRegister(<generated>)
	at java.base/jdk.internal.reflect.NativeMethodAccessorImpl.invoke0(Native Method)
	at java.base/jdk.internal.reflect.NativeMethodAccessorImpl.invoke(NativeMethodAccessorImpl.java:77)
	at java.base/jdk.internal.reflect.DelegatingMethodAccessorImpl.invoke(DelegatingMethodAccessorImpl.java:43)
	at java.base/java.lang.reflect.Method.invoke(Method.java:568)
	at org.springframework.web.method.support.InvocableHandlerMethod.doInvoke(InvocableHandlerMethod.java:255)
	at org.springframework.web.method.support.InvocableHandlerMethod.invokeForRequest(InvocableHandlerMethod.java:188)
	at org.springframework.web.servlet.mvc.method.annotation.ServletInvocableHandlerMethod.invokeAndHandle(ServletInvocableHandlerMethod.java:118)
	at org.springframework.web.servlet.mvc.method.annotation.RequestMappingHandlerAdapter.invokeHandlerMethod(RequestMappingHandlerAdapter.java:926)
	at org.springframework.web.servlet.mvc.method.annotation.RequestMappingHandlerAdapter.handleInternal(RequestMappingHandlerAdapter.java:831)
	at org.springframework.web.servlet.mvc.method.AbstractHandlerMethodAdapter.handle(AbstractHandlerMethodAdapter.java:87)
	at org.springframework.web.servlet.DispatcherServlet.doDispatch(DispatcherServlet.java:1089)
	at org.springframework.web.servlet.DispatcherServlet.doService(DispatcherServlet.java:979)
	at org.springframework.web.servlet.FrameworkServlet.processRequest(FrameworkServlet.java:1014)
	at org.springframework.web.servlet.FrameworkServlet.doPost(FrameworkServlet.java:914)
	at jakarta.servlet.http.HttpServlet.service(HttpServlet.java:590)
	at org.springframework.web.servlet.FrameworkServlet.service(FrameworkServlet.java:885)
	at jakarta.servlet.http.HttpServlet.service(HttpServlet.java:658)
	at org.apache.catalina.core.ApplicationFilterChain.internalDoFilter(ApplicationFilterChain.java:195)
	at org.apache.catalina.core.ApplicationFilterChain.doFilter(ApplicationFilterChain.java:140)
	at org.apache.tomcat.websocket.server.WsFilter.doFilter(WsFilter.java:51)
	at org.apache.catalina.core.ApplicationFilterChain.internalDoFilter(ApplicationFilterChain.java:164)
	at org.apache.catalina.core.ApplicationFilterChain.doFilter(ApplicationFilterChain.java:140)
	at com.example.customer_service.components.CustomRequestLoggingFilter.doFilterInternal(CustomRequestLoggingFilter.java:44)
	at org.springframework.web.filter.OncePerRequestFilter.doFilter(OncePerRequestFilter.java:116)
	at org.apache.catalina.core.ApplicationFilterChain.internalDoFilter(ApplicationFilterChain.java:164)
	at org.apache.catalina.core.ApplicationFilterChain.doFilter(ApplicationFilterChain.java:140)
	at org.springframework.web.filter.CompositeFilter$VirtualFilterChain.doFilter(CompositeFilter.java:108)
	at org.springframework.security.web.FilterChainProxy.lambda$doFilterInternal$3(FilterChainProxy.java:231)
	at org.springframework.security.web.ObservationFilterChainDecorator$FilterObservation$SimpleFilterObservation.lambda$wrap$1(ObservationFilterChainDecorator.java:479)
	at org.springframework.security.web.ObservationFilterChainDecorator$AroundFilterObservation$SimpleAroundFilterObservation.lambda$wrap$1(ObservationFilterChainDecorator.java:340)
	at org.springframework.security.web.ObservationFilterChainDecorator.lambda$wrapSecured$0(ObservationFilterChainDecorator.java:82)
	at org.springframework.security.web.ObservationFilterChainDecorator$VirtualFilterChain.doFilter(ObservationFilterChainDecorator.java:128)
	at org.springframework.security.web.access.intercept.AuthorizationFilter.doFilter(AuthorizationFilter.java:100)
	at org.springframework.security.web.ObservationFilterChainDecorator$ObservationFilter.wrapFilter(ObservationFilterChainDecorator.java:240)
	at org.springframework.security.web.ObservationFilterChainDecorator$ObservationFilter.doFilter(ObservationFilterChainDecorator.java:227)
	at org.springframework.security.web.ObservationFilterChainDecorator$VirtualFilterChain.doFilter(ObservationFilterChainDecorator.java:137)
	at org.springframework.security.web.access.ExceptionTranslationFilter.doFilter(ExceptionTranslationFilter.java:126)
	at org.springframework.security.web.access.ExceptionTranslationFilter.doFilter(ExceptionTranslationFilter.java:120)
	at org.springframework.security.web.ObservationFilterChainDecorator$ObservationFilter.wrapFilter(ObservationFilterChainDecorator.java:240)
	at org.springframework.security.web.ObservationFilterChainDecorator$ObservationFilter.doFilter(ObservationFilterChainDecorator.java:227)
	at org.springframework.security.web.ObservationFilterChainDecorator$VirtualFilterChain.doFilter(ObservationFilterChainDecorator.java:137)
	at org.springframework.security.web.session.SessionManagementFilter.doFilter(SessionManagementFilter.java:131)
	at org.springframework.security.web.session.SessionManagementFilter.doFilter(SessionManagementFilter.java:85)
	at org.springframework.security.web.ObservationFilterChainDecorator$ObservationFilter.wrapFilter(ObservationFilterChainDecorator.java:240)
	at org.springframework.security.web.ObservationFilterChainDecorator$ObservationFilter.doFilter(ObservationFilterChainDecorator.java:227)
	at org.springframework.security.web.ObservationFilterChainDecorator$VirtualFilterChain.doFilter(ObservationFilterChainDecorator.java:137)
	at org.springframework.security.web.authentication.AnonymousAuthenticationFilter.doFilter(AnonymousAuthenticationFilter.java:100)
	at org.springframework.security.web.ObservationFilterChainDecorator$ObservationFilter.wrapFilter(ObservationFilterChainDecorator.java:240)
	at org.springframework.security.web.ObservationFilterChainDecorator$ObservationFilter.doFilter(ObservationFilterChainDecorator.java:227)
	at org.springframework.security.web.ObservationFilterChainDecorator$VirtualFilterChain.doFilter(ObservationFilterChainDecorator.java:137)
	at org.springframework.security.web.servletapi.SecurityContextHolderAwareRequestFilter.doFilter(SecurityContextHolderAwareRequestFilter.java:179)
	at org.springframework.security.web.ObservationFilterChainDecorator$ObservationFilter.wrapFilter(ObservationFilterChainDecorator.java:240)
	at org.springframework.security.web.ObservationFilterChainDecorator$ObservationFilter.doFilter(ObservationFilterChainDecorator.java:227)
	at org.springframework.security.web.ObservationFilterChainDecorator$VirtualFilterChain.doFilter(ObservationFilterChainDecorator.java:137)
	at org.springframework.security.web.savedrequest.RequestCacheAwareFilter.doFilter(RequestCacheAwareFilter.java:63)
	at org.springframework.security.web.ObservationFilterChainDecorator$ObservationFilter.wrapFilter(ObservationFilterChainDecorator.java:240)
	at org.springframework.security.web.ObservationFilterChainDecorator$ObservationFilter.doFilter(ObservationFilterChainDecorator.java:227)
	at org.springframework.security.web.ObservationFilterChainDecorator$VirtualFilterChain.doFilter(ObservationFilterChainDecorator.java:137)
	at org.springframework.security.oauth2.server.resource.web.authentication.BearerTokenAuthenticationFilter.doFilterInternal(BearerTokenAuthenticationFilter.java:128)
	at org.springframework.web.filter.OncePerRequestFilter.doFilter(OncePerRequestFilter.java:116)
	at org.springframework.security.web.ObservationFilterChainDecorator$ObservationFilter.wrapFilter(ObservationFilterChainDecorator.java:240)
	at org.springframework.security.web.ObservationFilterChainDecorator$ObservationFilter.doFilter(ObservationFilterChainDecorator.java:227)
	at org.springframework.security.web.ObservationFilterChainDecorator$VirtualFilterChain.doFilter(ObservationFilterChainDecorator.java:137)
	at org.springframework.security.web.authentication.logout.LogoutFilter.doFilter(LogoutFilter.java:107)
	at org.springframework.security.web.authentication.logout.LogoutFilter.doFilter(LogoutFilter.java:93)
	at org.springframework.security.web.ObservationFilterChainDecorator$ObservationFilter.wrapFilter(ObservationFilterChainDecorator.java:240)
	at org.springframework.security.web.ObservationFilterChainDecorator$ObservationFilter.doFilter(ObservationFilterChainDecorator.java:227)
	at org.springframework.security.web.ObservationFilterChainDecorator$VirtualFilterChain.doFilter(ObservationFilterChainDecorator.java:137)
	at org.springframework.web.filter.CorsFilter.doFilterInternal(CorsFilter.java:91)
	at org.springframework.web.filter.OncePerRequestFilter.doFilter(OncePerRequestFilter.java:116)
	at org.springframework.security.web.ObservationFilterChainDecorator$ObservationFilter.wrapFilter(ObservationFilterChainDecorator.java:240)
	at org.springframework.security.web.ObservationFilterChainDecorator$ObservationFilter.doFilter(ObservationFilterChainDecorator.java:227)
	at org.springframework.security.web.ObservationFilterChainDecorator$VirtualFilterChain.doFilter(ObservationFilterChainDecorator.java:137)
	at org.springframework.security.web.header.HeaderWriterFilter.doHeadersAfter(HeaderWriterFilter.java:90)
	at org.springframework.security.web.header.HeaderWriterFilter.doFilterInternal(HeaderWriterFilter.java:75)
	at org.springframework.web.filter.OncePerRequestFilter.doFilter(OncePerRequestFilter.java:116)
	at org.springframework.security.web.ObservationFilterChainDecorator$ObservationFilter.wrapFilter(ObservationFilterChainDecorator.java:240)
	at org.springframework.security.web.ObservationFilterChainDecorator$ObservationFilter.doFilter(ObservationFilterChainDecorator.java:227)
	at org.springframework.security.web.ObservationFilterChainDecorator$VirtualFilterChain.doFilter(ObservationFilterChainDecorator.java:137)
	at org.springframework.security.web.context.SecurityContextHolderFilter.doFilter(SecurityContextHolderFilter.java:82)
	at org.springframework.security.web.context.SecurityContextHolderFilter.doFilter(SecurityContextHolderFilter.java:69)
	at org.springframework.security.web.ObservationFilterChainDecorator$ObservationFilter.wrapFilter(ObservationFilterChainDecorator.java:240)
	at org.springframework.security.web.ObservationFilterChainDecorator$ObservationFilter.doFilter(ObservationFilterChainDecorator.java:227)
	at org.springframework.security.web.ObservationFilterChainDecorator$VirtualFilterChain.doFilter(ObservationFilterChainDecorator.java:137)
	at org.springframework.security.web.context.request.async.WebAsyncManagerIntegrationFilter.doFilterInternal(WebAsyncManagerIntegrationFilter.java:62)
	at org.springframework.web.filter.OncePerRequestFilter.doFilter(OncePerRequestFilter.java:116)
	at org.springframework.security.web.ObservationFilterChainDecorator$ObservationFilter.wrapFilter(ObservationFilterChainDecorator.java:240)
	at org.springframework.security.web.ObservationFilterChainDecorator$ObservationFilter.doFilter(ObservationFilterChainDecorator.java:227)
	at org.springframework.security.web.ObservationFilterChainDecorator$VirtualFilterChain.doFilter(ObservationFilterChainDecorator.java:137)
	at org.springframework.security.web.session.DisableEncodeUrlFilter.doFilterInternal(DisableEncodeUrlFilter.java:42)
	at org.springframework.web.filter.OncePerRequestFilter.doFilter(OncePerRequestFilter.java:116)
	at org.springframework.security.web.ObservationFilterChainDecorator$ObservationFilter.wrapFilter(ObservationFilterChainDecorator.java:240)
	at org.springframework.security.web.ObservationFilterChainDecorator$AroundFilterObservation$SimpleAroundFilterObservation.lambda$wrap$0(ObservationFilterChainDecorator.java:323)
	at org.springframework.security.web.ObservationFilterChainDecorator$ObservationFilter.doFilter(ObservationFilterChainDecorator.java:224)
	at org.springframework.security.web.ObservationFilterChainDecorator$VirtualFilterChain.doFilter(ObservationFilterChainDecorator.java:137)
	at org.springframework.security.web.FilterChainProxy.doFilterInternal(FilterChainProxy.java:233)
	at org.springframework.security.web.FilterChainProxy.doFilter(FilterChainProxy.java:191)
	at org.springframework.web.filter.CompositeFilter$VirtualFilterChain.doFilter(CompositeFilter.java:113)
	at org.springframework.web.servlet.handler.HandlerMappingIntrospector.lambda$createCacheFilter$3(HandlerMappingIntrospector.java:195)
	at org.springframework.web.filter.CompositeFilter$VirtualFilterChain.doFilter(CompositeFilter.java:113)
	at org.springframework.web.filter.CompositeFilter.doFilter(CompositeFilter.java:74)
	at org.springframework.security.config.annotation.web.configuration.WebMvcSecurityConfiguration$CompositeFilterChainProxy.doFilter(WebMvcSecurityConfiguration.java:230)
	at org.springframework.web.filter.DelegatingFilterProxy.invokeDelegate(DelegatingFilterProxy.java:362)
	at org.springframework.web.filter.DelegatingFilterProxy.doFilter(DelegatingFilterProxy.java:278)
	at org.apache.catalina.core.ApplicationFilterChain.internalDoFilter(ApplicationFilterChain.java:164)
	at org.apache.catalina.core.ApplicationFilterChain.doFilter(ApplicationFilterChain.java:140)
	at org.springframework.web.filter.RequestContextFilter.doFilterInternal(RequestContextFilter.java:100)
	at org.springframework.web.filter.OncePerRequestFilter.doFilter(OncePerRequestFilter.java:116)
	at org.apache.catalina.core.ApplicationFilterChain.internalDoFilter(ApplicationFilterChain.java:164)
	at org.apache.catalina.core.ApplicationFilterChain.doFilter(ApplicationFilterChain.java:140)
	at org.springframework.web.filter.FormContentFilter.doFilterInternal(FormContentFilter.java:93)
	at org.springframework.web.filter.OncePerRequestFilter.doFilter(OncePerRequestFilter.java:116)
	at org.apache.catalina.core.ApplicationFilterChain.internalDoFilter(ApplicationFilterChain.java:164)
	at org.apache.catalina.core.ApplicationFilterChain.doFilter(ApplicationFilterChain.java:140)
	at org.springframework.web.servlet.v6_0.OpenTelemetryHandlerMappingFilter.doFilter(OpenTelemetryHandlerMappingFilter.java:78)
	at org.apache.catalina.core.ApplicationFilterChain.internalDoFilter(ApplicationFilterChain.java:164)
	at org.apache.catalina.core.ApplicationFilterChain.doFilter(ApplicationFilterChain.java:140)
	at org.springframework.web.filter.ServerHttpObservationFilter.doFilterInternal(ServerHttpObservationFilter.java:113)
	at org.springframework.web.filter.OncePerRequestFilter.doFilter(OncePerRequestFilter.java:116)
	at org.apache.catalina.core.ApplicationFilterChain.internalDoFilter(ApplicationFilterChain.java:164)
	at org.apache.catalina.core.ApplicationFilterChain.doFilter(ApplicationFilterChain.java:140)
	at org.springframework.web.filter.CharacterEncodingFilter.doFilterInternal(CharacterEncodingFilter.java:201)
	at org.springframework.web.filter.OncePerRequestFilter.doFilter(OncePerRequestFilter.java:116)
	at org.apache.catalina.core.ApplicationFilterChain.internalDoFilter(ApplicationFilterChain.java:164)
	at org.apache.catalina.core.ApplicationFilterChain.doFilter(ApplicationFilterChain.java:140)
	at org.apache.catalina.core.StandardWrapperValve.invoke(StandardWrapperValve.java:167)
	at org.apache.catalina.core.StandardContextValve.invoke(StandardContextValve.java:90)
	at org.apache.catalina.authenticator.AuthenticatorBase.invoke(AuthenticatorBase.java:483)
	at org.apache.catalina.core.StandardHostValve.invoke(StandardHostValve.java:116)
	at org.apache.catalina.valves.ErrorReportValve.invoke(ErrorReportValve.java:93)
	at org.apache.catalina.core.StandardEngineValve.invoke(StandardEngineValve.java:74)
	at org.apache.catalina.connector.CoyoteAdapter.service(CoyoteAdapter.java:344)
	at org.apache.coyote.http11.Http11Processor.service(Http11Processor.java:398)
	at org.apache.coyote.AbstractProcessorLight.process(AbstractProcessorLight.java:63)
	at org.apache.coyote.AbstractProtocol$ConnectionHandler.process(AbstractProtocol.java:903)
	at org.apache.tomcat.util.net.NioEndpoint$SocketProcessor.doRun(NioEndpoint.java:1740)
	at org.apache.tomcat.util.net.SocketProcessorBase.run(SocketProcessorBase.java:52)
	at org.apache.tomcat.util.threads.ThreadPoolExecutor.runWorker(ThreadPoolExecutor.java:1189)
	at org.apache.tomcat.util.threads.ThreadPoolExecutor$Worker.run(ThreadPoolExecutor.java:658)
	at org.apache.tomcat.util.threads.TaskThread$WrappingRunnable.run(TaskThread.java:63)
	at java.base/java.lang.Thread.run(Thread.java:833)
2025-07-03 15:48:04 INFO  [http-nio-8080-exec-8] ACCESS_LOG - Deleted Keycloak user with ID: 2f500890-5ff1-4dca-a15e-cfa2ee7e964d
2025-07-03 15:48:04 WARN  [http-nio-8080-exec-8] ACCESS_LOG - IP: 0:0:0:0:0:0:0:1, Method: POST, URL: /api/customers/register/confirm?email=testfe32@gmail.com&otp=***HIDDEN***, Status: 400, Time: 8239 ms, Headers: sec-ch-ua-platform="Windows", user-agent=Mozilla/5.0 (Windows NT 10.0; Win64; x64) AppleWebKit/537.36 (KHTML, like Gecko) Chrome/137.0.0.0 Sa..., accept=application/json, text/plain, */*, sec-ch-ua="Google Chrome";v="137", "Chromium";v="137", "Not/A)Brand";v="24", sec-ch-ua-mobile=?0, origin=http://localhost:4200, sec-fetch-site=same-site, sec-fetch-mode=cors, sec-fetch-dest=empty, referer=http://localhost:4200/, accept-encoding=gzip, deflate, br, zstd, accept-language=vi,fr-FR;q=0.9,fr;q=0.8,en-US;q=0.7,en;q=0.6,ar;q=0.5, forwarded=proto=http;host="localhost:8888";for="[0:0:0:0:0:0:0:1]:61220", x-forwarded-for=0:0:0:0:0:0:0:1, x-forwarded-proto=http, x-forwarded-port=8888, x-forwarded-host=localhost:8888, host=localhost:8080, content-length=0
2025-07-03 15:48:35 INFO  [http-nio-8080-exec-9] ACCESS_LOG - Attempting to create user in Keycloak with username: testfe32
2025-07-03 15:48:35 INFO  [http-nio-8080-exec-9] ACCESS_LOG - Keycloak response status: 201
2025-07-03 15:48:35 INFO  [http-nio-8080-exec-9] ACCESS_LOG - Keycloak response body: 
2025-07-03 15:48:36 INFO  [http-nio-8080-exec-9] ACCESS_LOG - Created Keycloak user with ID: 23803bea-7d7d-4334-9d85-152edd337419 and assigned CUSTOMER role
2025-07-03 15:48:36 INFO  [http-nio-8080-exec-9] ACCESS_LOG - Syncing with core banking for CIF: 9704522163221
2025-07-03 15:48:36 ERROR [http-nio-8080-exec-9] ACCESS_LOG - Registration failed, deleting Keycloak user ID: 23803bea-7d7d-4334-9d85-152edd337419
org.springframework.web.client.HttpClientErrorException$Unauthorized: 401 : [no body]
	at org.springframework.web.client.HttpClientErrorException.create(HttpClientErrorException.java:106)
	at org.springframework.web.client.DefaultResponseErrorHandler.handleError(DefaultResponseErrorHandler.java:183)
	at org.springframework.web.client.DefaultResponseErrorHandler.handleError(DefaultResponseErrorHandler.java:137)
	at org.springframework.web.client.ResponseErrorHandler.handleError(ResponseErrorHandler.java:63)
	at org.springframework.web.client.RestTemplate.handleResponse(RestTemplate.java:942)
	at org.springframework.web.client.RestTemplate.doExecute(RestTemplate.java:891)
	at org.springframework.web.client.RestTemplate.execute(RestTemplate.java:790)
	at org.springframework.web.client.RestTemplate.postForEntity(RestTemplate.java:538)
	at com.example.customer_service.services.CoreBankingClient.syncCustomer(CoreBankingClient.java:17)
	at com.example.customer_service.services.Impl.CustomerServiceImpl.completeRegistration(CustomerServiceImpl.java:260)
	at com.example.customer_service.services.Impl.CustomerServiceImpl.confirmRegister(CustomerServiceImpl.java:218)
	at java.base/jdk.internal.reflect.NativeMethodAccessorImpl.invoke0(Native Method)
	at java.base/jdk.internal.reflect.NativeMethodAccessorImpl.invoke(NativeMethodAccessorImpl.java:77)
	at java.base/jdk.internal.reflect.DelegatingMethodAccessorImpl.invoke(DelegatingMethodAccessorImpl.java:43)
	at java.base/java.lang.reflect.Method.invoke(Method.java:568)
	at org.springframework.aop.support.AopUtils.invokeJoinpointUsingReflection(AopUtils.java:355)
	at org.springframework.aop.framework.ReflectiveMethodInvocation.invokeJoinpoint(ReflectiveMethodInvocation.java:196)
	at org.springframework.aop.framework.ReflectiveMethodInvocation.proceed(ReflectiveMethodInvocation.java:163)
	at org.springframework.aop.framework.CglibAopProxy$CglibMethodInvocation.proceed(CglibAopProxy.java:769)
	at org.springframework.transaction.interceptor.TransactionAspectSupport.invokeWithinTransaction(TransactionAspectSupport.java:379)
	at org.springframework.transaction.interceptor.TransactionInterceptor.invoke(TransactionInterceptor.java:119)
	at org.springframework.aop.framework.ReflectiveMethodInvocation.proceed(ReflectiveMethodInvocation.java:184)
	at org.springframework.aop.framework.CglibAopProxy$CglibMethodInvocation.proceed(CglibAopProxy.java:769)
	at org.springframework.aop.framework.CglibAopProxy$DynamicAdvisedInterceptor.intercept(CglibAopProxy.java:721)
	at com.example.customer_service.services.Impl.CustomerServiceImpl$$SpringCGLIB$$0.confirmRegister(<generated>)
	at com.example.customer_service.controllers.CustomerController.confirmRegister(CustomerController.java:137)
	at java.base/jdk.internal.reflect.NativeMethodAccessorImpl.invoke0(Native Method)
	at java.base/jdk.internal.reflect.NativeMethodAccessorImpl.invoke(NativeMethodAccessorImpl.java:77)
	at java.base/jdk.internal.reflect.DelegatingMethodAccessorImpl.invoke(DelegatingMethodAccessorImpl.java:43)
	at java.base/java.lang.reflect.Method.invoke(Method.java:568)
	at org.springframework.aop.support.AopUtils.invokeJoinpointUsingReflection(AopUtils.java:355)
	at org.springframework.aop.framework.CglibAopProxy$DynamicAdvisedInterceptor.intercept(CglibAopProxy.java:717)
	at com.example.customer_service.controllers.CustomerController$$SpringCGLIB$$0.confirmRegister(<generated>)
	at java.base/jdk.internal.reflect.NativeMethodAccessorImpl.invoke0(Native Method)
	at java.base/jdk.internal.reflect.NativeMethodAccessorImpl.invoke(NativeMethodAccessorImpl.java:77)
	at java.base/jdk.internal.reflect.DelegatingMethodAccessorImpl.invoke(DelegatingMethodAccessorImpl.java:43)
	at java.base/java.lang.reflect.Method.invoke(Method.java:568)
	at org.springframework.web.method.support.InvocableHandlerMethod.doInvoke(InvocableHandlerMethod.java:255)
	at org.springframework.web.method.support.InvocableHandlerMethod.invokeForRequest(InvocableHandlerMethod.java:188)
	at org.springframework.web.servlet.mvc.method.annotation.ServletInvocableHandlerMethod.invokeAndHandle(ServletInvocableHandlerMethod.java:118)
	at org.springframework.web.servlet.mvc.method.annotation.RequestMappingHandlerAdapter.invokeHandlerMethod(RequestMappingHandlerAdapter.java:926)
	at org.springframework.web.servlet.mvc.method.annotation.RequestMappingHandlerAdapter.handleInternal(RequestMappingHandlerAdapter.java:831)
	at org.springframework.web.servlet.mvc.method.AbstractHandlerMethodAdapter.handle(AbstractHandlerMethodAdapter.java:87)
	at org.springframework.web.servlet.DispatcherServlet.doDispatch(DispatcherServlet.java:1089)
	at org.springframework.web.servlet.DispatcherServlet.doService(DispatcherServlet.java:979)
	at org.springframework.web.servlet.FrameworkServlet.processRequest(FrameworkServlet.java:1014)
	at org.springframework.web.servlet.FrameworkServlet.doPost(FrameworkServlet.java:914)
	at jakarta.servlet.http.HttpServlet.service(HttpServlet.java:590)
	at org.springframework.web.servlet.FrameworkServlet.service(FrameworkServlet.java:885)
	at jakarta.servlet.http.HttpServlet.service(HttpServlet.java:658)
	at org.apache.catalina.core.ApplicationFilterChain.internalDoFilter(ApplicationFilterChain.java:195)
	at org.apache.catalina.core.ApplicationFilterChain.doFilter(ApplicationFilterChain.java:140)
	at org.apache.tomcat.websocket.server.WsFilter.doFilter(WsFilter.java:51)
	at org.apache.catalina.core.ApplicationFilterChain.internalDoFilter(ApplicationFilterChain.java:164)
	at org.apache.catalina.core.ApplicationFilterChain.doFilter(ApplicationFilterChain.java:140)
	at com.example.customer_service.components.CustomRequestLoggingFilter.doFilterInternal(CustomRequestLoggingFilter.java:44)
	at org.springframework.web.filter.OncePerRequestFilter.doFilter(OncePerRequestFilter.java:116)
	at org.apache.catalina.core.ApplicationFilterChain.internalDoFilter(ApplicationFilterChain.java:164)
	at org.apache.catalina.core.ApplicationFilterChain.doFilter(ApplicationFilterChain.java:140)
	at org.springframework.web.filter.CompositeFilter$VirtualFilterChain.doFilter(CompositeFilter.java:108)
	at org.springframework.security.web.FilterChainProxy.lambda$doFilterInternal$3(FilterChainProxy.java:231)
	at org.springframework.security.web.ObservationFilterChainDecorator$FilterObservation$SimpleFilterObservation.lambda$wrap$1(ObservationFilterChainDecorator.java:479)
	at org.springframework.security.web.ObservationFilterChainDecorator$AroundFilterObservation$SimpleAroundFilterObservation.lambda$wrap$1(ObservationFilterChainDecorator.java:340)
	at org.springframework.security.web.ObservationFilterChainDecorator.lambda$wrapSecured$0(ObservationFilterChainDecorator.java:82)
	at org.springframework.security.web.ObservationFilterChainDecorator$VirtualFilterChain.doFilter(ObservationFilterChainDecorator.java:128)
	at org.springframework.security.web.access.intercept.AuthorizationFilter.doFilter(AuthorizationFilter.java:100)
	at org.springframework.security.web.ObservationFilterChainDecorator$ObservationFilter.wrapFilter(ObservationFilterChainDecorator.java:240)
	at org.springframework.security.web.ObservationFilterChainDecorator$ObservationFilter.doFilter(ObservationFilterChainDecorator.java:227)
	at org.springframework.security.web.ObservationFilterChainDecorator$VirtualFilterChain.doFilter(ObservationFilterChainDecorator.java:137)
	at org.springframework.security.web.access.ExceptionTranslationFilter.doFilter(ExceptionTranslationFilter.java:126)
	at org.springframework.security.web.access.ExceptionTranslationFilter.doFilter(ExceptionTranslationFilter.java:120)
	at org.springframework.security.web.ObservationFilterChainDecorator$ObservationFilter.wrapFilter(ObservationFilterChainDecorator.java:240)
	at org.springframework.security.web.ObservationFilterChainDecorator$ObservationFilter.doFilter(ObservationFilterChainDecorator.java:227)
	at org.springframework.security.web.ObservationFilterChainDecorator$VirtualFilterChain.doFilter(ObservationFilterChainDecorator.java:137)
	at org.springframework.security.web.session.SessionManagementFilter.doFilter(SessionManagementFilter.java:131)
	at org.springframework.security.web.session.SessionManagementFilter.doFilter(SessionManagementFilter.java:85)
	at org.springframework.security.web.ObservationFilterChainDecorator$ObservationFilter.wrapFilter(ObservationFilterChainDecorator.java:240)
	at org.springframework.security.web.ObservationFilterChainDecorator$ObservationFilter.doFilter(ObservationFilterChainDecorator.java:227)
	at org.springframework.security.web.ObservationFilterChainDecorator$VirtualFilterChain.doFilter(ObservationFilterChainDecorator.java:137)
	at org.springframework.security.web.authentication.AnonymousAuthenticationFilter.doFilter(AnonymousAuthenticationFilter.java:100)
	at org.springframework.security.web.ObservationFilterChainDecorator$ObservationFilter.wrapFilter(ObservationFilterChainDecorator.java:240)
	at org.springframework.security.web.ObservationFilterChainDecorator$ObservationFilter.doFilter(ObservationFilterChainDecorator.java:227)
	at org.springframework.security.web.ObservationFilterChainDecorator$VirtualFilterChain.doFilter(ObservationFilterChainDecorator.java:137)
	at org.springframework.security.web.servletapi.SecurityContextHolderAwareRequestFilter.doFilter(SecurityContextHolderAwareRequestFilter.java:179)
	at org.springframework.security.web.ObservationFilterChainDecorator$ObservationFilter.wrapFilter(ObservationFilterChainDecorator.java:240)
	at org.springframework.security.web.ObservationFilterChainDecorator$ObservationFilter.doFilter(ObservationFilterChainDecorator.java:227)
	at org.springframework.security.web.ObservationFilterChainDecorator$VirtualFilterChain.doFilter(ObservationFilterChainDecorator.java:137)
	at org.springframework.security.web.savedrequest.RequestCacheAwareFilter.doFilter(RequestCacheAwareFilter.java:63)
	at org.springframework.security.web.ObservationFilterChainDecorator$ObservationFilter.wrapFilter(ObservationFilterChainDecorator.java:240)
	at org.springframework.security.web.ObservationFilterChainDecorator$ObservationFilter.doFilter(ObservationFilterChainDecorator.java:227)
	at org.springframework.security.web.ObservationFilterChainDecorator$VirtualFilterChain.doFilter(ObservationFilterChainDecorator.java:137)
	at org.springframework.security.oauth2.server.resource.web.authentication.BearerTokenAuthenticationFilter.doFilterInternal(BearerTokenAuthenticationFilter.java:128)
	at org.springframework.web.filter.OncePerRequestFilter.doFilter(OncePerRequestFilter.java:116)
	at org.springframework.security.web.ObservationFilterChainDecorator$ObservationFilter.wrapFilter(ObservationFilterChainDecorator.java:240)
	at org.springframework.security.web.ObservationFilterChainDecorator$ObservationFilter.doFilter(ObservationFilterChainDecorator.java:227)
	at org.springframework.security.web.ObservationFilterChainDecorator$VirtualFilterChain.doFilter(ObservationFilterChainDecorator.java:137)
	at org.springframework.security.web.authentication.logout.LogoutFilter.doFilter(LogoutFilter.java:107)
	at org.springframework.security.web.authentication.logout.LogoutFilter.doFilter(LogoutFilter.java:93)
	at org.springframework.security.web.ObservationFilterChainDecorator$ObservationFilter.wrapFilter(ObservationFilterChainDecorator.java:240)
	at org.springframework.security.web.ObservationFilterChainDecorator$ObservationFilter.doFilter(ObservationFilterChainDecorator.java:227)
	at org.springframework.security.web.ObservationFilterChainDecorator$VirtualFilterChain.doFilter(ObservationFilterChainDecorator.java:137)
	at org.springframework.web.filter.CorsFilter.doFilterInternal(CorsFilter.java:91)
	at org.springframework.web.filter.OncePerRequestFilter.doFilter(OncePerRequestFilter.java:116)
	at org.springframework.security.web.ObservationFilterChainDecorator$ObservationFilter.wrapFilter(ObservationFilterChainDecorator.java:240)
	at org.springframework.security.web.ObservationFilterChainDecorator$ObservationFilter.doFilter(ObservationFilterChainDecorator.java:227)
	at org.springframework.security.web.ObservationFilterChainDecorator$VirtualFilterChain.doFilter(ObservationFilterChainDecorator.java:137)
	at org.springframework.security.web.header.HeaderWriterFilter.doHeadersAfter(HeaderWriterFilter.java:90)
	at org.springframework.security.web.header.HeaderWriterFilter.doFilterInternal(HeaderWriterFilter.java:75)
	at org.springframework.web.filter.OncePerRequestFilter.doFilter(OncePerRequestFilter.java:116)
	at org.springframework.security.web.ObservationFilterChainDecorator$ObservationFilter.wrapFilter(ObservationFilterChainDecorator.java:240)
	at org.springframework.security.web.ObservationFilterChainDecorator$ObservationFilter.doFilter(ObservationFilterChainDecorator.java:227)
	at org.springframework.security.web.ObservationFilterChainDecorator$VirtualFilterChain.doFilter(ObservationFilterChainDecorator.java:137)
	at org.springframework.security.web.context.SecurityContextHolderFilter.doFilter(SecurityContextHolderFilter.java:82)
	at org.springframework.security.web.context.SecurityContextHolderFilter.doFilter(SecurityContextHolderFilter.java:69)
	at org.springframework.security.web.ObservationFilterChainDecorator$ObservationFilter.wrapFilter(ObservationFilterChainDecorator.java:240)
	at org.springframework.security.web.ObservationFilterChainDecorator$ObservationFilter.doFilter(ObservationFilterChainDecorator.java:227)
	at org.springframework.security.web.ObservationFilterChainDecorator$VirtualFilterChain.doFilter(ObservationFilterChainDecorator.java:137)
	at org.springframework.security.web.context.request.async.WebAsyncManagerIntegrationFilter.doFilterInternal(WebAsyncManagerIntegrationFilter.java:62)
	at org.springframework.web.filter.OncePerRequestFilter.doFilter(OncePerRequestFilter.java:116)
	at org.springframework.security.web.ObservationFilterChainDecorator$ObservationFilter.wrapFilter(ObservationFilterChainDecorator.java:240)
	at org.springframework.security.web.ObservationFilterChainDecorator$ObservationFilter.doFilter(ObservationFilterChainDecorator.java:227)
	at org.springframework.security.web.ObservationFilterChainDecorator$VirtualFilterChain.doFilter(ObservationFilterChainDecorator.java:137)
	at org.springframework.security.web.session.DisableEncodeUrlFilter.doFilterInternal(DisableEncodeUrlFilter.java:42)
	at org.springframework.web.filter.OncePerRequestFilter.doFilter(OncePerRequestFilter.java:116)
	at org.springframework.security.web.ObservationFilterChainDecorator$ObservationFilter.wrapFilter(ObservationFilterChainDecorator.java:240)
	at org.springframework.security.web.ObservationFilterChainDecorator$AroundFilterObservation$SimpleAroundFilterObservation.lambda$wrap$0(ObservationFilterChainDecorator.java:323)
	at org.springframework.security.web.ObservationFilterChainDecorator$ObservationFilter.doFilter(ObservationFilterChainDecorator.java:224)
	at org.springframework.security.web.ObservationFilterChainDecorator$VirtualFilterChain.doFilter(ObservationFilterChainDecorator.java:137)
	at org.springframework.security.web.FilterChainProxy.doFilterInternal(FilterChainProxy.java:233)
	at org.springframework.security.web.FilterChainProxy.doFilter(FilterChainProxy.java:191)
	at org.springframework.web.filter.CompositeFilter$VirtualFilterChain.doFilter(CompositeFilter.java:113)
	at org.springframework.web.servlet.handler.HandlerMappingIntrospector.lambda$createCacheFilter$3(HandlerMappingIntrospector.java:195)
	at org.springframework.web.filter.CompositeFilter$VirtualFilterChain.doFilter(CompositeFilter.java:113)
	at org.springframework.web.filter.CompositeFilter.doFilter(CompositeFilter.java:74)
	at org.springframework.security.config.annotation.web.configuration.WebMvcSecurityConfiguration$CompositeFilterChainProxy.doFilter(WebMvcSecurityConfiguration.java:230)
	at org.springframework.web.filter.DelegatingFilterProxy.invokeDelegate(DelegatingFilterProxy.java:362)
	at org.springframework.web.filter.DelegatingFilterProxy.doFilter(DelegatingFilterProxy.java:278)
	at org.apache.catalina.core.ApplicationFilterChain.internalDoFilter(ApplicationFilterChain.java:164)
	at org.apache.catalina.core.ApplicationFilterChain.doFilter(ApplicationFilterChain.java:140)
	at org.springframework.web.filter.RequestContextFilter.doFilterInternal(RequestContextFilter.java:100)
	at org.springframework.web.filter.OncePerRequestFilter.doFilter(OncePerRequestFilter.java:116)
	at org.apache.catalina.core.ApplicationFilterChain.internalDoFilter(ApplicationFilterChain.java:164)
	at org.apache.catalina.core.ApplicationFilterChain.doFilter(ApplicationFilterChain.java:140)
	at org.springframework.web.filter.FormContentFilter.doFilterInternal(FormContentFilter.java:93)
	at org.springframework.web.filter.OncePerRequestFilter.doFilter(OncePerRequestFilter.java:116)
	at org.apache.catalina.core.ApplicationFilterChain.internalDoFilter(ApplicationFilterChain.java:164)
	at org.apache.catalina.core.ApplicationFilterChain.doFilter(ApplicationFilterChain.java:140)
	at org.springframework.web.servlet.v6_0.OpenTelemetryHandlerMappingFilter.doFilter(OpenTelemetryHandlerMappingFilter.java:78)
	at org.apache.catalina.core.ApplicationFilterChain.internalDoFilter(ApplicationFilterChain.java:164)
	at org.apache.catalina.core.ApplicationFilterChain.doFilter(ApplicationFilterChain.java:140)
	at org.springframework.web.filter.ServerHttpObservationFilter.doFilterInternal(ServerHttpObservationFilter.java:113)
	at org.springframework.web.filter.OncePerRequestFilter.doFilter(OncePerRequestFilter.java:116)
	at org.apache.catalina.core.ApplicationFilterChain.internalDoFilter(ApplicationFilterChain.java:164)
	at org.apache.catalina.core.ApplicationFilterChain.doFilter(ApplicationFilterChain.java:140)
	at org.springframework.web.filter.CharacterEncodingFilter.doFilterInternal(CharacterEncodingFilter.java:201)
	at org.springframework.web.filter.OncePerRequestFilter.doFilter(OncePerRequestFilter.java:116)
	at org.apache.catalina.core.ApplicationFilterChain.internalDoFilter(ApplicationFilterChain.java:164)
	at org.apache.catalina.core.ApplicationFilterChain.doFilter(ApplicationFilterChain.java:140)
	at org.apache.catalina.core.StandardWrapperValve.invoke(StandardWrapperValve.java:167)
	at org.apache.catalina.core.StandardContextValve.invoke(StandardContextValve.java:90)
	at org.apache.catalina.authenticator.AuthenticatorBase.invoke(AuthenticatorBase.java:483)
	at org.apache.catalina.core.StandardHostValve.invoke(StandardHostValve.java:116)
	at org.apache.catalina.valves.ErrorReportValve.invoke(ErrorReportValve.java:93)
	at org.apache.catalina.core.StandardEngineValve.invoke(StandardEngineValve.java:74)
	at org.apache.catalina.connector.CoyoteAdapter.service(CoyoteAdapter.java:344)
	at org.apache.coyote.http11.Http11Processor.service(Http11Processor.java:398)
	at org.apache.coyote.AbstractProcessorLight.process(AbstractProcessorLight.java:63)
	at org.apache.coyote.AbstractProtocol$ConnectionHandler.process(AbstractProtocol.java:903)
	at org.apache.tomcat.util.net.NioEndpoint$SocketProcessor.doRun(NioEndpoint.java:1740)
	at org.apache.tomcat.util.net.SocketProcessorBase.run(SocketProcessorBase.java:52)
	at org.apache.tomcat.util.threads.ThreadPoolExecutor.runWorker(ThreadPoolExecutor.java:1189)
	at org.apache.tomcat.util.threads.ThreadPoolExecutor$Worker.run(ThreadPoolExecutor.java:658)
	at org.apache.tomcat.util.threads.TaskThread$WrappingRunnable.run(TaskThread.java:63)
	at java.base/java.lang.Thread.run(Thread.java:833)
2025-07-03 15:48:37 INFO  [http-nio-8080-exec-9] ACCESS_LOG - Deleted Keycloak user with ID: 23803bea-7d7d-4334-9d85-152edd337419
2025-07-03 15:48:37 WARN  [http-nio-8080-exec-9] ACCESS_LOG - IP: 0:0:0:0:0:0:0:1, Method: POST, URL: /api/customers/register/confirm?email=testfe32@gmail.com&otp=***HIDDEN***, Status: 400, Time: 2736 ms, Headers: sec-ch-ua-platform="Windows", user-agent=Mozilla/5.0 (Windows NT 10.0; Win64; x64) AppleWebKit/537.36 (KHTML, like Gecko) Chrome/137.0.0.0 Sa..., accept=application/json, text/plain, */*, sec-ch-ua="Google Chrome";v="137", "Chromium";v="137", "Not/A)Brand";v="24", sec-ch-ua-mobile=?0, origin=http://localhost:4200, sec-fetch-site=same-site, sec-fetch-mode=cors, sec-fetch-dest=empty, referer=http://localhost:4200/, accept-encoding=gzip, deflate, br, zstd, accept-language=vi,fr-FR;q=0.9,fr;q=0.8,en-US;q=0.7,en;q=0.6,ar;q=0.5, forwarded=proto=http;host="localhost:8888";for="[0:0:0:0:0:0:0:1]:61258", x-forwarded-for=0:0:0:0:0:0:0:1, x-forwarded-proto=http, x-forwarded-port=8888, x-forwarded-host=localhost:8888, host=localhost:8080, content-length=0
2025-07-03 15:56:14 WARN  [http-nio-8080-exec-1] ACCESS_LOG - IP: 0:0:0:0:0:0:0:1, Method: POST, URL: /api/customers/register/confirm?email=testfe32@gmail.com&otp=***HIDDEN***, Status: 400, Time: 2068 ms, Headers: sec-ch-ua-platform="Windows", user-agent=Mozilla/5.0 (Windows NT 10.0; Win64; x64) AppleWebKit/537.36 (KHTML, like Gecko) Chrome/137.0.0.0 Sa..., accept=application/json, text/plain, */*, sec-ch-ua="Google Chrome";v="137", "Chromium";v="137", "Not/A)Brand";v="24", sec-ch-ua-mobile=?0, origin=http://localhost:4200, sec-fetch-site=same-site, sec-fetch-mode=cors, sec-fetch-dest=empty, referer=http://localhost:4200/, accept-encoding=gzip, deflate, br, zstd, accept-language=vi,fr-FR;q=0.9,fr;q=0.8,en-US;q=0.7,en;q=0.6,ar;q=0.5, forwarded=proto=http;host="localhost:8888";for="[0:0:0:0:0:0:0:1]:61810", x-forwarded-for=0:0:0:0:0:0:0:1, x-forwarded-proto=http, x-forwarded-port=8888, x-forwarded-host=localhost:8888, host=localhost:8080, content-length=0
2025-07-03 15:56:23 INFO  [http-nio-8080-exec-2] ACCESS_LOG - Sent OTP to email: testfe32@gmail.com after KYC verification
2025-07-03 15:56:23 INFO  [http-nio-8080-exec-2] ACCESS_LOG - IP: 0:0:0:0:0:0:0:1, Method: POST, URL: /api/customers/register/send-otp?email=testfe32@gmail.com, Status: 200, Time: 2718 ms, Headers: sec-ch-ua-platform="Windows", user-agent=Mozilla/5.0 (Windows NT 10.0; Win64; x64) AppleWebKit/537.36 (KHTML, like Gecko) Chrome/137.0.0.0 Sa..., accept=application/json, text/plain, */*, sec-ch-ua="Google Chrome";v="137", "Chromium";v="137", "Not/A)Brand";v="24", sec-ch-ua-mobile=?0, origin=http://localhost:4200, sec-fetch-site=same-site, sec-fetch-mode=cors, sec-fetch-dest=empty, referer=http://localhost:4200/, accept-encoding=gzip, deflate, br, zstd, accept-language=vi,fr-FR;q=0.9,fr;q=0.8,en-US;q=0.7,en;q=0.6,ar;q=0.5, forwarded=proto=http;host="localhost:8888";for="[0:0:0:0:0:0:0:1]:61818", x-forwarded-for=0:0:0:0:0:0:0:1, x-forwarded-proto=http, x-forwarded-port=8888, x-forwarded-host=localhost:8888, host=localhost:8080, content-length=0
2025-07-03 15:56:47 INFO  [http-nio-8080-exec-3] ACCESS_LOG - Attempting to create user in Keycloak with username: testfe32
2025-07-03 15:56:48 INFO  [http-nio-8080-exec-3] ACCESS_LOG - Keycloak response status: 201
2025-07-03 15:56:48 INFO  [http-nio-8080-exec-3] ACCESS_LOG - Keycloak response body: 
2025-07-03 15:56:48 INFO  [http-nio-8080-exec-3] ACCESS_LOG - Created Keycloak user with ID: 4c244f29-36e5-41f9-aa87-67b74c93c4f3 and assigned CUSTOMER role
2025-07-03 15:56:49 INFO  [http-nio-8080-exec-3] ACCESS_LOG - Syncing with core banking for CIF: 9704522163221
2025-07-03 15:56:51 INFO  [http-nio-8080-exec-3] ACCESS_LOG - Registration completed successfully for email: testfe32@gmail.com
2025-07-03 15:56:51 INFO  [http-nio-8080-exec-3] ACCESS_LOG - IP: 0:0:0:0:0:0:0:1, Method: POST, URL: /api/customers/register/confirm?email=testfe32@gmail.com&otp=***HIDDEN***, Status: 200, Time: 5766 ms, Headers: sec-ch-ua-platform="Windows", user-agent=Mozilla/5.0 (Windows NT 10.0; Win64; x64) AppleWebKit/537.36 (KHTML, like Gecko) Chrome/137.0.0.0 Sa..., accept=application/json, text/plain, */*, sec-ch-ua="Google Chrome";v="137", "Chromium";v="137", "Not/A)Brand";v="24", sec-ch-ua-mobile=?0, origin=http://localhost:4200, sec-fetch-site=same-site, sec-fetch-mode=cors, sec-fetch-dest=empty, referer=http://localhost:4200/, accept-encoding=gzip, deflate, br, zstd, accept-language=vi,fr-FR;q=0.9,fr;q=0.8,en-US;q=0.7,en;q=0.6,ar;q=0.5, forwarded=proto=http;host="localhost:8888";for="[0:0:0:0:0:0:0:1]:61854", x-forwarded-for=0:0:0:0:0:0:0:1, x-forwarded-proto=http, x-forwarded-port=8888, x-forwarded-host=localhost:8888, host=localhost:8080, content-length=0
2025-07-03 15:57:25 INFO  [http-nio-8080-exec-4] ACCESS_LOG - IP: 0:0:0:0:0:0:0:1, Method: GET, URL: /api/customers/status, Status: 200, Time: 201 ms, ClientInfo: RemoteUser=4c244f29-36e5-41f9-aa87-67b74c93c4f3, Headers: sec-ch-ua-platform="Windows", authorization=***HIDDEN***, user-agent=Mozilla/5.0 (Windows NT 10.0; Win64; x64) AppleWebKit/537.36 (KHTML, like Gecko) Chrome/137.0.0.0 Sa..., accept=application/json, text/plain, */*, sec-ch-ua="Google Chrome";v="137", "Chromium";v="137", "Not/A)Brand";v="24", sec-ch-ua-mobile=?0, origin=http://localhost:4200, sec-fetch-site=same-site, sec-fetch-mode=cors, sec-fetch-dest=empty, referer=http://localhost:4200/, accept-encoding=gzip, deflate, br, zstd, accept-language=vi,fr-FR;q=0.9,fr;q=0.8,en-US;q=0.7,en;q=0.6,ar;q=0.5, forwarded=proto=http;host="localhost:8888";for="[0:0:0:0:0:0:0:1]:61902", x-forwarded-for=0:0:0:0:0:0:0:1, x-forwarded-proto=http, x-forwarded-port=8888, x-forwarded-host=localhost:8888, host=localhost:8080, content-length=0
2025-07-03 15:57:25 INFO  [http-nio-8080-exec-5] ACCESS_LOG - IP: 0:0:0:0:0:0:0:1, Method: GET, URL: /api/customers/status, Status: 200, Time: 34 ms, ClientInfo: RemoteUser=4c244f29-36e5-41f9-aa87-67b74c93c4f3, Headers: sec-ch-ua-platform="Windows", authorization=***HIDDEN***, user-agent=Mozilla/5.0 (Windows NT 10.0; Win64; x64) AppleWebKit/537.36 (KHTML, like Gecko) Chrome/137.0.0.0 Sa..., accept=application/json, text/plain, */*, sec-ch-ua="Google Chrome";v="137", "Chromium";v="137", "Not/A)Brand";v="24", sec-ch-ua-mobile=?0, origin=http://localhost:4200, sec-fetch-site=same-site, sec-fetch-mode=cors, sec-fetch-dest=empty, referer=http://localhost:4200/, accept-encoding=gzip, deflate, br, zstd, accept-language=vi,fr-FR;q=0.9,fr;q=0.8,en-US;q=0.7,en;q=0.6,ar;q=0.5, forwarded=proto=http;host="localhost:8888";for="[0:0:0:0:0:0:0:1]:61902", x-forwarded-for=0:0:0:0:0:0:0:1, x-forwarded-proto=http, x-forwarded-port=8888, x-forwarded-host=localhost:8888, host=localhost:8080, content-length=0
2025-07-03 15:57:29 INFO  [http-nio-8080-exec-6] ACCESS_LOG - IP: 0:0:0:0:0:0:0:1, Method: GET, URL: /api/customers/status, Status: 200, Time: 23 ms, ClientInfo: RemoteUser=4c244f29-36e5-41f9-aa87-67b74c93c4f3, Headers: sec-ch-ua-platform="Windows", authorization=***HIDDEN***, user-agent=Mozilla/5.0 (Windows NT 10.0; Win64; x64) AppleWebKit/537.36 (KHTML, like Gecko) Chrome/137.0.0.0 Sa..., accept=application/json, text/plain, */*, sec-ch-ua="Google Chrome";v="137", "Chromium";v="137", "Not/A)Brand";v="24", sec-ch-ua-mobile=?0, origin=http://localhost:4200, sec-fetch-site=same-site, sec-fetch-mode=cors, sec-fetch-dest=empty, referer=http://localhost:4200/, accept-encoding=gzip, deflate, br, zstd, accept-language=vi,fr-FR;q=0.9,fr;q=0.8,en-US;q=0.7,en;q=0.6,ar;q=0.5, forwarded=proto=http;host="localhost:8888";for="[0:0:0:0:0:0:0:1]:61917", x-forwarded-for=0:0:0:0:0:0:0:1, x-forwarded-proto=http, x-forwarded-port=8888, x-forwarded-host=localhost:8888, host=localhost:8080, content-length=0
2025-07-03 15:57:29 INFO  [http-nio-8080-exec-7] ACCESS_LOG - IP: 0:0:0:0:0:0:0:1, Method: GET, URL: /api/customers/detail, Status: 200, Time: 57 ms, ClientInfo: RemoteUser=4c244f29-36e5-41f9-aa87-67b74c93c4f3, Headers: sec-ch-ua-platform="Windows", authorization=***HIDDEN***, user-agent=Mozilla/5.0 (Windows NT 10.0; Win64; x64) AppleWebKit/537.36 (KHTML, like Gecko) Chrome/137.0.0.0 Sa..., accept=application/json, text/plain, */*, sec-ch-ua="Google Chrome";v="137", "Chromium";v="137", "Not/A)Brand";v="24", sec-ch-ua-mobile=?0, origin=http://localhost:4200, sec-fetch-site=same-site, sec-fetch-mode=cors, sec-fetch-dest=empty, referer=http://localhost:4200/, accept-encoding=gzip, deflate, br, zstd, accept-language=vi,fr-FR;q=0.9,fr;q=0.8,en-US;q=0.7,en;q=0.6,ar;q=0.5, forwarded=proto=http;host="localhost:8888";for="[0:0:0:0:0:0:0:1]:61922", x-forwarded-for=0:0:0:0:0:0:0:1, x-forwarded-proto=http, x-forwarded-port=8888, x-forwarded-host=localhost:8888, host=localhost:8080, content-length=0
2025-07-03 16:00:05 INFO  [http-nio-8080-exec-9] ACCESS_LOG - IP: 0:0:0:0:0:0:0:1, Method: GET, URL: /api/customers/detail, Status: 200, Time: 881 ms, ClientInfo: RemoteUser=4c244f29-36e5-41f9-aa87-67b74c93c4f3, Headers: sec-ch-ua-platform="Windows", authorization=***HIDDEN***, user-agent=Mozilla/5.0 (Windows NT 10.0; Win64; x64) AppleWebKit/537.36 (KHTML, like Gecko) Chrome/137.0.0.0 Sa..., accept=application/json, text/plain, */*, sec-ch-ua="Google Chrome";v="137", "Chromium";v="137", "Not/A)Brand";v="24", sec-ch-ua-mobile=?0, origin=http://localhost:4200, sec-fetch-site=same-site, sec-fetch-mode=cors, sec-fetch-dest=empty, referer=http://localhost:4200/, accept-encoding=gzip, deflate, br, zstd, accept-language=vi,fr-FR;q=0.9,fr;q=0.8,en-US;q=0.7,en;q=0.6,ar;q=0.5, forwarded=proto=http;host="localhost:8888";for="[0:0:0:0:0:0:0:1]:62081", x-forwarded-for=0:0:0:0:0:0:0:1, x-forwarded-proto=http, x-forwarded-port=8888, x-forwarded-host=localhost:8888, host=localhost:8080, content-length=0
2025-07-03 16:00:13 INFO  [http-nio-8080-exec-10] ACCESS_LOG - IP: 0:0:0:0:0:0:0:1, Method: GET, URL: /api/customers/detail, Status: 200, Time: 33 ms, ClientInfo: RemoteUser=4c244f29-36e5-41f9-aa87-67b74c93c4f3, Headers: sec-ch-ua-platform="Windows", authorization=***HIDDEN***, user-agent=Mozilla/5.0 (Windows NT 10.0; Win64; x64) AppleWebKit/537.36 (KHTML, like Gecko) Chrome/137.0.0.0 Sa..., accept=application/json, text/plain, */*, sec-ch-ua="Google Chrome";v="137", "Chromium";v="137", "Not/A)Brand";v="24", sec-ch-ua-mobile=?0, origin=http://localhost:4200, sec-fetch-site=same-site, sec-fetch-mode=cors, sec-fetch-dest=empty, referer=http://localhost:4200/, accept-encoding=gzip, deflate, br, zstd, accept-language=vi,fr-FR;q=0.9,fr;q=0.8,en-US;q=0.7,en;q=0.6,ar;q=0.5, forwarded=proto=http;host="localhost:8888";for="[0:0:0:0:0:0:0:1]:62097", x-forwarded-for=0:0:0:0:0:0:0:1, x-forwarded-proto=http, x-forwarded-port=8888, x-forwarded-host=localhost:8888, host=localhost:8080, content-length=0
2025-07-03 16:00:13 INFO  [http-nio-8080-exec-1] ACCESS_LOG - IP: 0:0:0:0:0:0:0:1, Method: GET, URL: /api/customers/status, Status: 200, Time: 51 ms, ClientInfo: RemoteUser=4c244f29-36e5-41f9-aa87-67b74c93c4f3, Headers: sec-ch-ua-platform="Windows", authorization=***HIDDEN***, user-agent=Mozilla/5.0 (Windows NT 10.0; Win64; x64) AppleWebKit/537.36 (KHTML, like Gecko) Chrome/137.0.0.0 Sa..., accept=application/json, text/plain, */*, sec-ch-ua="Google Chrome";v="137", "Chromium";v="137", "Not/A)Brand";v="24", sec-ch-ua-mobile=?0, origin=http://localhost:4200, sec-fetch-site=same-site, sec-fetch-mode=cors, sec-fetch-dest=empty, referer=http://localhost:4200/, accept-encoding=gzip, deflate, br, zstd, accept-language=vi,fr-FR;q=0.9,fr;q=0.8,en-US;q=0.7,en;q=0.6,ar;q=0.5, forwarded=proto=http;host="localhost:8888";for="[0:0:0:0:0:0:0:1]:62096", x-forwarded-for=0:0:0:0:0:0:0:1, x-forwarded-proto=http, x-forwarded-port=8888, x-forwarded-host=localhost:8888, host=localhost:8080, content-length=0
2025-07-03 16:00:15 INFO  [http-nio-8080-exec-2] ACCESS_LOG - IP: 0:0:0:0:0:0:0:1, Method: GET, URL: /api/customers/status, Status: 200, Time: 20 ms, ClientInfo: RemoteUser=4c244f29-36e5-41f9-aa87-67b74c93c4f3, Headers: sec-ch-ua-platform="Windows", authorization=***HIDDEN***, user-agent=Mozilla/5.0 (Windows NT 10.0; Win64; x64) AppleWebKit/537.36 (KHTML, like Gecko) Chrome/137.0.0.0 Sa..., accept=application/json, text/plain, */*, sec-ch-ua="Google Chrome";v="137", "Chromium";v="137", "Not/A)Brand";v="24", sec-ch-ua-mobile=?0, origin=http://localhost:4200, sec-fetch-site=same-site, sec-fetch-mode=cors, sec-fetch-dest=empty, referer=http://localhost:4200/, accept-encoding=gzip, deflate, br, zstd, accept-language=vi,fr-FR;q=0.9,fr;q=0.8,en-US;q=0.7,en;q=0.6,ar;q=0.5, forwarded=proto=http;host="localhost:8888";for="[0:0:0:0:0:0:0:1]:62096", x-forwarded-for=0:0:0:0:0:0:0:1, x-forwarded-proto=http, x-forwarded-port=8888, x-forwarded-host=localhost:8888, host=localhost:8080, content-length=0
2025-07-03 16:01:13 INFO  [http-nio-8080-exec-3] ACCESS_LOG - IP: 0:0:0:0:0:0:0:1, Method: GET, URL: /api/customers/status, Status: 200, Time: 91 ms, ClientInfo: RemoteUser=4c244f29-36e5-41f9-aa87-67b74c93c4f3, Headers: sec-ch-ua-platform="Windows", authorization=***HIDDEN***, user-agent=Mozilla/5.0 (Windows NT 10.0; Win64; x64) AppleWebKit/537.36 (KHTML, like Gecko) Chrome/137.0.0.0 Sa..., accept=application/json, text/plain, */*, sec-ch-ua="Google Chrome";v="137", "Chromium";v="137", "Not/A)Brand";v="24", sec-ch-ua-mobile=?0, origin=http://localhost:4200, sec-fetch-site=same-site, sec-fetch-mode=cors, sec-fetch-dest=empty, referer=http://localhost:4200/, accept-encoding=gzip, deflate, br, zstd, accept-language=vi,fr-FR;q=0.9,fr;q=0.8,en-US;q=0.7,en;q=0.6,ar;q=0.5, forwarded=proto=http;host="localhost:8888";for="[0:0:0:0:0:0:0:1]:62163", x-forwarded-for=0:0:0:0:0:0:0:1, x-forwarded-proto=http, x-forwarded-port=8888, x-forwarded-host=localhost:8888, host=localhost:8080, content-length=0
2025-07-03 16:01:30 INFO  [http-nio-8080-exec-4] ACCESS_LOG - IP: 0:0:0:0:0:0:0:1, Method: GET, URL: /api/customers/status, Status: 200, Time: 18 ms, ClientInfo: RemoteUser=4c244f29-36e5-41f9-aa87-67b74c93c4f3, Headers: sec-ch-ua-platform="Windows", authorization=***HIDDEN***, user-agent=Mozilla/5.0 (Windows NT 10.0; Win64; x64) AppleWebKit/537.36 (KHTML, like Gecko) Chrome/137.0.0.0 Sa..., accept=application/json, text/plain, */*, sec-ch-ua="Google Chrome";v="137", "Chromium";v="137", "Not/A)Brand";v="24", sec-ch-ua-mobile=?0, origin=http://localhost:4200, sec-fetch-site=same-site, sec-fetch-mode=cors, sec-fetch-dest=empty, referer=http://localhost:4200/, accept-encoding=gzip, deflate, br, zstd, accept-language=vi,fr-FR;q=0.9,fr;q=0.8,en-US;q=0.7,en;q=0.6,ar;q=0.5, forwarded=proto=http;host="localhost:8888";for="[0:0:0:0:0:0:0:1]:62189", x-forwarded-for=0:0:0:0:0:0:0:1, x-forwarded-proto=http, x-forwarded-port=8888, x-forwarded-host=localhost:8888, host=localhost:8080, content-length=0
2025-07-03 16:01:31 INFO  [http-nio-8080-exec-5] ACCESS_LOG - IP: 0:0:0:0:0:0:0:1, Method: GET, URL: /api/customers/status, Status: 200, Time: 37 ms, ClientInfo: RemoteUser=4c244f29-36e5-41f9-aa87-67b74c93c4f3, Headers: sec-ch-ua-platform="Windows", authorization=***HIDDEN***, user-agent=Mozilla/5.0 (Windows NT 10.0; Win64; x64) AppleWebKit/537.36 (KHTML, like Gecko) Chrome/137.0.0.0 Sa..., accept=application/json, text/plain, */*, sec-ch-ua="Google Chrome";v="137", "Chromium";v="137", "Not/A)Brand";v="24", sec-ch-ua-mobile=?0, origin=http://localhost:4200, sec-fetch-site=same-site, sec-fetch-mode=cors, sec-fetch-dest=empty, referer=http://localhost:4200/, accept-encoding=gzip, deflate, br, zstd, accept-language=vi,fr-FR;q=0.9,fr;q=0.8,en-US;q=0.7,en;q=0.6,ar;q=0.5, forwarded=proto=http;host="localhost:8888";for="[0:0:0:0:0:0:0:1]:62189", x-forwarded-for=0:0:0:0:0:0:0:1, x-forwarded-proto=http, x-forwarded-port=8888, x-forwarded-host=localhost:8888, host=localhost:8080, content-length=0
2025-07-03 16:01:49 INFO  [http-nio-8080-exec-6] ACCESS_LOG - IP: 0:0:0:0:0:0:0:1, Method: GET, URL: /api/customers/status, Status: 200, Time: 37 ms, ClientInfo: RemoteUser=c5a3845b-d61f-4dd4-aa29-f851cf7a3dd8, Headers: sec-ch-ua-platform="Windows", authorization=***HIDDEN***, user-agent=Mozilla/5.0 (Windows NT 10.0; Win64; x64) AppleWebKit/537.36 (KHTML, like Gecko) Chrome/137.0.0.0 Sa..., accept=application/json, text/plain, */*, sec-ch-ua="Google Chrome";v="137", "Chromium";v="137", "Not/A)Brand";v="24", sec-ch-ua-mobile=?0, origin=http://localhost:4200, sec-fetch-site=same-site, sec-fetch-mode=cors, sec-fetch-dest=empty, referer=http://localhost:4200/, accept-encoding=gzip, deflate, br, zstd, accept-language=vi, forwarded=proto=http;host="localhost:8888";for="[0:0:0:0:0:0:0:1]:62245", x-forwarded-for=0:0:0:0:0:0:0:1, x-forwarded-proto=http, x-forwarded-port=8888, x-forwarded-host=localhost:8888, host=localhost:8080, content-length=0
2025-07-03 16:01:50 ERROR [http-nio-8080-exec-8] ACCESS_LOG - IP: 0:0:0:0:0:0:0:1, Method: GET, URL: /api/customers/growth?startDate=2025-06-03&endDate=2025-07-03, Status: 500, Time: 215 ms, ClientInfo: RemoteUser=c5a3845b-d61f-4dd4-aa29-f851cf7a3dd8, Headers: sec-ch-ua-platform="Windows", authorization=***HIDDEN***, user-agent=Mozilla/5.0 (Windows NT 10.0; Win64; x64) AppleWebKit/537.36 (KHTML, like Gecko) Chrome/137.0.0.0 Sa..., accept=application/json, text/plain, */*, sec-ch-ua="Google Chrome";v="137", "Chromium";v="137", "Not/A)Brand";v="24", sec-ch-ua-mobile=?0, origin=http://localhost:4200, sec-fetch-site=same-site, sec-fetch-mode=cors, sec-fetch-dest=empty, referer=http://localhost:4200/, accept-encoding=gzip, deflate, br, zstd, accept-language=vi, forwarded=proto=http;host="localhost:8888";for="[0:0:0:0:0:0:0:1]:62248", x-forwarded-for=0:0:0:0:0:0:0:1, x-forwarded-proto=http, x-forwarded-port=8888, x-forwarded-host=localhost:8888, host=localhost:8080, content-length=0
2025-07-03 16:01:50 ERROR [http-nio-8080-exec-7] ACCESS_LOG - IP: 0:0:0:0:0:0:0:1, Method: GET, URL: /api/customers/kyc/statistics?startDate=2025-06-03&endDate=2025-07-03, Status: 500, Time: 215 ms, ClientInfo: RemoteUser=c5a3845b-d61f-4dd4-aa29-f851cf7a3dd8, Headers: sec-ch-ua-platform="Windows", authorization=***HIDDEN***, user-agent=Mozilla/5.0 (Windows NT 10.0; Win64; x64) AppleWebKit/537.36 (KHTML, like Gecko) Chrome/137.0.0.0 Sa..., accept=application/json, text/plain, */*, sec-ch-ua="Google Chrome";v="137", "Chromium";v="137", "Not/A)Brand";v="24", sec-ch-ua-mobile=?0, origin=http://localhost:4200, sec-fetch-site=same-site, sec-fetch-mode=cors, sec-fetch-dest=empty, referer=http://localhost:4200/, accept-encoding=gzip, deflate, br, zstd, accept-language=vi, forwarded=proto=http;host="localhost:8888";for="[0:0:0:0:0:0:0:1]:62245", x-forwarded-for=0:0:0:0:0:0:0:1, x-forwarded-proto=http, x-forwarded-port=8888, x-forwarded-host=localhost:8888, host=localhost:8080, content-length=0
2025-07-03 16:12:43 ERROR [http-nio-8080-exec-9] ACCESS_LOG - IP: 0:0:0:0:0:0:0:1, Method: GET, URL: /api/customers/kyc/statistics?startDate=2025-06-03&endDate=2025-07-03, Status: 500, Time: 337 ms, ClientInfo: RemoteUser=c5a3845b-d61f-4dd4-aa29-f851cf7a3dd8, Headers: sec-ch-ua-platform="Windows", authorization=***HIDDEN***, user-agent=Mozilla/5.0 (Windows NT 10.0; Win64; x64) AppleWebKit/537.36 (KHTML, like Gecko) Chrome/137.0.0.0 Sa..., accept=application/json, text/plain, */*, sec-ch-ua="Google Chrome";v="137", "Chromium";v="137", "Not/A)Brand";v="24", sec-ch-ua-mobile=?0, origin=http://localhost:4200, sec-fetch-site=same-site, sec-fetch-mode=cors, sec-fetch-dest=empty, referer=http://localhost:4200/, accept-encoding=gzip, deflate, br, zstd, accept-language=vi, forwarded=proto=http;host="localhost:8888";for="[0:0:0:0:0:0:0:1]:62653", x-forwarded-for=0:0:0:0:0:0:0:1, x-forwarded-proto=http, x-forwarded-port=8888, x-forwarded-host=localhost:8888, host=localhost:8080, content-length=0
2025-07-03 16:12:43 ERROR [http-nio-8080-exec-10] ACCESS_LOG - IP: 0:0:0:0:0:0:0:1, Method: GET, URL: /api/customers/growth?startDate=2025-06-03&endDate=2025-07-03, Status: 500, Time: 337 ms, ClientInfo: RemoteUser=c5a3845b-d61f-4dd4-aa29-f851cf7a3dd8, Headers: sec-ch-ua-platform="Windows", authorization=***HIDDEN***, user-agent=Mozilla/5.0 (Windows NT 10.0; Win64; x64) AppleWebKit/537.36 (KHTML, like Gecko) Chrome/137.0.0.0 Sa..., accept=application/json, text/plain, */*, sec-ch-ua="Google Chrome";v="137", "Chromium";v="137", "Not/A)Brand";v="24", sec-ch-ua-mobile=?0, origin=http://localhost:4200, sec-fetch-site=same-site, sec-fetch-mode=cors, sec-fetch-dest=empty, referer=http://localhost:4200/, accept-encoding=gzip, deflate, br, zstd, accept-language=vi, forwarded=proto=http;host="localhost:8888";for="[0:0:0:0:0:0:0:1]:62654", x-forwarded-for=0:0:0:0:0:0:0:1, x-forwarded-proto=http, x-forwarded-port=8888, x-forwarded-host=localhost:8888, host=localhost:8080, content-length=0
2025-07-03 16:14:46 INFO  [http-nio-8080-exec-1] ACCESS_LOG - IP: 0:0:0:0:0:0:0:1, Method: GET, URL: /api/customers/status, Status: 200, Time: 187 ms, ClientInfo: RemoteUser=c5a3845b-d61f-4dd4-aa29-f851cf7a3dd8, Headers: sec-ch-ua-platform="Windows", authorization=***HIDDEN***, user-agent=Mozilla/5.0 (Windows NT 10.0; Win64; x64) AppleWebKit/537.36 (KHTML, like Gecko) Chrome/137.0.0.0 Sa..., accept=application/json, text/plain, */*, sec-ch-ua="Google Chrome";v="137", "Chromium";v="137", "Not/A)Brand";v="24", sec-ch-ua-mobile=?0, origin=http://localhost:4200, sec-fetch-site=same-site, sec-fetch-mode=cors, sec-fetch-dest=empty, referer=http://localhost:4200/, accept-encoding=gzip, deflate, br, zstd, accept-language=vi, forwarded=proto=http;host="localhost:8888";for="[0:0:0:0:0:0:0:1]:62776", x-forwarded-for=0:0:0:0:0:0:0:1, x-forwarded-proto=http, x-forwarded-port=8888, x-forwarded-host=localhost:8888, host=localhost:8080, content-length=0
2025-07-03 16:14:46 ERROR [http-nio-8080-exec-3] ACCESS_LOG - IP: 0:0:0:0:0:0:0:1, Method: GET, URL: /api/customers/growth?startDate=2025-06-03&endDate=2025-07-03, Status: 500, Time: 68 ms, ClientInfo: RemoteUser=c5a3845b-d61f-4dd4-aa29-f851cf7a3dd8, Headers: sec-ch-ua-platform="Windows", authorization=***HIDDEN***, user-agent=Mozilla/5.0 (Windows NT 10.0; Win64; x64) AppleWebKit/537.36 (KHTML, like Gecko) Chrome/137.0.0.0 Sa..., accept=application/json, text/plain, */*, sec-ch-ua="Google Chrome";v="137", "Chromium";v="137", "Not/A)Brand";v="24", sec-ch-ua-mobile=?0, origin=http://localhost:4200, sec-fetch-site=same-site, sec-fetch-mode=cors, sec-fetch-dest=empty, referer=http://localhost:4200/, accept-encoding=gzip, deflate, br, zstd, accept-language=vi, forwarded=proto=http;host="localhost:8888";for="[0:0:0:0:0:0:0:1]:62778", x-forwarded-for=0:0:0:0:0:0:0:1, x-forwarded-proto=http, x-forwarded-port=8888, x-forwarded-host=localhost:8888, host=localhost:8080, content-length=0
2025-07-03 16:14:46 ERROR [http-nio-8080-exec-2] ACCESS_LOG - IP: 0:0:0:0:0:0:0:1, Method: GET, URL: /api/customers/kyc/statistics?startDate=2025-06-03&endDate=2025-07-03, Status: 500, Time: 74 ms, ClientInfo: RemoteUser=c5a3845b-d61f-4dd4-aa29-f851cf7a3dd8, Headers: sec-ch-ua-platform="Windows", authorization=***HIDDEN***, user-agent=Mozilla/5.0 (Windows NT 10.0; Win64; x64) AppleWebKit/537.36 (KHTML, like Gecko) Chrome/137.0.0.0 Sa..., accept=application/json, text/plain, */*, sec-ch-ua="Google Chrome";v="137", "Chromium";v="137", "Not/A)Brand";v="24", sec-ch-ua-mobile=?0, origin=http://localhost:4200, sec-fetch-site=same-site, sec-fetch-mode=cors, sec-fetch-dest=empty, referer=http://localhost:4200/, accept-encoding=gzip, deflate, br, zstd, accept-language=vi, forwarded=proto=http;host="localhost:8888";for="[0:0:0:0:0:0:0:1]:62776", x-forwarded-for=0:0:0:0:0:0:0:1, x-forwarded-proto=http, x-forwarded-port=8888, x-forwarded-host=localhost:8888, host=localhost:8080, content-length=0
2025-07-03 16:17:12 ERROR [http-nio-8080-exec-4] ACCESS_LOG - IP: 0:0:0:0:0:0:0:1, Method: GET, URL: /api/customers/growth?startDate=2025-06-03&endDate=2025-07-03, Status: 500, Time: 227 ms, ClientInfo: RemoteUser=c5a3845b-d61f-4dd4-aa29-f851cf7a3dd8, Headers: sec-ch-ua-platform="Windows", authorization=***HIDDEN***, user-agent=Mozilla/5.0 (Windows NT 10.0; Win64; x64) AppleWebKit/537.36 (KHTML, like Gecko) Chrome/137.0.0.0 Sa..., accept=application/json, text/plain, */*, sec-ch-ua="Google Chrome";v="137", "Chromium";v="137", "Not/A)Brand";v="24", sec-ch-ua-mobile=?0, origin=http://localhost:4200, sec-fetch-site=same-site, sec-fetch-mode=cors, sec-fetch-dest=empty, referer=http://localhost:4200/, accept-encoding=gzip, deflate, br, zstd, accept-language=vi, forwarded=proto=http;host="localhost:8888";for="[0:0:0:0:0:0:0:1]:62884", x-forwarded-for=0:0:0:0:0:0:0:1, x-forwarded-proto=http, x-forwarded-port=8888, x-forwarded-host=localhost:8888, host=localhost:8080, content-length=0
2025-07-03 16:17:12 ERROR [http-nio-8080-exec-5] ACCESS_LOG - IP: 0:0:0:0:0:0:0:1, Method: GET, URL: /api/customers/kyc/statistics?startDate=2025-06-03&endDate=2025-07-03, Status: 500, Time: 227 ms, ClientInfo: RemoteUser=c5a3845b-d61f-4dd4-aa29-f851cf7a3dd8, Headers: sec-ch-ua-platform="Windows", authorization=***HIDDEN***, user-agent=Mozilla/5.0 (Windows NT 10.0; Win64; x64) AppleWebKit/537.36 (KHTML, like Gecko) Chrome/137.0.0.0 Sa..., accept=application/json, text/plain, */*, sec-ch-ua="Google Chrome";v="137", "Chromium";v="137", "Not/A)Brand";v="24", sec-ch-ua-mobile=?0, origin=http://localhost:4200, sec-fetch-site=same-site, sec-fetch-mode=cors, sec-fetch-dest=empty, referer=http://localhost:4200/, accept-encoding=gzip, deflate, br, zstd, accept-language=vi, forwarded=proto=http;host="localhost:8888";for="[0:0:0:0:0:0:0:1]:62883", x-forwarded-for=0:0:0:0:0:0:0:1, x-forwarded-proto=http, x-forwarded-port=8888, x-forwarded-host=localhost:8888, host=localhost:8080, content-length=0
2025-07-03 16:17:18 INFO  [http-nio-8080-exec-6] ACCESS_LOG - IP: 0:0:0:0:0:0:0:1, Method: GET, URL: /api/customers/status, Status: 200, Time: 205 ms, ClientInfo: RemoteUser=c5a3845b-d61f-4dd4-aa29-f851cf7a3dd8, Headers: sec-ch-ua-platform="Windows", authorization=***HIDDEN***, user-agent=Mozilla/5.0 (Windows NT 10.0; Win64; x64) AppleWebKit/537.36 (KHTML, like Gecko) Chrome/137.0.0.0 Sa..., accept=application/json, text/plain, */*, sec-ch-ua="Google Chrome";v="137", "Chromium";v="137", "Not/A)Brand";v="24", sec-ch-ua-mobile=?0, origin=http://localhost:4200, sec-fetch-site=same-site, sec-fetch-mode=cors, sec-fetch-dest=empty, referer=http://localhost:4200/, accept-encoding=gzip, deflate, br, zstd, accept-language=vi, forwarded=proto=http;host="localhost:8888";for="[0:0:0:0:0:0:0:1]:62889", x-forwarded-for=0:0:0:0:0:0:0:1, x-forwarded-proto=http, x-forwarded-port=8888, x-forwarded-host=localhost:8888, host=localhost:8080, content-length=0
2025-07-03 16:17:18 ERROR [http-nio-8080-exec-7] ACCESS_LOG - IP: 0:0:0:0:0:0:0:1, Method: GET, URL: /api/customers/kyc/statistics?startDate=2025-06-03&endDate=2025-07-03, Status: 500, Time: 11 ms, ClientInfo: RemoteUser=c5a3845b-d61f-4dd4-aa29-f851cf7a3dd8, Headers: sec-ch-ua-platform="Windows", authorization=***HIDDEN***, user-agent=Mozilla/5.0 (Windows NT 10.0; Win64; x64) AppleWebKit/537.36 (KHTML, like Gecko) Chrome/137.0.0.0 Sa..., accept=application/json, text/plain, */*, sec-ch-ua="Google Chrome";v="137", "Chromium";v="137", "Not/A)Brand";v="24", sec-ch-ua-mobile=?0, origin=http://localhost:4200, sec-fetch-site=same-site, sec-fetch-mode=cors, sec-fetch-dest=empty, referer=http://localhost:4200/, accept-encoding=gzip, deflate, br, zstd, accept-language=vi, forwarded=proto=http;host="localhost:8888";for="[0:0:0:0:0:0:0:1]:62889", x-forwarded-for=0:0:0:0:0:0:0:1, x-forwarded-proto=http, x-forwarded-port=8888, x-forwarded-host=localhost:8888, host=localhost:8080, content-length=0
2025-07-03 16:17:18 ERROR [http-nio-8080-exec-8] ACCESS_LOG - IP: 0:0:0:0:0:0:0:1, Method: GET, URL: /api/customers/growth?startDate=2025-06-03&endDate=2025-07-03, Status: 500, Time: 88 ms, ClientInfo: RemoteUser=c5a3845b-d61f-4dd4-aa29-f851cf7a3dd8, Headers: sec-ch-ua-platform="Windows", authorization=***HIDDEN***, user-agent=Mozilla/5.0 (Windows NT 10.0; Win64; x64) AppleWebKit/537.36 (KHTML, like Gecko) Chrome/137.0.0.0 Sa..., accept=application/json, text/plain, */*, sec-ch-ua="Google Chrome";v="137", "Chromium";v="137", "Not/A)Brand";v="24", sec-ch-ua-mobile=?0, origin=http://localhost:4200, sec-fetch-site=same-site, sec-fetch-mode=cors, sec-fetch-dest=empty, referer=http://localhost:4200/, accept-encoding=gzip, deflate, br, zstd, accept-language=vi, forwarded=proto=http;host="localhost:8888";for="[0:0:0:0:0:0:0:1]:62891", x-forwarded-for=0:0:0:0:0:0:0:1, x-forwarded-proto=http, x-forwarded-port=8888, x-forwarded-host=localhost:8888, host=localhost:8080, content-length=0
2025-07-03 16:17:53 ERROR [http-nio-8080-exec-9] ACCESS_LOG - IP: 0:0:0:0:0:0:0:1, Method: GET, URL: /api/customers/kyc/statistics?startDate=2025-06-03&endDate=2025-07-03, Status: 500, Time: 164 ms, ClientInfo: RemoteUser=c5a3845b-d61f-4dd4-aa29-f851cf7a3dd8, Headers: sec-ch-ua-platform="Windows", authorization=***HIDDEN***, user-agent=Mozilla/5.0 (Windows NT 10.0; Win64; x64) AppleWebKit/537.36 (KHTML, like Gecko) Chrome/137.0.0.0 Sa..., accept=application/json, text/plain, */*, sec-ch-ua="Google Chrome";v="137", "Chromium";v="137", "Not/A)Brand";v="24", sec-ch-ua-mobile=?0, origin=http://localhost:4200, sec-fetch-site=same-site, sec-fetch-mode=cors, sec-fetch-dest=empty, referer=http://localhost:4200/, accept-encoding=gzip, deflate, br, zstd, accept-language=vi, forwarded=proto=http;host="localhost:8888";for="[0:0:0:0:0:0:0:1]:62918", x-forwarded-for=0:0:0:0:0:0:0:1, x-forwarded-proto=http, x-forwarded-port=8888, x-forwarded-host=localhost:8888, host=localhost:8080, content-length=0
2025-07-03 16:17:53 ERROR [http-nio-8080-exec-10] ACCESS_LOG - IP: 0:0:0:0:0:0:0:1, Method: GET, URL: /api/customers/growth?startDate=2025-06-03&endDate=2025-07-03, Status: 500, Time: 166 ms, ClientInfo: RemoteUser=c5a3845b-d61f-4dd4-aa29-f851cf7a3dd8, Headers: sec-ch-ua-platform="Windows", authorization=***HIDDEN***, user-agent=Mozilla/5.0 (Windows NT 10.0; Win64; x64) AppleWebKit/537.36 (KHTML, like Gecko) Chrome/137.0.0.0 Sa..., accept=application/json, text/plain, */*, sec-ch-ua="Google Chrome";v="137", "Chromium";v="137", "Not/A)Brand";v="24", sec-ch-ua-mobile=?0, origin=http://localhost:4200, sec-fetch-site=same-site, sec-fetch-mode=cors, sec-fetch-dest=empty, referer=http://localhost:4200/, accept-encoding=gzip, deflate, br, zstd, accept-language=vi, forwarded=proto=http;host="localhost:8888";for="[0:0:0:0:0:0:0:1]:62919", x-forwarded-for=0:0:0:0:0:0:0:1, x-forwarded-proto=http, x-forwarded-port=8888, x-forwarded-host=localhost:8888, host=localhost:8080, content-length=0
2025-07-03 16:17:59 INFO  [http-nio-8080-exec-1] ACCESS_LOG - IP: 0:0:0:0:0:0:0:1, Method: GET, URL: /api/customers/status, Status: 200, Time: 181 ms, ClientInfo: RemoteUser=c5a3845b-d61f-4dd4-aa29-f851cf7a3dd8, Headers: sec-ch-ua-platform="Windows", authorization=***HIDDEN***, user-agent=Mozilla/5.0 (Windows NT 10.0; Win64; x64) AppleWebKit/537.36 (KHTML, like Gecko) Chrome/137.0.0.0 Sa..., accept=application/json, text/plain, */*, sec-ch-ua="Google Chrome";v="137", "Chromium";v="137", "Not/A)Brand";v="24", sec-ch-ua-mobile=?0, origin=http://localhost:4200, sec-fetch-site=same-site, sec-fetch-mode=cors, sec-fetch-dest=empty, referer=http://localhost:4200/, accept-encoding=gzip, deflate, br, zstd, accept-language=vi, forwarded=proto=http;host="localhost:8888";for="[0:0:0:0:0:0:0:1]:62928", x-forwarded-for=0:0:0:0:0:0:0:1, x-forwarded-proto=http, x-forwarded-port=8888, x-forwarded-host=localhost:8888, host=localhost:8080, content-length=0
2025-07-03 16:17:59 ERROR [http-nio-8080-exec-2] ACCESS_LOG - IP: 0:0:0:0:0:0:0:1, Method: GET, URL: /api/customers/growth?startDate=2025-06-03&endDate=2025-07-03, Status: 500, Time: 5 ms, ClientInfo: RemoteUser=c5a3845b-d61f-4dd4-aa29-f851cf7a3dd8, Headers: sec-ch-ua-platform="Windows", authorization=***HIDDEN***, user-agent=Mozilla/5.0 (Windows NT 10.0; Win64; x64) AppleWebKit/537.36 (KHTML, like Gecko) Chrome/137.0.0.0 Sa..., accept=application/json, text/plain, */*, sec-ch-ua="Google Chrome";v="137", "Chromium";v="137", "Not/A)Brand";v="24", sec-ch-ua-mobile=?0, origin=http://localhost:4200, sec-fetch-site=same-site, sec-fetch-mode=cors, sec-fetch-dest=empty, referer=http://localhost:4200/, accept-encoding=gzip, deflate, br, zstd, accept-language=vi, forwarded=proto=http;host="localhost:8888";for="[0:0:0:0:0:0:0:1]:62930", x-forwarded-for=0:0:0:0:0:0:0:1, x-forwarded-proto=http, x-forwarded-port=8888, x-forwarded-host=localhost:8888, host=localhost:8080, content-length=0
2025-07-03 16:17:59 ERROR [http-nio-8080-exec-3] ACCESS_LOG - IP: 0:0:0:0:0:0:0:1, Method: GET, URL: /api/customers/kyc/statistics?startDate=2025-06-03&endDate=2025-07-03, Status: 500, Time: 10 ms, ClientInfo: RemoteUser=c5a3845b-d61f-4dd4-aa29-f851cf7a3dd8, Headers: sec-ch-ua-platform="Windows", authorization=***HIDDEN***, user-agent=Mozilla/5.0 (Windows NT 10.0; Win64; x64) AppleWebKit/537.36 (KHTML, like Gecko) Chrome/137.0.0.0 Sa..., accept=application/json, text/plain, */*, sec-ch-ua="Google Chrome";v="137", "Chromium";v="137", "Not/A)Brand";v="24", sec-ch-ua-mobile=?0, origin=http://localhost:4200, sec-fetch-site=same-site, sec-fetch-mode=cors, sec-fetch-dest=empty, referer=http://localhost:4200/, accept-encoding=gzip, deflate, br, zstd, accept-language=vi, forwarded=proto=http;host="localhost:8888";for="[0:0:0:0:0:0:0:1]:62928", x-forwarded-for=0:0:0:0:0:0:0:1, x-forwarded-proto=http, x-forwarded-port=8888, x-forwarded-host=localhost:8888, host=localhost:8080, content-length=0
2025-07-03 16:18:42 ERROR [http-nio-8080-exec-4] ACCESS_LOG - IP: 0:0:0:0:0:0:0:1, Method: GET, URL: /api/customers/kyc/statistics?startDate=2025-06-03&endDate=2025-07-03, Status: 500, Time: 162 ms, ClientInfo: RemoteUser=c5a3845b-d61f-4dd4-aa29-f851cf7a3dd8, Headers: sec-ch-ua-platform="Windows", authorization=***HIDDEN***, user-agent=Mozilla/5.0 (Windows NT 10.0; Win64; x64) AppleWebKit/537.36 (KHTML, like Gecko) Chrome/137.0.0.0 Sa..., accept=application/json, text/plain, */*, sec-ch-ua="Google Chrome";v="137", "Chromium";v="137", "Not/A)Brand";v="24", sec-ch-ua-mobile=?0, origin=http://localhost:4200, sec-fetch-site=same-site, sec-fetch-mode=cors, sec-fetch-dest=empty, referer=http://localhost:4200/, accept-encoding=gzip, deflate, br, zstd, accept-language=vi, forwarded=proto=http;host="localhost:8888";for="[0:0:0:0:0:0:0:1]:63045", x-forwarded-for=0:0:0:0:0:0:0:1, x-forwarded-proto=http, x-forwarded-port=8888, x-forwarded-host=localhost:8888, host=localhost:8080, content-length=0
2025-07-03 16:18:42 ERROR [http-nio-8080-exec-5] ACCESS_LOG - IP: 0:0:0:0:0:0:0:1, Method: GET, URL: /api/customers/growth?startDate=2025-06-03&endDate=2025-07-03, Status: 500, Time: 162 ms, ClientInfo: RemoteUser=c5a3845b-d61f-4dd4-aa29-f851cf7a3dd8, Headers: sec-ch-ua-platform="Windows", authorization=***HIDDEN***, user-agent=Mozilla/5.0 (Windows NT 10.0; Win64; x64) AppleWebKit/537.36 (KHTML, like Gecko) Chrome/137.0.0.0 Sa..., accept=application/json, text/plain, */*, sec-ch-ua="Google Chrome";v="137", "Chromium";v="137", "Not/A)Brand";v="24", sec-ch-ua-mobile=?0, origin=http://localhost:4200, sec-fetch-site=same-site, sec-fetch-mode=cors, sec-fetch-dest=empty, referer=http://localhost:4200/, accept-encoding=gzip, deflate, br, zstd, accept-language=vi, forwarded=proto=http;host="localhost:8888";for="[0:0:0:0:0:0:0:1]:63046", x-forwarded-for=0:0:0:0:0:0:0:1, x-forwarded-proto=http, x-forwarded-port=8888, x-forwarded-host=localhost:8888, host=localhost:8080, content-length=0
2025-07-03 16:19:22 ERROR [http-nio-8080-exec-7] ACCESS_LOG - IP: 0:0:0:0:0:0:0:1, Method: GET, URL: /api/customers/kyc/statistics?startDate=2025-06-03&endDate=2025-07-03, Status: 500, Time: 355 ms, ClientInfo: RemoteUser=c5a3845b-d61f-4dd4-aa29-f851cf7a3dd8, Headers: sec-ch-ua-platform="Windows", authorization=***HIDDEN***, user-agent=Mozilla/5.0 (Windows NT 10.0; Win64; x64) AppleWebKit/537.36 (KHTML, like Gecko) Chrome/137.0.0.0 Sa..., accept=application/json, text/plain, */*, sec-ch-ua="Google Chrome";v="137", "Chromium";v="137", "Not/A)Brand";v="24", sec-ch-ua-mobile=?0, origin=http://localhost:4200, sec-fetch-site=same-site, sec-fetch-mode=cors, sec-fetch-dest=empty, referer=http://localhost:4200/, accept-encoding=gzip, deflate, br, zstd, accept-language=vi, forwarded=proto=http;host="localhost:8888";for="[0:0:0:0:0:0:0:1]:63074", x-forwarded-for=0:0:0:0:0:0:0:1, x-forwarded-proto=http, x-forwarded-port=8888, x-forwarded-host=localhost:8888, host=localhost:8080, content-length=0
2025-07-03 16:19:22 ERROR [http-nio-8080-exec-6] ACCESS_LOG - IP: 0:0:0:0:0:0:0:1, Method: GET, URL: /api/customers/growth?startDate=2025-06-03&endDate=2025-07-03, Status: 500, Time: 356 ms, ClientInfo: RemoteUser=c5a3845b-d61f-4dd4-aa29-f851cf7a3dd8, Headers: sec-ch-ua-platform="Windows", authorization=***HIDDEN***, user-agent=Mozilla/5.0 (Windows NT 10.0; Win64; x64) AppleWebKit/537.36 (KHTML, like Gecko) Chrome/137.0.0.0 Sa..., accept=application/json, text/plain, */*, sec-ch-ua="Google Chrome";v="137", "Chromium";v="137", "Not/A)Brand";v="24", sec-ch-ua-mobile=?0, origin=http://localhost:4200, sec-fetch-site=same-site, sec-fetch-mode=cors, sec-fetch-dest=empty, referer=http://localhost:4200/, accept-encoding=gzip, deflate, br, zstd, accept-language=vi, forwarded=proto=http;host="localhost:8888";for="[0:0:0:0:0:0:0:1]:63075", x-forwarded-for=0:0:0:0:0:0:0:1, x-forwarded-proto=http, x-forwarded-port=8888, x-forwarded-host=localhost:8888, host=localhost:8080, content-length=0
2025-07-03 16:19:32 INFO  [http-nio-8080-exec-8] ACCESS_LOG - IP: 0:0:0:0:0:0:0:1, Method: GET, URL: /api/customers/status, Status: 200, Time: 279 ms, ClientInfo: RemoteUser=c5a3845b-d61f-4dd4-aa29-f851cf7a3dd8, Headers: sec-ch-ua-platform="Windows", authorization=***HIDDEN***, user-agent=Mozilla/5.0 (Windows NT 10.0; Win64; x64) AppleWebKit/537.36 (KHTML, like Gecko) Chrome/137.0.0.0 Sa..., accept=application/json, text/plain, */*, sec-ch-ua="Google Chrome";v="137", "Chromium";v="137", "Not/A)Brand";v="24", sec-ch-ua-mobile=?0, origin=http://localhost:4200, sec-fetch-site=same-site, sec-fetch-mode=cors, sec-fetch-dest=empty, referer=http://localhost:4200/, accept-encoding=gzip, deflate, br, zstd, accept-language=vi, forwarded=proto=http;host="localhost:8888";for="[0:0:0:0:0:0:0:1]:63094", x-forwarded-for=0:0:0:0:0:0:0:1, x-forwarded-proto=http, x-forwarded-port=8888, x-forwarded-host=localhost:8888, host=localhost:8080, content-length=0
2025-07-03 16:19:32 ERROR [http-nio-8080-exec-9] ACCESS_LOG - IP: 0:0:0:0:0:0:0:1, Method: GET, URL: /api/customers/growth?startDate=2025-06-03&endDate=2025-07-03, Status: 500, Time: 21 ms, ClientInfo: RemoteUser=c5a3845b-d61f-4dd4-aa29-f851cf7a3dd8, Headers: sec-ch-ua-platform="Windows", authorization=***HIDDEN***, user-agent=Mozilla/5.0 (Windows NT 10.0; Win64; x64) AppleWebKit/537.36 (KHTML, like Gecko) Chrome/137.0.0.0 Sa..., accept=application/json, text/plain, */*, sec-ch-ua="Google Chrome";v="137", "Chromium";v="137", "Not/A)Brand";v="24", sec-ch-ua-mobile=?0, origin=http://localhost:4200, sec-fetch-site=same-site, sec-fetch-mode=cors, sec-fetch-dest=empty, referer=http://localhost:4200/, accept-encoding=gzip, deflate, br, zstd, accept-language=vi, forwarded=proto=http;host="localhost:8888";for="[0:0:0:0:0:0:0:1]:63096", x-forwarded-for=0:0:0:0:0:0:0:1, x-forwarded-proto=http, x-forwarded-port=8888, x-forwarded-host=localhost:8888, host=localhost:8080, content-length=0
2025-07-03 16:19:32 ERROR [http-nio-8080-exec-10] ACCESS_LOG - IP: 0:0:0:0:0:0:0:1, Method: GET, URL: /api/customers/kyc/statistics?startDate=2025-06-03&endDate=2025-07-03, Status: 500, Time: 23 ms, ClientInfo: RemoteUser=c5a3845b-d61f-4dd4-aa29-f851cf7a3dd8, Headers: sec-ch-ua-platform="Windows", authorization=***HIDDEN***, user-agent=Mozilla/5.0 (Windows NT 10.0; Win64; x64) AppleWebKit/537.36 (KHTML, like Gecko) Chrome/137.0.0.0 Sa..., accept=application/json, text/plain, */*, sec-ch-ua="Google Chrome";v="137", "Chromium";v="137", "Not/A)Brand";v="24", sec-ch-ua-mobile=?0, origin=http://localhost:4200, sec-fetch-site=same-site, sec-fetch-mode=cors, sec-fetch-dest=empty, referer=http://localhost:4200/, accept-encoding=gzip, deflate, br, zstd, accept-language=vi, forwarded=proto=http;host="localhost:8888";for="[0:0:0:0:0:0:0:1]:63094", x-forwarded-for=0:0:0:0:0:0:0:1, x-forwarded-proto=http, x-forwarded-port=8888, x-forwarded-host=localhost:8888, host=localhost:8080, content-length=0
2025-07-03 16:19:46 ERROR [http-nio-8080-exec-1] ACCESS_LOG - IP: 0:0:0:0:0:0:0:1, Method: GET, URL: /api/customers/kyc/statistics?startDate=2025-06-03&endDate=2025-07-03, Status: 500, Time: 11 ms, ClientInfo: RemoteUser=c5a3845b-d61f-4dd4-aa29-f851cf7a3dd8, Headers: sec-ch-ua-platform="Windows", authorization=***HIDDEN***, user-agent=Mozilla/5.0 (Windows NT 10.0; Win64; x64) AppleWebKit/537.36 (KHTML, like Gecko) Chrome/137.0.0.0 Sa..., accept=application/json, text/plain, */*, sec-ch-ua="Google Chrome";v="137", "Chromium";v="137", "Not/A)Brand";v="24", sec-ch-ua-mobile=?0, origin=http://localhost:4200, sec-fetch-site=same-site, sec-fetch-mode=cors, sec-fetch-dest=empty, referer=http://localhost:4200/, accept-encoding=gzip, deflate, br, zstd, accept-language=vi, forwarded=proto=http;host="localhost:8888";for="[0:0:0:0:0:0:0:1]:63125", x-forwarded-for=0:0:0:0:0:0:0:1, x-forwarded-proto=http, x-forwarded-port=8888, x-forwarded-host=localhost:8888, host=localhost:8080, content-length=0
2025-07-03 16:19:46 ERROR [http-nio-8080-exec-2] ACCESS_LOG - IP: 0:0:0:0:0:0:0:1, Method: GET, URL: /api/customers/growth?startDate=2025-06-03&endDate=2025-07-03, Status: 500, Time: 12 ms, ClientInfo: RemoteUser=c5a3845b-d61f-4dd4-aa29-f851cf7a3dd8, Headers: sec-ch-ua-platform="Windows", authorization=***HIDDEN***, user-agent=Mozilla/5.0 (Windows NT 10.0; Win64; x64) AppleWebKit/537.36 (KHTML, like Gecko) Chrome/137.0.0.0 Sa..., accept=application/json, text/plain, */*, sec-ch-ua="Google Chrome";v="137", "Chromium";v="137", "Not/A)Brand";v="24", sec-ch-ua-mobile=?0, origin=http://localhost:4200, sec-fetch-site=same-site, sec-fetch-mode=cors, sec-fetch-dest=empty, referer=http://localhost:4200/, accept-encoding=gzip, deflate, br, zstd, accept-language=vi, forwarded=proto=http;host="localhost:8888";for="[0:0:0:0:0:0:0:1]:63126", x-forwarded-for=0:0:0:0:0:0:0:1, x-forwarded-proto=http, x-forwarded-port=8888, x-forwarded-host=localhost:8888, host=localhost:8080, content-length=0
2025-07-03 16:21:26 ERROR [http-nio-8080-exec-3] ACCESS_LOG - IP: 0:0:0:0:0:0:0:1, Method: GET, URL: /api/customers/growth?startDate=2025-06-03&endDate=2025-07-03, Status: 500, Time: 200 ms, ClientInfo: RemoteUser=c5a3845b-d61f-4dd4-aa29-f851cf7a3dd8, Headers: sec-ch-ua-platform="Windows", authorization=***HIDDEN***, user-agent=Mozilla/5.0 (Windows NT 10.0; Win64; x64) AppleWebKit/537.36 (KHTML, like Gecko) Chrome/137.0.0.0 Sa..., accept=application/json, text/plain, */*, sec-ch-ua="Google Chrome";v="137", "Chromium";v="137", "Not/A)Brand";v="24", sec-ch-ua-mobile=?0, origin=http://localhost:4200, sec-fetch-site=same-site, sec-fetch-mode=cors, sec-fetch-dest=empty, referer=http://localhost:4200/, accept-encoding=gzip, deflate, br, zstd, accept-language=vi, forwarded=proto=http;host="localhost:8888";for="[0:0:0:0:0:0:0:1]:63242", x-forwarded-for=0:0:0:0:0:0:0:1, x-forwarded-proto=http, x-forwarded-port=8888, x-forwarded-host=localhost:8888, host=localhost:8080, content-length=0
2025-07-03 16:21:26 ERROR [http-nio-8080-exec-4] ACCESS_LOG - IP: 0:0:0:0:0:0:0:1, Method: GET, URL: /api/customers/kyc/statistics?startDate=2025-06-03&endDate=2025-07-03, Status: 500, Time: 216 ms, ClientInfo: RemoteUser=c5a3845b-d61f-4dd4-aa29-f851cf7a3dd8, Headers: sec-ch-ua-platform="Windows", authorization=***HIDDEN***, user-agent=Mozilla/5.0 (Windows NT 10.0; Win64; x64) AppleWebKit/537.36 (KHTML, like Gecko) Chrome/137.0.0.0 Sa..., accept=application/json, text/plain, */*, sec-ch-ua="Google Chrome";v="137", "Chromium";v="137", "Not/A)Brand";v="24", sec-ch-ua-mobile=?0, origin=http://localhost:4200, sec-fetch-site=same-site, sec-fetch-mode=cors, sec-fetch-dest=empty, referer=http://localhost:4200/, accept-encoding=gzip, deflate, br, zstd, accept-language=vi, forwarded=proto=http;host="localhost:8888";for="[0:0:0:0:0:0:0:1]:63241", x-forwarded-for=0:0:0:0:0:0:0:1, x-forwarded-proto=http, x-forwarded-port=8888, x-forwarded-host=localhost:8888, host=localhost:8080, content-length=0
2025-07-03 16:21:36 INFO  [http-nio-8080-exec-5] ACCESS_LOG - IP: 0:0:0:0:0:0:0:1, Method: GET, URL: /api/customers/status, Status: 200, Time: 241 ms, ClientInfo: RemoteUser=c5a3845b-d61f-4dd4-aa29-f851cf7a3dd8, Headers: sec-ch-ua-platform="Windows", authorization=***HIDDEN***, user-agent=Mozilla/5.0 (Windows NT 10.0; Win64; x64) AppleWebKit/537.36 (KHTML, like Gecko) Chrome/137.0.0.0 Sa..., accept=application/json, text/plain, */*, sec-ch-ua="Google Chrome";v="137", "Chromium";v="137", "Not/A)Brand";v="24", sec-ch-ua-mobile=?0, origin=http://localhost:4200, sec-fetch-site=same-site, sec-fetch-mode=cors, sec-fetch-dest=empty, referer=http://localhost:4200/, accept-encoding=gzip, deflate, br, zstd, accept-language=vi, forwarded=proto=http;host="localhost:8888";for="[0:0:0:0:0:0:0:1]:63255", x-forwarded-for=0:0:0:0:0:0:0:1, x-forwarded-proto=http, x-forwarded-port=8888, x-forwarded-host=localhost:8888, host=localhost:8080, content-length=0
2025-07-03 16:21:36 ERROR [http-nio-8080-exec-7] ACCESS_LOG - IP: 0:0:0:0:0:0:0:1, Method: GET, URL: /api/customers/kyc/statistics?startDate=2025-06-03&endDate=2025-07-03, Status: 500, Time: 8 ms, ClientInfo: RemoteUser=c5a3845b-d61f-4dd4-aa29-f851cf7a3dd8, Headers: sec-ch-ua-platform="Windows", authorization=***HIDDEN***, user-agent=Mozilla/5.0 (Windows NT 10.0; Win64; x64) AppleWebKit/537.36 (KHTML, like Gecko) Chrome/137.0.0.0 Sa..., accept=application/json, text/plain, */*, sec-ch-ua="Google Chrome";v="137", "Chromium";v="137", "Not/A)Brand";v="24", sec-ch-ua-mobile=?0, origin=http://localhost:4200, sec-fetch-site=same-site, sec-fetch-mode=cors, sec-fetch-dest=empty, referer=http://localhost:4200/, accept-encoding=gzip, deflate, br, zstd, accept-language=vi, forwarded=proto=http;host="localhost:8888";for="[0:0:0:0:0:0:0:1]:63255", x-forwarded-for=0:0:0:0:0:0:0:1, x-forwarded-proto=http, x-forwarded-port=8888, x-forwarded-host=localhost:8888, host=localhost:8080, content-length=0
2025-07-03 16:21:36 ERROR [http-nio-8080-exec-6] ACCESS_LOG - IP: 0:0:0:0:0:0:0:1, Method: GET, URL: /api/customers/growth?startDate=2025-06-03&endDate=2025-07-03, Status: 500, Time: 9 ms, ClientInfo: RemoteUser=c5a3845b-d61f-4dd4-aa29-f851cf7a3dd8, Headers: sec-ch-ua-platform="Windows", authorization=***HIDDEN***, user-agent=Mozilla/5.0 (Windows NT 10.0; Win64; x64) AppleWebKit/537.36 (KHTML, like Gecko) Chrome/137.0.0.0 Sa..., accept=application/json, text/plain, */*, sec-ch-ua="Google Chrome";v="137", "Chromium";v="137", "Not/A)Brand";v="24", sec-ch-ua-mobile=?0, origin=http://localhost:4200, sec-fetch-site=same-site, sec-fetch-mode=cors, sec-fetch-dest=empty, referer=http://localhost:4200/, accept-encoding=gzip, deflate, br, zstd, accept-language=vi, forwarded=proto=http;host="localhost:8888";for="[0:0:0:0:0:0:0:1]:63257", x-forwarded-for=0:0:0:0:0:0:0:1, x-forwarded-proto=http, x-forwarded-port=8888, x-forwarded-host=localhost:8888, host=localhost:8080, content-length=0
2025-07-03 16:24:31 ERROR [http-nio-8080-exec-8] ACCESS_LOG - IP: 0:0:0:0:0:0:0:1, Method: GET, URL: /api/customers/kyc/statistics?startDate=2025-06-03&endDate=2025-07-03, Status: 500, Time: 281 ms, ClientInfo: RemoteUser=c5a3845b-d61f-4dd4-aa29-f851cf7a3dd8, Headers: sec-ch-ua-platform="Windows", authorization=***HIDDEN***, user-agent=Mozilla/5.0 (Windows NT 10.0; Win64; x64) AppleWebKit/537.36 (KHTML, like Gecko) Chrome/137.0.0.0 Sa..., accept=application/json, text/plain, */*, sec-ch-ua="Google Chrome";v="137", "Chromium";v="137", "Not/A)Brand";v="24", sec-ch-ua-mobile=?0, origin=http://localhost:4200, sec-fetch-site=same-site, sec-fetch-mode=cors, sec-fetch-dest=empty, referer=http://localhost:4200/, accept-encoding=gzip, deflate, br, zstd, accept-language=vi, forwarded=proto=http;host="localhost:8888";for="[0:0:0:0:0:0:0:1]:63484", x-forwarded-for=0:0:0:0:0:0:0:1, x-forwarded-proto=http, x-forwarded-port=8888, x-forwarded-host=localhost:8888, host=localhost:8080, content-length=0
2025-07-03 16:24:31 ERROR [http-nio-8080-exec-10] ACCESS_LOG - IP: 0:0:0:0:0:0:0:1, Method: GET, URL: /api/customers/growth?startDate=2025-06-03&endDate=2025-07-03, Status: 500, Time: 280 ms, ClientInfo: RemoteUser=c5a3845b-d61f-4dd4-aa29-f851cf7a3dd8, Headers: sec-ch-ua-platform="Windows", authorization=***HIDDEN***, user-agent=Mozilla/5.0 (Windows NT 10.0; Win64; x64) AppleWebKit/537.36 (KHTML, like Gecko) Chrome/137.0.0.0 Sa..., accept=application/json, text/plain, */*, sec-ch-ua="Google Chrome";v="137", "Chromium";v="137", "Not/A)Brand";v="24", sec-ch-ua-mobile=?0, origin=http://localhost:4200, sec-fetch-site=same-site, sec-fetch-mode=cors, sec-fetch-dest=empty, referer=http://localhost:4200/, accept-encoding=gzip, deflate, br, zstd, accept-language=vi, forwarded=proto=http;host="localhost:8888";for="[0:0:0:0:0:0:0:1]:63485", x-forwarded-for=0:0:0:0:0:0:0:1, x-forwarded-proto=http, x-forwarded-port=8888, x-forwarded-host=localhost:8888, host=localhost:8080, content-length=0
2025-07-03 16:24:33 ERROR [http-nio-8080-exec-1] ACCESS_LOG - IP: 0:0:0:0:0:0:0:1, Method: GET, URL: /api/customers/growth?startDate=2025-06-03&endDate=2025-07-03, Status: 500, Time: 8 ms, ClientInfo: RemoteUser=c5a3845b-d61f-4dd4-aa29-f851cf7a3dd8, Headers: sec-ch-ua-platform="Windows", authorization=***HIDDEN***, user-agent=Mozilla/5.0 (Windows NT 10.0; Win64; x64) AppleWebKit/537.36 (KHTML, like Gecko) Chrome/137.0.0.0 Sa..., accept=application/json, text/plain, */*, sec-ch-ua="Google Chrome";v="137", "Chromium";v="137", "Not/A)Brand";v="24", sec-ch-ua-mobile=?0, origin=http://localhost:4200, sec-fetch-site=same-site, sec-fetch-mode=cors, sec-fetch-dest=empty, referer=http://localhost:4200/, accept-encoding=gzip, deflate, br, zstd, accept-language=vi, forwarded=proto=http;host="localhost:8888";for="[0:0:0:0:0:0:0:1]:63497", x-forwarded-for=0:0:0:0:0:0:0:1, x-forwarded-proto=http, x-forwarded-port=8888, x-forwarded-host=localhost:8888, host=localhost:8080, content-length=0
2025-07-03 16:24:33 ERROR [http-nio-8080-exec-9] ACCESS_LOG - IP: 0:0:0:0:0:0:0:1, Method: GET, URL: /api/customers/kyc/statistics?startDate=2025-06-03&endDate=2025-07-03, Status: 500, Time: 10 ms, ClientInfo: RemoteUser=c5a3845b-d61f-4dd4-aa29-f851cf7a3dd8, Headers: sec-ch-ua-platform="Windows", authorization=***HIDDEN***, user-agent=Mozilla/5.0 (Windows NT 10.0; Win64; x64) AppleWebKit/537.36 (KHTML, like Gecko) Chrome/137.0.0.0 Sa..., accept=application/json, text/plain, */*, sec-ch-ua="Google Chrome";v="137", "Chromium";v="137", "Not/A)Brand";v="24", sec-ch-ua-mobile=?0, origin=http://localhost:4200, sec-fetch-site=same-site, sec-fetch-mode=cors, sec-fetch-dest=empty, referer=http://localhost:4200/, accept-encoding=gzip, deflate, br, zstd, accept-language=vi, forwarded=proto=http;host="localhost:8888";for="[0:0:0:0:0:0:0:1]:63496", x-forwarded-for=0:0:0:0:0:0:0:1, x-forwarded-proto=http, x-forwarded-port=8888, x-forwarded-host=localhost:8888, host=localhost:8080, content-length=0
2025-07-03 16:24:51 INFO  [http-nio-8080-exec-2] ACCESS_LOG - IP: 0:0:0:0:0:0:0:1, Method: GET, URL: /api/customers/status, Status: 200, Time: 203 ms, ClientInfo: RemoteUser=c5a3845b-d61f-4dd4-aa29-f851cf7a3dd8, Headers: sec-ch-ua-platform="Windows", authorization=***HIDDEN***, user-agent=Mozilla/5.0 (Windows NT 10.0; Win64; x64) AppleWebKit/537.36 (KHTML, like Gecko) Chrome/137.0.0.0 Sa..., accept=application/json, text/plain, */*, sec-ch-ua="Google Chrome";v="137", "Chromium";v="137", "Not/A)Brand";v="24", sec-ch-ua-mobile=?0, origin=http://localhost:4200, sec-fetch-site=same-site, sec-fetch-mode=cors, sec-fetch-dest=empty, referer=http://localhost:4200/, accept-encoding=gzip, deflate, br, zstd, accept-language=vi, forwarded=proto=http;host="localhost:8888";for="[0:0:0:0:0:0:0:1]:63511", x-forwarded-for=0:0:0:0:0:0:0:1, x-forwarded-proto=http, x-forwarded-port=8888, x-forwarded-host=localhost:8888, host=localhost:8080, content-length=0
2025-07-03 16:25:22 INFO  [http-nio-8080-exec-3] ACCESS_LOG - IP: 0:0:0:0:0:0:0:1, Method: GET, URL: /api/customers/status, Status: 200, Time: 110 ms, ClientInfo: RemoteUser=4c244f29-36e5-41f9-aa87-67b74c93c4f3, Headers: sec-ch-ua-platform="Windows", authorization=***HIDDEN***, user-agent=Mozilla/5.0 (Windows NT 10.0; Win64; x64) AppleWebKit/537.36 (KHTML, like Gecko) Chrome/137.0.0.0 Sa..., accept=application/json, text/plain, */*, sec-ch-ua="Google Chrome";v="137", "Chromium";v="137", "Not/A)Brand";v="24", sec-ch-ua-mobile=?0, origin=http://localhost:4200, sec-fetch-site=same-site, sec-fetch-mode=cors, sec-fetch-dest=empty, referer=http://localhost:4200/, accept-encoding=gzip, deflate, br, zstd, accept-language=vi,fr-FR;q=0.9,fr;q=0.8,en-US;q=0.7,en;q=0.6,ar;q=0.5, forwarded=proto=http;host="localhost:8888";for="[0:0:0:0:0:0:0:1]:63532", x-forwarded-for=0:0:0:0:0:0:0:1, x-forwarded-proto=http, x-forwarded-port=8888, x-forwarded-host=localhost:8888, host=localhost:8080, content-length=0
2025-07-03 16:25:25 INFO  [http-nio-8080-exec-4] ACCESS_LOG - IP: 0:0:0:0:0:0:0:1, Method: GET, URL: /api/customers/status, Status: 200, Time: 29 ms, ClientInfo: RemoteUser=4c244f29-36e5-41f9-aa87-67b74c93c4f3, Headers: sec-ch-ua-platform="Windows", authorization=***HIDDEN***, user-agent=Mozilla/5.0 (Windows NT 10.0; Win64; x64) AppleWebKit/537.36 (KHTML, like Gecko) Chrome/137.0.0.0 Sa..., accept=application/json, text/plain, */*, sec-ch-ua="Google Chrome";v="137", "Chromium";v="137", "Not/A)Brand";v="24", sec-ch-ua-mobile=?0, origin=http://localhost:4200, sec-fetch-site=same-site, sec-fetch-mode=cors, sec-fetch-dest=empty, referer=http://localhost:4200/, accept-encoding=gzip, deflate, br, zstd, accept-language=vi,fr-FR;q=0.9,fr;q=0.8,en-US;q=0.7,en;q=0.6,ar;q=0.5, forwarded=proto=http;host="localhost:8888";for="[0:0:0:0:0:0:0:1]:63532", x-forwarded-for=0:0:0:0:0:0:0:1, x-forwarded-proto=http, x-forwarded-port=8888, x-forwarded-host=localhost:8888, host=localhost:8080, content-length=0
2025-07-03 16:26:37 INFO  [http-nio-8080-exec-7] ACCESS_LOG - IP: 0:0:0:0:0:0:0:1, Method: GET, URL: /api/customers/status, Status: 200, Time: 569 ms, ClientInfo: RemoteUser=4c244f29-36e5-41f9-aa87-67b74c93c4f3, Headers: sec-ch-ua-platform="Windows", authorization=***HIDDEN***, user-agent=Mozilla/5.0 (Windows NT 10.0; Win64; x64) AppleWebKit/537.36 (KHTML, like Gecko) Chrome/137.0.0.0 Sa..., accept=application/json, text/plain, */*, sec-ch-ua="Google Chrome";v="137", "Chromium";v="137", "Not/A)Brand";v="24", sec-ch-ua-mobile=?0, origin=http://localhost:4200, sec-fetch-site=same-site, sec-fetch-mode=cors, sec-fetch-dest=empty, referer=http://localhost:4200/, accept-encoding=gzip, deflate, br, zstd, accept-language=vi,fr-FR;q=0.9,fr;q=0.8,en-US;q=0.7,en;q=0.6,ar;q=0.5, forwarded=proto=http;host="localhost:8888";for="[0:0:0:0:0:0:0:1]:63601", x-forwarded-for=0:0:0:0:0:0:0:1, x-forwarded-proto=http, x-forwarded-port=8888, x-forwarded-host=localhost:8888, host=localhost:8080, content-length=0
2025-07-03 16:26:41 INFO  [http-nio-8080-exec-6] ACCESS_LOG - IP: 0:0:0:0:0:0:0:1, Method: GET, URL: /api/customers/status, Status: 200, Time: 20 ms, ClientInfo: RemoteUser=4c244f29-36e5-41f9-aa87-67b74c93c4f3, Headers: sec-ch-ua-platform="Windows", authorization=***HIDDEN***, user-agent=Mozilla/5.0 (Windows NT 10.0; Win64; x64) AppleWebKit/537.36 (KHTML, like Gecko) Chrome/137.0.0.0 Sa..., accept=application/json, text/plain, */*, sec-ch-ua="Google Chrome";v="137", "Chromium";v="137", "Not/A)Brand";v="24", sec-ch-ua-mobile=?0, origin=http://localhost:4200, sec-fetch-site=same-site, sec-fetch-mode=cors, sec-fetch-dest=empty, referer=http://localhost:4200/, accept-encoding=gzip, deflate, br, zstd, accept-language=vi,fr-FR;q=0.9,fr;q=0.8,en-US;q=0.7,en;q=0.6,ar;q=0.5, forwarded=proto=http;host="localhost:8888";for="[0:0:0:0:0:0:0:1]:63601", x-forwarded-for=0:0:0:0:0:0:0:1, x-forwarded-proto=http, x-forwarded-port=8888, x-forwarded-host=localhost:8888, host=localhost:8080, content-length=0
2025-07-03 16:26:48 INFO  [http-nio-8080-exec-8] ACCESS_LOG - IP: 0:0:0:0:0:0:0:1, Method: GET, URL: /api/customers/status, Status: 200, Time: 35 ms, ClientInfo: RemoteUser=4c244f29-36e5-41f9-aa87-67b74c93c4f3, Headers: sec-ch-ua-platform="Windows", authorization=***HIDDEN***, user-agent=Mozilla/5.0 (Windows NT 10.0; Win64; x64) AppleWebKit/537.36 (KHTML, like Gecko) Chrome/137.0.0.0 Sa..., accept=application/json, text/plain, */*, sec-ch-ua="Google Chrome";v="137", "Chromium";v="137", "Not/A)Brand";v="24", sec-ch-ua-mobile=?0, origin=http://localhost:4200, sec-fetch-site=same-site, sec-fetch-mode=cors, sec-fetch-dest=empty, referer=http://localhost:4200/, accept-encoding=gzip, deflate, br, zstd, accept-language=vi,fr-FR;q=0.9,fr;q=0.8,en-US;q=0.7,en;q=0.6,ar;q=0.5, forwarded=proto=http;host="localhost:8888";for="[0:0:0:0:0:0:0:1]:63601", x-forwarded-for=0:0:0:0:0:0:0:1, x-forwarded-proto=http, x-forwarded-port=8888, x-forwarded-host=localhost:8888, host=localhost:8080, content-length=0
