2025-08-27 09:51:20 INFO  [background-preinit] o.h.validator.internal.util.Version [,] - HV000001: Hibernate Validator 8.0.2.Final
2025-08-27 09:51:20 INFO  [main] o.a.d.s.b.c.e.WelcomeLogoApplicationListener [,] -  [DUBBO] 

 :: Dubbo (v3.3.2) : https://github.com/apache/dubbo
 :: Discuss group : dev@dubbo.apache.org
, dubbo version: 3.3.2, current host: 10.2.36.61
2025-08-27 09:51:20 INFO  [main] c.e.c.CustomerServiceApplication [,] - Starting CustomerServiceApplication using Java 17.0.16 with PID 15871 (/home/phuc-khang/banking system/java-banking-phase2/backend/customer-service/target/classes started by phuc-khang in /home/phuc-khang/banking system/java-banking-phase2)
2025-08-27 09:51:20 INFO  [main] c.e.c.CustomerServiceApplication [,] - No active profile set, falling back to 1 default profile: "default"
2025-08-27 09:51:20 WARN  [main] o.s.v.c.l.SecretLeaseEventPublisher$LoggingErrorListener [,] - [RequestedSecret [path='secret/customer-service', mode=ROTATE]] Lease [leaseId='null', leaseDuration=PT0S, renewable=false] I/O error on GET request for "http://localhost:8200/v1/secret/customer-service": Connect to http://localhost:8200 [localhost/127.0.0.1] failed: Connection refused
org.springframework.web.client.ResourceAccessException: I/O error on GET request for "http://localhost:8200/v1/secret/customer-service": Connect to http://localhost:8200 [localhost/127.0.0.1] failed: Connection refused
	at org.springframework.web.client.RestTemplate.createResourceAccessException(RestTemplate.java:915)
	at org.springframework.web.client.RestTemplate.doExecute(RestTemplate.java:895)
	at org.springframework.web.client.RestTemplate.execute(RestTemplate.java:790)
	at org.springframework.web.client.RestTemplate.getForObject(RestTemplate.java:404)
	at org.springframework.vault.core.VaultTemplate.lambda$doRead$5(VaultTemplate.java:464)
	at org.springframework.vault.core.VaultTemplate.doWithSession(VaultTemplate.java:451)
	at org.springframework.vault.core.VaultTemplate.doRead(VaultTemplate.java:461)
	at org.springframework.vault.core.VaultTemplate.read(VaultTemplate.java:356)
	at org.springframework.vault.core.lease.SecretLeaseContainer.doGetSecrets(SecretLeaseContainer.java:712)
	at org.springframework.vault.core.lease.SecretLeaseContainer.doStart(SecretLeaseContainer.java:391)
	at org.springframework.vault.core.lease.SecretLeaseContainer.start(SecretLeaseContainer.java:381)
	at org.springframework.vault.core.lease.SecretLeaseContainer.addRequestedSecret(SecretLeaseContainer.java:343)
	at org.springframework.vault.core.env.LeaseAwareVaultPropertySource.loadProperties(LeaseAwareVaultPropertySource.java:176)
	at org.springframework.vault.core.env.LeaseAwareVaultPropertySource.<init>(LeaseAwareVaultPropertySource.java:161)
	at org.springframework.vault.core.env.LeaseAwareVaultPropertySource.<init>(LeaseAwareVaultPropertySource.java:119)
	at org.springframework.cloud.vault.config.VaultConfigDataLoader.createLeasingPropertySource(VaultConfigDataLoader.java:288)
	at org.springframework.cloud.vault.config.VaultConfigDataLoader.lambda$loadConfigData$1(VaultConfigDataLoader.java:162)
	at org.springframework.cloud.vault.config.VaultConfigDataLoader.createConfigData(VaultConfigDataLoader.java:231)
	at org.springframework.cloud.vault.config.VaultConfigDataLoader.loadConfigData(VaultConfigDataLoader.java:162)
	at org.springframework.cloud.vault.config.VaultConfigDataLoader.load(VaultConfigDataLoader.java:139)
	at org.springframework.cloud.vault.config.VaultConfigDataLoader.load(VaultConfigDataLoader.java:92)
	at org.springframework.boot.context.config.ConfigDataLoaders.load(ConfigDataLoaders.java:96)
	at org.springframework.boot.context.config.ConfigDataImporter.load(ConfigDataImporter.java:132)
	at org.springframework.boot.context.config.ConfigDataImporter.resolveAndLoad(ConfigDataImporter.java:87)
	at org.springframework.boot.context.config.ConfigDataEnvironmentContributors.withProcessedImports(ConfigDataEnvironmentContributors.java:121)
	at org.springframework.boot.context.config.ConfigDataEnvironment.processWithProfiles(ConfigDataEnvironment.java:316)
	at org.springframework.boot.context.config.ConfigDataEnvironment.processAndApply(ConfigDataEnvironment.java:237)
	at org.springframework.boot.context.config.ConfigDataEnvironmentPostProcessor.postProcessEnvironment(ConfigDataEnvironmentPostProcessor.java:96)
	at org.springframework.boot.context.config.ConfigDataEnvironmentPostProcessor.postProcessEnvironment(ConfigDataEnvironmentPostProcessor.java:89)
	at org.springframework.boot.env.EnvironmentPostProcessorApplicationListener.onApplicationEnvironmentPreparedEvent(EnvironmentPostProcessorApplicationListener.java:109)
	at org.springframework.boot.env.EnvironmentPostProcessorApplicationListener.onApplicationEvent(EnvironmentPostProcessorApplicationListener.java:94)
	at org.springframework.context.event.SimpleApplicationEventMulticaster.doInvokeListener(SimpleApplicationEventMulticaster.java:185)
	at org.springframework.context.event.SimpleApplicationEventMulticaster.invokeListener(SimpleApplicationEventMulticaster.java:178)
	at org.springframework.context.event.SimpleApplicationEventMulticaster.multicastEvent(SimpleApplicationEventMulticaster.java:156)
	at org.springframework.context.event.SimpleApplicationEventMulticaster.multicastEvent(SimpleApplicationEventMulticaster.java:138)
	at org.springframework.boot.context.event.EventPublishingRunListener.multicastInitialEvent(EventPublishingRunListener.java:136)
	at org.springframework.boot.context.event.EventPublishingRunListener.environmentPrepared(EventPublishingRunListener.java:81)
	at org.springframework.boot.SpringApplicationRunListeners.lambda$environmentPrepared$2(SpringApplicationRunListeners.java:64)
	at java.base/java.lang.Iterable.forEach(Iterable.java:75)
	at org.springframework.boot.SpringApplicationRunListeners.doWithListeners(SpringApplicationRunListeners.java:118)
	at org.springframework.boot.SpringApplicationRunListeners.doWithListeners(SpringApplicationRunListeners.java:112)
	at org.springframework.boot.SpringApplicationRunListeners.environmentPrepared(SpringApplicationRunListeners.java:63)
	at org.springframework.boot.SpringApplication.prepareEnvironment(SpringApplication.java:370)
	at org.springframework.boot.SpringApplication.run(SpringApplication.java:330)
	at org.springframework.boot.SpringApplication.run(SpringApplication.java:1364)
	at org.springframework.boot.SpringApplication.run(SpringApplication.java:1353)
	at com.example.customer_service.CustomerServiceApplication.main(CustomerServiceApplication.java:13)
Caused by: org.apache.hc.client5.http.HttpHostConnectException: Connect to http://localhost:8200 [localhost/127.0.0.1] failed: Connection refused
	at java.base/sun.nio.ch.Net.pollConnect(Native Method)
	at java.base/sun.nio.ch.Net.pollConnectNow(Net.java:672)
	at java.base/sun.nio.ch.NioSocketImpl.timedFinishConnect(NioSocketImpl.java:547)
	at java.base/sun.nio.ch.NioSocketImpl.connect(NioSocketImpl.java:602)
	at java.base/java.net.SocksSocketImpl.connect(SocksSocketImpl.java:327)
	at java.base/java.net.Socket.connect(Socket.java:633)
	at org.apache.hc.client5.http.socket.PlainConnectionSocketFactory.lambda$connectSocket$0(PlainConnectionSocketFactory.java:91)
	at java.base/java.security.AccessController.doPrivileged(AccessController.java:569)
	at org.apache.hc.client5.http.socket.PlainConnectionSocketFactory.connectSocket(PlainConnectionSocketFactory.java:90)
	at org.apache.hc.client5.http.socket.ConnectionSocketFactory.connectSocket(ConnectionSocketFactory.java:123)
	at org.apache.hc.client5.http.impl.io.DefaultHttpClientConnectionOperator.connect(DefaultHttpClientConnectionOperator.java:189)
	at org.apache.hc.client5.http.impl.io.PoolingHttpClientConnectionManager.connect(PoolingHttpClientConnectionManager.java:450)
	at org.apache.hc.client5.http.impl.classic.InternalExecRuntime.connectEndpoint(InternalExecRuntime.java:162)
	at org.apache.hc.client5.http.impl.classic.InternalExecRuntime.connectEndpoint(InternalExecRuntime.java:172)
	at org.apache.hc.client5.http.impl.classic.ConnectExec.execute(ConnectExec.java:142)
	at org.apache.hc.client5.http.impl.classic.ExecChainElement.execute(ExecChainElement.java:51)
	at org.apache.hc.client5.http.impl.classic.ProtocolExec.execute(ProtocolExec.java:192)
	at org.apache.hc.client5.http.impl.classic.ExecChainElement.execute(ExecChainElement.java:51)
	at org.apache.hc.client5.http.impl.classic.HttpRequestRetryExec.execute(HttpRequestRetryExec.java:113)
	at org.apache.hc.client5.http.impl.classic.ExecChainElement.execute(ExecChainElement.java:51)
	at org.apache.hc.client5.http.impl.classic.ContentCompressionExec.execute(ContentCompressionExec.java:152)
	at org.apache.hc.client5.http.impl.classic.ExecChainElement.execute(ExecChainElement.java:51)
	at org.apache.hc.client5.http.impl.classic.RedirectExec.execute(RedirectExec.java:116)
	at org.apache.hc.client5.http.impl.classic.ExecChainElement.execute(ExecChainElement.java:51)
	at org.apache.hc.client5.http.impl.classic.InternalHttpClient.doExecute(InternalHttpClient.java:170)
	at org.apache.hc.client5.http.impl.classic.CloseableHttpClient.execute(CloseableHttpClient.java:87)
	at org.apache.hc.client5.http.impl.classic.CloseableHttpClient.execute(CloseableHttpClient.java:55)
	at org.apache.hc.client5.http.classic.HttpClient.executeOpen(HttpClient.java:183)
	at org.springframework.http.client.HttpComponentsClientHttpRequest.executeInternal(HttpComponentsClientHttpRequest.java:99)
	at org.springframework.http.client.AbstractStreamingClientHttpRequest.executeInternal(AbstractStreamingClientHttpRequest.java:70)
	at org.springframework.http.client.AbstractClientHttpRequest.execute(AbstractClientHttpRequest.java:66)
	at org.springframework.http.client.InterceptingClientHttpRequest$InterceptingRequestExecution.execute(InterceptingClientHttpRequest.java:112)
	at org.springframework.vault.core.VaultTemplate.lambda$getSessionInterceptor$1(VaultTemplate.java:258)
	at org.springframework.http.client.InterceptingClientHttpRequest$InterceptingRequestExecution.execute(InterceptingClientHttpRequest.java:88)
	at org.springframework.vault.client.RestTemplateBuilder.lambda$createTemplate$4(RestTemplateBuilder.java:239)
	at org.springframework.http.client.InterceptingClientHttpRequest$InterceptingRequestExecution.execute(InterceptingClientHttpRequest.java:88)
	at org.springframework.vault.client.VaultClients.lambda$createRestTemplate$0(VaultClients.java:117)
	at org.springframework.http.client.InterceptingClientHttpRequest$InterceptingRequestExecution.execute(InterceptingClientHttpRequest.java:88)
	at org.springframework.http.client.InterceptingClientHttpRequest.executeInternal(InterceptingClientHttpRequest.java:72)
	at org.springframework.http.client.AbstractBufferingClientHttpRequest.executeInternal(AbstractBufferingClientHttpRequest.java:48)
	at org.springframework.http.client.AbstractClientHttpRequest.execute(AbstractClientHttpRequest.java:66)
	at org.springframework.web.client.RestTemplate.doExecute(RestTemplate.java:889)
	... 45 common frames omitted
2025-08-27 09:51:20 INFO  [main] o.s.v.c.e.LeaseAwareVaultPropertySource [,] - Vault location [secret/customer-service] not resolvable: I/O error on GET request for "http://localhost:8200/v1/secret/customer-service": Connect to http://localhost:8200 [localhost/127.0.0.1] failed: Connection refused
2025-08-27 09:51:20 WARN  [main] o.s.v.c.l.SecretLeaseEventPublisher$LoggingErrorListener [,] - [RequestedSecret [path='secret/application', mode=ROTATE]] Lease [leaseId='null', leaseDuration=PT0S, renewable=false] I/O error on GET request for "http://localhost:8200/v1/secret/application": Connect to http://localhost:8200 [localhost/127.0.0.1] failed: Connection refused
org.springframework.web.client.ResourceAccessException: I/O error on GET request for "http://localhost:8200/v1/secret/application": Connect to http://localhost:8200 [localhost/127.0.0.1] failed: Connection refused
	at org.springframework.web.client.RestTemplate.createResourceAccessException(RestTemplate.java:915)
	at org.springframework.web.client.RestTemplate.doExecute(RestTemplate.java:895)
	at org.springframework.web.client.RestTemplate.execute(RestTemplate.java:790)
	at org.springframework.web.client.RestTemplate.getForObject(RestTemplate.java:404)
	at org.springframework.vault.core.VaultTemplate.lambda$doRead$5(VaultTemplate.java:464)
	at org.springframework.vault.core.VaultTemplate.doWithSession(VaultTemplate.java:451)
	at org.springframework.vault.core.VaultTemplate.doRead(VaultTemplate.java:461)
	at org.springframework.vault.core.VaultTemplate.read(VaultTemplate.java:356)
	at org.springframework.vault.core.lease.SecretLeaseContainer.doGetSecrets(SecretLeaseContainer.java:712)
	at org.springframework.vault.core.lease.SecretLeaseContainer.doStart(SecretLeaseContainer.java:391)
	at org.springframework.vault.core.lease.SecretLeaseContainer.start(SecretLeaseContainer.java:381)
	at org.springframework.vault.core.lease.SecretLeaseContainer.addRequestedSecret(SecretLeaseContainer.java:343)
	at org.springframework.vault.core.env.LeaseAwareVaultPropertySource.loadProperties(LeaseAwareVaultPropertySource.java:176)
	at org.springframework.vault.core.env.LeaseAwareVaultPropertySource.<init>(LeaseAwareVaultPropertySource.java:161)
	at org.springframework.vault.core.env.LeaseAwareVaultPropertySource.<init>(LeaseAwareVaultPropertySource.java:119)
	at org.springframework.cloud.vault.config.VaultConfigDataLoader.createLeasingPropertySource(VaultConfigDataLoader.java:288)
	at org.springframework.cloud.vault.config.VaultConfigDataLoader.lambda$loadConfigData$1(VaultConfigDataLoader.java:162)
	at org.springframework.cloud.vault.config.VaultConfigDataLoader.createConfigData(VaultConfigDataLoader.java:231)
	at org.springframework.cloud.vault.config.VaultConfigDataLoader.loadConfigData(VaultConfigDataLoader.java:162)
	at org.springframework.cloud.vault.config.VaultConfigDataLoader.load(VaultConfigDataLoader.java:139)
	at org.springframework.cloud.vault.config.VaultConfigDataLoader.load(VaultConfigDataLoader.java:92)
	at org.springframework.boot.context.config.ConfigDataLoaders.load(ConfigDataLoaders.java:96)
	at org.springframework.boot.context.config.ConfigDataImporter.load(ConfigDataImporter.java:132)
	at org.springframework.boot.context.config.ConfigDataImporter.resolveAndLoad(ConfigDataImporter.java:87)
	at org.springframework.boot.context.config.ConfigDataEnvironmentContributors.withProcessedImports(ConfigDataEnvironmentContributors.java:121)
	at org.springframework.boot.context.config.ConfigDataEnvironment.processWithProfiles(ConfigDataEnvironment.java:316)
	at org.springframework.boot.context.config.ConfigDataEnvironment.processAndApply(ConfigDataEnvironment.java:237)
	at org.springframework.boot.context.config.ConfigDataEnvironmentPostProcessor.postProcessEnvironment(ConfigDataEnvironmentPostProcessor.java:96)
	at org.springframework.boot.context.config.ConfigDataEnvironmentPostProcessor.postProcessEnvironment(ConfigDataEnvironmentPostProcessor.java:89)
	at org.springframework.boot.env.EnvironmentPostProcessorApplicationListener.onApplicationEnvironmentPreparedEvent(EnvironmentPostProcessorApplicationListener.java:109)
	at org.springframework.boot.env.EnvironmentPostProcessorApplicationListener.onApplicationEvent(EnvironmentPostProcessorApplicationListener.java:94)
	at org.springframework.context.event.SimpleApplicationEventMulticaster.doInvokeListener(SimpleApplicationEventMulticaster.java:185)
	at org.springframework.context.event.SimpleApplicationEventMulticaster.invokeListener(SimpleApplicationEventMulticaster.java:178)
	at org.springframework.context.event.SimpleApplicationEventMulticaster.multicastEvent(SimpleApplicationEventMulticaster.java:156)
	at org.springframework.context.event.SimpleApplicationEventMulticaster.multicastEvent(SimpleApplicationEventMulticaster.java:138)
	at org.springframework.boot.context.event.EventPublishingRunListener.multicastInitialEvent(EventPublishingRunListener.java:136)
	at org.springframework.boot.context.event.EventPublishingRunListener.environmentPrepared(EventPublishingRunListener.java:81)
	at org.springframework.boot.SpringApplicationRunListeners.lambda$environmentPrepared$2(SpringApplicationRunListeners.java:64)
	at java.base/java.lang.Iterable.forEach(Iterable.java:75)
	at org.springframework.boot.SpringApplicationRunListeners.doWithListeners(SpringApplicationRunListeners.java:118)
	at org.springframework.boot.SpringApplicationRunListeners.doWithListeners(SpringApplicationRunListeners.java:112)
	at org.springframework.boot.SpringApplicationRunListeners.environmentPrepared(SpringApplicationRunListeners.java:63)
	at org.springframework.boot.SpringApplication.prepareEnvironment(SpringApplication.java:370)
	at org.springframework.boot.SpringApplication.run(SpringApplication.java:330)
	at org.springframework.boot.SpringApplication.run(SpringApplication.java:1364)
	at org.springframework.boot.SpringApplication.run(SpringApplication.java:1353)
	at com.example.customer_service.CustomerServiceApplication.main(CustomerServiceApplication.java:13)
Caused by: org.apache.hc.client5.http.HttpHostConnectException: Connect to http://localhost:8200 [localhost/127.0.0.1] failed: Connection refused
	at java.base/sun.nio.ch.Net.pollConnect(Native Method)
	at java.base/sun.nio.ch.Net.pollConnectNow(Net.java:672)
	at java.base/sun.nio.ch.NioSocketImpl.timedFinishConnect(NioSocketImpl.java:547)
	at java.base/sun.nio.ch.NioSocketImpl.connect(NioSocketImpl.java:602)
	at java.base/java.net.SocksSocketImpl.connect(SocksSocketImpl.java:327)
	at java.base/java.net.Socket.connect(Socket.java:633)
	at org.apache.hc.client5.http.socket.PlainConnectionSocketFactory.lambda$connectSocket$0(PlainConnectionSocketFactory.java:91)
	at java.base/java.security.AccessController.doPrivileged(AccessController.java:569)
	at org.apache.hc.client5.http.socket.PlainConnectionSocketFactory.connectSocket(PlainConnectionSocketFactory.java:90)
	at org.apache.hc.client5.http.socket.ConnectionSocketFactory.connectSocket(ConnectionSocketFactory.java:123)
	at org.apache.hc.client5.http.impl.io.DefaultHttpClientConnectionOperator.connect(DefaultHttpClientConnectionOperator.java:189)
	at org.apache.hc.client5.http.impl.io.PoolingHttpClientConnectionManager.connect(PoolingHttpClientConnectionManager.java:450)
	at org.apache.hc.client5.http.impl.classic.InternalExecRuntime.connectEndpoint(InternalExecRuntime.java:162)
	at org.apache.hc.client5.http.impl.classic.InternalExecRuntime.connectEndpoint(InternalExecRuntime.java:172)
	at org.apache.hc.client5.http.impl.classic.ConnectExec.execute(ConnectExec.java:142)
	at org.apache.hc.client5.http.impl.classic.ExecChainElement.execute(ExecChainElement.java:51)
	at org.apache.hc.client5.http.impl.classic.ProtocolExec.execute(ProtocolExec.java:192)
	at org.apache.hc.client5.http.impl.classic.ExecChainElement.execute(ExecChainElement.java:51)
	at org.apache.hc.client5.http.impl.classic.HttpRequestRetryExec.execute(HttpRequestRetryExec.java:113)
	at org.apache.hc.client5.http.impl.classic.ExecChainElement.execute(ExecChainElement.java:51)
	at org.apache.hc.client5.http.impl.classic.ContentCompressionExec.execute(ContentCompressionExec.java:152)
	at org.apache.hc.client5.http.impl.classic.ExecChainElement.execute(ExecChainElement.java:51)
	at org.apache.hc.client5.http.impl.classic.RedirectExec.execute(RedirectExec.java:116)
	at org.apache.hc.client5.http.impl.classic.ExecChainElement.execute(ExecChainElement.java:51)
	at org.apache.hc.client5.http.impl.classic.InternalHttpClient.doExecute(InternalHttpClient.java:170)
	at org.apache.hc.client5.http.impl.classic.CloseableHttpClient.execute(CloseableHttpClient.java:87)
	at org.apache.hc.client5.http.impl.classic.CloseableHttpClient.execute(CloseableHttpClient.java:55)
	at org.apache.hc.client5.http.classic.HttpClient.executeOpen(HttpClient.java:183)
	at org.springframework.http.client.HttpComponentsClientHttpRequest.executeInternal(HttpComponentsClientHttpRequest.java:99)
	at org.springframework.http.client.AbstractStreamingClientHttpRequest.executeInternal(AbstractStreamingClientHttpRequest.java:70)
	at org.springframework.http.client.AbstractClientHttpRequest.execute(AbstractClientHttpRequest.java:66)
	at org.springframework.http.client.InterceptingClientHttpRequest$InterceptingRequestExecution.execute(InterceptingClientHttpRequest.java:112)
	at org.springframework.vault.core.VaultTemplate.lambda$getSessionInterceptor$1(VaultTemplate.java:258)
	at org.springframework.http.client.InterceptingClientHttpRequest$InterceptingRequestExecution.execute(InterceptingClientHttpRequest.java:88)
	at org.springframework.vault.client.RestTemplateBuilder.lambda$createTemplate$4(RestTemplateBuilder.java:239)
	at org.springframework.http.client.InterceptingClientHttpRequest$InterceptingRequestExecution.execute(InterceptingClientHttpRequest.java:88)
	at org.springframework.vault.client.VaultClients.lambda$createRestTemplate$0(VaultClients.java:117)
	at org.springframework.http.client.InterceptingClientHttpRequest$InterceptingRequestExecution.execute(InterceptingClientHttpRequest.java:88)
	at org.springframework.http.client.InterceptingClientHttpRequest.executeInternal(InterceptingClientHttpRequest.java:72)
	at org.springframework.http.client.AbstractBufferingClientHttpRequest.executeInternal(AbstractBufferingClientHttpRequest.java:48)
	at org.springframework.http.client.AbstractClientHttpRequest.execute(AbstractClientHttpRequest.java:66)
	at org.springframework.web.client.RestTemplate.doExecute(RestTemplate.java:889)
	... 45 common frames omitted
2025-08-27 09:51:20 INFO  [main] o.s.v.c.e.LeaseAwareVaultPropertySource [,] - Vault location [secret/application] not resolvable: I/O error on GET request for "http://localhost:8200/v1/secret/application": Connect to http://localhost:8200 [localhost/127.0.0.1] failed: Connection refused
2025-08-27 09:51:20 INFO  [main] o.a.dubbo.rpc.model.FrameworkModel [,] -  [DUBBO] Dubbo Framework[1] is created, dubbo version: 3.3.2, current host: 10.2.36.61
2025-08-27 09:51:20 INFO  [main] o.a.d.c.r.GlobalResourcesRepository [,] -  [DUBBO] Creating global shared handler ..., dubbo version: 3.3.2, current host: 10.2.36.61
2025-08-27 09:51:20 INFO  [main] o.a.dubbo.rpc.model.ApplicationModel [,] -  [DUBBO] Dubbo Application[1.0](unknown) is created, dubbo version: 3.3.2, current host: 10.2.36.61
2025-08-27 09:51:20 INFO  [main] o.apache.dubbo.rpc.model.ScopeModel [,] -  [DUBBO] Dubbo Module[1.0.0] is created, dubbo version: 3.3.2, current host: 10.2.36.61
2025-08-27 09:51:20 INFO  [main] o.a.d.c.c.AbstractConfigManager [,] -  [DUBBO] Config settings: {dubbo.config.mode=STRICT, dubbo.config.ignore-duplicated-interface=false}, dubbo version: 3.3.2, current host: 10.2.36.61
2025-08-27 09:51:20 INFO  [main] o.a.d.c.c.AbstractConfigManager [,] -  [DUBBO] Config settings: {dubbo.config.mode=STRICT, dubbo.config.ignore-duplicated-interface=false}, dubbo version: 3.3.2, current host: 10.2.36.61
2025-08-27 09:51:20 INFO  [main] o.a.d.c.u.SerializeSecurityManager [,] -  [DUBBO] Serialize check serializable: true, dubbo version: 3.3.2, current host: 10.2.36.61
2025-08-27 09:51:20 INFO  [main] o.a.d.c.u.SerializeSecurityConfigurator [,] -  [DUBBO] Read serialize allow list from jar:file:/home/phuc-khang/.m2/repository/org/apache/dubbo/dubbo/3.3.2/dubbo-3.3.2.jar!/security/serialize.allowlist, dubbo version: 3.3.2, current host: 10.2.36.61
2025-08-27 09:51:20 INFO  [main] o.a.d.c.u.SerializeSecurityConfigurator [,] -  [DUBBO] Read serialize blocked list from jar:file:/home/phuc-khang/.m2/repository/org/apache/dubbo/dubbo/3.3.2/dubbo-3.3.2.jar!/security/serialize.blockedlist, dubbo version: 3.3.2, current host: 10.2.36.61
2025-08-27 09:51:21 INFO  [main] o.a.dubbo.rpc.model.ApplicationModel [,] -  [DUBBO] Dubbo Application[1.1](unknown) is created, dubbo version: 3.3.2, current host: 10.2.36.61
2025-08-27 09:51:21 INFO  [main] o.apache.dubbo.rpc.model.ScopeModel [,] -  [DUBBO] Dubbo Module[1.1.0] is created, dubbo version: 3.3.2, current host: 10.2.36.61
2025-08-27 09:51:21 INFO  [main] o.a.d.c.c.AbstractConfigManager [,] -  [DUBBO] Config settings: {dubbo.config.mode=STRICT, dubbo.config.ignore-duplicated-interface=false}, dubbo version: 3.3.2, current host: 10.2.36.61
2025-08-27 09:51:21 INFO  [main] o.a.d.c.c.AbstractConfigManager [,] -  [DUBBO] Config settings: {dubbo.config.mode=STRICT, dubbo.config.ignore-duplicated-interface=false}, dubbo version: 3.3.2, current host: 10.2.36.61
2025-08-27 09:51:21 INFO  [main] o.a.d.c.u.SerializeSecurityConfigurator [,] -  [DUBBO] Read serialize allow list from jar:file:/home/phuc-khang/.m2/repository/org/apache/dubbo/dubbo/3.3.2/dubbo-3.3.2.jar!/security/serialize.allowlist, dubbo version: 3.3.2, current host: 10.2.36.61
2025-08-27 09:51:21 INFO  [main] o.a.d.c.u.SerializeSecurityConfigurator [,] -  [DUBBO] Read serialize blocked list from jar:file:/home/phuc-khang/.m2/repository/org/apache/dubbo/dubbo/3.3.2/dubbo-3.3.2.jar!/security/serialize.blockedlist, dubbo version: 3.3.2, current host: 10.2.36.61
2025-08-27 09:51:21 INFO  [main] o.a.d.c.s.c.DubboSpringInitializer [,] -  [DUBBO] Use default application: Dubbo Application[1.1](unknown), dubbo version: 3.3.2, current host: 10.2.36.61
2025-08-27 09:51:21 INFO  [main] o.apache.dubbo.rpc.model.ScopeModel [,] -  [DUBBO] Dubbo Module[1.1.1] is created, dubbo version: 3.3.2, current host: 10.2.36.61
2025-08-27 09:51:21 INFO  [main] o.a.d.c.c.AbstractConfigManager [,] -  [DUBBO] Config settings: {dubbo.config.mode=STRICT, dubbo.config.ignore-duplicated-interface=false}, dubbo version: 3.3.2, current host: 10.2.36.61
2025-08-27 09:51:21 INFO  [main] o.a.d.c.u.SerializeSecurityConfigurator [,] -  [DUBBO] Read serialize allow list from jar:file:/home/phuc-khang/.m2/repository/org/apache/dubbo/dubbo/3.3.2/dubbo-3.3.2.jar!/security/serialize.allowlist, dubbo version: 3.3.2, current host: 10.2.36.61
2025-08-27 09:51:21 INFO  [main] o.a.d.c.u.SerializeSecurityConfigurator [,] -  [DUBBO] Read serialize blocked list from jar:file:/home/phuc-khang/.m2/repository/org/apache/dubbo/dubbo/3.3.2/dubbo-3.3.2.jar!/security/serialize.blockedlist, dubbo version: 3.3.2, current host: 10.2.36.61
2025-08-27 09:51:21 INFO  [main] o.a.d.c.s.c.DubboSpringInitializer [,] -  [DUBBO] Use default module model of target application: Dubbo Module[1.1.1], dubbo version: 3.3.2, current host: 10.2.36.61
2025-08-27 09:51:21 INFO  [main] o.a.d.c.s.c.DubboSpringInitializer [,] -  [DUBBO] Bind Dubbo Module[1.1.1] to spring container: org.springframework.beans.factory.support.DefaultListableBeanFactory@87d9a01, dubbo version: 3.3.2, current host: 10.2.36.61
2025-08-27 09:51:21 INFO  [main] o.s.d.r.c.RepositoryConfigurationDelegate [,] - Multiple Spring Data modules found, entering strict repository configuration mode
2025-08-27 09:51:21 INFO  [main] o.s.d.r.c.RepositoryConfigurationDelegate [,] - Bootstrapping Spring Data JPA repositories in DEFAULT mode.
2025-08-27 09:51:21 INFO  [main] o.s.d.r.c.RepositoryConfigurationDelegate [,] - Finished Spring Data repository scanning in 33 ms. Found 3 JPA repository interfaces.
2025-08-27 09:51:21 INFO  [main] o.s.d.r.c.RepositoryConfigurationDelegate [,] - Multiple Spring Data modules found, entering strict repository configuration mode
2025-08-27 09:51:21 INFO  [main] o.s.d.r.c.RepositoryConfigurationDelegate [,] - Bootstrapping Spring Data Redis repositories in DEFAULT mode.
2025-08-27 09:51:21 INFO  [main] o.s.d.r.c.RepositoryConfigurationExtensionSupport [,] - Spring Data Redis - Could not safely identify store assignment for repository candidate interface com.example.customer_service.repositories.CustomerRepository; If you want this repository to be a Redis repository, consider annotating your entities with one of these annotations: org.springframework.data.redis.core.RedisHash (preferred), or consider extending one of the following types with your repository: org.springframework.data.keyvalue.repository.KeyValueRepository
2025-08-27 09:51:21 INFO  [main] o.s.d.r.c.RepositoryConfigurationExtensionSupport [,] - Spring Data Redis - Could not safely identify store assignment for repository candidate interface com.example.customer_service.repositories.KycHistoryRepository; If you want this repository to be a Redis repository, consider annotating your entities with one of these annotations: org.springframework.data.redis.core.RedisHash (preferred), or consider extending one of the following types with your repository: org.springframework.data.keyvalue.repository.KeyValueRepository
2025-08-27 09:51:21 INFO  [main] o.s.d.r.c.RepositoryConfigurationExtensionSupport [,] - Spring Data Redis - Could not safely identify store assignment for repository candidate interface com.example.customer_service.repositories.KycProfileRepository; If you want this repository to be a Redis repository, consider annotating your entities with one of these annotations: org.springframework.data.redis.core.RedisHash (preferred), or consider extending one of the following types with your repository: org.springframework.data.keyvalue.repository.KeyValueRepository
2025-08-27 09:51:21 INFO  [main] o.s.d.r.c.RepositoryConfigurationDelegate [,] - Finished Spring Data repository scanning in 11 ms. Found 0 Redis repository interfaces.
2025-08-27 09:51:21 INFO  [main] o.a.d.c.s.b.f.a.ServiceAnnotationPostProcessor [,] -  [DUBBO] BeanNameGenerator bean can't be found in BeanFactory with name [org.springframework.context.annotation.internalConfigurationBeanNameGenerator], dubbo version: 3.3.2, current host: 10.2.36.61
2025-08-27 09:51:21 INFO  [main] o.a.d.c.s.b.f.a.ServiceAnnotationPostProcessor [,] -  [DUBBO] BeanNameGenerator will be a instance of org.springframework.context.annotation.AnnotationBeanNameGenerator , it maybe a potential problem on bean name generation., dubbo version: 3.3.2, current host: 10.2.36.61
2025-08-27 09:51:21 INFO  [main] o.a.d.c.s.b.f.a.ServiceAnnotationPostProcessor [,] -  [DUBBO] Found 2 classes annotated by Dubbo @Service under package [com.example.customer_service]: [com.example.customer_service.services.Impl.CommonServiceImpl, com.example.customer_service.services.Impl.CustomerQueryServiceImpl], dubbo version: 3.3.2, current host: 10.2.36.61
2025-08-27 09:51:21 INFO  [main] o.a.d.c.s.b.f.a.ServiceAnnotationPostProcessor [,] -  [DUBBO] Register ServiceBean[ServiceBean:com.example.common_service.services.CommonService::]: Root bean: class [org.apache.dubbo.config.spring.ServiceBean]; scope=; abstract=false; lazyInit=false; autowireMode=3; dependencyCheck=0; autowireCandidate=true; primary=false; factoryBeanName=null; factoryMethodName=null; initMethodNames=null; destroyMethodNames=null, dubbo version: 3.3.2, current host: 10.2.36.61
2025-08-27 09:51:21 INFO  [main] o.a.d.c.s.b.f.a.ServiceAnnotationPostProcessor [,] -  [DUBBO] Register ServiceBean[ServiceBean:com.example.common_service.services.customer.CustomerQueryService::]: Root bean: class [org.apache.dubbo.config.spring.ServiceBean]; scope=; abstract=false; lazyInit=false; autowireMode=3; dependencyCheck=0; autowireCandidate=true; primary=false; factoryBeanName=null; factoryMethodName=null; initMethodNames=null; destroyMethodNames=null, dubbo version: 3.3.2, current host: 10.2.36.61
2025-08-27 09:51:21 INFO  [main] o.a.d.c.s.b.f.a.ServiceAnnotationPostProcessor [,] -  [DUBBO] BeanNameGenerator bean can't be found in BeanFactory with name [org.springframework.context.annotation.internalConfigurationBeanNameGenerator], dubbo version: 3.3.2, current host: 10.2.36.61
2025-08-27 09:51:21 INFO  [main] o.a.d.c.s.b.f.a.ServiceAnnotationPostProcessor [,] -  [DUBBO] BeanNameGenerator will be a instance of org.springframework.context.annotation.AnnotationBeanNameGenerator , it maybe a potential problem on bean name generation., dubbo version: 3.3.2, current host: 10.2.36.61
2025-08-27 09:51:21 INFO  [main] o.a.d.c.s.b.f.a.ServiceAnnotationPostProcessor [,] -  [DUBBO] Ignore package who has already bean scanned: com.example.customer_service.service, dubbo version: 3.3.2, current host: 10.2.36.61
2025-08-27 09:51:21 INFO  [main] o.a.d.c.s.b.f.a.ServiceAnnotationPostProcessor [,] -  [DUBBO] Ignore package who has already bean scanned: com.example.customer_service.controllers, dubbo version: 3.3.2, current host: 10.2.36.61
2025-08-27 09:51:21 INFO  [main] o.s.i.c.DefaultConfiguringBeanFactoryPostProcessor [,] - No bean named 'errorChannel' has been explicitly defined. Therefore, a default PublishSubscribeChannel will be created.
2025-08-27 09:51:21 INFO  [main] o.s.i.c.DefaultConfiguringBeanFactoryPostProcessor [,] - No bean named 'integrationHeaderChannelRegistry' has been explicitly defined. Therefore, a default DefaultHeaderChannelRegistry will be created.
2025-08-27 09:51:21 INFO  [main] o.s.cloud.context.scope.GenericScope [,] - BeanFactory id=8242c264-dfad-3a17-a051-1967ba7b177d
2025-08-27 09:51:21 INFO  [main] o.a.d.c.s.b.f.a.ReferenceAnnotationBeanPostProcessor [,] -  [DUBBO] Register dubbo reference bean: customerCommonService = ReferenceBean:com.example.common_service.services.customer.CustomerCommonService() at private com.example.common_service.services.customer.CustomerCommonService com.example.customer_service.controllers.CustomerController.customerCommonService, dubbo version: 3.3.2, current host: 10.2.36.61
2025-08-27 09:51:21 WARN  [main] o.a.d.c.s.b.f.a.ReferenceAnnotationBeanPostProcessor [,] -  [DUBBO] Already exists another bean definition with the same bean name [customerCommonService], rename dubbo reference bean to [customerCommonService#2]. It is recommended to modify the name of one of the beans to avoid injection problems. prev: customerCommonService[ReferenceBean:com.example.common_service.services.customer.CustomerCommonService()], new: customerCommonService#2[ReferenceBean:com.example.common_service.services.customer.CustomerCommonService(timeout=5000)]. Please check private com.example.common_service.services.customer.CustomerCommonService com.example.customer_service.services.Impl.CustomerServiceImpl.customerCommonService, dubbo version: 3.3.2, current host: 10.2.36.61, error code: 5-39. This may be caused by , go to https://dubbo.apache.org/faq/5/39 to find instructions. 
2025-08-27 09:51:21 INFO  [main] o.a.d.c.s.b.f.a.ReferenceAnnotationBeanPostProcessor [,] -  [DUBBO] Register dubbo reference bean: customerCommonService#2 = ReferenceBean:com.example.common_service.services.customer.CustomerCommonService(timeout=5000) at private com.example.common_service.services.customer.CustomerCommonService com.example.customer_service.services.Impl.CustomerServiceImpl.customerCommonService, dubbo version: 3.3.2, current host: 10.2.36.61
2025-08-27 09:51:22 INFO  [main] o.a.d.c.s.b.f.a.ReferenceAnnotationBeanPostProcessor [,] -  [DUBBO] class org.apache.dubbo.config.spring.beans.factory.annotation.ReferenceAnnotationBeanPostProcessor was destroying!, dubbo version: 3.3.2, current host: 10.2.36.61
2025-08-27 09:51:22 INFO  [main] o.s.b.w.e.tomcat.TomcatWebServer [,] - Tomcat initialized with port 8080 (http)
2025-08-27 09:51:22 INFO  [main] o.a.coyote.http11.Http11NioProtocol [,] - Initializing ProtocolHandler ["http-nio-8080"]
2025-08-27 09:51:22 INFO  [main] o.a.catalina.core.StandardService [,] - Starting service [Tomcat]
2025-08-27 09:51:22 INFO  [main] o.a.catalina.core.StandardEngine [,] - Starting Servlet engine: [Apache Tomcat/10.1.40]
2025-08-27 09:51:22 INFO  [main] o.a.c.c.C.[Tomcat].[localhost].[/] [,] - Initializing Spring embedded WebApplicationContext
2025-08-27 09:51:22 INFO  [main] o.s.b.w.s.c.ServletWebServerApplicationContext [,] - Root WebApplicationContext: initialization completed in 2210 ms
2025-08-27 09:51:22 INFO  [main] o.a.d.c.s.c.DubboConfigBeanInitializer [,] -  [DUBBO] loading dubbo config beans ..., dubbo version: 3.3.2, current host: 10.2.36.61
2025-08-27 09:51:22 INFO  [main] o.a.d.c.s.c.DubboConfigBeanInitializer [,] -  [DUBBO] dubbo config beans are loaded., dubbo version: 3.3.2, current host: 10.2.36.61
2025-08-27 09:51:22 INFO  [main] o.a.d.c.d.DefaultApplicationDeployer [,] -  [DUBBO] No value is configured in the registry, the DynamicConfigurationFactory extension[name : zookeeper] supports as the config center, dubbo version: 3.3.2, current host: 10.2.36.61
2025-08-27 09:51:22 INFO  [main] o.a.d.c.d.DefaultApplicationDeployer [,] -  [DUBBO] The registry[<dubbo:registry port="2181" address="zookeeper://localhost:2181" protocol="zookeeper" />] will be used as the config center, dubbo version: 3.3.2, current host: 10.2.36.61
2025-08-27 09:51:22 INFO  [main] o.a.d.c.d.DefaultApplicationDeployer [,] -  [DUBBO] use registry as config-center: <dubbo:config-center highestPriority="false" id="config-center-zookeeper-localhost-2181" address="zookeeper://localhost:2181" protocol="zookeeper" port="2181" parameters="{client=null}" />, dubbo version: 3.3.2, current host: 10.2.36.61
2025-08-27 09:51:22 INFO  [main] o.a.c.f.imps.CuratorFrameworkImpl [,] - Starting
2025-08-27 09:51:22 INFO  [main] org.apache.zookeeper.ZooKeeper [,] - Client environment:zookeeper.version=3.7.1-a2fb57c55f8e59cdd76c34b357ad5181df1258d5, built on 2022-05-07 06:45 UTC
2025-08-27 09:51:22 INFO  [main] org.apache.zookeeper.ZooKeeper [,] - Client environment:host.name=phuc-khang-HP-Pro-Tower-280-G9-E-PCI-Desktop-PC
2025-08-27 09:51:22 INFO  [main] org.apache.zookeeper.ZooKeeper [,] - Client environment:java.version=17.0.16
2025-08-27 09:51:22 INFO  [main] org.apache.zookeeper.ZooKeeper [,] - Client environment:java.vendor=Ubuntu
2025-08-27 09:51:22 INFO  [main] org.apache.zookeeper.ZooKeeper [,] - Client environment:java.home=/usr/lib/jvm/java-17-openjdk-amd64
2025-08-27 09:51:22 INFO  [main] org.apache.zookeeper.ZooKeeper [,] - Client environment:java.class.path=/home/phuc-khang/banking system/java-banking-phase2/backend/customer-service/target/classes:/home/phuc-khang/.m2/repository/org/springframework/boot/spring-boot-starter-actuator/3.3.11/spring-boot-starter-actuator-3.3.11.jar:/home/phuc-khang/.m2/repository/org/springframework/boot/spring-boot-starter/3.3.11/spring-boot-starter-3.3.11.jar:/home/phuc-khang/.m2/repository/org/springframework/boot/spring-boot/3.3.11/spring-boot-3.3.11.jar:/home/phuc-khang/.m2/repository/org/springframework/boot/spring-boot-autoconfigure/3.3.11/spring-boot-autoconfigure-3.3.11.jar:/home/phuc-khang/.m2/repository/org/springframework/boot/spring-boot-starter-logging/3.3.11/spring-boot-starter-logging-3.3.11.jar:/home/phuc-khang/.m2/repository/ch/qos/logback/logback-classic/1.5.18/logback-classic-1.5.18.jar:/home/phuc-khang/.m2/repository/ch/qos/logback/logback-core/1.5.18/logback-core-1.5.18.jar:/home/phuc-khang/.m2/repository/org/apache/logging/log4j/log4j-to-slf4j/2.23.1/log4j-to-slf4j-2.23.1.jar:/home/phuc-khang/.m2/repository/org/apache/logging/log4j/log4j-api/2.23.1/log4j-api-2.23.1.jar:/home/phuc-khang/.m2/repository/org/slf4j/jul-to-slf4j/2.0.17/jul-to-slf4j-2.0.17.jar:/home/phuc-khang/.m2/repository/jakarta/annotation/jakarta.annotation-api/2.1.1/jakarta.annotation-api-2.1.1.jar:/home/phuc-khang/.m2/repository/org/yaml/snakeyaml/2.2/snakeyaml-2.2.jar:/home/phuc-khang/.m2/repository/org/springframework/boot/spring-boot-actuator-autoconfigure/3.3.11/spring-boot-actuator-autoconfigure-3.3.11.jar:/home/phuc-khang/.m2/repository/org/springframework/boot/spring-boot-actuator/3.3.11/spring-boot-actuator-3.3.11.jar:/home/phuc-khang/.m2/repository/io/micrometer/micrometer-observation/1.13.13/micrometer-observation-1.13.13.jar:/home/phuc-khang/.m2/repository/io/micrometer/micrometer-commons/1.13.13/micrometer-commons-1.13.13.jar:/home/phuc-khang/.m2/repository/io/micrometer/micrometer-jakarta9/1.13.13/micrometer-jakarta9-1.13.13.jar:/home/phuc-khang/.m2/repository/io/micrometer/micrometer-core/1.13.13/micrometer-core-1.13.13.jar:/home/phuc-khang/.m2/repository/org/hdrhistogram/HdrHistogram/2.2.2/HdrHistogram-2.2.2.jar:/home/phuc-khang/.m2/repository/org/latencyutils/LatencyUtils/2.0.3/LatencyUtils-2.0.3.jar:/home/phuc-khang/.m2/repository/org/springframework/boot/spring-boot-starter-data-jpa/3.3.11/spring-boot-starter-data-jpa-3.3.11.jar:/home/phuc-khang/.m2/repository/org/springframework/boot/spring-boot-starter-aop/3.3.11/spring-boot-starter-aop-3.3.11.jar:/home/phuc-khang/.m2/repository/org/aspectj/aspectjweaver/1.9.24/aspectjweaver-1.9.24.jar:/home/phuc-khang/.m2/repository/org/springframework/boot/spring-boot-starter-jdbc/3.3.11/spring-boot-starter-jdbc-3.3.11.jar:/home/phuc-khang/.m2/repository/com/zaxxer/HikariCP/5.1.0/HikariCP-5.1.0.jar:/home/phuc-khang/.m2/repository/org/springframework/spring-jdbc/6.1.19/spring-jdbc-6.1.19.jar:/home/phuc-khang/.m2/repository/org/hibernate/orm/hibernate-core/6.5.3.Final/hibernate-core-6.5.3.Final.jar:/home/phuc-khang/.m2/repository/jakarta/transaction/jakarta.transaction-api/2.0.1/jakarta.transaction-api-2.0.1.jar:/home/phuc-khang/.m2/repository/org/jboss/logging/jboss-logging/3.5.3.Final/jboss-logging-3.5.3.Final.jar:/home/phuc-khang/.m2/repository/org/hibernate/common/hibernate-commons-annotations/6.0.6.Final/hibernate-commons-annotations-6.0.6.Final.jar:/home/phuc-khang/.m2/repository/io/smallrye/jandex/3.1.2/jandex-3.1.2.jar:/home/phuc-khang/.m2/repository/com/fasterxml/classmate/1.7.0/classmate-1.7.0.jar:/home/phuc-khang/.m2/repository/net/bytebuddy/byte-buddy/1.14.19/byte-buddy-1.14.19.jar:/home/phuc-khang/.m2/repository/org/glassfish/jaxb/jaxb-runtime/4.0.5/jaxb-runtime-4.0.5.jar:/home/phuc-khang/.m2/repository/jakarta/inject/jakarta.inject-api/2.0.1/jakarta.inject-api-2.0.1.jar:/home/phuc-khang/.m2/repository/org/antlr/antlr4-runtime/4.13.0/antlr4-runtime-4.13.0.jar:/home/phuc-khang/.m2/repository/org/springframework/data/spring-data-jpa/3.3.11/spring-data-jpa-3.3.11.jar:/home/phuc-khang/.m2/repository/org/springframework/data/spring-data-commons/3.3.11/spring-data-commons-3.3.11.jar:/home/phuc-khang/.m2/repository/org/springframework/spring-orm/6.1.19/spring-orm-6.1.19.jar:/home/phuc-khang/.m2/repository/org/springframework/spring-context/6.1.19/spring-context-6.1.19.jar:/home/phuc-khang/.m2/repository/org/springframework/spring-tx/6.1.19/spring-tx-6.1.19.jar:/home/phuc-khang/.m2/repository/org/springframework/spring-aspects/6.1.19/spring-aspects-6.1.19.jar:/home/phuc-khang/.m2/repository/org/springframework/boot/spring-boot-starter-web/3.3.11/spring-boot-starter-web-3.3.11.jar:/home/phuc-khang/.m2/repository/org/springframework/boot/spring-boot-starter-json/3.3.11/spring-boot-starter-json-3.3.11.jar:/home/phuc-khang/.m2/repository/com/fasterxml/jackson/module/jackson-module-parameter-names/2.17.3/jackson-module-parameter-names-2.17.3.jar:/home/phuc-khang/.m2/repository/org/springframework/boot/spring-boot-starter-tomcat/3.3.11/spring-boot-starter-tomcat-3.3.11.jar:/home/phuc-khang/.m2/repository/org/apache/tomcat/embed/tomcat-embed-core/10.1.40/tomcat-embed-core-10.1.40.jar:/home/phuc-khang/.m2/repository/org/apache/tomcat/embed/tomcat-embed-websocket/10.1.40/tomcat-embed-websocket-10.1.40.jar:/home/phuc-khang/.m2/repository/org/springframework/spring-web/6.1.19/spring-web-6.1.19.jar:/home/phuc-khang/.m2/repository/org/springframework/spring-webmvc/6.1.19/spring-webmvc-6.1.19.jar:/home/phuc-khang/.m2/repository/org/springframework/spring-expression/6.1.19/spring-expression-6.1.19.jar:/home/phuc-khang/.m2/repository/jakarta/xml/bind/jakarta.xml.bind-api/4.0.2/jakarta.xml.bind-api-4.0.2.jar:/home/phuc-khang/.m2/repository/jakarta/activation/jakarta.activation-api/2.1.3/jakarta.activation-api-2.1.3.jar:/home/phuc-khang/.m2/repository/org/springframework/spring-core/6.1.19/spring-core-6.1.19.jar:/home/phuc-khang/.m2/repository/org/springframework/spring-jcl/6.1.19/spring-jcl-6.1.19.jar:/home/phuc-khang/.m2/repository/com/mysql/mysql-connector-j/8.3.0/mysql-connector-j-8.3.0.jar:/home/phuc-khang/.m2/repository/org/projectlombok/lombok/1.18.38/lombok-1.18.38.jar:/home/phuc-khang/.m2/repository/org/springframework/spring-webflux/6.1.19/spring-webflux-6.1.19.jar:/home/phuc-khang/.m2/repository/org/springframework/spring-beans/6.1.19/spring-beans-6.1.19.jar:/home/phuc-khang/.m2/repository/io/projectreactor/reactor-core/3.6.16/reactor-core-3.6.16.jar:/home/phuc-khang/.m2/repository/org/reactivestreams/reactive-streams/1.0.4/reactive-streams-1.0.4.jar:/home/phuc-khang/.m2/repository/org/springframework/boot/spring-boot-starter-webflux/3.3.11/spring-boot-starter-webflux-3.3.11.jar:/home/phuc-khang/.m2/repository/org/springframework/boot/spring-boot-starter-reactor-netty/3.3.11/spring-boot-starter-reactor-netty-3.3.11.jar:/home/phuc-khang/.m2/repository/io/projectreactor/netty/reactor-netty-http/1.1.29/reactor-netty-http-1.1.29.jar:/home/phuc-khang/.m2/repository/io/netty/netty-codec-http/4.1.119.Final/netty-codec-http-4.1.119.Final.jar:/home/phuc-khang/.m2/repository/io/netty/netty-codec-http2/4.1.119.Final/netty-codec-http2-4.1.119.Final.jar:/home/phuc-khang/.m2/repository/io/netty/netty-resolver-dns/4.1.119.Final/netty-resolver-dns-4.1.119.Final.jar:/home/phuc-khang/.m2/repository/io/netty/netty-codec-dns/4.1.119.Final/netty-codec-dns-4.1.119.Final.jar:/home/phuc-khang/.m2/repository/io/netty/netty-resolver-dns-native-macos/4.1.119.Final/netty-resolver-dns-native-macos-4.1.119.Final-osx-x86_64.jar:/home/phuc-khang/.m2/repository/io/netty/netty-resolver-dns-classes-macos/4.1.119.Final/netty-resolver-dns-classes-macos-4.1.119.Final.jar:/home/phuc-khang/.m2/repository/io/netty/netty-transport-native-epoll/4.1.119.Final/netty-transport-native-epoll-4.1.119.Final-linux-x86_64.jar:/home/phuc-khang/.m2/repository/io/projectreactor/netty/reactor-netty-core/1.1.29/reactor-netty-core-1.1.29.jar:/home/phuc-khang/.m2/repository/io/netty/netty-handler-proxy/4.1.119.Final/netty-handler-proxy-4.1.119.Final.jar:/home/phuc-khang/.m2/repository/org/springdoc/springdoc-openapi-starter-webmvc-ui/2.0.2/springdoc-openapi-starter-webmvc-ui-2.0.2.jar:/home/phuc-khang/.m2/repository/org/springdoc/springdoc-openapi-starter-webmvc-api/2.0.2/springdoc-openapi-starter-webmvc-api-2.0.2.jar:/home/phuc-khang/.m2/repository/org/springdoc/springdoc-openapi-starter-common/2.0.2/springdoc-openapi-starter-common-2.0.2.jar:/home/phuc-khang/.m2/repository/io/swagger/core/v3/swagger-core-jakarta/2.2.7/swagger-core-jakarta-2.2.7.jar:/home/phuc-khang/.m2/repository/org/apache/commons/commons-lang3/3.14.0/commons-lang3-3.14.0.jar:/home/phuc-khang/.m2/repository/io/swagger/core/v3/swagger-annotations-jakarta/2.2.7/swagger-annotations-jakarta-2.2.7.jar:/home/phuc-khang/.m2/repository/io/swagger/core/v3/swagger-models-jakarta/2.2.7/swagger-models-jakarta-2.2.7.jar:/home/phuc-khang/.m2/repository/com/fasterxml/jackson/dataformat/jackson-dataformat-yaml/2.17.3/jackson-dataformat-yaml-2.17.3.jar:/home/phuc-khang/.m2/repository/org/webjars/swagger-ui/4.15.5/swagger-ui-4.15.5.jar:/home/phuc-khang/.m2/repository/org/webjars/webjars-locator-core/0.58/webjars-locator-core-0.58.jar:/home/phuc-khang/.m2/repository/io/github/classgraph/classgraph/4.8.149/classgraph-4.8.149.jar:/home/phuc-khang/.m2/repository/org/springframework/boot/spring-boot-starter-validation/3.3.11/spring-boot-starter-validation-3.3.11.jar:/home/phuc-khang/.m2/repository/org/apache/tomcat/embed/tomcat-embed-el/10.1.40/tomcat-embed-el-10.1.40.jar:/home/phuc-khang/.m2/repository/org/hibernate/validator/hibernate-validator/8.0.2.Final/hibernate-validator-8.0.2.Final.jar:/home/phuc-khang/.m2/repository/org/keycloak/keycloak-spring-boot-starter/24.0.5/keycloak-spring-boot-starter-24.0.5.jar:/home/phuc-khang/.m2/repository/org/keycloak/keycloak-spring-boot-2-adapter/24.0.5/keycloak-spring-boot-2-adapter-24.0.5.jar:/home/phuc-khang/.m2/repository/org/keycloak/keycloak-spring-boot-adapter-core/24.0.5/keycloak-spring-boot-adapter-core-24.0.5.jar:/home/phuc-khang/.m2/repository/org/keycloak/keycloak-core/24.0.5/keycloak-core-24.0.5.jar:/home/phuc-khang/.m2/repository/org/keycloak/keycloak-common/24.0.5/keycloak-common-24.0.5.jar:/home/phuc-khang/.m2/repository/org/keycloak/keycloak-authz-client/24.0.5/keycloak-authz-client-24.0.5.jar:/home/phuc-khang/.m2/repository/org/apache/httpcomponents/httpclient/4.5.14/httpclient-4.5.14.jar:/home/phuc-khang/.m2/repository/org/apache/httpcomponents/httpcore/4.4.16/httpcore-4.4.16.jar:/home/phuc-khang/.m2/repository/commons-logging/commons-logging/1.2/commons-logging-1.2.jar:/home/phuc-khang/.m2/repository/org/keycloak/spring-boot-container-bundle/24.0.5/spring-boot-container-bundle-24.0.5.jar:/home/phuc-khang/.m2/repository/org/keycloak/keycloak-adapter-core/24.0.5/keycloak-adapter-core-24.0.5.jar:/home/phuc-khang/.m2/repository/org/keycloak/keycloak-crypto-default/24.0.5/keycloak-crypto-default-24.0.5.jar:/home/phuc-khang/.m2/repository/org/keycloak/keycloak-server-spi/24.0.5/keycloak-server-spi-24.0.5.jar:/home/phuc-khang/.m2/repository/org/keycloak/keycloak-server-spi-private/24.0.5/keycloak-server-spi-private-24.0.5.jar:/home/phuc-khang/.m2/repository/org/bouncycastle/bcpkix-jdk18on/1.77/bcpkix-jdk18on-1.77.jar:/home/phuc-khang/.m2/repository/org/bouncycastle/bcutil-jdk18on/1.77/bcutil-jdk18on-1.77.jar:/home/phuc-khang/.m2/repository/org/keycloak/keycloak-spring-security-adapter/24.0.5/keycloak-spring-security-adapter-24.0.5.jar:/home/phuc-khang/.m2/repository/org/keycloak/keycloak-adapter-spi/24.0.5/keycloak-adapter-spi-24.0.5.jar:/home/phuc-khang/.m2/repository/org/keycloak/keycloak-policy-enforcer/24.0.5/keycloak-policy-enforcer-24.0.5.jar:/home/phuc-khang/.m2/repository/org/bouncycastle/bcprov-jdk18on/1.77/bcprov-jdk18on-1.77.jar:/home/phuc-khang/.m2/repository/org/springframework/boot/spring-boot-starter-security/3.3.11/spring-boot-starter-security-3.3.11.jar:/home/phuc-khang/.m2/repository/org/springframework/spring-aop/6.1.19/spring-aop-6.1.19.jar:/home/phuc-khang/.m2/repository/org/springframework/security/spring-security-config/6.3.9/spring-security-config-6.3.9.jar:/home/phuc-khang/.m2/repository/org/springframework/security/spring-security-web/6.3.9/spring-security-web-6.3.9.jar:/home/phuc-khang/.m2/repository/org/springframework/boot/spring-boot-starter-oauth2-resource-server/3.3.11/spring-boot-starter-oauth2-resource-server-3.3.11.jar:/home/phuc-khang/.m2/repository/org/springframework/security/spring-security-core/6.3.9/spring-security-core-6.3.9.jar:/home/phuc-khang/.m2/repository/org/springframework/security/spring-security-crypto/6.3.9/spring-security-crypto-6.3.9.jar:/home/phuc-khang/.m2/repository/org/springframework/security/spring-security-oauth2-resource-server/6.3.9/spring-security-oauth2-resource-server-6.3.9.jar:/home/phuc-khang/.m2/repository/org/springframework/security/spring-security-oauth2-core/6.3.9/spring-security-oauth2-core-6.3.9.jar:/home/phuc-khang/.m2/repository/org/springframework/security/spring-security-oauth2-jose/6.3.9/spring-security-oauth2-jose-6.3.9.jar:/home/phuc-khang/.m2/repository/com/nimbusds/nimbus-jose-jwt/9.37.3/nimbus-jose-jwt-9.37.3.jar:/home/phuc-khang/.m2/repository/com/github/stephenc/jcip/jcip-annotations/1.0-1/jcip-annotations-1.0-1.jar:/home/phuc-khang/.m2/repository/org/keycloak/keycloak-admin-client/26.0.0/keycloak-admin-client-26.0.0.jar:/home/phuc-khang/.m2/repository/org/keycloak/keycloak-client-common-synced/26.0.0/keycloak-client-common-synced-26.0.0.jar:/home/phuc-khang/.m2/repository/org/jboss/logging/commons-logging-jboss-logging/1.0.0.Final/commons-logging-jboss-logging-1.0.0.Final.jar:/home/phuc-khang/.m2/repository/com/fasterxml/jackson/core/jackson-core/2.17.3/jackson-core-2.17.3.jar:/home/phuc-khang/.m2/repository/com/fasterxml/jackson/core/jackson-annotations/2.17.3/jackson-annotations-2.17.3.jar:/home/phuc-khang/.m2/repository/com/fasterxml/jackson/datatype/jackson-datatype-jdk8/2.17.3/jackson-datatype-jdk8-2.17.3.jar:/home/phuc-khang/.m2/repository/com/fasterxml/jackson/datatype/jackson-datatype-jsr310/2.17.3/jackson-datatype-jsr310-2.17.3.jar:/home/phuc-khang/.m2/repository/org/eclipse/microprofile/openapi/microprofile-openapi-api/3.1.1/microprofile-openapi-api-3.1.1.jar:/home/phuc-khang/.m2/repository/org/jboss/resteasy/resteasy-client/6.2.9.Final/resteasy-client-6.2.9.Final.jar:/home/phuc-khang/.m2/repository/org/jboss/resteasy/resteasy-client-api/6.2.9.Final/resteasy-client-api-6.2.9.Final.jar:/home/phuc-khang/.m2/repository/org/jboss/resteasy/resteasy-core-spi/6.2.9.Final/resteasy-core-spi-6.2.9.Final.jar:/home/phuc-khang/.m2/repository/org/jboss/resteasy/resteasy-core/6.2.9.Final/resteasy-core-6.2.9.Final.jar:/home/phuc-khang/.m2/repository/org/jboss/jandex/2.4.5.Final/jandex-2.4.5.Final.jar:/home/phuc-khang/.m2/repository/org/eclipse/angus/angus-activation/2.0.2/angus-activation-2.0.2.jar:/home/phuc-khang/.m2/repository/com/ibm/async/asyncutil/0.1.0/asyncutil-0.1.0.jar:/home/phuc-khang/.m2/repository/commons-codec/commons-codec/1.16.1/commons-codec-1.16.1.jar:/home/phuc-khang/.m2/repository/jakarta/ws/rs/jakarta.ws.rs-api/3.1.0/jakarta.ws.rs-api-3.1.0.jar:/home/phuc-khang/.m2/repository/org/jboss/resteasy/resteasy-multipart-provider/6.2.9.Final/resteasy-multipart-provider-6.2.9.Final.jar:/home/phuc-khang/.m2/repository/jakarta/mail/jakarta.mail-api/2.1.3/jakarta.mail-api-2.1.3.jar:/home/phuc-khang/.m2/repository/org/eclipse/angus/angus-mail/2.0.3/angus-mail-2.0.3.jar:/home/phuc-khang/.m2/repository/org/apache/james/apache-mime4j-dom/0.8.11/apache-mime4j-dom-0.8.11.jar:/home/phuc-khang/.m2/repository/org/apache/james/apache-mime4j-core/0.8.11/apache-mime4j-core-0.8.11.jar:/home/phuc-khang/.m2/repository/org/apache/james/apache-mime4j-storage/0.8.11/apache-mime4j-storage-0.8.11.jar:/home/phuc-khang/.m2/repository/commons-io/commons-io/2.11.0/commons-io-2.11.0.jar:/home/phuc-khang/.m2/repository/org/jboss/resteasy/resteasy-jackson2-provider/6.2.9.Final/resteasy-jackson2-provider-6.2.9.Final.jar:/home/phuc-khang/.m2/repository/com/fasterxml/jackson/jakarta/rs/jackson-jakarta-rs-base/2.17.3/jackson-jakarta-rs-base-2.17.3.jar:/home/phuc-khang/.m2/repository/com/fasterxml/jackson/jakarta/rs/jackson-jakarta-rs-json-provider/2.17.3/jackson-jakarta-rs-json-provider-2.17.3.jar:/home/phuc-khang/.m2/repository/com/fasterxml/jackson/module/jackson-module-jakarta-xmlbind-annotations/2.17.3/jackson-module-jakarta-xmlbind-annotations-2.17.3.jar:/home/phuc-khang/.m2/repository/com/github/java-json-tools/json-patch/1.13/json-patch-1.13.jar:/home/phuc-khang/.m2/repository/com/github/java-json-tools/msg-simple/1.2/msg-simple-1.2.jar:/home/phuc-khang/.m2/repository/com/github/java-json-tools/btf/1.3/btf-1.3.jar:/home/phuc-khang/.m2/repository/com/github/java-json-tools/jackson-coreutils/2.0/jackson-coreutils-2.0.jar:/home/phuc-khang/.m2/repository/org/jboss/resteasy/resteasy-jaxb-provider/6.2.9.Final/resteasy-jaxb-provider-6.2.9.Final.jar:/home/phuc-khang/.m2/repository/org/glassfish/jaxb/codemodel/4.0.5/codemodel-4.0.5.jar:/home/phuc-khang/.m2/repository/org/glassfish/jaxb/jaxb-core/4.0.5/jaxb-core-4.0.5.jar:/home/phuc-khang/.m2/repository/org/glassfish/jaxb/jaxb-jxc/4.0.5/jaxb-jxc-4.0.5.jar:/home/phuc-khang/.m2/repository/org/glassfish/jaxb/txw2/4.0.5/txw2-4.0.5.jar:/home/phuc-khang/.m2/repository/org/glassfish/jaxb/jaxb-xjc/4.0.5/jaxb-xjc-4.0.5.jar:/home/phuc-khang/.m2/repository/org/glassfish/jaxb/xsom/4.0.5/xsom-4.0.5.jar:/home/phuc-khang/.m2/repository/com/sun/istack/istack-commons-runtime/4.1.2/istack-commons-runtime-4.1.2.jar:/home/phuc-khang/.m2/repository/com/sun/istack/istack-commons-tools/4.1.2/istack-commons-tools-4.1.2.jar:/home/phuc-khang/.m2/repository/com/sun/xml/bind/external/relaxng-datatype/4.0.3/relaxng-datatype-4.0.3.jar:/home/phuc-khang/.m2/repository/com/sun/xml/bind/external/rngom/4.0.3/rngom-4.0.3.jar:/home/phuc-khang/banking system/java-banking-phase2/backend/common-service/target/classes:/home/phuc-khang/.m2/repository/com/fasterxml/jackson/core/jackson-databind/2.17.3/jackson-databind-2.17.3.jar:/home/phuc-khang/.m2/repository/jakarta/validation/jakarta.validation-api/3.0.2/jakarta.validation-api-3.0.2.jar:/home/phuc-khang/.m2/repository/jakarta/persistence/jakarta.persistence-api/3.1.0/jakarta.persistence-api-3.1.0.jar:/home/phuc-khang/.m2/repository/org/apache/dubbo/dubbo-spring-boot-starter/3.3.2/dubbo-spring-boot-starter-3.3.2.jar:/home/phuc-khang/.m2/repository/org/apache/dubbo/dubbo-spring-boot-autoconfigure/3.3.2/dubbo-spring-boot-autoconfigure-3.3.2.jar:/home/phuc-khang/.m2/repository/org/apache/dubbo/dubbo-spring-boot-autoconfigure-compatible/3.3.2/dubbo-spring-boot-autoconfigure-compatible-3.3.2.jar:/home/phuc-khang/.m2/repository/org/apache/dubbo/dubbo/3.3.2/dubbo-3.3.2.jar:/home/phuc-khang/.m2/repository/org/javassist/javassist/3.30.2-GA/javassist-3.30.2-GA.jar:/home/phuc-khang/.m2/repository/io/netty/netty-all/4.1.119.Final/netty-all-4.1.119.Final.jar:/home/phuc-khang/.m2/repository/io/netty/netty-codec-haproxy/4.1.119.Final/netty-codec-haproxy-4.1.119.Final.jar:/home/phuc-khang/.m2/repository/io/netty/netty-codec-memcache/4.1.119.Final/netty-codec-memcache-4.1.119.Final.jar:/home/phuc-khang/.m2/repository/io/netty/netty-codec-mqtt/4.1.119.Final/netty-codec-mqtt-4.1.119.Final.jar:/home/phuc-khang/.m2/repository/io/netty/netty-codec-redis/4.1.119.Final/netty-codec-redis-4.1.119.Final.jar:/home/phuc-khang/.m2/repository/io/netty/netty-codec-smtp/4.1.119.Final/netty-codec-smtp-4.1.119.Final.jar:/home/phuc-khang/.m2/repository/io/netty/netty-codec-socks/4.1.119.Final/netty-codec-socks-4.1.119.Final.jar:/home/phuc-khang/.m2/repository/io/netty/netty-codec-stomp/4.1.119.Final/netty-codec-stomp-4.1.119.Final.jar:/home/phuc-khang/.m2/repository/io/netty/netty-codec-xml/4.1.119.Final/netty-codec-xml-4.1.119.Final.jar:/home/phuc-khang/.m2/repository/io/netty/netty-handler-ssl-ocsp/4.1.119.Final/netty-handler-ssl-ocsp-4.1.119.Final.jar:/home/phuc-khang/.m2/repository/io/netty/netty-transport-rxtx/4.1.119.Final/netty-transport-rxtx-4.1.119.Final.jar:/home/phuc-khang/.m2/repository/io/netty/netty-transport-sctp/4.1.119.Final/netty-transport-sctp-4.1.119.Final.jar:/home/phuc-khang/.m2/repository/io/netty/netty-transport-udt/4.1.119.Final/netty-transport-udt-4.1.119.Final.jar:/home/phuc-khang/.m2/repository/io/netty/netty-transport-classes-kqueue/4.1.119.Final/netty-transport-classes-kqueue-4.1.119.Final.jar:/home/phuc-khang/.m2/repository/io/netty/netty-transport-native-epoll/4.1.119.Final/netty-transport-native-epoll-4.1.119.Final-linux-aarch_64.jar:/home/phuc-khang/.m2/repository/io/netty/netty-transport-native-epoll/4.1.119.Final/netty-transport-native-epoll-4.1.119.Final-linux-riscv64.jar:/home/phuc-khang/.m2/repository/io/netty/netty-transport-native-kqueue/4.1.119.Final/netty-transport-native-kqueue-4.1.119.Final-osx-x86_64.jar:/home/phuc-khang/.m2/repository/io/netty/netty-transport-native-kqueue/4.1.119.Final/netty-transport-native-kqueue-4.1.119.Final-osx-aarch_64.jar:/home/phuc-khang/.m2/repository/io/netty/netty-resolver-dns-native-macos/4.1.119.Final/netty-resolver-dns-native-macos-4.1.119.Final-osx-aarch_64.jar:/home/phuc-khang/.m2/repository/org/apache/dubbo/hessian-lite/4.0.3/hessian-lite-4.0.3.jar:/home/phuc-khang/.m2/repository/com/alibaba/fastjson2/fastjson2/2.0.53/fastjson2-2.0.53.jar:/home/phuc-khang/.m2/repository/com/google/protobuf/protobuf-java/3.25.5/protobuf-java-3.25.5.jar:/home/phuc-khang/.m2/repository/org/apache/curator/curator-framework/5.1.0/curator-framework-5.1.0.jar:/home/phuc-khang/.m2/repository/org/apache/curator/curator-client/5.1.0/curator-client-5.1.0.jar:/home/phuc-khang/.m2/repository/com/google/guava/guava/27.0.1-jre/guava-27.0.1-jre.jar:/home/phuc-khang/.m2/repository/com/google/guava/failureaccess/1.0.1/failureaccess-1.0.1.jar:/home/phuc-khang/.m2/repository/com/google/guava/listenablefuture/9999.0-empty-to-avoid-conflict-with-guava/listenablefuture-9999.0-empty-to-avoid-conflict-with-guava.jar:/home/phuc-khang/.m2/repository/com/google/code/findbugs/jsr305/3.0.2/jsr305-3.0.2.jar:/home/phuc-khang/.m2/repository/org/checkerframework/checker-qual/2.5.2/checker-qual-2.5.2.jar:/home/phuc-khang/.m2/repository/com/google/errorprone/error_prone_annotations/2.2.0/error_prone_annotations-2.2.0.jar:/home/phuc-khang/.m2/repository/com/google/j2objc/j2objc-annotations/1.1/j2objc-annotations-1.1.jar:/home/phuc-khang/.m2/repository/org/codehaus/mojo/animal-sniffer-annotations/1.17/animal-sniffer-annotations-1.17.jar:/home/phuc-khang/.m2/repository/org/apache/zookeeper/zookeeper/3.7.1/zookeeper-3.7.1.jar:/home/phuc-khang/.m2/repository/org/apache/zookeeper/zookeeper-jute/3.7.1/zookeeper-jute-3.7.1.jar:/home/phuc-khang/.m2/repository/org/apache/yetus/audience-annotations/0.12.0/audience-annotations-0.12.0.jar:/home/phuc-khang/.m2/repository/io/netty/netty-handler/4.1.119.Final/netty-handler-4.1.119.Final.jar:/home/phuc-khang/.m2/repository/io/netty/netty-common/4.1.119.Final/netty-common-4.1.119.Final.jar:/home/phuc-khang/.m2/repository/io/netty/netty-resolver/4.1.119.Final/netty-resolver-4.1.119.Final.jar:/home/phuc-khang/.m2/repository/io/netty/netty-buffer/4.1.119.Final/netty-buffer-4.1.119.Final.jar:/home/phuc-khang/.m2/repository/io/netty/netty-transport/4.1.119.Final/netty-transport-4.1.119.Final.jar:/home/phuc-khang/.m2/repository/io/netty/netty-transport-native-unix-common/4.1.119.Final/netty-transport-native-unix-common-4.1.119.Final.jar:/home/phuc-khang/.m2/repository/io/netty/netty-codec/4.1.119.Final/netty-codec-4.1.119.Final.jar:/home/phuc-khang/.m2/repository/io/netty/netty-transport-native-epoll/4.1.119.Final/netty-transport-native-epoll-4.1.119.Final.jar:/home/phuc-khang/.m2/repository/io/netty/netty-transport-classes-epoll/4.1.119.Final/netty-transport-classes-epoll-4.1.119.Final.jar:/home/phuc-khang/.m2/repository/org/slf4j/slf4j-api/2.0.17/slf4j-api-2.0.17.jar:/home/phuc-khang/.m2/repository/org/apache/curator/curator-recipes/5.5.0/curator-recipes-5.5.0.jar:/home/phuc-khang/.m2/repository/org/apache/curator/curator-x-discovery/5.5.0/curator-x-discovery-5.5.0.jar:/home/phuc-khang/.m2/repository/org/springframework/cloud/spring-cloud-stream/4.1.1/spring-cloud-stream-4.1.1.jar:/home/phuc-khang/.m2/repository/org/springframework/spring-messaging/6.1.19/spring-messaging-6.1.19.jar:/home/phuc-khang/.m2/repository/org/springframework/integration/spring-integration-core/6.3.9/spring-integration-core-6.3.9.jar:/home/phuc-khang/.m2/repository/org/springframework/integration/spring-integration-jmx/6.3.9/spring-integration-jmx-6.3.9.jar:/home/phuc-khang/.m2/repository/org/springframework/retry/spring-retry/2.0.11/spring-retry-2.0.11.jar:/home/phuc-khang/.m2/repository/org/springframework/cloud/spring-cloud-function-context/4.1.1/spring-cloud-function-context-4.1.1.jar:/home/phuc-khang/.m2/repository/net/jodah/typetools/0.6.2/typetools-0.6.2.jar:/home/phuc-khang/.m2/repository/org/springframework/cloud/spring-cloud-function-core/4.1.1/spring-cloud-function-core-4.1.1.jar:/home/phuc-khang/.m2/repository/org/jetbrains/kotlin/kotlin-stdlib-jdk8/1.9.25/kotlin-stdlib-jdk8-1.9.25.jar:/home/phuc-khang/.m2/repository/org/jetbrains/kotlin/kotlin-stdlib/1.9.25/kotlin-stdlib-1.9.25.jar:/home/phuc-khang/.m2/repository/org/jetbrains/annotations/13.0/annotations-13.0.jar:/home/phuc-khang/.m2/repository/org/jetbrains/kotlin/kotlin-stdlib-jdk7/1.9.25/kotlin-stdlib-jdk7-1.9.25.jar:/home/phuc-khang/.m2/repository/org/springframework/cloud/spring-cloud-starter-stream-kafka/4.2.1/spring-cloud-starter-stream-kafka-4.2.1.jar:/home/phuc-khang/.m2/repository/org/springframework/cloud/spring-cloud-stream-binder-kafka/4.1.1/spring-cloud-stream-binder-kafka-4.1.1.jar:/home/phuc-khang/.m2/repository/org/springframework/cloud/spring-cloud-stream-binder-kafka-core/4.1.1/spring-cloud-stream-binder-kafka-core-4.1.1.jar:/home/phuc-khang/.m2/repository/org/springframework/integration/spring-integration-kafka/6.3.9/spring-integration-kafka-6.3.9.jar:/home/phuc-khang/.m2/repository/org/springframework/kafka/spring-kafka/3.2.8/spring-kafka-3.2.8.jar:/home/phuc-khang/.m2/repository/org/apache/kafka/kafka-clients/3.7.2/kafka-clients-3.7.2.jar:/home/phuc-khang/.m2/repository/com/github/luben/zstd-jni/1.5.6-4/zstd-jni-1.5.6-4.jar:/home/phuc-khang/.m2/repository/org/lz4/lz4-java/1.8.0/lz4-java-1.8.0.jar:/home/phuc-khang/.m2/repository/org/xerial/snappy/snappy-java/1.1.10.5/snappy-java-1.1.10.5.jar:/home/phuc-khang/.m2/repository/org/springframework/boot/spring-boot-starter-data-redis/3.3.11/spring-boot-starter-data-redis-3.3.11.jar:/home/phuc-khang/.m2/repository/io/lettuce/lettuce-core/6.3.2.RELEASE/lettuce-core-6.3.2.RELEASE.jar:/home/phuc-khang/.m2/repository/org/springframework/data/spring-data-redis/3.3.11/spring-data-redis-3.3.11.jar:/home/phuc-khang/.m2/repository/org/springframework/data/spring-data-keyvalue/3.3.11/spring-data-keyvalue-3.3.11.jar:/home/phuc-khang/.m2/repository/org/springframework/spring-oxm/6.1.19/spring-oxm-6.1.19.jar:/home/phuc-khang/.m2/repository/org/springframework/boot/spring-boot-starter-cache/3.3.11/spring-boot-starter-cache-3.3.11.jar:/home/phuc-khang/.m2/repository/org/springframework/spring-context-support/6.1.19/spring-context-support-6.1.19.jar:/home/phuc-khang/.m2/repository/org/springframework/cloud/spring-cloud-starter-vault-config/4.1.1/spring-cloud-starter-vault-config-4.1.1.jar:/home/phuc-khang/.m2/repository/org/apache/httpcomponents/client5/httpclient5/5.3.1/httpclient5-5.3.1.jar:/home/phuc-khang/.m2/repository/org/apache/httpcomponents/core5/httpcore5-h2/5.2.5/httpcore5-h2-5.2.5.jar:/home/phuc-khang/.m2/repository/org/apache/httpcomponents/core5/httpcore5/5.2.5/httpcore5-5.2.5.jar:/home/phuc-khang/.m2/repository/org/springframework/cloud/spring-cloud-starter/4.1.2/spring-cloud-starter-4.1.2.jar:/home/phuc-khang/.m2/repository/org/springframework/cloud/spring-cloud-context/4.1.2/spring-cloud-context-4.1.2.jar:/home/phuc-khang/.m2/repository/org/springframework/cloud/spring-cloud-commons/4.1.2/spring-cloud-commons-4.1.2.jar:/home/phuc-khang/.m2/repository/org/springframework/security/spring-security-rsa/1.1.2/spring-security-rsa-1.1.2.jar:/home/phuc-khang/.m2/repository/org/springframework/cloud/spring-cloud-vault-config/4.1.1/spring-cloud-vault-config-4.1.1.jar:/home/phuc-khang/.m2/repository/org/springframework/vault/spring-vault-core/3.1.1/spring-vault-core-3.1.1.jar
2025-08-27 09:51:22 INFO  [main] org.apache.zookeeper.ZooKeeper [,] - Client environment:java.library.path=/usr/java/packages/lib:/usr/lib/x86_64-linux-gnu/jni:/lib/x86_64-linux-gnu:/usr/lib/x86_64-linux-gnu:/usr/lib/jni:/lib:/usr/lib
2025-08-27 09:51:22 INFO  [main] org.apache.zookeeper.ZooKeeper [,] - Client environment:java.io.tmpdir=/tmp
2025-08-27 09:51:22 INFO  [main] org.apache.zookeeper.ZooKeeper [,] - Client environment:java.compiler=<NA>
2025-08-27 09:51:22 INFO  [main] org.apache.zookeeper.ZooKeeper [,] - Client environment:os.name=Linux
2025-08-27 09:51:22 INFO  [main] org.apache.zookeeper.ZooKeeper [,] - Client environment:os.arch=amd64
2025-08-27 09:51:22 INFO  [main] org.apache.zookeeper.ZooKeeper [,] - Client environment:os.version=6.14.0-28-generic
2025-08-27 09:51:22 INFO  [main] org.apache.zookeeper.ZooKeeper [,] - Client environment:user.name=phuc-khang
2025-08-27 09:51:22 INFO  [main] org.apache.zookeeper.ZooKeeper [,] - Client environment:user.home=/home/phuc-khang
2025-08-27 09:51:22 INFO  [main] org.apache.zookeeper.ZooKeeper [,] - Client environment:user.dir=/home/phuc-khang/banking system/java-banking-phase2
2025-08-27 09:51:22 INFO  [main] org.apache.zookeeper.ZooKeeper [,] - Client environment:os.memory.free=88MB
2025-08-27 09:51:22 INFO  [main] org.apache.zookeeper.ZooKeeper [,] - Client environment:os.memory.max=3920MB
2025-08-27 09:51:22 INFO  [main] org.apache.zookeeper.ZooKeeper [,] - Client environment:os.memory.total=154MB
2025-08-27 09:51:22 INFO  [main] org.apache.zookeeper.ZooKeeper [,] - Initiating client connection, connectString=localhost:2181 sessionTimeout=60000 watcher=org.apache.curator.ConnectionState@498d7c57
2025-08-27 09:51:22 INFO  [main] o.apache.zookeeper.common.X509Util [,] - Setting -D jdk.tls.rejectClientInitiatedRenegotiation=true to disable client-initiated TLS renegotiation
2025-08-27 09:51:22 INFO  [main] o.apache.zookeeper.ClientCnxnSocket [,] - jute.maxbuffer value is 1048575 Bytes
2025-08-27 09:51:22 INFO  [main] org.apache.zookeeper.ClientCnxn [,] - zookeeper.request.timeout value is 0. feature enabled=false
2025-08-27 09:51:22 INFO  [main-SendThread(localhost:2181)] org.apache.zookeeper.ClientCnxn [,] - Opening socket connection to server localhost/127.0.0.1:2181.
2025-08-27 09:51:22 INFO  [main-SendThread(localhost:2181)] org.apache.zookeeper.ClientCnxn [,] - SASL config status: Will not attempt to authenticate using SASL (unknown error)
2025-08-27 09:51:22 WARN  [main-SendThread(localhost:2181)] org.apache.zookeeper.ClientCnxn [,] - Session 0x0 for server localhost/127.0.0.1:2181, Closing socket connection. Attempting reconnect except it is a SessionExpiredException.
java.net.ConnectException: Connection refused
	at java.base/sun.nio.ch.Net.pollConnect(Native Method)
	at java.base/sun.nio.ch.Net.pollConnectNow(Net.java:672)
	at java.base/sun.nio.ch.SocketChannelImpl.finishConnect(SocketChannelImpl.java:946)
	at org.apache.zookeeper.ClientCnxnSocketNIO.doTransport(ClientCnxnSocketNIO.java:344)
	at org.apache.zookeeper.ClientCnxn$SendThread.run(ClientCnxn.java:1283)
2025-08-27 09:51:22 INFO  [main] o.a.c.f.imps.CuratorFrameworkImpl [,] - Default schema
2025-08-27 09:51:23 INFO  [main-SendThread(localhost:2181)] org.apache.zookeeper.ClientCnxn [,] - Opening socket connection to server localhost/127.0.0.1:2181.
2025-08-27 09:51:23 INFO  [main-SendThread(localhost:2181)] org.apache.zookeeper.ClientCnxn [,] - SASL config status: Will not attempt to authenticate using SASL (unknown error)
2025-08-27 09:51:23 WARN  [main-SendThread(localhost:2181)] org.apache.zookeeper.ClientCnxn [,] - Session 0x0 for server localhost/127.0.0.1:2181, Closing socket connection. Attempting reconnect except it is a SessionExpiredException.
java.net.ConnectException: Connection refused
	at java.base/sun.nio.ch.Net.pollConnect(Native Method)
	at java.base/sun.nio.ch.Net.pollConnectNow(Net.java:672)
	at java.base/sun.nio.ch.SocketChannelImpl.finishConnect(SocketChannelImpl.java:946)
	at org.apache.zookeeper.ClientCnxnSocketNIO.doTransport(ClientCnxnSocketNIO.java:344)
	at org.apache.zookeeper.ClientCnxn$SendThread.run(ClientCnxn.java:1283)
2025-08-27 09:51:25 INFO  [main-SendThread(localhost:2181)] org.apache.zookeeper.ClientCnxn [,] - Opening socket connection to server localhost/127.0.0.1:2181.
2025-08-27 09:51:25 INFO  [main-SendThread(localhost:2181)] org.apache.zookeeper.ClientCnxn [,] - SASL config status: Will not attempt to authenticate using SASL (unknown error)
2025-08-27 09:51:25 WARN  [main-SendThread(localhost:2181)] org.apache.zookeeper.ClientCnxn [,] - Session 0x0 for server localhost/127.0.0.1:2181, Closing socket connection. Attempting reconnect except it is a SessionExpiredException.
java.net.ConnectException: Connection refused
	at java.base/sun.nio.ch.Net.pollConnect(Native Method)
	at java.base/sun.nio.ch.Net.pollConnectNow(Net.java:672)
	at java.base/sun.nio.ch.SocketChannelImpl.finishConnect(SocketChannelImpl.java:946)
	at org.apache.zookeeper.ClientCnxnSocketNIO.doTransport(ClientCnxnSocketNIO.java:344)
	at org.apache.zookeeper.ClientCnxn$SendThread.run(ClientCnxn.java:1283)
2025-08-27 09:51:26 INFO  [main-SendThread(localhost:2181)] org.apache.zookeeper.ClientCnxn [,] - Opening socket connection to server localhost/127.0.0.1:2181.
2025-08-27 09:51:26 INFO  [main-SendThread(localhost:2181)] org.apache.zookeeper.ClientCnxn [,] - SASL config status: Will not attempt to authenticate using SASL (unknown error)
2025-08-27 09:51:26 WARN  [main-SendThread(localhost:2181)] org.apache.zookeeper.ClientCnxn [,] - Session 0x0 for server localhost/127.0.0.1:2181, Closing socket connection. Attempting reconnect except it is a SessionExpiredException.
java.net.ConnectException: Connection refused
	at java.base/sun.nio.ch.Net.pollConnect(Native Method)
	at java.base/sun.nio.ch.Net.pollConnectNow(Net.java:672)
	at java.base/sun.nio.ch.SocketChannelImpl.finishConnect(SocketChannelImpl.java:946)
	at org.apache.zookeeper.ClientCnxnSocketNIO.doTransport(ClientCnxnSocketNIO.java:344)
	at org.apache.zookeeper.ClientCnxn$SendThread.run(ClientCnxn.java:1283)
2025-08-27 09:51:27 INFO  [main-SendThread(localhost:2181)] org.apache.zookeeper.ClientCnxn [,] - Opening socket connection to server localhost/127.0.0.1:2181.
2025-08-27 09:51:27 INFO  [main-SendThread(localhost:2181)] org.apache.zookeeper.ClientCnxn [,] - SASL config status: Will not attempt to authenticate using SASL (unknown error)
2025-08-27 09:51:27 WARN  [main-SendThread(localhost:2181)] org.apache.zookeeper.ClientCnxn [,] - Session 0x0 for server localhost/127.0.0.1:2181, Closing socket connection. Attempting reconnect except it is a SessionExpiredException.
java.net.ConnectException: Connection refused
	at java.base/sun.nio.ch.Net.pollConnect(Native Method)
	at java.base/sun.nio.ch.Net.pollConnectNow(Net.java:672)
	at java.base/sun.nio.ch.SocketChannelImpl.finishConnect(SocketChannelImpl.java:946)
	at org.apache.zookeeper.ClientCnxnSocketNIO.doTransport(ClientCnxnSocketNIO.java:344)
	at org.apache.zookeeper.ClientCnxn$SendThread.run(ClientCnxn.java:1283)
2025-08-27 09:51:28 INFO  [main-SendThread(localhost:2181)] org.apache.zookeeper.ClientCnxn [,] - Opening socket connection to server localhost/127.0.0.1:2181.
2025-08-27 09:51:28 INFO  [main-SendThread(localhost:2181)] org.apache.zookeeper.ClientCnxn [,] - SASL config status: Will not attempt to authenticate using SASL (unknown error)
2025-08-27 09:51:28 WARN  [main-SendThread(localhost:2181)] org.apache.zookeeper.ClientCnxn [,] - Session 0x0 for server localhost/127.0.0.1:2181, Closing socket connection. Attempting reconnect except it is a SessionExpiredException.
java.net.ConnectException: Connection refused
	at java.base/sun.nio.ch.Net.pollConnect(Native Method)
	at java.base/sun.nio.ch.Net.pollConnectNow(Net.java:672)
	at java.base/sun.nio.ch.SocketChannelImpl.finishConnect(SocketChannelImpl.java:946)
	at org.apache.zookeeper.ClientCnxnSocketNIO.doTransport(ClientCnxnSocketNIO.java:344)
	at org.apache.zookeeper.ClientCnxn$SendThread.run(ClientCnxn.java:1283)
2025-08-27 09:51:29 INFO  [main-SendThread(localhost:2181)] org.apache.zookeeper.ClientCnxn [,] - Opening socket connection to server localhost/127.0.0.1:2181.
2025-08-27 09:51:29 INFO  [main-SendThread(localhost:2181)] org.apache.zookeeper.ClientCnxn [,] - SASL config status: Will not attempt to authenticate using SASL (unknown error)
2025-08-27 09:51:29 WARN  [main-SendThread(localhost:2181)] org.apache.zookeeper.ClientCnxn [,] - Session 0x0 for server localhost/127.0.0.1:2181, Closing socket connection. Attempting reconnect except it is a SessionExpiredException.
java.net.ConnectException: Connection refused
	at java.base/sun.nio.ch.Net.pollConnect(Native Method)
	at java.base/sun.nio.ch.Net.pollConnectNow(Net.java:672)
	at java.base/sun.nio.ch.SocketChannelImpl.finishConnect(SocketChannelImpl.java:946)
	at org.apache.zookeeper.ClientCnxnSocketNIO.doTransport(ClientCnxnSocketNIO.java:344)
	at org.apache.zookeeper.ClientCnxn$SendThread.run(ClientCnxn.java:1283)
2025-08-27 09:51:30 INFO  [main-SendThread(localhost:2181)] org.apache.zookeeper.ClientCnxn [,] - Opening socket connection to server localhost/127.0.0.1:2181.
2025-08-27 09:51:30 INFO  [main-SendThread(localhost:2181)] org.apache.zookeeper.ClientCnxn [,] - SASL config status: Will not attempt to authenticate using SASL (unknown error)
2025-08-27 09:51:30 WARN  [main-SendThread(localhost:2181)] org.apache.zookeeper.ClientCnxn [,] - Session 0x0 for server localhost/127.0.0.1:2181, Closing socket connection. Attempting reconnect except it is a SessionExpiredException.
java.net.ConnectException: Connection refused
	at java.base/sun.nio.ch.Net.pollConnect(Native Method)
	at java.base/sun.nio.ch.Net.pollConnectNow(Net.java:672)
	at java.base/sun.nio.ch.SocketChannelImpl.finishConnect(SocketChannelImpl.java:946)
	at org.apache.zookeeper.ClientCnxnSocketNIO.doTransport(ClientCnxnSocketNIO.java:344)
	at org.apache.zookeeper.ClientCnxn$SendThread.run(ClientCnxn.java:1283)
2025-08-27 09:51:31 INFO  [main-SendThread(localhost:2181)] org.apache.zookeeper.ClientCnxn [,] - Opening socket connection to server localhost/127.0.0.1:2181.
2025-08-27 09:51:31 INFO  [main-SendThread(localhost:2181)] org.apache.zookeeper.ClientCnxn [,] - SASL config status: Will not attempt to authenticate using SASL (unknown error)
2025-08-27 09:51:31 WARN  [main-SendThread(localhost:2181)] org.apache.zookeeper.ClientCnxn [,] - Session 0x0 for server localhost/127.0.0.1:2181, Closing socket connection. Attempting reconnect except it is a SessionExpiredException.
java.net.ConnectException: Connection refused
	at java.base/sun.nio.ch.Net.pollConnect(Native Method)
	at java.base/sun.nio.ch.Net.pollConnectNow(Net.java:672)
	at java.base/sun.nio.ch.SocketChannelImpl.finishConnect(SocketChannelImpl.java:946)
	at org.apache.zookeeper.ClientCnxnSocketNIO.doTransport(ClientCnxnSocketNIO.java:344)
	at org.apache.zookeeper.ClientCnxn$SendThread.run(ClientCnxn.java:1283)
2025-08-27 09:51:32 INFO  [main-SendThread(localhost:2181)] org.apache.zookeeper.ClientCnxn [,] - Opening socket connection to server localhost/127.0.0.1:2181.
2025-08-27 09:51:32 INFO  [main-SendThread(localhost:2181)] org.apache.zookeeper.ClientCnxn [,] - SASL config status: Will not attempt to authenticate using SASL (unknown error)
2025-08-27 09:51:32 WARN  [main-SendThread(localhost:2181)] org.apache.zookeeper.ClientCnxn [,] - Session 0x0 for server localhost/127.0.0.1:2181, Closing socket connection. Attempting reconnect except it is a SessionExpiredException.
java.net.ConnectException: Connection refused
	at java.base/sun.nio.ch.Net.pollConnect(Native Method)
	at java.base/sun.nio.ch.Net.pollConnectNow(Net.java:672)
	at java.base/sun.nio.ch.SocketChannelImpl.finishConnect(SocketChannelImpl.java:946)
	at org.apache.zookeeper.ClientCnxnSocketNIO.doTransport(ClientCnxnSocketNIO.java:344)
	at org.apache.zookeeper.ClientCnxn$SendThread.run(ClientCnxn.java:1283)
2025-08-27 09:51:33 INFO  [main-SendThread(localhost:2181)] org.apache.zookeeper.ClientCnxn [,] - Opening socket connection to server localhost/127.0.0.1:2181.
2025-08-27 09:51:33 INFO  [main-SendThread(localhost:2181)] org.apache.zookeeper.ClientCnxn [,] - SASL config status: Will not attempt to authenticate using SASL (unknown error)
2025-08-27 09:51:33 WARN  [main-SendThread(localhost:2181)] org.apache.zookeeper.ClientCnxn [,] - Session 0x0 for server localhost/127.0.0.1:2181, Closing socket connection. Attempting reconnect except it is a SessionExpiredException.
java.net.ConnectException: Connection refused
	at java.base/sun.nio.ch.Net.pollConnect(Native Method)
	at java.base/sun.nio.ch.Net.pollConnectNow(Net.java:672)
	at java.base/sun.nio.ch.SocketChannelImpl.finishConnect(SocketChannelImpl.java:946)
	at org.apache.zookeeper.ClientCnxnSocketNIO.doTransport(ClientCnxnSocketNIO.java:344)
	at org.apache.zookeeper.ClientCnxn$SendThread.run(ClientCnxn.java:1283)
2025-08-27 09:51:34 INFO  [main-SendThread(localhost:2181)] org.apache.zookeeper.ClientCnxn [,] - Opening socket connection to server localhost/127.0.0.1:2181.
2025-08-27 09:51:34 INFO  [main-SendThread(localhost:2181)] org.apache.zookeeper.ClientCnxn [,] - SASL config status: Will not attempt to authenticate using SASL (unknown error)
2025-08-27 09:51:34 WARN  [main-SendThread(localhost:2181)] org.apache.zookeeper.ClientCnxn [,] - Session 0x0 for server localhost/127.0.0.1:2181, Closing socket connection. Attempting reconnect except it is a SessionExpiredException.
java.net.ConnectException: Connection refused
	at java.base/sun.nio.ch.Net.pollConnect(Native Method)
	at java.base/sun.nio.ch.Net.pollConnectNow(Net.java:672)
	at java.base/sun.nio.ch.SocketChannelImpl.finishConnect(SocketChannelImpl.java:946)
	at org.apache.zookeeper.ClientCnxnSocketNIO.doTransport(ClientCnxnSocketNIO.java:344)
	at org.apache.zookeeper.ClientCnxn$SendThread.run(ClientCnxn.java:1283)
2025-08-27 09:51:36 INFO  [main-SendThread(localhost:2181)] org.apache.zookeeper.ClientCnxn [,] - Opening socket connection to server localhost/127.0.0.1:2181.
2025-08-27 09:51:36 INFO  [main-SendThread(localhost:2181)] org.apache.zookeeper.ClientCnxn [,] - SASL config status: Will not attempt to authenticate using SASL (unknown error)
2025-08-27 09:51:36 INFO  [main-SendThread(localhost:2181)] org.apache.zookeeper.ClientCnxn [,] - Socket connection established, initiating session, client: /127.0.0.1:45500, server: localhost/127.0.0.1:2181
2025-08-27 09:51:36 WARN  [main-SendThread(localhost:2181)] org.apache.zookeeper.ClientCnxn [,] - Session 0x0 for server localhost/127.0.0.1:2181, Closing socket connection. Attempting reconnect except it is a SessionExpiredException.
org.apache.zookeeper.ClientCnxn$EndOfStreamException: Unable to read additional data from server sessionid 0x0, likely server has closed socket
	at org.apache.zookeeper.ClientCnxnSocketNIO.doIO(ClientCnxnSocketNIO.java:77)
	at org.apache.zookeeper.ClientCnxnSocketNIO.doTransport(ClientCnxnSocketNIO.java:350)
	at org.apache.zookeeper.ClientCnxn$SendThread.run(ClientCnxn.java:1283)
2025-08-27 09:51:37 INFO  [main-SendThread(localhost:2181)] org.apache.zookeeper.ClientCnxn [,] - Opening socket connection to server localhost/127.0.0.1:2181.
2025-08-27 09:51:37 INFO  [main-SendThread(localhost:2181)] org.apache.zookeeper.ClientCnxn [,] - SASL config status: Will not attempt to authenticate using SASL (unknown error)
2025-08-27 09:51:37 INFO  [main-SendThread(localhost:2181)] org.apache.zookeeper.ClientCnxn [,] - Socket connection established, initiating session, client: /127.0.0.1:48596, server: localhost/127.0.0.1:2181
2025-08-27 09:51:37 INFO  [main-SendThread(localhost:2181)] org.apache.zookeeper.ClientCnxn [,] - Session establishment complete on server localhost/127.0.0.1:2181, session id = 0x10000039f500001, negotiated timeout = 40000
2025-08-27 09:51:37 INFO  [main-EventThread] o.a.c.f.state.ConnectionStateManager [,] - State change: CONNECTED
2025-08-27 09:51:37 INFO  [main] o.a.d.r.z.c.ZookeeperClientManager [,] -  [DUBBO] No valid zookeeper client found from cache, therefore create a new client for url. zookeeper://localhost:2181/org.apache.dubbo.config.ConfigCenterConfig?check=true&config-file=dubbo.properties&group=dubbo&highest-priority=false&namespace=dubbo&timeout=30000, dubbo version: 3.3.2, current host: 10.2.36.61
2025-08-27 09:51:37 INFO  [Curator-ConnectionStateManager-0] o.a.d.r.z.c.Curator5ZookeeperClient [,] -  [DUBBO] Curator zookeeper client instance initiated successfully, session id is 10000039f500001, dubbo version: 3.3.2, current host: 10.2.36.61
2025-08-27 09:51:37 INFO  [main-EventThread] o.a.c.framework.imps.EnsembleTracker [,] - New config event received: {}
2025-08-27 09:51:37 INFO  [main-EventThread] o.a.c.framework.imps.EnsembleTracker [,] - New config event received: {}
2025-08-27 09:51:37 INFO  [main] o.a.d.c.config.ConfigurationUtils [,] -  [DUBBO] Config center was specified, but no config item found., dubbo version: 3.3.2, current host: 10.2.36.61
2025-08-27 09:51:37 INFO  [main] o.a.d.c.config.ConfigurationUtils [,] -  [DUBBO] Config center was specified, but no config item found., dubbo version: 3.3.2, current host: 10.2.36.61
2025-08-27 09:51:37 INFO  [main] o.a.d.config.context.ConfigManager [,] -  [DUBBO] The current configurations or effective configurations are as follows:, dubbo version: 3.3.2, current host: 10.2.36.61
2025-08-27 09:51:37 INFO  [main] o.a.d.config.context.ConfigManager [,] -  [DUBBO] <dubbo:application enableFileCache="true" qosPort="33333" executorManagementMode="isolation" serializeCheckStatus="DISABLE" parameters="{dubbo.mapping.cache.file=C:/Users/thienvy/.dubbo/customer-service-cache}" name="customer_service" metadataType="remote" qosEnable="true" protocol="dubbo" />, dubbo version: 3.3.2, current host: 10.2.36.61
2025-08-27 09:51:37 INFO  [main] o.a.d.config.context.ConfigManager [,] -  [DUBBO] <dubbo:protocol preferSerialization="hessian2,fastjson2" port="20889" name="dubbo" />, dubbo version: 3.3.2, current host: 10.2.36.61
2025-08-27 09:51:37 INFO  [main] o.a.d.config.context.ConfigManager [,] -  [DUBBO] <dubbo:registry port="2181" address="zookeeper://localhost:2181" protocol="zookeeper" />, dubbo version: 3.3.2, current host: 10.2.36.61
2025-08-27 09:51:37 INFO  [main] o.a.d.config.context.ConfigManager [,] -  [DUBBO] <dubbo:ssl />, dubbo version: 3.3.2, current host: 10.2.36.61
2025-08-27 09:51:37 INFO  [main] o.a.d.c.deploy.DefaultModuleDeployer [,] -  [DUBBO] Dubbo Module[1.1.0] has been initialized!, dubbo version: 3.3.2, current host: 10.2.36.61
2025-08-27 09:51:37 INFO  [main] o.a.d.c.deploy.DefaultModuleDeployer [,] -  [DUBBO] Dubbo Module[1.1.1] has been initialized!, dubbo version: 3.3.2, current host: 10.2.36.61
2025-08-27 09:51:37 INFO  [main] o.a.d.c.d.DefaultApplicationDeployer [,] -  [DUBBO] No value is configured in the registry, the MetadataReportFactory extension[name : zookeeper] supports as the metadata center, dubbo version: 3.3.2, current host: 10.2.36.61
2025-08-27 09:51:37 INFO  [main] o.a.d.c.d.DefaultApplicationDeployer [,] -  [DUBBO] The registry[<dubbo:registry port="2181" address="zookeeper://localhost:2181" protocol="zookeeper" />] will be used as the metadata center, dubbo version: 3.3.2, current host: 10.2.36.61
2025-08-27 09:51:37 INFO  [main] o.a.d.c.d.DefaultApplicationDeployer [,] -  [DUBBO] use registry as metadata-center: <dubbo:metadata-report address="zookeeper://localhost:2181" protocol="zookeeper" port="2181" parameters="{client=null}" />, dubbo version: 3.3.2, current host: 10.2.36.61
2025-08-27 09:51:37 INFO  [main] o.a.d.r.z.c.ZookeeperClientManager [,] -  [DUBBO] find valid zookeeper client from the cache for address: zookeeper://localhost:2181/org.apache.dubbo.metadata.report.MetadataReport?application=customer_service&client=&file-cache=true&port=2181&protocol=zookeeper, dubbo version: 3.3.2, current host: 10.2.36.61
2025-08-27 09:51:37 INFO  [main] o.a.d.c.d.DefaultApplicationDeployer [,] -  [DUBBO] Dubbo Application[1.1](customer_service) has been initialized!, dubbo version: 3.3.2, current host: 10.2.36.61
2025-08-27 09:51:38 INFO  [main] o.h.jpa.internal.util.LogHelper [,] - HHH000204: Processing PersistenceUnitInfo [name: default]
2025-08-27 09:51:38 INFO  [main] org.hibernate.Version [,] - HHH000412: Hibernate ORM core version 6.5.3.Final
2025-08-27 09:51:38 INFO  [main] o.h.c.i.RegionFactoryInitiator [,] - HHH000026: Second-level cache disabled
2025-08-27 09:51:38 INFO  [main] o.s.o.j.p.SpringPersistenceUnitInfo [,] - No LoadTimeWeaver setup: ignoring JPA class transformer
2025-08-27 09:51:38 INFO  [main] com.zaxxer.hikari.HikariDataSource [,] - HikariPool-1 - Starting...
2025-08-27 09:51:38 INFO  [main] com.zaxxer.hikari.pool.HikariPool [,] - HikariPool-1 - Added connection com.mysql.cj.jdbc.ConnectionImpl@519f6adb
2025-08-27 09:51:38 INFO  [main] com.zaxxer.hikari.HikariDataSource [,] - HikariPool-1 - Start completed.
2025-08-27 09:51:39 INFO  [main] o.h.m.i.EntityInstantiatorPojoStandard [,] - HHH000182: No default (no-argument) constructor for class: com.example.customer_service.models.KycHistory (class must be instantiated by Interceptor)
2025-08-27 09:51:39 INFO  [main] o.h.e.t.j.p.i.JtaPlatformInitiator [,] - HHH000489: No JTA platform available (set 'hibernate.transaction.jta.platform' to enable JTA platform integration)
2025-08-27 09:51:40 INFO  [main] o.s.o.j.LocalContainerEntityManagerFactoryBean [,] - Initialized JPA EntityManagerFactory for persistence unit 'default'
2025-08-27 09:51:40 WARN  [main] o.s.b.a.o.j.JpaBaseConfiguration$JpaWebConfiguration [,] - spring.jpa.open-in-view is enabled by default. Therefore, database queries may be performed during view rendering. Explicitly configure spring.jpa.open-in-view to disable this warning
2025-08-27 09:51:40 INFO  [main] o.s.d.j.r.query.QueryEnhancerFactory [,] - Hibernate is in classpath; If applicable, HQL parser will be used.
2025-08-27 09:51:41 INFO  [main] o.a.d.c.s.reference.ReferenceCreator [,] -  [DUBBO] The configBean[type:ReferenceConfig<com.example.common_service.services.customer.CustomerCommonService>] has been built., dubbo version: 3.3.2, current host: 10.2.36.61
2025-08-27 09:51:42 INFO  [main] o.a.d.c.s.reference.ReferenceCreator [,] -  [DUBBO] The configBean[type:ReferenceConfig<com.example.common_service.services.customer.CustomerCommonService>] has been built., dubbo version: 3.3.2, current host: 10.2.36.61
2025-08-27 09:51:45 INFO  [main] o.s.cloud.commons.util.InetUtils [,] - Cannot determine local hostname
2025-08-27 09:51:45 INFO  [main] o.s.b.a.e.web.EndpointLinksResolver [,] - Exposing 3 endpoints beneath base path '/actuator'
2025-08-27 09:51:47 INFO  [main] o.s.cloud.commons.util.InetUtils [,] - Cannot determine local hostname
2025-08-27 09:51:47 INFO  [main] o.s.i.endpoint.EventDrivenConsumer [,] - Adding {logging-channel-adapter:_org.springframework.integration.errorLogger} as a subscriber to the 'errorChannel' channel
2025-08-27 09:51:47 INFO  [main] o.s.i.c.PublishSubscribeChannel [,] - Channel 'customer-service.errorChannel' has 1 subscriber(s).
2025-08-27 09:51:47 INFO  [main] o.s.i.endpoint.EventDrivenConsumer [,] - started bean '_org.springframework.integration.errorLogger'
2025-08-27 09:51:47 INFO  [main] o.a.coyote.http11.Http11NioProtocol [,] - Starting ProtocolHandler ["http-nio-8080"]
2025-08-27 09:51:47 INFO  [main] o.s.b.w.e.tomcat.TomcatWebServer [,] - Tomcat started on port 8080 (http) with context path '/'
2025-08-27 09:51:48 INFO  [main] o.s.cloud.commons.util.InetUtils [,] - Cannot determine local hostname
2025-08-27 09:51:49 INFO  [main] o.s.cloud.commons.util.InetUtils [,] - Cannot determine local hostname
2025-08-27 09:51:49 INFO  [main] o.a.d.c.deploy.DefaultModuleDeployer [,] -  [DUBBO] Dubbo Module[1.1.1] is starting., dubbo version: 3.3.2, current host: 10.2.36.61
2025-08-27 09:51:49 INFO  [main] o.a.d.c.d.DefaultApplicationDeployer [,] -  [DUBBO] Dubbo Application[1.1](customer_service) is starting., dubbo version: 3.3.2, current host: 10.2.36.61
2025-08-27 09:51:49 INFO  [main] org.apache.dubbo.qos.server.Server [,] -  [DUBBO] qos-server bind localhost:33333, dubbo version: 3.3.2, current host: 10.2.36.61
2025-08-27 09:51:49 INFO  [main] o.a.d.c.u.SerializeSecurityManager [,] -  [DUBBO] Serialize check level: DISABLE, dubbo version: 3.3.2, current host: 10.2.36.61
2025-08-27 09:51:49 INFO  [main] o.apache.dubbo.config.ServiceConfig [,] -  [DUBBO] Export dubbo service com.example.common_service.services.CommonService to local registry url : injvm://127.0.0.1/com.example.common_service.services.CommonService?anyhost=true&application=customer_service&background=false&bind.ip=10.2.36.61&bind.port=20889&deprecated=false&dubbo=2.0.2&dubbo.mapping.cache.file=C:/Users/thienvy/.dubbo/customer-service-cache&dynamic=true&executor-management-mode=isolation&exporter.listener=injvm&file-cache=true&generic=false&interface=com.example.common_service.services.CommonService&metadata-type=remote&methods=checkCustomer,getCurrentCustomer,getCurrentCustomer2,getCustomerByCifCode&pid=15871&prefer.serialization=hessian2,fastjson2&qos.enable=true&qos.port=33333&release=3.3.2&serialize.check.status=DISABLE&side=provider&timestamp=1756263109373, dubbo version: 3.3.2, current host: 10.2.36.61
2025-08-27 09:51:49 INFO  [main] o.apache.dubbo.config.ServiceConfig [,] -  [DUBBO] Register dubbo service com.example.common_service.services.CommonService url dubbo://10.2.36.61:20889/com.example.common_service.services.CommonService?anyhost=true&application=customer_service&background=false&bind.ip=10.2.36.61&bind.port=20889&deprecated=false&dubbo=2.0.2&dubbo.mapping.cache.file=C:/Users/thienvy/.dubbo/customer-service-cache&dynamic=true&executor-management-mode=isolation&file-cache=true&generic=false&interface=com.example.common_service.services.CommonService&metadata-type=remote&methods=checkCustomer,getCurrentCustomer,getCurrentCustomer2,getCustomerByCifCode&pid=15871&prefer.serialization=hessian2,fastjson2&qos.enable=true&qos.port=33333&release=3.3.2&serialize.check.status=DISABLE&service-name-mapping=true&side=provider&timestamp=1756263109373 to registry localhost:2181, dubbo version: 3.3.2, current host: 10.2.36.61
2025-08-27 09:51:49 INFO  [main] o.a.d.r.transport.AbstractServer [,] -  [DUBBO] Start NettyServer bind /0.0.0.0:20889, export /10.2.36.61:20889, dubbo version: 3.3.2, current host: 10.2.36.61
2025-08-27 09:51:49 INFO  [main] o.a.d.r.c.ServiceDiscoveryRegistry [,] -  [DUBBO] Loaded registry cache file /home/phuc-khang/.dubbo/dubbo-registry-customer_service-localhost-2181.cache, dubbo version: 3.3.2, current host: 10.2.36.61
2025-08-27 09:51:49 INFO  [main] o.a.c.f.imps.CuratorFrameworkImpl [,] - Starting
2025-08-27 09:51:49 INFO  [main] org.apache.zookeeper.ZooKeeper [,] - Initiating client connection, connectString=localhost:2181 sessionTimeout=60000 watcher=org.apache.curator.ConnectionState@22289a0c
2025-08-27 09:51:49 INFO  [main] o.apache.zookeeper.ClientCnxnSocket [,] - jute.maxbuffer value is 1048575 Bytes
2025-08-27 09:51:49 INFO  [main] org.apache.zookeeper.ClientCnxn [,] - zookeeper.request.timeout value is 0. feature enabled=false
2025-08-27 09:51:49 INFO  [main] o.a.c.f.imps.CuratorFrameworkImpl [,] - Default schema
2025-08-27 09:51:49 INFO  [main-SendThread(localhost:2181)] org.apache.zookeeper.ClientCnxn [,] - Opening socket connection to server localhost/127.0.0.1:2181.
2025-08-27 09:51:49 INFO  [main-SendThread(localhost:2181)] org.apache.zookeeper.ClientCnxn [,] - SASL config status: Will not attempt to authenticate using SASL (unknown error)
2025-08-27 09:51:49 INFO  [main-SendThread(localhost:2181)] org.apache.zookeeper.ClientCnxn [,] - Socket connection established, initiating session, client: /127.0.0.1:43072, server: localhost/127.0.0.1:2181
2025-08-27 09:51:49 INFO  [main-SendThread(localhost:2181)] org.apache.zookeeper.ClientCnxn [,] - Session establishment complete on server localhost/127.0.0.1:2181, session id = 0x10000039f500004, negotiated timeout = 40000
2025-08-27 09:51:49 INFO  [main-EventThread] o.a.c.f.state.ConnectionStateManager [,] - State change: CONNECTED
2025-08-27 09:51:49 INFO  [main-EventThread] o.a.c.framework.imps.EnsembleTracker [,] - New config event received: {}
2025-08-27 09:51:49 INFO  [main-EventThread] o.a.c.framework.imps.EnsembleTracker [,] - New config event received: {}
2025-08-27 09:51:49 INFO  [main] o.a.d.r.c.m.MigrationRuleListener [,] -  [DUBBO] Listening for migration rules on dataId customer_service.migration, group DUBBO_SERVICEDISCOVERY_MIGRATION, dubbo version: 3.3.2, current host: 10.2.36.61
2025-08-27 09:51:49 INFO  [main] o.apache.dubbo.config.ServiceConfig [,] -  [DUBBO] Register dubbo service com.example.common_service.services.CommonService url dubbo://10.2.36.61:20889/com.example.common_service.services.CommonService?anyhost=true&application=customer_service&background=false&bind.ip=10.2.36.61&bind.port=20889&deprecated=false&dubbo=2.0.2&dubbo.mapping.cache.file=C:/Users/thienvy/.dubbo/customer-service-cache&dynamic=true&executor-management-mode=isolation&file-cache=true&generic=false&interface=com.example.common_service.services.CommonService&metadata-type=remote&methods=checkCustomer,getCurrentCustomer,getCurrentCustomer2,getCustomerByCifCode&pid=15871&prefer.serialization=hessian2,fastjson2&qos.enable=true&qos.port=33333&release=3.3.2&serialize.check.status=DISABLE&service-name-mapping=true&side=provider&timestamp=1756263109373 to registry localhost:2181, dubbo version: 3.3.2, current host: 10.2.36.61
2025-08-27 09:51:49 INFO  [main] o.a.d.r.zookeeper.ZookeeperRegistry [,] -  [DUBBO] Loaded registry cache file /home/phuc-khang/.dubbo/dubbo-registry-customer_service-localhost-2181.cache, dubbo version: 3.3.2, current host: 10.2.36.61
2025-08-27 09:51:49 INFO  [main] o.a.d.r.z.c.ZookeeperClientManager [,] -  [DUBBO] find valid zookeeper client from the cache for address: zookeeper://localhost:2181/org.apache.dubbo.registry.RegistryService?REGISTRY_CLUSTER=default&application=customer_service&dubbo=2.0.2&dubbo.mapping.cache.file=C:/Users/thienvy/.dubbo/customer-service-cache&executor-management-mode=isolation&file-cache=true&interface=org.apache.dubbo.registry.RegistryService&metadata-type=remote&pid=15871&qos.enable=true&qos.port=33333&register=false&release=3.3.2&serialize.check.status=DISABLE, dubbo version: 3.3.2, current host: 10.2.36.61
2025-08-27 09:51:49 INFO  [main] o.a.d.r.zookeeper.ZookeeperRegistry [,] -  [DUBBO] Subscribe: provider://10.2.36.61:20889/com.example.common_service.services.CommonService?anyhost=true&application=customer_service&background=false&bind.ip=10.2.36.61&bind.port=20889&category=configurators&check=false&deprecated=false&dubbo=2.0.2&dubbo.mapping.cache.file=C:/Users/thienvy/.dubbo/customer-service-cache&dynamic=true&executor-management-mode=isolation&file-cache=true&generic=false&interface=com.example.common_service.services.CommonService&metadata-type=remote&methods=checkCustomer,getCurrentCustomer,getCurrentCustomer2,getCustomerByCifCode&pid=15871&prefer.serialization=hessian2,fastjson2&qos.enable=true&qos.port=33333&release=3.3.2&serialize.check.status=DISABLE&service-name-mapping=true&side=provider&timestamp=1756263109373, dubbo version: 3.3.2, current host: 10.2.36.61
2025-08-27 09:51:49 INFO  [main] o.a.d.r.zookeeper.ZookeeperRegistry [,] -  [DUBBO] Notify urls for subscribe url provider://10.2.36.61:20889/com.example.common_service.services.CommonService?anyhost=true&application=customer_service&background=false&bind.ip=10.2.36.61&bind.port=20889&category=configurators&check=false&deprecated=false&dubbo=2.0.2&dubbo.mapping.cache.file=C:/Users/thienvy/.dubbo/customer-service-cache&dynamic=true&executor-management-mode=isolation&file-cache=true&generic=false&interface=com.example.common_service.services.CommonService&metadata-type=remote&methods=checkCustomer,getCurrentCustomer,getCurrentCustomer2,getCustomerByCifCode&pid=15871&prefer.serialization=hessian2,fastjson2&qos.enable=true&qos.port=33333&release=3.3.2&serialize.check.status=DISABLE&service-name-mapping=true&side=provider&timestamp=1756263109373, url size: 1, dubbo version: 3.3.2, current host: 10.2.36.61
2025-08-27 09:51:49 INFO  [DubboSaveMetadataReport-thread-1] o.a.d.m.s.z.ZookeeperMetadataReport [,] -  [DUBBO] store provider metadata. Identifier : MetadataIdentifier{application='customer_service', serviceInterface='com.example.common_service.services.CommonService', version='', group='', side='provider'}; definition: FullServiceDefinition{parameters={side=provider, metadata-type=remote, interface=com.example.common_service.services.CommonService, release=3.3.2, dubbo=2.0.2, anyhost=true, application=customer_service, pid=15871, executor-management-mode=isolation, file-cache=true, methods=checkCustomer,getCurrentCustomer,getCurrentCustomer2,getCustomerByCifCode, deprecated=false, qos.port=33333, dubbo.mapping.cache.file=C:/Users/thienvy/.dubbo/customer-service-cache, service-name-mapping=true, qos.enable=true, generic=false, bind.port=20889, serialize.check.status=DISABLE, bind.ip=10.2.36.61, prefer.serialization=hessian2,fastjson2, background=false, dynamic=true, timestamp=1756263109373}} ServiceDefinition [canonicalName=com.example.common_service.services.CommonService, codeSource=file:/home/phuc-khang/banking%20system/java-banking-phase2/backend/common-service/target/classes/, methods=[MethodDefinition [name=checkCustomer, parameterTypes=[java.lang.String], returnType=java.lang.Boolean], MethodDefinition [name=getCurrentCustomer, parameterTypes=[java.lang.String], returnType=com.example.common_service.dto.CustomerDTO], MethodDefinition [name=getCurrentCustomer2, parameterTypes=[java.lang.String], returnType=com.example.common_service.dto.CustomerDTO], MethodDefinition [name=getCustomerByCifCode, parameterTypes=[java.lang.String], returnType=com.example.common_service.dto.CustomerDTO]]], dubbo version: 3.3.2, current host: 10.2.36.61
2025-08-27 09:51:49 INFO  [main] o.apache.dubbo.config.ServiceConfig [,] -  [DUBBO] Try to register interface application mapping for service com.example.common_service.services.CommonService, dubbo version: 3.3.2, current host: 10.2.36.61
2025-08-27 09:51:49 INFO  [main] o.apache.dubbo.config.ServiceConfig [,] -  [DUBBO] Successfully registered interface application mapping for service com.example.common_service.services.CommonService, dubbo version: 3.3.2, current host: 10.2.36.61
2025-08-27 09:51:49 INFO  [main] o.apache.dubbo.config.ServiceConfig [,] -  [DUBBO] Export dubbo service com.example.common_service.services.customer.CustomerQueryService to local registry url : injvm://127.0.0.1/com.example.common_service.services.customer.CustomerQueryService?anyhost=true&application=customer_service&background=false&bind.ip=10.2.36.61&bind.port=20889&deprecated=false&dubbo=2.0.2&dubbo.mapping.cache.file=C:/Users/thienvy/.dubbo/customer-service-cache&dynamic=true&executor-management-mode=isolation&exporter.listener=injvm&file-cache=true&generic=false&interface=com.example.common_service.services.customer.CustomerQueryService&metadata-type=remote&methods=getCurrentCustomer,getCustomerByCifCode,getCustomerById,getCustomerByUserId&pid=15871&prefer.serialization=hessian2,fastjson2&qos.enable=true&qos.port=33333&release=3.3.2&serialize.check.status=DISABLE&side=provider&timestamp=1756263109608, dubbo version: 3.3.2, current host: 10.2.36.61
2025-08-27 09:51:49 INFO  [main] o.apache.dubbo.config.ServiceConfig [,] -  [DUBBO] Register dubbo service com.example.common_service.services.customer.CustomerQueryService url dubbo://10.2.36.61:20889/com.example.common_service.services.customer.CustomerQueryService?anyhost=true&application=customer_service&background=false&bind.ip=10.2.36.61&bind.port=20889&deprecated=false&dubbo=2.0.2&dubbo.mapping.cache.file=C:/Users/thienvy/.dubbo/customer-service-cache&dynamic=true&executor-management-mode=isolation&file-cache=true&generic=false&interface=com.example.common_service.services.customer.CustomerQueryService&metadata-type=remote&methods=getCurrentCustomer,getCustomerByCifCode,getCustomerById,getCustomerByUserId&pid=15871&prefer.serialization=hessian2,fastjson2&qos.enable=true&qos.port=33333&release=3.3.2&serialize.check.status=DISABLE&service-name-mapping=true&side=provider&timestamp=1756263109608 to registry localhost:2181, dubbo version: 3.3.2, current host: 10.2.36.61
2025-08-27 09:51:49 INFO  [main] o.apache.dubbo.config.ServiceConfig [,] -  [DUBBO] Register dubbo service com.example.common_service.services.customer.CustomerQueryService url dubbo://10.2.36.61:20889/com.example.common_service.services.customer.CustomerQueryService?anyhost=true&application=customer_service&background=false&bind.ip=10.2.36.61&bind.port=20889&deprecated=false&dubbo=2.0.2&dubbo.mapping.cache.file=C:/Users/thienvy/.dubbo/customer-service-cache&dynamic=true&executor-management-mode=isolation&file-cache=true&generic=false&interface=com.example.common_service.services.customer.CustomerQueryService&metadata-type=remote&methods=getCurrentCustomer,getCustomerByCifCode,getCustomerById,getCustomerByUserId&pid=15871&prefer.serialization=hessian2,fastjson2&qos.enable=true&qos.port=33333&release=3.3.2&serialize.check.status=DISABLE&service-name-mapping=true&side=provider&timestamp=1756263109608 to registry localhost:2181, dubbo version: 3.3.2, current host: 10.2.36.61
2025-08-27 09:51:49 INFO  [main] o.a.d.r.zookeeper.ZookeeperRegistry [,] -  [DUBBO] Subscribe: provider://10.2.36.61:20889/com.example.common_service.services.customer.CustomerQueryService?anyhost=true&application=customer_service&background=false&bind.ip=10.2.36.61&bind.port=20889&category=configurators&check=false&deprecated=false&dubbo=2.0.2&dubbo.mapping.cache.file=C:/Users/thienvy/.dubbo/customer-service-cache&dynamic=true&executor-management-mode=isolation&file-cache=true&generic=false&interface=com.example.common_service.services.customer.CustomerQueryService&metadata-type=remote&methods=getCurrentCustomer,getCustomerByCifCode,getCustomerById,getCustomerByUserId&pid=15871&prefer.serialization=hessian2,fastjson2&qos.enable=true&qos.port=33333&release=3.3.2&serialize.check.status=DISABLE&service-name-mapping=true&side=provider&timestamp=1756263109608, dubbo version: 3.3.2, current host: 10.2.36.61
2025-08-27 09:51:49 INFO  [main] o.a.d.r.zookeeper.ZookeeperRegistry [,] -  [DUBBO] Notify urls for subscribe url provider://10.2.36.61:20889/com.example.common_service.services.customer.CustomerQueryService?anyhost=true&application=customer_service&background=false&bind.ip=10.2.36.61&bind.port=20889&category=configurators&check=false&deprecated=false&dubbo=2.0.2&dubbo.mapping.cache.file=C:/Users/thienvy/.dubbo/customer-service-cache&dynamic=true&executor-management-mode=isolation&file-cache=true&generic=false&interface=com.example.common_service.services.customer.CustomerQueryService&metadata-type=remote&methods=getCurrentCustomer,getCustomerByCifCode,getCustomerById,getCustomerByUserId&pid=15871&prefer.serialization=hessian2,fastjson2&qos.enable=true&qos.port=33333&release=3.3.2&serialize.check.status=DISABLE&service-name-mapping=true&side=provider&timestamp=1756263109608, url size: 1, dubbo version: 3.3.2, current host: 10.2.36.61
2025-08-27 09:51:49 INFO  [DubboSaveMetadataReport-thread-1] o.a.d.m.s.z.ZookeeperMetadataReport [,] -  [DUBBO] store provider metadata. Identifier : MetadataIdentifier{application='customer_service', serviceInterface='com.example.common_service.services.customer.CustomerQueryService', version='', group='', side='provider'}; definition: FullServiceDefinition{parameters={side=provider, metadata-type=remote, interface=com.example.common_service.services.customer.CustomerQueryService, release=3.3.2, dubbo=2.0.2, anyhost=true, application=customer_service, pid=15871, executor-management-mode=isolation, file-cache=true, methods=getCurrentCustomer,getCustomerByCifCode,getCustomerById,getCustomerByUserId, deprecated=false, qos.port=33333, dubbo.mapping.cache.file=C:/Users/thienvy/.dubbo/customer-service-cache, service-name-mapping=true, qos.enable=true, generic=false, bind.port=20889, serialize.check.status=DISABLE, bind.ip=10.2.36.61, prefer.serialization=hessian2,fastjson2, background=false, dynamic=true, timestamp=1756263109608}} ServiceDefinition [canonicalName=com.example.common_service.services.customer.CustomerQueryService, codeSource=file:/home/phuc-khang/banking%20system/java-banking-phase2/backend/common-service/target/classes/, methods=[MethodDefinition [name=getCurrentCustomer, parameterTypes=[], returnType=com.example.common_service.dto.response.CustomerResponse], MethodDefinition [name=getCustomerByCifCode, parameterTypes=[java.lang.String], returnType=com.example.common_service.dto.CustomerDTO], MethodDefinition [name=getCustomerById, parameterTypes=[java.lang.Long], returnType=com.example.common_service.dto.CustomerResponseDTO], MethodDefinition [name=getCustomerByUserId, parameterTypes=[java.lang.String], returnType=com.example.common_service.dto.CustomerResponseDTO]]], dubbo version: 3.3.2, current host: 10.2.36.61
2025-08-27 09:51:49 INFO  [main] o.apache.dubbo.config.ServiceConfig [,] -  [DUBBO] Try to register interface application mapping for service com.example.common_service.services.customer.CustomerQueryService, dubbo version: 3.3.2, current host: 10.2.36.61
2025-08-27 09:51:49 INFO  [main] o.apache.dubbo.config.ServiceConfig [,] -  [DUBBO] Successfully registered interface application mapping for service com.example.common_service.services.customer.CustomerQueryService, dubbo version: 3.3.2, current host: 10.2.36.61
2025-08-27 09:51:49 INFO  [main] o.a.d.c.deploy.DefaultModuleDeployer [,] -  [DUBBO] Dubbo Module[1.1.0] is starting., dubbo version: 3.3.2, current host: 10.2.36.61
2025-08-27 09:51:49 INFO  [main] o.a.d.c.deploy.DefaultModuleDeployer [,] -  [DUBBO] Dubbo Module[1.1.0] has started., dubbo version: 3.3.2, current host: 10.2.36.61
2025-08-27 09:51:49 INFO  [main] o.a.d.c.deploy.DefaultModuleDeployer [,] -  [DUBBO] Dubbo Module[1.1.0] has completed., dubbo version: 3.3.2, current host: 10.2.36.61
2025-08-27 09:51:49 INFO  [main] o.a.d.r.zookeeper.ZookeeperRegistry [,] -  [DUBBO] Subscribe: consumer://10.2.36.61/com.example.common_service.services.customer.CustomerCommonService?application=customer_service&background=false&category=providers,configurators,routers&dubbo=2.0.2&dubbo.mapping.cache.file=C:/Users/thienvy/.dubbo/customer-service-cache&executor-management-mode=isolation&file-cache=true&interface=com.example.common_service.services.customer.CustomerCommonService&metadata-type=remote&methods=createPaymentInit,getAccountsByCifCode,getAllPaymentAccountsbyUserId&pid=15871&qos.enable=true&qos.port=33333&release=3.3.2&serialize.check.status=DISABLE&side=consumer&sticky=false&timeout=5000&timestamp=1756263109636&unloadClusterRelated=false, dubbo version: 3.3.2, current host: 10.2.36.61
2025-08-27 09:51:49 INFO  [main] o.a.d.r.zookeeper.ZookeeperRegistry [,] -  [DUBBO] Notify urls for subscribe url consumer://10.2.36.61/com.example.common_service.services.customer.CustomerCommonService?application=customer_service&background=false&category=providers,configurators,routers&dubbo=2.0.2&dubbo.mapping.cache.file=C:/Users/thienvy/.dubbo/customer-service-cache&executor-management-mode=isolation&file-cache=true&interface=com.example.common_service.services.customer.CustomerCommonService&metadata-type=remote&methods=createPaymentInit,getAccountsByCifCode,getAllPaymentAccountsbyUserId&pid=15871&qos.enable=true&qos.port=33333&release=3.3.2&serialize.check.status=DISABLE&side=consumer&sticky=false&timeout=5000&timestamp=1756263109636&unloadClusterRelated=false, url size: 3, dubbo version: 3.3.2, current host: 10.2.36.61
2025-08-27 09:51:49 INFO  [main] o.a.d.r.transport.AbstractClient [,] -  [DUBBO] Successfully connect to server /10.2.36.61:20882 from NettyClient 10.2.36.61 using dubbo version 3.3.2, channel is NettyChannel [channel=[id: 0xc8093edc, L:/10.2.36.61:49734 - R:/10.2.36.61:20882]], dubbo version: 3.3.2, current host: 10.2.36.61
2025-08-27 09:51:49 INFO  [main] o.a.d.r.transport.AbstractClient [,] -  [DUBBO] Start NettyClient /10.2.36.61 connect to the server /10.2.36.61:20882, dubbo version: 3.3.2, current host: 10.2.36.61
2025-08-27 09:51:49 INFO  [NettyClientWorker-8-1] o.a.d.r.t.netty4.NettyClientHandler [,] -  [DUBBO] The connection [id: 0xc8093edc, L:/10.2.36.61:49734 - R:/10.2.36.61:20882] of 10.2.36.61:49734 -> 10.2.36.61:20882 is established., dubbo version: 3.3.2, current host: 10.2.36.61
2025-08-27 09:51:49 INFO  [main] o.a.d.r.i.RegistryDirectory [,] -  [DUBBO] Received invokers changed event from registry. Registry type: interface. Service Key: com.example.common_service.services.customer.CustomerCommonService. Urls Size : 1. Invokers Size : 1. Available Size: 1. Available Invokers : 10.2.36.61:20882, dubbo version: 3.3.2, current host: 10.2.36.61
2025-08-27 09:51:49 INFO  [main] o.a.d.r.c.ServiceDiscoveryRegistry [,] -  [DUBBO] Loaded registry cache file /home/phuc-khang/.dubbo/dubbo-registry-customer_service-localhost-2181.cache, dubbo version: 3.3.2, current host: 10.2.36.61
2025-08-27 09:51:49 INFO  [main] o.a.d.r.c.ServiceDiscoveryRegistry [,] -  [DUBBO] Trying to subscribe from apps account-service for service key com.example.common_service.services.customer.CustomerCommonService, , dubbo version: 3.3.2, current host: 10.2.36.61
2025-08-27 09:51:49 INFO  [Dubbo-framework-mapping-refreshing-scheduler-thread-1] o.a.d.r.c.ServiceDiscoveryRegistry$DefaultMappingListener [,] -  [DUBBO] Received mapping notification from meta server, {serviceKey: com.example.common_service.services.customer.CustomerCommonService, apps: [account-service]}, dubbo version: 3.3.2, current host: 10.2.36.61
2025-08-27 09:51:49 INFO  [main-EventThread] o.a.d.r.c.ServiceDiscoveryRegistry$DefaultMappingListener [,] -  [DUBBO] Received mapping notification from meta server, {serviceKey: com.example.common_service.services.customer.CustomerCommonService, apps: [account-service]}, dubbo version: 3.3.2, current host: 10.2.36.61
2025-08-27 09:51:49 INFO  [main] o.a.d.r.c.e.l.ServiceInstancesChangedListener [,] -  [DUBBO] Received instance notification, serviceName: account-service, instances: 1, dubbo version: 3.3.2, current host: 10.2.36.61
2025-08-27 09:51:49 INFO  [main] o.a.d.r.c.e.l.ServiceInstancesChangedListener [,] -  [DUBBO] 1 unique working revisions: 3eaef69bf7f883cb4179b2bb9ce21678 , dubbo version: 3.3.2, current host: 10.2.36.61
2025-08-27 09:51:49 INFO  [main] o.a.d.r.c.e.l.ServiceInstancesChangedListener [,] -  [DUBBO] Notify serviceKey: com.example.common_service.services.customer.CustomerCommonService:null, listener: ServiceDiscoveryRegistryDirectory(registry: localhost:2181, subscribed key: [account-service])-Directory(invokers: 0[], validInvokers: 0[], invokersToReconnect: 0[]) with 1 urls on subscription, dubbo version: 3.3.2, current host: 10.2.36.61
2025-08-27 09:51:49 INFO  [main] o.a.d.r.c.ServiceDiscoveryRegistryDirectory [,] -  [DUBBO] Refreshed invoker size 1 from registry ServiceDiscoveryRegistryDirectory(registry: localhost:2181, subscribed key: [account-service])-Directory(invokers: 0[], validInvokers: 0[], invokersToReconnect: 0[]), dubbo version: 3.3.2, current host: 10.2.36.61
2025-08-27 09:51:49 INFO  [main] o.a.d.r.c.ServiceDiscoveryRegistryDirectory [,] -  [DUBBO] Received invokers changed event from registry. Registry type: instance. Service Key: com.example.common_service.services.customer.CustomerCommonService. Urls Size : 1. Invokers Size : 1. Available Size: 1. Available Invokers : 10.2.36.61:20882, dubbo version: 3.3.2, current host: 10.2.36.61
2025-08-27 09:51:49 INFO  [main] o.apache.curator.utils.Compatibility [,] - Using org.apache.zookeeper.server.quorum.MultipleAddresses
2025-08-27 09:51:49 INFO  [main] o.a.d.r.c.e.l.ServiceInstancesChangedListener [,] -  [DUBBO] Received instance notification, serviceName: account-service, instances: 1, dubbo version: 3.3.2, current host: 10.2.36.61
2025-08-27 09:51:49 INFO  [main] o.a.d.r.c.e.l.ServiceInstancesChangedListener [,] -  [DUBBO] 1 unique working revisions: 3eaef69bf7f883cb4179b2bb9ce21678 , dubbo version: 3.3.2, current host: 10.2.36.61
2025-08-27 09:51:49 INFO  [main] o.a.d.r.c.e.l.ServiceInstancesChangedListener [,] -  [DUBBO] Notify service com.example.common_service.services.customer.CustomerCommonService:null with urls 1, dubbo version: 3.3.2, current host: 10.2.36.61
2025-08-27 09:51:49 INFO  [main] o.a.d.r.c.ServiceDiscoveryRegistryDirectory [,] -  [DUBBO] Refreshed invoker size 1 from registry ServiceDiscoveryRegistryDirectory(registry: localhost:2181, subscribed key: [account-service])-Directory(invokers: 1[10.2.36.61:20882], validInvokers: 1[10.2.36.61:20882], invokersToReconnect: 0[]), dubbo version: 3.3.2, current host: 10.2.36.61
2025-08-27 09:51:49 INFO  [main] o.a.d.r.c.ServiceDiscoveryRegistryDirectory [,] -  [DUBBO] Received invokers changed event from registry. Registry type: instance. Service Key: com.example.common_service.services.customer.CustomerCommonService. Urls Size : 1. Invokers Size : 1. Available Size: 1. Available Invokers : 10.2.36.61:20882, dubbo version: 3.3.2, current host: 10.2.36.61
2025-08-27 09:51:49 INFO  [main] o.a.d.r.c.m.DefaultMigrationAddressComparator [,] -  [DUBBO] serviceKey:com.example.common_service.services.customer.CustomerCommonService Instance address size 1, interface address size 1, threshold 0.0, dubbo version: 3.3.2, current host: 10.2.36.61
2025-08-27 09:51:49 INFO  [main] o.a.d.r.c.m.MigrationRuleHandler [,] -  [DUBBO] Succeed Migrated to APPLICATION_FIRST mode. Service Name: com.example.common_service.services.customer.CustomerCommonService, dubbo version: 3.3.2, current host: 10.2.36.61
2025-08-27 09:51:49 INFO  [main] o.a.dubbo.config.ReferenceConfig [,] -  [DUBBO] Referred dubbo service: [com.example.common_service.services.customer.CustomerCommonService]. it's not GenericService reference, dubbo version: 3.3.2, current host: 10.2.36.61
2025-08-27 09:51:49 INFO  [DubboSaveMetadataReport-thread-1] o.a.d.m.s.z.ZookeeperMetadataReport [,] -  [DUBBO] store consumer metadata. Identifier : MetadataIdentifier{application='customer_service', serviceInterface='com.example.common_service.services.customer.CustomerCommonService', version='', group='', side='consumer'}; definition: {side=consumer, metadata-type=remote, interface=com.example.common_service.services.customer.CustomerCommonService, release=3.3.2, dubbo=2.0.2, application=customer_service, pid=15871, executor-management-mode=isolation, file-cache=true, register.ip=10.2.36.61, methods=createPaymentInit,getAccountsByCifCode,getAllPaymentAccountsbyUserId, qos.port=33333, dubbo.mapping.cache.file=C:/Users/thienvy/.dubbo/customer-service-cache, qos.enable=true, timeout=5000, unloadClusterRelated=false, serialize.check.status=DISABLE, background=false, sticky=false, timestamp=1756263109636}, dubbo version: 3.3.2, current host: 10.2.36.61
2025-08-27 09:51:49 INFO  [main] o.a.d.c.deploy.DefaultModuleDeployer [,] -  [DUBBO] Dubbo Module[1.1.1] has started., dubbo version: 3.3.2, current host: 10.2.36.61
2025-08-27 09:51:49 INFO  [main] o.a.d.c.d.DefaultMetricsServiceExporter [,] -  [DUBBO] The MetricsConfig not exist, will not export metrics service., dubbo version: 3.3.2, current host: 10.2.36.61
2025-08-27 09:51:49 INFO  [main] o.a.d.r.c.m.ServiceInstanceMetadataUtils [,] -  [DUBBO] Start registering instance address to registry., dubbo version: 3.3.2, current host: 10.2.36.61
2025-08-27 09:51:49 INFO  [main] o.a.d.c.d.DefaultApplicationDeployer [,] -  [DUBBO] Dubbo Application[1.1](customer_service) is ready., dubbo version: 3.3.2, current host: 10.2.36.61
2025-08-27 09:51:49 INFO  [main] o.a.d.r.integration.RegistryProtocol [,] -  [DUBBO] Registered dubbo service com.example.common_service.services.CommonService url dubbo://10.2.36.61:20889/com.example.common_service.services.CommonService?application=customer_service&deprecated=false&dubbo=2.0.2&dubbo.mapping.cache.file=C:/Users/thienvy/.dubbo/customer-service-cache&dynamic=true&generic=false&interface=com.example.common_service.services.CommonService&metadata-type=remote&methods=checkCustomer,getCurrentCustomer,getCurrentCustomer2,getCustomerByCifCode&prefer.serialization=hessian2,fastjson2&release=3.3.2&serialize.check.status=DISABLE&service-name-mapping=true&side=provider&timestamp=1756263109373 to registry service-discovery-registry://localhost:2181/org.apache.dubbo.registry.RegistryService?REGISTRY_CLUSTER=default&application=customer_service&dubbo=2.0.2&dubbo.mapping.cache.file=C:/Users/thienvy/.dubbo/customer-service-cache&executor-management-mode=isolation&file-cache=true&metadata-type=remote&pid=15871&qos.enable=true&qos.port=33333&register=false&registry=zookeeper&release=3.3.2&serialize.check.status=DISABLE&timestamp=1756263109287, dubbo version: 3.3.2, current host: 10.2.36.61
2025-08-27 09:51:49 INFO  [main] o.a.d.r.zookeeper.ZookeeperRegistry [,] -  [DUBBO] Register: dubbo://10.2.36.61:20889/com.example.common_service.services.CommonService?application=customer_service&deprecated=false&dubbo=2.0.2&dubbo.mapping.cache.file=C:/Users/thienvy/.dubbo/customer-service-cache&dynamic=true&generic=false&interface=com.example.common_service.services.CommonService&metadata-type=remote&methods=checkCustomer,getCurrentCustomer,getCurrentCustomer2,getCustomerByCifCode&prefer.serialization=hessian2,fastjson2&release=3.3.2&serialize.check.status=DISABLE&service-name-mapping=true&side=provider&timestamp=1756263109373, dubbo version: 3.3.2, current host: 10.2.36.61
2025-08-27 09:51:49 INFO  [main] o.a.d.r.integration.RegistryProtocol [,] -  [DUBBO] Registered dubbo service com.example.common_service.services.CommonService url dubbo://10.2.36.61:20889/com.example.common_service.services.CommonService?application=customer_service&deprecated=false&dubbo=2.0.2&dubbo.mapping.cache.file=C:/Users/thienvy/.dubbo/customer-service-cache&dynamic=true&generic=false&interface=com.example.common_service.services.CommonService&metadata-type=remote&methods=checkCustomer,getCurrentCustomer,getCurrentCustomer2,getCustomerByCifCode&prefer.serialization=hessian2,fastjson2&release=3.3.2&serialize.check.status=DISABLE&service-name-mapping=true&side=provider&timestamp=1756263109373 to registry zookeeper://localhost:2181/org.apache.dubbo.registry.RegistryService?REGISTRY_CLUSTER=default&application=customer_service&dubbo=2.0.2&dubbo.mapping.cache.file=C:/Users/thienvy/.dubbo/customer-service-cache&executor-management-mode=isolation&file-cache=true&metadata-type=remote&pid=15871&qos.enable=true&qos.port=33333&register=false&release=3.3.2&serialize.check.status=DISABLE&timestamp=1756263109287, dubbo version: 3.3.2, current host: 10.2.36.61
2025-08-27 09:51:49 INFO  [main] o.a.d.r.integration.RegistryProtocol [,] -  [DUBBO] Registered dubbo service com.example.common_service.services.customer.CustomerQueryService url dubbo://10.2.36.61:20889/com.example.common_service.services.customer.CustomerQueryService?application=customer_service&deprecated=false&dubbo=2.0.2&dubbo.mapping.cache.file=C:/Users/thienvy/.dubbo/customer-service-cache&dynamic=true&generic=false&interface=com.example.common_service.services.customer.CustomerQueryService&metadata-type=remote&methods=getCurrentCustomer,getCustomerByCifCode,getCustomerById,getCustomerByUserId&prefer.serialization=hessian2,fastjson2&release=3.3.2&serialize.check.status=DISABLE&service-name-mapping=true&side=provider&timestamp=1756263109608 to registry service-discovery-registry://localhost:2181/org.apache.dubbo.registry.RegistryService?REGISTRY_CLUSTER=default&application=customer_service&dubbo=2.0.2&dubbo.mapping.cache.file=C:/Users/thienvy/.dubbo/customer-service-cache&executor-management-mode=isolation&file-cache=true&metadata-type=remote&pid=15871&qos.enable=true&qos.port=33333&register=false&registry=zookeeper&release=3.3.2&serialize.check.status=DISABLE&timestamp=1756263109608, dubbo version: 3.3.2, current host: 10.2.36.61
2025-08-27 09:51:49 INFO  [main] o.a.d.r.zookeeper.ZookeeperRegistry [,] -  [DUBBO] Register: dubbo://10.2.36.61:20889/com.example.common_service.services.customer.CustomerQueryService?application=customer_service&deprecated=false&dubbo=2.0.2&dubbo.mapping.cache.file=C:/Users/thienvy/.dubbo/customer-service-cache&dynamic=true&generic=false&interface=com.example.common_service.services.customer.CustomerQueryService&metadata-type=remote&methods=getCurrentCustomer,getCustomerByCifCode,getCustomerById,getCustomerByUserId&prefer.serialization=hessian2,fastjson2&release=3.3.2&serialize.check.status=DISABLE&service-name-mapping=true&side=provider&timestamp=1756263109608, dubbo version: 3.3.2, current host: 10.2.36.61
2025-08-27 09:51:49 INFO  [main] o.a.d.r.integration.RegistryProtocol [,] -  [DUBBO] Registered dubbo service com.example.common_service.services.customer.CustomerQueryService url dubbo://10.2.36.61:20889/com.example.common_service.services.customer.CustomerQueryService?application=customer_service&deprecated=false&dubbo=2.0.2&dubbo.mapping.cache.file=C:/Users/thienvy/.dubbo/customer-service-cache&dynamic=true&generic=false&interface=com.example.common_service.services.customer.CustomerQueryService&metadata-type=remote&methods=getCurrentCustomer,getCustomerByCifCode,getCustomerById,getCustomerByUserId&prefer.serialization=hessian2,fastjson2&release=3.3.2&serialize.check.status=DISABLE&service-name-mapping=true&side=provider&timestamp=1756263109608 to registry zookeeper://localhost:2181/org.apache.dubbo.registry.RegistryService?REGISTRY_CLUSTER=default&application=customer_service&dubbo=2.0.2&dubbo.mapping.cache.file=C:/Users/thienvy/.dubbo/customer-service-cache&executor-management-mode=isolation&file-cache=true&metadata-type=remote&pid=15871&qos.enable=true&qos.port=33333&register=false&release=3.3.2&serialize.check.status=DISABLE&timestamp=1756263109608, dubbo version: 3.3.2, current host: 10.2.36.61
2025-08-27 09:51:49 INFO  [main] o.apache.dubbo.metadata.MetadataInfo [,] -  [DUBBO] metadata revision changed: null -> 9d7fb009214eac8d0eafb645c63839db, app: customer_service, services: 2, dubbo version: 3.3.2, current host: 10.2.36.61
2025-08-27 09:51:49 INFO  [NettyServerWorker-7-1] o.a.d.r.t.netty4.NettyServerHandler [,] -  [DUBBO] The connection [id: 0x63a27aed, L:/10.2.36.61:20889 - R:/10.2.36.61:49404] of 10.2.36.61:49404 -> 10.2.36.61:20889 is established., dubbo version: 3.3.2, current host: 10.2.36.61
2025-08-27 09:51:49 INFO  [main] o.a.d.c.deploy.DefaultModuleDeployer [,] -  [DUBBO] Dubbo Module[1.1.1] has completed., dubbo version: 3.3.2, current host: 10.2.36.61
2025-08-27 09:51:49 INFO  [main] o.a.d.c.d.DefaultApplicationDeployer [,] -  [DUBBO] Dubbo Application[1.1](customer_service) has completed., dubbo version: 3.3.2, current host: 10.2.36.61
2025-08-27 09:51:49 INFO  [main] c.e.c.CustomerServiceApplication [,] - Started CustomerServiceApplication in 31.68 seconds (process running for 31.916)
2025-08-27 09:52:17 INFO  [main-EventThread] o.a.d.r.s.CacheableFailbackRegistry [,] -  [DUBBO] Evicting urls for service com.example.common_service.services.customer.CustomerCommonService, size 1, dubbo version: 3.3.2, current host: 10.2.36.61
2025-08-27 09:52:17 WARN  [main-EventThread] o.a.d.r.s.CacheableFailbackRegistry [,] -  [DUBBO] Service com.example.common_service.services.customer.CustomerCommonService received empty address list and empty protection is disabled, will clear current available addresses, dubbo version: 3.3.2, current host: 10.2.36.61, error code: 1-4. This may be caused by , go to https://dubbo.apache.org/faq/1/4 to find instructions. 
2025-08-27 09:52:17 INFO  [main-EventThread] o.a.d.r.zookeeper.ZookeeperRegistry [,] -  [DUBBO] Notify urls for subscribe url consumer://10.2.36.61/com.example.common_service.services.customer.CustomerCommonService?application=customer_service&background=false&category=providers,configurators,routers&dubbo=2.0.2&dubbo.mapping.cache.file=C:/Users/thienvy/.dubbo/customer-service-cache&executor-management-mode=isolation&file-cache=true&interface=com.example.common_service.services.customer.CustomerCommonService&metadata-type=remote&methods=createPaymentInit,getAccountsByCifCode,getAllPaymentAccountsbyUserId&pid=15871&qos.enable=true&qos.port=33333&release=3.3.2&serialize.check.status=DISABLE&side=consumer&sticky=false&timeout=5000&timestamp=1756263109636&unloadClusterRelated=false, url size: 1, dubbo version: 3.3.2, current host: 10.2.36.61
2025-08-27 09:52:17 INFO  [main-EventThread] o.a.d.r.i.RegistryDirectory [,] -  [DUBBO] Received invokers changed event from registry. Registry type: interface. Service Key: com.example.common_service.services.customer.CustomerCommonService. Urls Size : 1. Invokers Size : 0. Available Size: 0. Available Invokers : empty, dubbo version: 3.3.2, current host: 10.2.36.61
2025-08-27 09:52:42 WARN  [metrics-collector-sync-job-thread-1] i.m.core.instrument.MeterRegistry [,] - This FunctionCounter has been already registered (MeterId{name='dubbo.application.info.total', tags=[tag(application.module.id=1.1),tag(application.name=customer_service),tag(application.version=3.3.2),tag(git.commit.id=3438707d452468e04ebadfccb7314cfedd389c32),tag(hostname=phuc-khang-HP-Pro-Tower-280-G9-E-PCI-Desktop-PC),tag(ip=10.2.36.61)]}), the registration will be ignored. Note that subsequent logs will be logged at debug level.
2025-08-27 09:52:46 INFO  [Dubbo-framework-SD-address-refresh-0-thread-1] o.a.d.r.c.e.l.ServiceInstancesChangedListener [,] -  [DUBBO] Received instance notification, serviceName: account-service, instances: 0, dubbo version: 3.3.2, current host: 10.2.36.61
2025-08-27 09:52:46 INFO  [Dubbo-framework-SD-address-refresh-0-thread-1] o.a.d.r.c.e.l.ServiceInstancesChangedListener [,] -  [DUBBO] 0 unique working revisions: , dubbo version: 3.3.2, current host: 10.2.36.61
2025-08-27 09:52:46 INFO  [Dubbo-framework-SD-address-refresh-0-thread-1] o.a.d.r.c.e.l.ServiceInstancesChangedListener [,] -  [DUBBO] Notify service com.example.common_service.services.customer.CustomerCommonService:null with urls 1, dubbo version: 3.3.2, current host: 10.2.36.61
2025-08-27 09:52:46 WARN  [Dubbo-framework-SD-address-refresh-0-thread-1] o.a.d.r.c.ServiceDiscoveryRegistryDirectory [,] -  [DUBBO] Received url with EMPTY protocol from registry ServiceDiscoveryRegistryDirectory(registry: localhost:2181, subscribed key: [account-service])-Directory(invokers: 1[10.2.36.61:20882], validInvokers: 1[10.2.36.61:20882], invokersToReconnect: 0[]), will clear all available addresses., dubbo version: 3.3.2, current host: 10.2.36.61, error code: 4-1. This may be caused by , go to https://dubbo.apache.org/faq/4/1 to find instructions. 
2025-08-27 09:52:46 INFO  [Dubbo-framework-SD-address-refresh-0-thread-1] o.a.d.r.t.netty4.NettyChannel [,] -  [DUBBO] Close netty channel [id: 0xc8093edc, L:/10.2.36.61:49734 - R:/10.2.36.61:20882], dubbo version: 3.3.2, current host: 10.2.36.61
2025-08-27 09:52:46 INFO  [Dubbo-framework-SD-address-refresh-0-thread-1] o.a.d.r.c.m.DefaultMigrationAddressComparator [,] -  [DUBBO] No instance address available, stop compare., dubbo version: 3.3.2, current host: 10.2.36.61
2025-08-27 09:52:46 INFO  [Dubbo-framework-SD-address-refresh-0-thread-1] o.a.d.r.c.ServiceDiscoveryRegistryDirectory [,] -  [DUBBO] Received invokers changed event from registry. Registry type: instance. Service Key: com.example.common_service.services.customer.CustomerCommonService. Urls Size : 1. Invokers Size : 0. Available Size: 0. Available Invokers : empty, dubbo version: 3.3.2, current host: 10.2.36.61
2025-08-27 09:52:46 INFO  [NettyClientWorker-8-1] o.a.d.r.t.netty4.NettyClientHandler [,] -  [DUBBO] The connection [id: 0xc8093edc, L:/10.2.36.61:49734 ! R:/10.2.36.61:20882] of 10.2.36.61:49734 -> 10.2.36.61:20882 is disconnected., dubbo version: 3.3.2, current host: 10.2.36.61
2025-08-27 09:53:47 INFO  [http-nio-8080-exec-1] o.a.c.c.C.[Tomcat].[localhost].[/] [,] - Initializing Spring DispatcherServlet 'dispatcherServlet'
2025-08-27 09:53:47 INFO  [http-nio-8080-exec-1] o.s.web.servlet.DispatcherServlet [,] - Initializing Servlet 'dispatcherServlet'
2025-08-27 09:53:47 INFO  [http-nio-8080-exec-1] o.s.web.servlet.DispatcherServlet [,] - Completed initialization in 1 ms
2025-08-27 09:53:47 INFO  [http-nio-8080-exec-1] c.e.c.controllers.CustomerController [,] - [checkKycStatus] CHECK_KYC_STATUS_REQUEST - RequestId: c8291161-0c93-476f-8114-9fd1333153e6, UserId: 183c3e38-93a5-486f-a443-191621b09804
2025-08-27 09:53:47 INFO  [http-nio-8080-exec-1] c.e.c.services.Impl.KycServiceImpl [,] - GET_KYC_STATUS - RequestId: 76e8e41a-6eda-44e6-b3ba-f68fc74a2ba2, UserId: 183c3e38-93a5-486f-a443-191621b09804
2025-08-27 09:53:47 INFO  [http-nio-8080-exec-1] c.e.c.services.Impl.KycServiceImpl [,] - GET_KYC_STATUS_SUCCESS - RequestId: 76e8e41a-6eda-44e6-b3ba-f68fc74a2ba2, UserId: 183c3e38-93a5-486f-a443-191621b09804, Status: VERIFIED
2025-08-27 09:53:47 INFO  [http-nio-8080-exec-1] c.e.c.controllers.CustomerController [,] - [checkKycStatus] CHECK_KYC_STATUS_SUCCESS - RequestId: c8291161-0c93-476f-8114-9fd1333153e6, UserId: 183c3e38-93a5-486f-a443-191621b09804
2025-08-27 09:53:47 INFO  [http-nio-8080-exec-2] c.e.c.controllers.CustomerController [,] - [checkKycStatus] CHECK_KYC_STATUS_REQUEST - RequestId: b586c724-677a-489d-b188-3f9b0dbb4743, UserId: 183c3e38-93a5-486f-a443-191621b09804
2025-08-27 09:53:47 INFO  [http-nio-8080-exec-2] c.e.c.services.Impl.KycServiceImpl [,] - GET_KYC_STATUS - RequestId: 24e1e5d7-3180-4c75-99e1-0104f5d81eb7, UserId: 183c3e38-93a5-486f-a443-191621b09804
2025-08-27 09:53:47 INFO  [http-nio-8080-exec-2] c.e.c.services.Impl.KycServiceImpl [,] - GET_KYC_STATUS_SUCCESS - RequestId: 24e1e5d7-3180-4c75-99e1-0104f5d81eb7, UserId: 183c3e38-93a5-486f-a443-191621b09804, Status: VERIFIED
2025-08-27 09:53:47 INFO  [http-nio-8080-exec-2] c.e.c.controllers.CustomerController [,] - [checkKycStatus] CHECK_KYC_STATUS_SUCCESS - RequestId: b586c724-677a-489d-b188-3f9b0dbb4743, UserId: 183c3e38-93a5-486f-a443-191621b09804
2025-08-27 09:53:52 INFO  [http-nio-8080-exec-3] c.e.c.controllers.CustomerController [,] - [checkKycStatus] CHECK_KYC_STATUS_REQUEST - RequestId: 4b81e8f6-ae21-4fa6-9402-895147716305, UserId: 183c3e38-93a5-486f-a443-191621b09804
2025-08-27 09:53:52 INFO  [http-nio-8080-exec-3] c.e.c.services.Impl.KycServiceImpl [,] - GET_KYC_STATUS - RequestId: 62a22417-521c-4914-a53f-35e3778f489f, UserId: 183c3e38-93a5-486f-a443-191621b09804
2025-08-27 09:53:52 INFO  [http-nio-8080-exec-3] c.e.c.services.Impl.KycServiceImpl [,] - GET_KYC_STATUS_SUCCESS - RequestId: 62a22417-521c-4914-a53f-35e3778f489f, UserId: 183c3e38-93a5-486f-a443-191621b09804, Status: VERIFIED
2025-08-27 09:53:52 INFO  [http-nio-8080-exec-3] c.e.c.controllers.CustomerController [,] - [checkKycStatus] CHECK_KYC_STATUS_SUCCESS - RequestId: 4b81e8f6-ae21-4fa6-9402-895147716305, UserId: 183c3e38-93a5-486f-a443-191621b09804
2025-08-27 09:53:52 INFO  [http-nio-8080-exec-4] c.e.c.controllers.CustomerController [,] - [getCustomerDetail] GET_CUSTOMER_DETAIL_REQUEST - RequestId: 8b3540e0-8d02-4d08-ac42-2d91cdcdaa40, UserId: 183c3e38-93a5-486f-a443-191621b09804
2025-08-27 09:53:52 INFO  [http-nio-8080-exec-4] c.e.c.controllers.CustomerController [,] - [getCustomerDetail] GET_CUSTOMER_DETAIL_SUCCESS - RequestId: 8b3540e0-8d02-4d08-ac42-2d91cdcdaa40, UserId: 183c3e38-93a5-486f-a443-191621b09804
2025-08-27 09:53:54 INFO  [http-nio-8080-exec-5] c.e.c.controllers.CustomerController [,] - [checkKycStatus] CHECK_KYC_STATUS_REQUEST - RequestId: 28a1318a-2331-45b4-b8b8-401f9b8ec637, UserId: 183c3e38-93a5-486f-a443-191621b09804
2025-08-27 09:53:54 INFO  [http-nio-8080-exec-5] c.e.c.services.Impl.KycServiceImpl [,] - GET_KYC_STATUS - RequestId: 8c645ea7-61c0-4635-91b8-f62d61bb95b4, UserId: 183c3e38-93a5-486f-a443-191621b09804
2025-08-27 09:53:54 INFO  [http-nio-8080-exec-5] c.e.c.services.Impl.KycServiceImpl [,] - GET_KYC_STATUS_SUCCESS - RequestId: 8c645ea7-61c0-4635-91b8-f62d61bb95b4, UserId: 183c3e38-93a5-486f-a443-191621b09804, Status: VERIFIED
2025-08-27 09:53:54 INFO  [http-nio-8080-exec-5] c.e.c.controllers.CustomerController [,] - [checkKycStatus] CHECK_KYC_STATUS_SUCCESS - RequestId: 28a1318a-2331-45b4-b8b8-401f9b8ec637, UserId: 183c3e38-93a5-486f-a443-191621b09804
2025-08-27 09:53:55 INFO  [http-nio-8080-exec-6] c.e.c.controllers.CustomerController [,] - [checkKycStatus] CHECK_KYC_STATUS_REQUEST - RequestId: 0b327dd7-c27e-42b5-98e1-019a19d92429, UserId: 183c3e38-93a5-486f-a443-191621b09804
2025-08-27 09:53:55 INFO  [http-nio-8080-exec-6] c.e.c.services.Impl.KycServiceImpl [,] - GET_KYC_STATUS - RequestId: 417a816c-fa2d-4f36-b6b4-0b5f8016acc1, UserId: 183c3e38-93a5-486f-a443-191621b09804
2025-08-27 09:53:55 INFO  [http-nio-8080-exec-6] c.e.c.services.Impl.KycServiceImpl [,] - GET_KYC_STATUS_SUCCESS - RequestId: 417a816c-fa2d-4f36-b6b4-0b5f8016acc1, UserId: 183c3e38-93a5-486f-a443-191621b09804, Status: VERIFIED
2025-08-27 09:53:55 INFO  [http-nio-8080-exec-6] c.e.c.controllers.CustomerController [,] - [checkKycStatus] CHECK_KYC_STATUS_SUCCESS - RequestId: 0b327dd7-c27e-42b5-98e1-019a19d92429, UserId: 183c3e38-93a5-486f-a443-191621b09804
2025-08-27 09:54:17 INFO  [Dubbo-framework-scheduler-0-thread-1] o.a.d.r.s.CacheableFailbackRegistry [,] -  [DUBBO] Clearing cached URLs, waiting to clear size 1, dubbo version: 3.3.2, current host: 10.2.36.61
2025-08-27 09:54:17 INFO  [Dubbo-framework-scheduler-0-thread-1] o.a.d.r.s.CacheableFailbackRegistry [,] -  [DUBBO] Clear cached URLs, size 0, dubbo version: 3.3.2, current host: 10.2.36.61
2025-08-27 09:54:38 INFO  [NettyServerWorker-7-2] o.a.d.r.t.netty4.NettyServerHandler [,] -  [DUBBO] The connection [id: 0xaa477dc5, L:/10.2.36.61:20889 - R:/10.2.36.61:38922] of 10.2.36.61:38922 -> 10.2.36.61:20889 is established., dubbo version: 3.3.2, current host: 10.2.36.61
2025-08-27 09:55:20 INFO  [NettyServerWorker-7-2] o.a.d.r.t.netty4.NettyServerHandler [,] -  [DUBBO] The connection [id: 0xaa477dc5, L:/10.2.36.61:20889 ! R:/10.2.36.61:38922] of 10.2.36.61:38922 -> 10.2.36.61:20889 is disconnected., dubbo version: 3.3.2, current host: 10.2.36.61
2025-08-27 09:56:17 INFO  [Dubbo-framework-scheduler-0-thread-1] o.a.d.r.s.CacheableFailbackRegistry [,] -  [DUBBO] Clearing cached URLs, waiting to clear size 1, dubbo version: 3.3.2, current host: 10.2.36.61
2025-08-27 09:56:17 INFO  [Dubbo-framework-scheduler-0-thread-1] o.a.d.r.s.CacheableFailbackRegistry [,] -  [DUBBO] Clear cached URLs, size 0, dubbo version: 3.3.2, current host: 10.2.36.61
2025-08-27 09:58:17 INFO  [Dubbo-framework-scheduler-0-thread-1] o.a.d.r.s.CacheableFailbackRegistry [,] -  [DUBBO] Clearing cached URLs, waiting to clear size 1, dubbo version: 3.3.2, current host: 10.2.36.61
2025-08-27 09:58:17 INFO  [Dubbo-framework-scheduler-0-thread-1] o.a.d.r.s.CacheableFailbackRegistry [,] -  [DUBBO] Clear cached URLs, size 1, dubbo version: 3.3.2, current host: 10.2.36.61
2025-08-27 10:00:23 INFO  [DubboShutdownHook] o.a.dubbo.config.DubboShutdownHook [,] -  [DUBBO] Run shutdown hook now., dubbo version: 3.3.2, current host: 10.2.36.61
2025-08-27 10:00:23 INFO  [SpringContextShutdownHook] o.a.d.c.deploy.DefaultModuleDeployer [,] -  [DUBBO] Dubbo Module[1.1.1] is stopping., dubbo version: 3.3.2, current host: 10.2.36.61
2025-08-27 10:00:23 INFO  [SpringContextShutdownHook] o.a.d.c.d.DefaultApplicationDeployer [,] -  [DUBBO] Dubbo Application[1.1](customer_service) has completed., dubbo version: 3.3.2, current host: 10.2.36.61
2025-08-27 10:00:23 INFO  [SpringContextShutdownHook] o.a.d.r.zookeeper.ZookeeperRegistry [,] -  [DUBBO] Unregister: dubbo://10.2.36.61:20889/com.example.common_service.services.CommonService?application=customer_service&deprecated=false&dubbo=2.0.2&dubbo.mapping.cache.file=C:/Users/thienvy/.dubbo/customer-service-cache&dynamic=true&generic=false&interface=com.example.common_service.services.CommonService&metadata-type=remote&methods=checkCustomer,getCurrentCustomer,getCurrentCustomer2,getCustomerByCifCode&prefer.serialization=hessian2,fastjson2&release=3.3.2&serialize.check.status=DISABLE&service-name-mapping=true&side=provider&timestamp=1756263109373, dubbo version: 3.3.2, current host: 10.2.36.61
2025-08-27 10:00:23 INFO  [DubboShutdownHook] o.a.dubbo.config.DubboShutdownHook [,] -  [DUBBO] Dubbo shutdown hooks execute now. Dubbo Application[1.1](customer_service), dubbo version: 3.3.2, current host: 10.2.36.61
2025-08-27 10:00:23 INFO  [SpringContextShutdownHook] o.a.d.r.zookeeper.ZookeeperRegistry [,] -  [DUBBO] Unregister: dubbo://10.2.36.61:20889/com.example.common_service.services.customer.CustomerQueryService?application=customer_service&deprecated=false&dubbo=2.0.2&dubbo.mapping.cache.file=C:/Users/thienvy/.dubbo/customer-service-cache&dynamic=true&generic=false&interface=com.example.common_service.services.customer.CustomerQueryService&metadata-type=remote&methods=getCurrentCustomer,getCustomerByCifCode,getCustomerById,getCustomerByUserId&prefer.serialization=hessian2,fastjson2&release=3.3.2&serialize.check.status=DISABLE&service-name-mapping=true&side=provider&timestamp=1756263109608, dubbo version: 3.3.2, current host: 10.2.36.61
2025-08-27 10:00:23 INFO  [SpringContextShutdownHook] o.a.d.r.zookeeper.ZookeeperRegistry [,] -  [DUBBO] Unsubscribe: provider://10.2.36.61:20889/com.example.common_service.services.CommonService?anyhost=true&application=customer_service&background=false&bind.ip=10.2.36.61&bind.port=20889&category=configurators&check=false&deprecated=false&dubbo=2.0.2&dubbo.mapping.cache.file=C:/Users/thienvy/.dubbo/customer-service-cache&dynamic=true&executor-management-mode=isolation&file-cache=true&generic=false&interface=com.example.common_service.services.CommonService&metadata-type=remote&methods=checkCustomer,getCurrentCustomer,getCurrentCustomer2,getCustomerByCifCode&pid=15871&prefer.serialization=hessian2,fastjson2&qos.enable=true&qos.port=33333&release=3.3.2&serialize.check.status=DISABLE&service-name-mapping=true&side=provider&timestamp=1756263109373, dubbo version: 3.3.2, current host: 10.2.36.61
2025-08-27 10:00:23 INFO  [SpringContextShutdownHook] o.a.d.r.zookeeper.ZookeeperRegistry [,] -  [DUBBO] Unsubscribe: provider://10.2.36.61:20889/com.example.common_service.services.customer.CustomerQueryService?anyhost=true&application=customer_service&background=false&bind.ip=10.2.36.61&bind.port=20889&category=configurators&check=false&deprecated=false&dubbo=2.0.2&dubbo.mapping.cache.file=C:/Users/thienvy/.dubbo/customer-service-cache&dynamic=true&executor-management-mode=isolation&file-cache=true&generic=false&interface=com.example.common_service.services.customer.CustomerQueryService&metadata-type=remote&methods=getCurrentCustomer,getCustomerByCifCode,getCustomerById,getCustomerByUserId&pid=15871&prefer.serialization=hessian2,fastjson2&qos.enable=true&qos.port=33333&release=3.3.2&serialize.check.status=DISABLE&service-name-mapping=true&side=provider&timestamp=1756263109608, dubbo version: 3.3.2, current host: 10.2.36.61
2025-08-27 10:00:23 INFO  [SpringContextShutdownHook] o.a.d.r.zookeeper.ZookeeperRegistry [,] -  [DUBBO] Unsubscribe: consumer://10.2.36.61/com.example.common_service.services.customer.CustomerCommonService?application=customer_service&background=false&category=providers,configurators,routers&dubbo=2.0.2&dubbo.mapping.cache.file=C:/Users/thienvy/.dubbo/customer-service-cache&executor-management-mode=isolation&file-cache=true&interface=com.example.common_service.services.customer.CustomerCommonService&metadata-type=remote&methods=createPaymentInit,getAccountsByCifCode,getAllPaymentAccountsbyUserId&pid=15871&qos.enable=true&qos.port=33333&release=3.3.2&serialize.check.status=DISABLE&side=consumer&sticky=false&timeout=5000&timestamp=1756263109636&unloadClusterRelated=false, dubbo version: 3.3.2, current host: 10.2.36.61
2025-08-27 10:00:23 INFO  [SpringContextShutdownHook] o.a.d.r.c.e.l.ServiceInstancesChangedListener [,] -  [DUBBO] Destroying instance listener of  [account-service], dubbo version: 3.3.2, current host: 10.2.36.61
2025-08-27 10:00:23 INFO  [SpringContextShutdownHook] o.a.d.c.deploy.DefaultModuleDeployer [,] -  [DUBBO] Dubbo Module[1.1.1] has stopped., dubbo version: 3.3.2, current host: 10.2.36.61
2025-08-27 10:00:23 INFO  [SpringContextShutdownHook] o.a.d.c.d.DefaultApplicationDeployer [,] -  [DUBBO] Dubbo Application[1.1](customer_service) has completed., dubbo version: 3.3.2, current host: 10.2.36.61
2025-08-27 10:00:23 INFO  [SpringContextShutdownHook] o.a.dubbo.rpc.model.FrameworkModel [,] -  [DUBBO] Reset global default application from Dubbo Application[1.1](customer_service) to null, dubbo version: 3.3.2, current host: 10.2.36.61
2025-08-27 10:00:23 INFO  [SpringContextShutdownHook] o.a.d.c.d.DefaultApplicationDeployer [,] -  [DUBBO] Dubbo Application[1.1](customer_service) is stopping., dubbo version: 3.3.2, current host: 10.2.36.61
2025-08-27 10:00:23 INFO  [SpringContextShutdownHook] o.a.d.r.protocol.dubbo.DubboProtocol [,] -  [DUBBO] Destroying protocol [DubboProtocol] ..., dubbo version: 3.3.2, current host: 10.2.36.61
2025-08-27 10:00:23 INFO  [SpringContextShutdownHook] o.a.d.r.protocol.dubbo.DubboProtocol [,] -  [DUBBO] Closing dubbo server: /10.2.36.61:20889, dubbo version: 3.3.2, current host: 10.2.36.61
2025-08-27 10:00:23 WARN  [NettyServerWorker-7-1] o.a.d.r.transport.AbstractServer [,] -  [DUBBO] All clients has disconnected from /10.2.36.61:20889. You can graceful shutdown now., dubbo version: 3.3.2, current host: 10.2.36.61, error code: 99-0. This may be caused by unknown error in remoting module, go to https://dubbo.apache.org/faq/99/0 to find instructions. 
2025-08-27 10:00:23 INFO  [NettyServerWorker-7-1] o.a.d.r.t.netty4.NettyServerHandler [,] -  [DUBBO] The connection [id: 0x63a27aed, L:/10.2.36.61:20889 ! R:/10.2.36.61:49404] of 10.2.36.61:49404 -> 10.2.36.61:20889 is disconnected., dubbo version: 3.3.2, current host: 10.2.36.61
2025-08-27 10:00:23 INFO  [SpringContextShutdownHook] o.a.d.r.transport.AbstractServer [,] -  [DUBBO] Close NettyServer bind /0.0.0.0:20889, export /10.2.36.61:20889, dubbo version: 3.3.2, current host: 10.2.36.61
2025-08-27 10:00:25 INFO  [SpringContextShutdownHook] org.apache.dubbo.qos.server.Server [,] -  [DUBBO] qos-server stopped., dubbo version: 3.3.2, current host: 10.2.36.61
2025-08-27 10:00:25 INFO  [SpringContextShutdownHook] o.a.d.c.deploy.DefaultModuleDeployer [,] -  [DUBBO] Dubbo Module[1.1.0] is stopping., dubbo version: 3.3.2, current host: 10.2.36.61
2025-08-27 10:00:25 INFO  [SpringContextShutdownHook] o.a.d.c.deploy.DefaultModuleDeployer [,] -  [DUBBO] Dubbo Module[1.1.0] has stopped., dubbo version: 3.3.2, current host: 10.2.36.61
2025-08-27 10:00:25 INFO  [SpringContextShutdownHook] o.a.d.r.support.RegistryManager [,] -  [DUBBO] Close all registries [zookeeper://localhost:2181/org.apache.dubbo.registry.RegistryService?REGISTRY_CLUSTER=default&application=customer_service&dubbo=2.0.2&dubbo.mapping.cache.file=C:/Users/thienvy/.dubbo/customer-service-cache&executor-management-mode=isolation&file-cache=true&interface=org.apache.dubbo.registry.RegistryService&metadata-type=remote&pid=15871&qos.enable=true&qos.port=33333&release=3.3.2&serialize.check.status=DISABLE, zookeeper://localhost:2181/org.apache.dubbo.registry.RegistryService?REGISTRY_CLUSTER=default&application=customer_service&dubbo=2.0.2&dubbo.mapping.cache.file=C:/Users/thienvy/.dubbo/customer-service-cache&executor-management-mode=isolation&file-cache=true&interface=org.apache.dubbo.registry.RegistryService&metadata-type=remote&pid=15871&qos.enable=true&qos.port=33333&register=false&release=3.3.2&serialize.check.status=DISABLE, zookeeper://localhost:2181/org.apache.dubbo.registry.RegistryService?REGISTRY_CLUSTER=default&application=customer_service&dubbo=2.0.2&dubbo.mapping.cache.file=C:/Users/thienvy/.dubbo/customer-service-cache&executor-management-mode=isolation&file-cache=true&interface=org.apache.dubbo.registry.RegistryService&metadata-type=remote&pid=15871&qos.enable=true&qos.port=33333&register=false&release=3.3.2&serialize.check.status=DISABLE], dubbo version: 3.3.2, current host: 10.2.36.61
2025-08-27 10:00:25 INFO  [Curator-Framework-0] o.a.c.f.imps.CuratorFrameworkImpl [,] - backgroundOperationsLoop exiting
2025-08-27 10:00:25 INFO  [main-EventThread] org.apache.zookeeper.ClientCnxn [,] - EventThread shut down for session: 0x10000039f500004
2025-08-27 10:00:25 INFO  [SpringContextShutdownHook] org.apache.zookeeper.ZooKeeper [,] - Session: 0x10000039f500004 closed
2025-08-27 10:00:25 INFO  [SpringContextShutdownHook] o.a.d.r.zookeeper.ZookeeperRegistry [,] -  [DUBBO] Destroy registry:zookeeper://localhost:2181/org.apache.dubbo.registry.RegistryService?REGISTRY_CLUSTER=default&application=customer_service&dubbo=2.0.2&dubbo.mapping.cache.file=C:/Users/thienvy/.dubbo/customer-service-cache&executor-management-mode=isolation&file-cache=true&interface=org.apache.dubbo.registry.RegistryService&metadata-type=remote&pid=15871&qos.enable=true&qos.port=33333&register=false&release=3.3.2&serialize.check.status=DISABLE, dubbo version: 3.3.2, current host: 10.2.36.61
2025-08-27 10:00:25 INFO  [SpringContextShutdownHook] o.a.d.c.t.m.DefaultExecutorRepository [,] -  [DUBBO] destroying application executor repository .., dubbo version: 3.3.2, current host: 10.2.36.61
2025-08-27 10:00:25 INFO  [SpringContextShutdownHook] o.a.d.c.d.DefaultApplicationDeployer [,] -  [DUBBO] Dubbo Application[1.1](customer_service) has stopped., dubbo version: 3.3.2, current host: 10.2.36.61
2025-08-27 10:00:25 INFO  [Curator-Framework-0] o.a.c.f.imps.CuratorFrameworkImpl [,] - backgroundOperationsLoop exiting
2025-08-27 10:00:25 INFO  [SpringContextShutdownHook] org.apache.zookeeper.ZooKeeper [,] - Session: 0x10000039f500001 closed
2025-08-27 10:00:25 ERROR [main-EventThread] o.a.c.f.recipes.cache.NodeCache [,] - 
java.lang.IllegalStateException: Expected state [STARTED] was [STOPPED]
	at org.apache.curator.shaded.com.google.common.base.Preconditions.checkState(Preconditions.java:823)
	at org.apache.curator.framework.imps.CuratorFrameworkImpl.checkState(CuratorFrameworkImpl.java:423)
	at org.apache.curator.framework.imps.CuratorFrameworkImpl.checkExists(CuratorFrameworkImpl.java:450)
	at org.apache.curator.framework.recipes.cache.NodeCache.reset(NodeCache.java:262)
	at org.apache.curator.framework.recipes.cache.NodeCache.access$100(NodeCache.java:61)
	at org.apache.curator.framework.recipes.cache.NodeCache$2.process(NodeCache.java:105)
	at org.apache.curator.framework.imps.NamespaceWatcher.process(NamespaceWatcher.java:77)
	at org.apache.zookeeper.ClientCnxn$EventThread.processEvent(ClientCnxn.java:578)
	at org.apache.zookeeper.ClientCnxn$EventThread.run(ClientCnxn.java:553)
2025-08-27 10:00:25 INFO  [SpringContextShutdownHook] o.a.dubbo.rpc.model.FrameworkModel [,] -  [DUBBO] Destroying default framework model: Dubbo Framework[1], dubbo version: 3.3.2, current host: 10.2.36.61
2025-08-27 10:00:25 INFO  [SpringContextShutdownHook] o.a.dubbo.rpc.model.FrameworkModel [,] -  [DUBBO] Dubbo Framework[1] is destroying ..., dubbo version: 3.3.2, current host: 10.2.36.61
2025-08-27 10:00:25 ERROR [main-EventThread] o.a.c.f.recipes.cache.NodeCache [,] - 
java.lang.IllegalStateException: Expected state [STARTED] was [STOPPED]
	at org.apache.curator.shaded.com.google.common.base.Preconditions.checkState(Preconditions.java:823)
	at org.apache.curator.framework.imps.CuratorFrameworkImpl.checkState(CuratorFrameworkImpl.java:423)
	at org.apache.curator.framework.imps.CuratorFrameworkImpl.checkExists(CuratorFrameworkImpl.java:450)
	at org.apache.curator.framework.recipes.cache.NodeCache.reset(NodeCache.java:262)
	at org.apache.curator.framework.recipes.cache.NodeCache.access$100(NodeCache.java:61)
	at org.apache.curator.framework.recipes.cache.NodeCache$2.process(NodeCache.java:105)
	at org.apache.curator.framework.imps.NamespaceWatcher.process(NamespaceWatcher.java:77)
	at org.apache.zookeeper.ClientCnxn$EventThread.processEvent(ClientCnxn.java:578)
	at org.apache.zookeeper.ClientCnxn$EventThread.run(ClientCnxn.java:553)
2025-08-27 10:00:25 INFO  [SpringContextShutdownHook] o.a.d.c.d.DefaultApplicationDeployer [,] -  [DUBBO] Dubbo Application[1.0](DUBBO_INTERNAL_APPLICATION) is stopping., dubbo version: 3.3.2, current host: 10.2.36.61
2025-08-27 10:00:25 INFO  [SpringContextShutdownHook] o.a.d.c.deploy.DefaultModuleDeployer [,] -  [DUBBO] Dubbo Module[1.0.0] is stopping., dubbo version: 3.3.2, current host: 10.2.36.61
2025-08-27 10:00:25 ERROR [main-EventThread] o.a.c.f.recipes.cache.NodeCache [,] - 
java.lang.IllegalStateException: Expected state [STARTED] was [STOPPED]
	at org.apache.curator.shaded.com.google.common.base.Preconditions.checkState(Preconditions.java:823)
	at org.apache.curator.framework.imps.CuratorFrameworkImpl.checkState(CuratorFrameworkImpl.java:423)
	at org.apache.curator.framework.imps.CuratorFrameworkImpl.checkExists(CuratorFrameworkImpl.java:450)
	at org.apache.curator.framework.recipes.cache.NodeCache.reset(NodeCache.java:262)
	at org.apache.curator.framework.recipes.cache.NodeCache.access$100(NodeCache.java:61)
	at org.apache.curator.framework.recipes.cache.NodeCache$2.process(NodeCache.java:105)
	at org.apache.curator.framework.imps.NamespaceWatcher.process(NamespaceWatcher.java:77)
	at org.apache.zookeeper.ClientCnxn$EventThread.processEvent(ClientCnxn.java:578)
	at org.apache.zookeeper.ClientCnxn$EventThread.run(ClientCnxn.java:553)
2025-08-27 10:00:25 INFO  [SpringContextShutdownHook] o.a.d.c.deploy.DefaultModuleDeployer [,] -  [DUBBO] Dubbo Module[1.0.0] has stopped., dubbo version: 3.3.2, current host: 10.2.36.61
2025-08-27 10:00:25 ERROR [main-EventThread] o.a.c.f.recipes.cache.NodeCache [,] - 
java.lang.IllegalStateException: Expected state [STARTED] was [STOPPED]
	at org.apache.curator.shaded.com.google.common.base.Preconditions.checkState(Preconditions.java:823)
	at org.apache.curator.framework.imps.CuratorFrameworkImpl.checkState(CuratorFrameworkImpl.java:423)
	at org.apache.curator.framework.imps.CuratorFrameworkImpl.checkExists(CuratorFrameworkImpl.java:450)
	at org.apache.curator.framework.recipes.cache.NodeCache.reset(NodeCache.java:262)
	at org.apache.curator.framework.recipes.cache.NodeCache.access$100(NodeCache.java:61)
	at org.apache.curator.framework.recipes.cache.NodeCache$2.process(NodeCache.java:105)
	at org.apache.curator.framework.imps.NamespaceWatcher.process(NamespaceWatcher.java:77)
	at org.apache.zookeeper.ClientCnxn$EventThread.processEvent(ClientCnxn.java:578)
	at org.apache.zookeeper.ClientCnxn$EventThread.run(ClientCnxn.java:553)
2025-08-27 10:00:25 INFO  [SpringContextShutdownHook] o.a.d.r.support.RegistryManager [,] -  [DUBBO] Close all registries [], dubbo version: 3.3.2, current host: 10.2.36.61
2025-08-27 10:00:25 ERROR [main-EventThread] o.a.c.f.recipes.cache.NodeCache [,] - 
java.lang.IllegalStateException: Expected state [STARTED] was [STOPPED]
	at org.apache.curator.shaded.com.google.common.base.Preconditions.checkState(Preconditions.java:823)
	at org.apache.curator.framework.imps.CuratorFrameworkImpl.checkState(CuratorFrameworkImpl.java:423)
	at org.apache.curator.framework.imps.CuratorFrameworkImpl.checkExists(CuratorFrameworkImpl.java:450)
	at org.apache.curator.framework.recipes.cache.NodeCache.reset(NodeCache.java:262)
	at org.apache.curator.framework.recipes.cache.NodeCache.access$100(NodeCache.java:61)
	at org.apache.curator.framework.recipes.cache.NodeCache$2.process(NodeCache.java:105)
	at org.apache.curator.framework.imps.NamespaceWatcher.process(NamespaceWatcher.java:77)
	at org.apache.zookeeper.ClientCnxn$EventThread.processEvent(ClientCnxn.java:578)
	at org.apache.zookeeper.ClientCnxn$EventThread.run(ClientCnxn.java:553)
2025-08-27 10:00:25 INFO  [SpringContextShutdownHook] o.a.d.c.t.m.DefaultExecutorRepository [,] -  [DUBBO] destroying application executor repository .., dubbo version: 3.3.2, current host: 10.2.36.61
2025-08-27 10:00:25 ERROR [main-EventThread] o.a.c.f.recipes.cache.NodeCache [,] - 
java.lang.IllegalStateException: Expected state [STARTED] was [STOPPED]
	at org.apache.curator.shaded.com.google.common.base.Preconditions.checkState(Preconditions.java:823)
	at org.apache.curator.framework.imps.CuratorFrameworkImpl.checkState(CuratorFrameworkImpl.java:423)
	at org.apache.curator.framework.imps.CuratorFrameworkImpl.checkExists(CuratorFrameworkImpl.java:450)
	at org.apache.curator.framework.recipes.cache.NodeCache.reset(NodeCache.java:262)
	at org.apache.curator.framework.recipes.cache.NodeCache.access$100(NodeCache.java:61)
	at org.apache.curator.framework.recipes.cache.NodeCache$2.process(NodeCache.java:105)
	at org.apache.curator.framework.imps.NamespaceWatcher.process(NamespaceWatcher.java:77)
	at org.apache.zookeeper.ClientCnxn$EventThread.processEvent(ClientCnxn.java:578)
	at org.apache.zookeeper.ClientCnxn$EventThread.run(ClientCnxn.java:553)
2025-08-27 10:00:25 INFO  [SpringContextShutdownHook] o.a.d.c.d.DefaultApplicationDeployer [,] -  [DUBBO] Dubbo Application[1.0](DUBBO_INTERNAL_APPLICATION) has stopped., dubbo version: 3.3.2, current host: 10.2.36.61
2025-08-27 10:00:25 ERROR [main-EventThread] o.a.c.f.recipes.cache.NodeCache [,] - 
java.lang.IllegalStateException: Expected state [STARTED] was [STOPPED]
	at org.apache.curator.shaded.com.google.common.base.Preconditions.checkState(Preconditions.java:823)
	at org.apache.curator.framework.imps.CuratorFrameworkImpl.checkState(CuratorFrameworkImpl.java:423)
	at org.apache.curator.framework.imps.CuratorFrameworkImpl.checkExists(CuratorFrameworkImpl.java:450)
	at org.apache.curator.framework.recipes.cache.NodeCache.reset(NodeCache.java:262)
	at org.apache.curator.framework.recipes.cache.NodeCache.access$100(NodeCache.java:61)
	at org.apache.curator.framework.recipes.cache.NodeCache$2.process(NodeCache.java:105)
	at org.apache.curator.framework.imps.NamespaceWatcher.process(NamespaceWatcher.java:77)
	at org.apache.zookeeper.ClientCnxn$EventThread.processEvent(ClientCnxn.java:578)
	at org.apache.zookeeper.ClientCnxn$EventThread.run(ClientCnxn.java:553)
2025-08-27 10:00:25 ERROR [main-EventThread] o.a.c.f.recipes.cache.NodeCache [,] - 
java.lang.IllegalStateException: Expected state [STARTED] was [STOPPED]
	at org.apache.curator.shaded.com.google.common.base.Preconditions.checkState(Preconditions.java:823)
	at org.apache.curator.framework.imps.CuratorFrameworkImpl.checkState(CuratorFrameworkImpl.java:423)
	at org.apache.curator.framework.imps.CuratorFrameworkImpl.checkExists(CuratorFrameworkImpl.java:450)
	at org.apache.curator.framework.recipes.cache.NodeCache.reset(NodeCache.java:262)
	at org.apache.curator.framework.recipes.cache.NodeCache.access$100(NodeCache.java:61)
	at org.apache.curator.framework.recipes.cache.NodeCache$2.process(NodeCache.java:105)
	at org.apache.curator.framework.imps.NamespaceWatcher.process(NamespaceWatcher.java:77)
	at org.apache.zookeeper.ClientCnxn$EventThread.processEvent(ClientCnxn.java:578)
	at org.apache.zookeeper.ClientCnxn$EventThread.run(ClientCnxn.java:553)
2025-08-27 10:00:25 ERROR [main-EventThread] o.a.c.f.recipes.cache.NodeCache [,] - 
java.lang.IllegalStateException: Expected state [STARTED] was [STOPPED]
	at org.apache.curator.shaded.com.google.common.base.Preconditions.checkState(Preconditions.java:823)
	at org.apache.curator.framework.imps.CuratorFrameworkImpl.checkState(CuratorFrameworkImpl.java:423)
	at org.apache.curator.framework.imps.CuratorFrameworkImpl.checkExists(CuratorFrameworkImpl.java:450)
	at org.apache.curator.framework.recipes.cache.NodeCache.reset(NodeCache.java:262)
	at org.apache.curator.framework.recipes.cache.NodeCache.access$100(NodeCache.java:61)
	at org.apache.curator.framework.recipes.cache.NodeCache$2.process(NodeCache.java:105)
	at org.apache.curator.framework.imps.NamespaceWatcher.process(NamespaceWatcher.java:77)
	at org.apache.zookeeper.ClientCnxn$EventThread.processEvent(ClientCnxn.java:578)
	at org.apache.zookeeper.ClientCnxn$EventThread.run(ClientCnxn.java:553)
2025-08-27 10:00:25 ERROR [main-EventThread] o.a.c.f.recipes.cache.NodeCache [,] - 
java.lang.IllegalStateException: Expected state [STARTED] was [STOPPED]
	at org.apache.curator.shaded.com.google.common.base.Preconditions.checkState(Preconditions.java:823)
	at org.apache.curator.framework.imps.CuratorFrameworkImpl.checkState(CuratorFrameworkImpl.java:423)
	at org.apache.curator.framework.imps.CuratorFrameworkImpl.checkExists(CuratorFrameworkImpl.java:450)
	at org.apache.curator.framework.recipes.cache.NodeCache.reset(NodeCache.java:262)
	at org.apache.curator.framework.recipes.cache.NodeCache.access$100(NodeCache.java:61)
	at org.apache.curator.framework.recipes.cache.NodeCache$2.process(NodeCache.java:105)
	at org.apache.curator.framework.imps.NamespaceWatcher.process(NamespaceWatcher.java:77)
	at org.apache.zookeeper.ClientCnxn$EventThread.processEvent(ClientCnxn.java:578)
	at org.apache.zookeeper.ClientCnxn$EventThread.run(ClientCnxn.java:553)
2025-08-27 10:00:25 ERROR [main-EventThread] o.a.c.f.recipes.cache.NodeCache [,] - 
java.lang.IllegalStateException: Expected state [STARTED] was [STOPPED]
	at org.apache.curator.shaded.com.google.common.base.Preconditions.checkState(Preconditions.java:823)
	at org.apache.curator.framework.imps.CuratorFrameworkImpl.checkState(CuratorFrameworkImpl.java:423)
	at org.apache.curator.framework.imps.CuratorFrameworkImpl.checkExists(CuratorFrameworkImpl.java:450)
	at org.apache.curator.framework.recipes.cache.NodeCache.reset(NodeCache.java:262)
	at org.apache.curator.framework.recipes.cache.NodeCache.access$100(NodeCache.java:61)
	at org.apache.curator.framework.recipes.cache.NodeCache$2.process(NodeCache.java:105)
	at org.apache.curator.framework.imps.NamespaceWatcher.process(NamespaceWatcher.java:77)
	at org.apache.zookeeper.ClientCnxn$EventThread.processEvent(ClientCnxn.java:578)
	at org.apache.zookeeper.ClientCnxn$EventThread.run(ClientCnxn.java:553)
2025-08-27 10:00:25 ERROR [main-EventThread] o.a.c.f.recipes.cache.NodeCache [,] - 
java.lang.IllegalStateException: Expected state [STARTED] was [STOPPED]
	at org.apache.curator.shaded.com.google.common.base.Preconditions.checkState(Preconditions.java:823)
	at org.apache.curator.framework.imps.CuratorFrameworkImpl.checkState(CuratorFrameworkImpl.java:423)
	at org.apache.curator.framework.imps.CuratorFrameworkImpl.checkExists(CuratorFrameworkImpl.java:450)
	at org.apache.curator.framework.recipes.cache.NodeCache.reset(NodeCache.java:262)
	at org.apache.curator.framework.recipes.cache.NodeCache.access$100(NodeCache.java:61)
	at org.apache.curator.framework.recipes.cache.NodeCache$2.process(NodeCache.java:105)
	at org.apache.curator.framework.imps.NamespaceWatcher.process(NamespaceWatcher.java:77)
	at org.apache.zookeeper.ClientCnxn$EventThread.processEvent(ClientCnxn.java:578)
	at org.apache.zookeeper.ClientCnxn$EventThread.run(ClientCnxn.java:553)
2025-08-27 10:00:25 INFO  [main-EventThread] org.apache.zookeeper.ClientCnxn [,] - EventThread shut down for session: 0x10000039f500001
2025-08-27 10:00:25 INFO  [SpringContextShutdownHook] o.a.dubbo.rpc.model.FrameworkModel [,] -  [DUBBO] Dubbo Framework[1] is destroyed, dubbo version: 3.3.2, current host: 10.2.36.61
2025-08-27 10:00:25 INFO  [SpringContextShutdownHook] o.a.dubbo.rpc.model.FrameworkModel [,] -  [DUBBO] Reset global default framework from Dubbo Framework[1] to null, dubbo version: 3.3.2, current host: 10.2.36.61
2025-08-27 10:00:25 INFO  [SpringContextShutdownHook] o.a.d.c.r.GlobalResourcesRepository [,] -  [DUBBO] Destroying global resources ..., dubbo version: 3.3.2, current host: 10.2.36.61
2025-08-27 10:00:25 INFO  [SpringContextShutdownHook] o.a.d.c.r.GlobalResourcesRepository [,] -  [DUBBO] Dubbo is completely destroyed, dubbo version: 3.3.2, current host: 10.2.36.61
2025-08-27 10:00:25 INFO  [SpringContextShutdownHook] o.a.d.c.t.m.FrameworkExecutorRepository [,] -  [DUBBO] destroying framework executor repository .., dubbo version: 3.3.2, current host: 10.2.36.61
2025-08-27 10:00:25 INFO  [SpringContextShutdownHook] o.a.d.c.s.c.DubboSpringInitializer [,] -  [DUBBO] Unbind Dubbo Module[1.1.1] from spring container: org.springframework.beans.factory.support.DefaultListableBeanFactory@87d9a01, dubbo version: 3.3.2, current host: 10.2.36.61
2025-08-27 10:00:27 INFO  [SpringContextShutdownHook] o.s.i.endpoint.EventDrivenConsumer [,] - Removing {logging-channel-adapter:_org.springframework.integration.errorLogger} as a subscriber to the 'errorChannel' channel
2025-08-27 10:00:27 INFO  [SpringContextShutdownHook] o.s.i.c.PublishSubscribeChannel [,] - Channel 'customer-service.errorChannel' has 0 subscriber(s).
2025-08-27 10:00:27 INFO  [SpringContextShutdownHook] o.s.i.endpoint.EventDrivenConsumer [,] - stopped bean '_org.springframework.integration.errorLogger'
2025-08-27 10:00:27 INFO  [SpringContextShutdownHook] o.s.o.j.LocalContainerEntityManagerFactoryBean [,] - Closing JPA EntityManagerFactory for persistence unit 'default'
2025-08-27 10:00:27 INFO  [SpringContextShutdownHook] com.zaxxer.hikari.HikariDataSource [,] - HikariPool-1 - Shutdown initiated...
2025-08-27 10:00:27 INFO  [SpringContextShutdownHook] com.zaxxer.hikari.HikariDataSource [,] - HikariPool-1 - Shutdown completed.
2025-08-27 10:00:30 INFO  [background-preinit] o.h.validator.internal.util.Version [,] - HV000001: Hibernate Validator 8.0.2.Final
2025-08-27 10:00:30 INFO  [main] o.a.d.s.b.c.e.WelcomeLogoApplicationListener [,] -  [DUBBO] 

 :: Dubbo (v3.3.2) : https://github.com/apache/dubbo
 :: Discuss group : dev@dubbo.apache.org
, dubbo version: 3.3.2, current host: 10.2.36.61
2025-08-27 10:00:31 INFO  [main] c.e.c.CustomerServiceApplication [,] - Starting CustomerServiceApplication using Java 17.0.16 with PID 24468 (/home/phuc-khang/banking system/java-banking-phase2/backend/customer-service/target/classes started by phuc-khang in /home/phuc-khang/banking system/java-banking-phase2)
2025-08-27 10:00:31 INFO  [main] c.e.c.CustomerServiceApplication [,] - No active profile set, falling back to 1 default profile: "default"
2025-08-27 10:00:31 INFO  [main] o.s.v.c.e.LeaseAwareVaultPropertySource [,] - Vault location [secret/customer-service] not resolvable: Not found
2025-08-27 10:00:31 INFO  [main] o.s.v.c.e.LeaseAwareVaultPropertySource [,] - Vault location [secret/application] not resolvable: Not found
2025-08-27 10:00:32 INFO  [main] o.a.dubbo.rpc.model.FrameworkModel [,] -  [DUBBO] Dubbo Framework[1] is created, dubbo version: 3.3.2, current host: 10.2.36.61
2025-08-27 10:00:32 INFO  [main] o.a.d.c.r.GlobalResourcesRepository [,] -  [DUBBO] Creating global shared handler ..., dubbo version: 3.3.2, current host: 10.2.36.61
2025-08-27 10:00:32 INFO  [main] o.a.dubbo.rpc.model.ApplicationModel [,] -  [DUBBO] Dubbo Application[1.0](unknown) is created, dubbo version: 3.3.2, current host: 10.2.36.61
2025-08-27 10:00:32 INFO  [main] o.apache.dubbo.rpc.model.ScopeModel [,] -  [DUBBO] Dubbo Module[1.0.0] is created, dubbo version: 3.3.2, current host: 10.2.36.61
2025-08-27 10:00:32 INFO  [main] o.a.d.c.c.AbstractConfigManager [,] -  [DUBBO] Config settings: {dubbo.config.mode=STRICT, dubbo.config.ignore-duplicated-interface=false}, dubbo version: 3.3.2, current host: 10.2.36.61
2025-08-27 10:00:32 INFO  [main] o.a.d.c.c.AbstractConfigManager [,] -  [DUBBO] Config settings: {dubbo.config.mode=STRICT, dubbo.config.ignore-duplicated-interface=false}, dubbo version: 3.3.2, current host: 10.2.36.61
2025-08-27 10:00:32 INFO  [main] o.a.d.c.u.SerializeSecurityManager [,] -  [DUBBO] Serialize check serializable: true, dubbo version: 3.3.2, current host: 10.2.36.61
2025-08-27 10:00:32 INFO  [main] o.a.d.c.u.SerializeSecurityConfigurator [,] -  [DUBBO] Read serialize allow list from jar:file:/home/phuc-khang/.m2/repository/org/apache/dubbo/dubbo/3.3.2/dubbo-3.3.2.jar!/security/serialize.allowlist, dubbo version: 3.3.2, current host: 10.2.36.61
2025-08-27 10:00:32 INFO  [main] o.a.d.c.u.SerializeSecurityConfigurator [,] -  [DUBBO] Read serialize blocked list from jar:file:/home/phuc-khang/.m2/repository/org/apache/dubbo/dubbo/3.3.2/dubbo-3.3.2.jar!/security/serialize.blockedlist, dubbo version: 3.3.2, current host: 10.2.36.61
2025-08-27 10:00:32 INFO  [main] o.a.dubbo.rpc.model.ApplicationModel [,] -  [DUBBO] Dubbo Application[1.1](unknown) is created, dubbo version: 3.3.2, current host: 10.2.36.61
2025-08-27 10:00:32 INFO  [main] o.apache.dubbo.rpc.model.ScopeModel [,] -  [DUBBO] Dubbo Module[1.1.0] is created, dubbo version: 3.3.2, current host: 10.2.36.61
2025-08-27 10:00:32 INFO  [main] o.a.d.c.c.AbstractConfigManager [,] -  [DUBBO] Config settings: {dubbo.config.mode=STRICT, dubbo.config.ignore-duplicated-interface=false}, dubbo version: 3.3.2, current host: 10.2.36.61
2025-08-27 10:00:32 INFO  [main] o.a.d.c.c.AbstractConfigManager [,] -  [DUBBO] Config settings: {dubbo.config.mode=STRICT, dubbo.config.ignore-duplicated-interface=false}, dubbo version: 3.3.2, current host: 10.2.36.61
2025-08-27 10:00:32 INFO  [main] o.a.d.c.u.SerializeSecurityConfigurator [,] -  [DUBBO] Read serialize allow list from jar:file:/home/phuc-khang/.m2/repository/org/apache/dubbo/dubbo/3.3.2/dubbo-3.3.2.jar!/security/serialize.allowlist, dubbo version: 3.3.2, current host: 10.2.36.61
2025-08-27 10:00:32 INFO  [main] o.a.d.c.u.SerializeSecurityConfigurator [,] -  [DUBBO] Read serialize blocked list from jar:file:/home/phuc-khang/.m2/repository/org/apache/dubbo/dubbo/3.3.2/dubbo-3.3.2.jar!/security/serialize.blockedlist, dubbo version: 3.3.2, current host: 10.2.36.61
2025-08-27 10:00:32 INFO  [main] o.a.d.c.s.c.DubboSpringInitializer [,] -  [DUBBO] Use default application: Dubbo Application[1.1](unknown), dubbo version: 3.3.2, current host: 10.2.36.61
2025-08-27 10:00:32 INFO  [main] o.apache.dubbo.rpc.model.ScopeModel [,] -  [DUBBO] Dubbo Module[1.1.1] is created, dubbo version: 3.3.2, current host: 10.2.36.61
2025-08-27 10:00:32 INFO  [main] o.a.d.c.c.AbstractConfigManager [,] -  [DUBBO] Config settings: {dubbo.config.mode=STRICT, dubbo.config.ignore-duplicated-interface=false}, dubbo version: 3.3.2, current host: 10.2.36.61
2025-08-27 10:00:32 INFO  [main] o.a.d.c.u.SerializeSecurityConfigurator [,] -  [DUBBO] Read serialize allow list from jar:file:/home/phuc-khang/.m2/repository/org/apache/dubbo/dubbo/3.3.2/dubbo-3.3.2.jar!/security/serialize.allowlist, dubbo version: 3.3.2, current host: 10.2.36.61
2025-08-27 10:00:32 INFO  [main] o.a.d.c.u.SerializeSecurityConfigurator [,] -  [DUBBO] Read serialize blocked list from jar:file:/home/phuc-khang/.m2/repository/org/apache/dubbo/dubbo/3.3.2/dubbo-3.3.2.jar!/security/serialize.blockedlist, dubbo version: 3.3.2, current host: 10.2.36.61
2025-08-27 10:00:32 INFO  [main] o.a.d.c.s.c.DubboSpringInitializer [,] -  [DUBBO] Use default module model of target application: Dubbo Module[1.1.1], dubbo version: 3.3.2, current host: 10.2.36.61
2025-08-27 10:00:32 INFO  [main] o.a.d.c.s.c.DubboSpringInitializer [,] -  [DUBBO] Bind Dubbo Module[1.1.1] to spring container: org.springframework.beans.factory.support.DefaultListableBeanFactory@36359723, dubbo version: 3.3.2, current host: 10.2.36.61
2025-08-27 10:00:32 INFO  [main] o.s.d.r.c.RepositoryConfigurationDelegate [,] - Multiple Spring Data modules found, entering strict repository configuration mode
2025-08-27 10:00:32 INFO  [main] o.s.d.r.c.RepositoryConfigurationDelegate [,] - Bootstrapping Spring Data JPA repositories in DEFAULT mode.
2025-08-27 10:00:32 INFO  [main] o.s.d.r.c.RepositoryConfigurationDelegate [,] - Finished Spring Data repository scanning in 58 ms. Found 3 JPA repository interfaces.
2025-08-27 10:00:32 INFO  [main] o.s.d.r.c.RepositoryConfigurationDelegate [,] - Multiple Spring Data modules found, entering strict repository configuration mode
2025-08-27 10:00:32 INFO  [main] o.s.d.r.c.RepositoryConfigurationDelegate [,] - Bootstrapping Spring Data Redis repositories in DEFAULT mode.
2025-08-27 10:00:32 INFO  [main] o.s.d.r.c.RepositoryConfigurationExtensionSupport [,] - Spring Data Redis - Could not safely identify store assignment for repository candidate interface com.example.customer_service.repositories.CustomerRepository; If you want this repository to be a Redis repository, consider annotating your entities with one of these annotations: org.springframework.data.redis.core.RedisHash (preferred), or consider extending one of the following types with your repository: org.springframework.data.keyvalue.repository.KeyValueRepository
2025-08-27 10:00:32 INFO  [main] o.s.d.r.c.RepositoryConfigurationExtensionSupport [,] - Spring Data Redis - Could not safely identify store assignment for repository candidate interface com.example.customer_service.repositories.KycHistoryRepository; If you want this repository to be a Redis repository, consider annotating your entities with one of these annotations: org.springframework.data.redis.core.RedisHash (preferred), or consider extending one of the following types with your repository: org.springframework.data.keyvalue.repository.KeyValueRepository
2025-08-27 10:00:32 INFO  [main] o.s.d.r.c.RepositoryConfigurationExtensionSupport [,] - Spring Data Redis - Could not safely identify store assignment for repository candidate interface com.example.customer_service.repositories.KycProfileRepository; If you want this repository to be a Redis repository, consider annotating your entities with one of these annotations: org.springframework.data.redis.core.RedisHash (preferred), or consider extending one of the following types with your repository: org.springframework.data.keyvalue.repository.KeyValueRepository
2025-08-27 10:00:32 INFO  [main] o.s.d.r.c.RepositoryConfigurationDelegate [,] - Finished Spring Data repository scanning in 15 ms. Found 0 Redis repository interfaces.
2025-08-27 10:00:33 INFO  [main] o.a.d.c.s.b.f.a.ServiceAnnotationPostProcessor [,] -  [DUBBO] BeanNameGenerator bean can't be found in BeanFactory with name [org.springframework.context.annotation.internalConfigurationBeanNameGenerator], dubbo version: 3.3.2, current host: 10.2.36.61
2025-08-27 10:00:33 INFO  [main] o.a.d.c.s.b.f.a.ServiceAnnotationPostProcessor [,] -  [DUBBO] BeanNameGenerator will be a instance of org.springframework.context.annotation.AnnotationBeanNameGenerator , it maybe a potential problem on bean name generation., dubbo version: 3.3.2, current host: 10.2.36.61
2025-08-27 10:00:33 INFO  [main] o.a.d.c.s.b.f.a.ServiceAnnotationPostProcessor [,] -  [DUBBO] Found 2 classes annotated by Dubbo @Service under package [com.example.customer_service]: [com.example.customer_service.services.Impl.CommonServiceImpl, com.example.customer_service.services.Impl.CustomerQueryServiceImpl], dubbo version: 3.3.2, current host: 10.2.36.61
2025-08-27 10:00:33 INFO  [main] o.a.d.c.s.b.f.a.ServiceAnnotationPostProcessor [,] -  [DUBBO] Register ServiceBean[ServiceBean:com.example.common_service.services.CommonService::]: Root bean: class [org.apache.dubbo.config.spring.ServiceBean]; scope=; abstract=false; lazyInit=false; autowireMode=3; dependencyCheck=0; autowireCandidate=true; primary=false; factoryBeanName=null; factoryMethodName=null; initMethodNames=null; destroyMethodNames=null, dubbo version: 3.3.2, current host: 10.2.36.61
2025-08-27 10:00:33 INFO  [main] o.a.d.c.s.b.f.a.ServiceAnnotationPostProcessor [,] -  [DUBBO] Register ServiceBean[ServiceBean:com.example.common_service.services.customer.CustomerQueryService::]: Root bean: class [org.apache.dubbo.config.spring.ServiceBean]; scope=; abstract=false; lazyInit=false; autowireMode=3; dependencyCheck=0; autowireCandidate=true; primary=false; factoryBeanName=null; factoryMethodName=null; initMethodNames=null; destroyMethodNames=null, dubbo version: 3.3.2, current host: 10.2.36.61
2025-08-27 10:00:33 INFO  [main] o.a.d.c.s.b.f.a.ServiceAnnotationPostProcessor [,] -  [DUBBO] BeanNameGenerator bean can't be found in BeanFactory with name [org.springframework.context.annotation.internalConfigurationBeanNameGenerator], dubbo version: 3.3.2, current host: 10.2.36.61
2025-08-27 10:00:33 INFO  [main] o.a.d.c.s.b.f.a.ServiceAnnotationPostProcessor [,] -  [DUBBO] BeanNameGenerator will be a instance of org.springframework.context.annotation.AnnotationBeanNameGenerator , it maybe a potential problem on bean name generation., dubbo version: 3.3.2, current host: 10.2.36.61
2025-08-27 10:00:33 INFO  [main] o.a.d.c.s.b.f.a.ServiceAnnotationPostProcessor [,] -  [DUBBO] Ignore package who has already bean scanned: com.example.customer_service.service, dubbo version: 3.3.2, current host: 10.2.36.61
2025-08-27 10:00:33 INFO  [main] o.a.d.c.s.b.f.a.ServiceAnnotationPostProcessor [,] -  [DUBBO] Ignore package who has already bean scanned: com.example.customer_service.controllers, dubbo version: 3.3.2, current host: 10.2.36.61
2025-08-27 10:00:33 INFO  [main] o.s.i.c.DefaultConfiguringBeanFactoryPostProcessor [,] - No bean named 'errorChannel' has been explicitly defined. Therefore, a default PublishSubscribeChannel will be created.
2025-08-27 10:00:33 INFO  [main] o.s.i.c.DefaultConfiguringBeanFactoryPostProcessor [,] - No bean named 'integrationHeaderChannelRegistry' has been explicitly defined. Therefore, a default DefaultHeaderChannelRegistry will be created.
2025-08-27 10:00:33 INFO  [main] o.s.cloud.context.scope.GenericScope [,] - BeanFactory id=8242c264-dfad-3a17-a051-1967ba7b177d
2025-08-27 10:00:33 INFO  [main] o.a.d.c.s.b.f.a.ReferenceAnnotationBeanPostProcessor [,] -  [DUBBO] Register dubbo reference bean: customerCommonService = ReferenceBean:com.example.common_service.services.customer.CustomerCommonService() at private com.example.common_service.services.customer.CustomerCommonService com.example.customer_service.controllers.CustomerController.customerCommonService, dubbo version: 3.3.2, current host: 10.2.36.61
2025-08-27 10:00:33 WARN  [main] o.a.d.c.s.b.f.a.ReferenceAnnotationBeanPostProcessor [,] -  [DUBBO] Already exists another bean definition with the same bean name [customerCommonService], rename dubbo reference bean to [customerCommonService#2]. It is recommended to modify the name of one of the beans to avoid injection problems. prev: customerCommonService[ReferenceBean:com.example.common_service.services.customer.CustomerCommonService()], new: customerCommonService#2[ReferenceBean:com.example.common_service.services.customer.CustomerCommonService(timeout=5000)]. Please check private com.example.common_service.services.customer.CustomerCommonService com.example.customer_service.services.Impl.CustomerServiceImpl.customerCommonService, dubbo version: 3.3.2, current host: 10.2.36.61, error code: 5-39. This may be caused by , go to https://dubbo.apache.org/faq/5/39 to find instructions. 
2025-08-27 10:00:33 INFO  [main] o.a.d.c.s.b.f.a.ReferenceAnnotationBeanPostProcessor [,] -  [DUBBO] Register dubbo reference bean: customerCommonService#2 = ReferenceBean:com.example.common_service.services.customer.CustomerCommonService(timeout=5000) at private com.example.common_service.services.customer.CustomerCommonService com.example.customer_service.services.Impl.CustomerServiceImpl.customerCommonService, dubbo version: 3.3.2, current host: 10.2.36.61
2025-08-27 10:00:33 INFO  [main] o.a.d.c.s.b.f.a.ReferenceAnnotationBeanPostProcessor [,] -  [DUBBO] class org.apache.dubbo.config.spring.beans.factory.annotation.ReferenceAnnotationBeanPostProcessor was destroying!, dubbo version: 3.3.2, current host: 10.2.36.61
2025-08-27 10:00:34 INFO  [main] o.s.b.w.e.tomcat.TomcatWebServer [,] - Tomcat initialized with port 8080 (http)
2025-08-27 10:00:34 INFO  [main] o.a.coyote.http11.Http11NioProtocol [,] - Initializing ProtocolHandler ["http-nio-8080"]
2025-08-27 10:00:34 INFO  [main] o.a.catalina.core.StandardService [,] - Starting service [Tomcat]
2025-08-27 10:00:34 INFO  [main] o.a.catalina.core.StandardEngine [,] - Starting Servlet engine: [Apache Tomcat/10.1.40]
2025-08-27 10:00:34 INFO  [main] o.a.c.c.C.[Tomcat].[localhost].[/] [,] - Initializing Spring embedded WebApplicationContext
2025-08-27 10:00:34 INFO  [main] o.s.b.w.s.c.ServletWebServerApplicationContext [,] - Root WebApplicationContext: initialization completed in 3041 ms
2025-08-27 10:00:34 INFO  [main] o.a.d.c.s.c.DubboConfigBeanInitializer [,] -  [DUBBO] loading dubbo config beans ..., dubbo version: 3.3.2, current host: 10.2.36.61
2025-08-27 10:00:34 INFO  [main] o.a.d.c.s.c.DubboConfigBeanInitializer [,] -  [DUBBO] dubbo config beans are loaded., dubbo version: 3.3.2, current host: 10.2.36.61
2025-08-27 10:00:34 INFO  [main] o.a.d.c.d.DefaultApplicationDeployer [,] -  [DUBBO] No value is configured in the registry, the DynamicConfigurationFactory extension[name : zookeeper] supports as the config center, dubbo version: 3.3.2, current host: 10.2.36.61
2025-08-27 10:00:34 INFO  [main] o.a.d.c.d.DefaultApplicationDeployer [,] -  [DUBBO] The registry[<dubbo:registry port="2181" address="zookeeper://localhost:2181" protocol="zookeeper" />] will be used as the config center, dubbo version: 3.3.2, current host: 10.2.36.61
2025-08-27 10:00:34 INFO  [main] o.a.d.c.d.DefaultApplicationDeployer [,] -  [DUBBO] use registry as config-center: <dubbo:config-center highestPriority="false" id="config-center-zookeeper-localhost-2181" address="zookeeper://localhost:2181" protocol="zookeeper" port="2181" parameters="{client=null}" />, dubbo version: 3.3.2, current host: 10.2.36.61
2025-08-27 10:00:34 INFO  [main] o.a.c.f.imps.CuratorFrameworkImpl [,] - Starting
2025-08-27 10:00:34 INFO  [main] org.apache.zookeeper.ZooKeeper [,] - Client environment:zookeeper.version=3.7.1-a2fb57c55f8e59cdd76c34b357ad5181df1258d5, built on 2022-05-07 06:45 UTC
2025-08-27 10:00:34 INFO  [main] org.apache.zookeeper.ZooKeeper [,] - Client environment:host.name=phuc-khang-HP-Pro-Tower-280-G9-E-PCI-Desktop-PC
2025-08-27 10:00:34 INFO  [main] org.apache.zookeeper.ZooKeeper [,] - Client environment:java.version=17.0.16
2025-08-27 10:00:34 INFO  [main] org.apache.zookeeper.ZooKeeper [,] - Client environment:java.vendor=Ubuntu
2025-08-27 10:00:34 INFO  [main] org.apache.zookeeper.ZooKeeper [,] - Client environment:java.home=/usr/lib/jvm/java-17-openjdk-amd64
2025-08-27 10:00:34 INFO  [main] org.apache.zookeeper.ZooKeeper [,] - Client environment:java.class.path=/home/phuc-khang/banking system/java-banking-phase2/backend/customer-service/target/classes:/home/phuc-khang/.m2/repository/org/springframework/boot/spring-boot-starter-actuator/3.3.11/spring-boot-starter-actuator-3.3.11.jar:/home/phuc-khang/.m2/repository/org/springframework/boot/spring-boot-starter/3.3.11/spring-boot-starter-3.3.11.jar:/home/phuc-khang/.m2/repository/org/springframework/boot/spring-boot/3.3.11/spring-boot-3.3.11.jar:/home/phuc-khang/.m2/repository/org/springframework/boot/spring-boot-autoconfigure/3.3.11/spring-boot-autoconfigure-3.3.11.jar:/home/phuc-khang/.m2/repository/org/springframework/boot/spring-boot-starter-logging/3.3.11/spring-boot-starter-logging-3.3.11.jar:/home/phuc-khang/.m2/repository/ch/qos/logback/logback-classic/1.5.18/logback-classic-1.5.18.jar:/home/phuc-khang/.m2/repository/ch/qos/logback/logback-core/1.5.18/logback-core-1.5.18.jar:/home/phuc-khang/.m2/repository/org/apache/logging/log4j/log4j-to-slf4j/2.23.1/log4j-to-slf4j-2.23.1.jar:/home/phuc-khang/.m2/repository/org/apache/logging/log4j/log4j-api/2.23.1/log4j-api-2.23.1.jar:/home/phuc-khang/.m2/repository/org/slf4j/jul-to-slf4j/2.0.17/jul-to-slf4j-2.0.17.jar:/home/phuc-khang/.m2/repository/jakarta/annotation/jakarta.annotation-api/2.1.1/jakarta.annotation-api-2.1.1.jar:/home/phuc-khang/.m2/repository/org/yaml/snakeyaml/2.2/snakeyaml-2.2.jar:/home/phuc-khang/.m2/repository/org/springframework/boot/spring-boot-actuator-autoconfigure/3.3.11/spring-boot-actuator-autoconfigure-3.3.11.jar:/home/phuc-khang/.m2/repository/org/springframework/boot/spring-boot-actuator/3.3.11/spring-boot-actuator-3.3.11.jar:/home/phuc-khang/.m2/repository/io/micrometer/micrometer-observation/1.13.13/micrometer-observation-1.13.13.jar:/home/phuc-khang/.m2/repository/io/micrometer/micrometer-commons/1.13.13/micrometer-commons-1.13.13.jar:/home/phuc-khang/.m2/repository/io/micrometer/micrometer-jakarta9/1.13.13/micrometer-jakarta9-1.13.13.jar:/home/phuc-khang/.m2/repository/io/micrometer/micrometer-core/1.13.13/micrometer-core-1.13.13.jar:/home/phuc-khang/.m2/repository/org/hdrhistogram/HdrHistogram/2.2.2/HdrHistogram-2.2.2.jar:/home/phuc-khang/.m2/repository/org/latencyutils/LatencyUtils/2.0.3/LatencyUtils-2.0.3.jar:/home/phuc-khang/.m2/repository/org/springframework/boot/spring-boot-starter-data-jpa/3.3.11/spring-boot-starter-data-jpa-3.3.11.jar:/home/phuc-khang/.m2/repository/org/springframework/boot/spring-boot-starter-aop/3.3.11/spring-boot-starter-aop-3.3.11.jar:/home/phuc-khang/.m2/repository/org/aspectj/aspectjweaver/1.9.24/aspectjweaver-1.9.24.jar:/home/phuc-khang/.m2/repository/org/springframework/boot/spring-boot-starter-jdbc/3.3.11/spring-boot-starter-jdbc-3.3.11.jar:/home/phuc-khang/.m2/repository/com/zaxxer/HikariCP/5.1.0/HikariCP-5.1.0.jar:/home/phuc-khang/.m2/repository/org/springframework/spring-jdbc/6.1.19/spring-jdbc-6.1.19.jar:/home/phuc-khang/.m2/repository/org/hibernate/orm/hibernate-core/6.5.3.Final/hibernate-core-6.5.3.Final.jar:/home/phuc-khang/.m2/repository/jakarta/transaction/jakarta.transaction-api/2.0.1/jakarta.transaction-api-2.0.1.jar:/home/phuc-khang/.m2/repository/org/jboss/logging/jboss-logging/3.5.3.Final/jboss-logging-3.5.3.Final.jar:/home/phuc-khang/.m2/repository/org/hibernate/common/hibernate-commons-annotations/6.0.6.Final/hibernate-commons-annotations-6.0.6.Final.jar:/home/phuc-khang/.m2/repository/io/smallrye/jandex/3.1.2/jandex-3.1.2.jar:/home/phuc-khang/.m2/repository/com/fasterxml/classmate/1.7.0/classmate-1.7.0.jar:/home/phuc-khang/.m2/repository/net/bytebuddy/byte-buddy/1.14.19/byte-buddy-1.14.19.jar:/home/phuc-khang/.m2/repository/org/glassfish/jaxb/jaxb-runtime/4.0.5/jaxb-runtime-4.0.5.jar:/home/phuc-khang/.m2/repository/jakarta/inject/jakarta.inject-api/2.0.1/jakarta.inject-api-2.0.1.jar:/home/phuc-khang/.m2/repository/org/antlr/antlr4-runtime/4.13.0/antlr4-runtime-4.13.0.jar:/home/phuc-khang/.m2/repository/org/springframework/data/spring-data-jpa/3.3.11/spring-data-jpa-3.3.11.jar:/home/phuc-khang/.m2/repository/org/springframework/data/spring-data-commons/3.3.11/spring-data-commons-3.3.11.jar:/home/phuc-khang/.m2/repository/org/springframework/spring-orm/6.1.19/spring-orm-6.1.19.jar:/home/phuc-khang/.m2/repository/org/springframework/spring-context/6.1.19/spring-context-6.1.19.jar:/home/phuc-khang/.m2/repository/org/springframework/spring-tx/6.1.19/spring-tx-6.1.19.jar:/home/phuc-khang/.m2/repository/org/springframework/spring-aspects/6.1.19/spring-aspects-6.1.19.jar:/home/phuc-khang/.m2/repository/org/springframework/boot/spring-boot-starter-web/3.3.11/spring-boot-starter-web-3.3.11.jar:/home/phuc-khang/.m2/repository/org/springframework/boot/spring-boot-starter-json/3.3.11/spring-boot-starter-json-3.3.11.jar:/home/phuc-khang/.m2/repository/com/fasterxml/jackson/module/jackson-module-parameter-names/2.17.3/jackson-module-parameter-names-2.17.3.jar:/home/phuc-khang/.m2/repository/org/springframework/boot/spring-boot-starter-tomcat/3.3.11/spring-boot-starter-tomcat-3.3.11.jar:/home/phuc-khang/.m2/repository/org/apache/tomcat/embed/tomcat-embed-core/10.1.40/tomcat-embed-core-10.1.40.jar:/home/phuc-khang/.m2/repository/org/apache/tomcat/embed/tomcat-embed-websocket/10.1.40/tomcat-embed-websocket-10.1.40.jar:/home/phuc-khang/.m2/repository/org/springframework/spring-web/6.1.19/spring-web-6.1.19.jar:/home/phuc-khang/.m2/repository/org/springframework/spring-webmvc/6.1.19/spring-webmvc-6.1.19.jar:/home/phuc-khang/.m2/repository/org/springframework/spring-expression/6.1.19/spring-expression-6.1.19.jar:/home/phuc-khang/.m2/repository/jakarta/xml/bind/jakarta.xml.bind-api/4.0.2/jakarta.xml.bind-api-4.0.2.jar:/home/phuc-khang/.m2/repository/jakarta/activation/jakarta.activation-api/2.1.3/jakarta.activation-api-2.1.3.jar:/home/phuc-khang/.m2/repository/org/springframework/spring-core/6.1.19/spring-core-6.1.19.jar:/home/phuc-khang/.m2/repository/org/springframework/spring-jcl/6.1.19/spring-jcl-6.1.19.jar:/home/phuc-khang/.m2/repository/com/mysql/mysql-connector-j/8.3.0/mysql-connector-j-8.3.0.jar:/home/phuc-khang/.m2/repository/org/projectlombok/lombok/1.18.38/lombok-1.18.38.jar:/home/phuc-khang/.m2/repository/org/springframework/spring-webflux/6.1.19/spring-webflux-6.1.19.jar:/home/phuc-khang/.m2/repository/org/springframework/spring-beans/6.1.19/spring-beans-6.1.19.jar:/home/phuc-khang/.m2/repository/io/projectreactor/reactor-core/3.6.16/reactor-core-3.6.16.jar:/home/phuc-khang/.m2/repository/org/reactivestreams/reactive-streams/1.0.4/reactive-streams-1.0.4.jar:/home/phuc-khang/.m2/repository/org/springframework/boot/spring-boot-starter-webflux/3.3.11/spring-boot-starter-webflux-3.3.11.jar:/home/phuc-khang/.m2/repository/org/springframework/boot/spring-boot-starter-reactor-netty/3.3.11/spring-boot-starter-reactor-netty-3.3.11.jar:/home/phuc-khang/.m2/repository/io/projectreactor/netty/reactor-netty-http/1.1.29/reactor-netty-http-1.1.29.jar:/home/phuc-khang/.m2/repository/io/netty/netty-codec-http/4.1.119.Final/netty-codec-http-4.1.119.Final.jar:/home/phuc-khang/.m2/repository/io/netty/netty-codec-http2/4.1.119.Final/netty-codec-http2-4.1.119.Final.jar:/home/phuc-khang/.m2/repository/io/netty/netty-resolver-dns/4.1.119.Final/netty-resolver-dns-4.1.119.Final.jar:/home/phuc-khang/.m2/repository/io/netty/netty-codec-dns/4.1.119.Final/netty-codec-dns-4.1.119.Final.jar:/home/phuc-khang/.m2/repository/io/netty/netty-resolver-dns-native-macos/4.1.119.Final/netty-resolver-dns-native-macos-4.1.119.Final-osx-x86_64.jar:/home/phuc-khang/.m2/repository/io/netty/netty-resolver-dns-classes-macos/4.1.119.Final/netty-resolver-dns-classes-macos-4.1.119.Final.jar:/home/phuc-khang/.m2/repository/io/netty/netty-transport-native-epoll/4.1.119.Final/netty-transport-native-epoll-4.1.119.Final-linux-x86_64.jar:/home/phuc-khang/.m2/repository/io/projectreactor/netty/reactor-netty-core/1.1.29/reactor-netty-core-1.1.29.jar:/home/phuc-khang/.m2/repository/io/netty/netty-handler-proxy/4.1.119.Final/netty-handler-proxy-4.1.119.Final.jar:/home/phuc-khang/.m2/repository/org/springdoc/springdoc-openapi-starter-webmvc-ui/2.0.2/springdoc-openapi-starter-webmvc-ui-2.0.2.jar:/home/phuc-khang/.m2/repository/org/springdoc/springdoc-openapi-starter-webmvc-api/2.0.2/springdoc-openapi-starter-webmvc-api-2.0.2.jar:/home/phuc-khang/.m2/repository/org/springdoc/springdoc-openapi-starter-common/2.0.2/springdoc-openapi-starter-common-2.0.2.jar:/home/phuc-khang/.m2/repository/io/swagger/core/v3/swagger-core-jakarta/2.2.7/swagger-core-jakarta-2.2.7.jar:/home/phuc-khang/.m2/repository/org/apache/commons/commons-lang3/3.14.0/commons-lang3-3.14.0.jar:/home/phuc-khang/.m2/repository/io/swagger/core/v3/swagger-annotations-jakarta/2.2.7/swagger-annotations-jakarta-2.2.7.jar:/home/phuc-khang/.m2/repository/io/swagger/core/v3/swagger-models-jakarta/2.2.7/swagger-models-jakarta-2.2.7.jar:/home/phuc-khang/.m2/repository/com/fasterxml/jackson/dataformat/jackson-dataformat-yaml/2.17.3/jackson-dataformat-yaml-2.17.3.jar:/home/phuc-khang/.m2/repository/org/webjars/swagger-ui/4.15.5/swagger-ui-4.15.5.jar:/home/phuc-khang/.m2/repository/org/webjars/webjars-locator-core/0.58/webjars-locator-core-0.58.jar:/home/phuc-khang/.m2/repository/io/github/classgraph/classgraph/4.8.149/classgraph-4.8.149.jar:/home/phuc-khang/.m2/repository/org/springframework/boot/spring-boot-starter-validation/3.3.11/spring-boot-starter-validation-3.3.11.jar:/home/phuc-khang/.m2/repository/org/apache/tomcat/embed/tomcat-embed-el/10.1.40/tomcat-embed-el-10.1.40.jar:/home/phuc-khang/.m2/repository/org/hibernate/validator/hibernate-validator/8.0.2.Final/hibernate-validator-8.0.2.Final.jar:/home/phuc-khang/.m2/repository/org/keycloak/keycloak-spring-boot-starter/24.0.5/keycloak-spring-boot-starter-24.0.5.jar:/home/phuc-khang/.m2/repository/org/keycloak/keycloak-spring-boot-2-adapter/24.0.5/keycloak-spring-boot-2-adapter-24.0.5.jar:/home/phuc-khang/.m2/repository/org/keycloak/keycloak-spring-boot-adapter-core/24.0.5/keycloak-spring-boot-adapter-core-24.0.5.jar:/home/phuc-khang/.m2/repository/org/keycloak/keycloak-core/24.0.5/keycloak-core-24.0.5.jar:/home/phuc-khang/.m2/repository/org/keycloak/keycloak-common/24.0.5/keycloak-common-24.0.5.jar:/home/phuc-khang/.m2/repository/org/keycloak/keycloak-authz-client/24.0.5/keycloak-authz-client-24.0.5.jar:/home/phuc-khang/.m2/repository/org/apache/httpcomponents/httpclient/4.5.14/httpclient-4.5.14.jar:/home/phuc-khang/.m2/repository/org/apache/httpcomponents/httpcore/4.4.16/httpcore-4.4.16.jar:/home/phuc-khang/.m2/repository/commons-logging/commons-logging/1.2/commons-logging-1.2.jar:/home/phuc-khang/.m2/repository/org/keycloak/spring-boot-container-bundle/24.0.5/spring-boot-container-bundle-24.0.5.jar:/home/phuc-khang/.m2/repository/org/keycloak/keycloak-adapter-core/24.0.5/keycloak-adapter-core-24.0.5.jar:/home/phuc-khang/.m2/repository/org/keycloak/keycloak-crypto-default/24.0.5/keycloak-crypto-default-24.0.5.jar:/home/phuc-khang/.m2/repository/org/keycloak/keycloak-server-spi/24.0.5/keycloak-server-spi-24.0.5.jar:/home/phuc-khang/.m2/repository/org/keycloak/keycloak-server-spi-private/24.0.5/keycloak-server-spi-private-24.0.5.jar:/home/phuc-khang/.m2/repository/org/bouncycastle/bcpkix-jdk18on/1.77/bcpkix-jdk18on-1.77.jar:/home/phuc-khang/.m2/repository/org/bouncycastle/bcutil-jdk18on/1.77/bcutil-jdk18on-1.77.jar:/home/phuc-khang/.m2/repository/org/keycloak/keycloak-spring-security-adapter/24.0.5/keycloak-spring-security-adapter-24.0.5.jar:/home/phuc-khang/.m2/repository/org/keycloak/keycloak-adapter-spi/24.0.5/keycloak-adapter-spi-24.0.5.jar:/home/phuc-khang/.m2/repository/org/keycloak/keycloak-policy-enforcer/24.0.5/keycloak-policy-enforcer-24.0.5.jar:/home/phuc-khang/.m2/repository/org/bouncycastle/bcprov-jdk18on/1.77/bcprov-jdk18on-1.77.jar:/home/phuc-khang/.m2/repository/org/springframework/boot/spring-boot-starter-security/3.3.11/spring-boot-starter-security-3.3.11.jar:/home/phuc-khang/.m2/repository/org/springframework/spring-aop/6.1.19/spring-aop-6.1.19.jar:/home/phuc-khang/.m2/repository/org/springframework/security/spring-security-config/6.3.9/spring-security-config-6.3.9.jar:/home/phuc-khang/.m2/repository/org/springframework/security/spring-security-web/6.3.9/spring-security-web-6.3.9.jar:/home/phuc-khang/.m2/repository/org/springframework/boot/spring-boot-starter-oauth2-resource-server/3.3.11/spring-boot-starter-oauth2-resource-server-3.3.11.jar:/home/phuc-khang/.m2/repository/org/springframework/security/spring-security-core/6.3.9/spring-security-core-6.3.9.jar:/home/phuc-khang/.m2/repository/org/springframework/security/spring-security-crypto/6.3.9/spring-security-crypto-6.3.9.jar:/home/phuc-khang/.m2/repository/org/springframework/security/spring-security-oauth2-resource-server/6.3.9/spring-security-oauth2-resource-server-6.3.9.jar:/home/phuc-khang/.m2/repository/org/springframework/security/spring-security-oauth2-core/6.3.9/spring-security-oauth2-core-6.3.9.jar:/home/phuc-khang/.m2/repository/org/springframework/security/spring-security-oauth2-jose/6.3.9/spring-security-oauth2-jose-6.3.9.jar:/home/phuc-khang/.m2/repository/com/nimbusds/nimbus-jose-jwt/9.37.3/nimbus-jose-jwt-9.37.3.jar:/home/phuc-khang/.m2/repository/com/github/stephenc/jcip/jcip-annotations/1.0-1/jcip-annotations-1.0-1.jar:/home/phuc-khang/.m2/repository/org/keycloak/keycloak-admin-client/26.0.0/keycloak-admin-client-26.0.0.jar:/home/phuc-khang/.m2/repository/org/keycloak/keycloak-client-common-synced/26.0.0/keycloak-client-common-synced-26.0.0.jar:/home/phuc-khang/.m2/repository/org/jboss/logging/commons-logging-jboss-logging/1.0.0.Final/commons-logging-jboss-logging-1.0.0.Final.jar:/home/phuc-khang/.m2/repository/com/fasterxml/jackson/core/jackson-core/2.17.3/jackson-core-2.17.3.jar:/home/phuc-khang/.m2/repository/com/fasterxml/jackson/core/jackson-annotations/2.17.3/jackson-annotations-2.17.3.jar:/home/phuc-khang/.m2/repository/com/fasterxml/jackson/datatype/jackson-datatype-jdk8/2.17.3/jackson-datatype-jdk8-2.17.3.jar:/home/phuc-khang/.m2/repository/com/fasterxml/jackson/datatype/jackson-datatype-jsr310/2.17.3/jackson-datatype-jsr310-2.17.3.jar:/home/phuc-khang/.m2/repository/org/eclipse/microprofile/openapi/microprofile-openapi-api/3.1.1/microprofile-openapi-api-3.1.1.jar:/home/phuc-khang/.m2/repository/org/jboss/resteasy/resteasy-client/6.2.9.Final/resteasy-client-6.2.9.Final.jar:/home/phuc-khang/.m2/repository/org/jboss/resteasy/resteasy-client-api/6.2.9.Final/resteasy-client-api-6.2.9.Final.jar:/home/phuc-khang/.m2/repository/org/jboss/resteasy/resteasy-core-spi/6.2.9.Final/resteasy-core-spi-6.2.9.Final.jar:/home/phuc-khang/.m2/repository/org/jboss/resteasy/resteasy-core/6.2.9.Final/resteasy-core-6.2.9.Final.jar:/home/phuc-khang/.m2/repository/org/jboss/jandex/2.4.5.Final/jandex-2.4.5.Final.jar:/home/phuc-khang/.m2/repository/org/eclipse/angus/angus-activation/2.0.2/angus-activation-2.0.2.jar:/home/phuc-khang/.m2/repository/com/ibm/async/asyncutil/0.1.0/asyncutil-0.1.0.jar:/home/phuc-khang/.m2/repository/commons-codec/commons-codec/1.16.1/commons-codec-1.16.1.jar:/home/phuc-khang/.m2/repository/jakarta/ws/rs/jakarta.ws.rs-api/3.1.0/jakarta.ws.rs-api-3.1.0.jar:/home/phuc-khang/.m2/repository/org/jboss/resteasy/resteasy-multipart-provider/6.2.9.Final/resteasy-multipart-provider-6.2.9.Final.jar:/home/phuc-khang/.m2/repository/jakarta/mail/jakarta.mail-api/2.1.3/jakarta.mail-api-2.1.3.jar:/home/phuc-khang/.m2/repository/org/eclipse/angus/angus-mail/2.0.3/angus-mail-2.0.3.jar:/home/phuc-khang/.m2/repository/org/apache/james/apache-mime4j-dom/0.8.11/apache-mime4j-dom-0.8.11.jar:/home/phuc-khang/.m2/repository/org/apache/james/apache-mime4j-core/0.8.11/apache-mime4j-core-0.8.11.jar:/home/phuc-khang/.m2/repository/org/apache/james/apache-mime4j-storage/0.8.11/apache-mime4j-storage-0.8.11.jar:/home/phuc-khang/.m2/repository/commons-io/commons-io/2.11.0/commons-io-2.11.0.jar:/home/phuc-khang/.m2/repository/org/jboss/resteasy/resteasy-jackson2-provider/6.2.9.Final/resteasy-jackson2-provider-6.2.9.Final.jar:/home/phuc-khang/.m2/repository/com/fasterxml/jackson/jakarta/rs/jackson-jakarta-rs-base/2.17.3/jackson-jakarta-rs-base-2.17.3.jar:/home/phuc-khang/.m2/repository/com/fasterxml/jackson/jakarta/rs/jackson-jakarta-rs-json-provider/2.17.3/jackson-jakarta-rs-json-provider-2.17.3.jar:/home/phuc-khang/.m2/repository/com/fasterxml/jackson/module/jackson-module-jakarta-xmlbind-annotations/2.17.3/jackson-module-jakarta-xmlbind-annotations-2.17.3.jar:/home/phuc-khang/.m2/repository/com/github/java-json-tools/json-patch/1.13/json-patch-1.13.jar:/home/phuc-khang/.m2/repository/com/github/java-json-tools/msg-simple/1.2/msg-simple-1.2.jar:/home/phuc-khang/.m2/repository/com/github/java-json-tools/btf/1.3/btf-1.3.jar:/home/phuc-khang/.m2/repository/com/github/java-json-tools/jackson-coreutils/2.0/jackson-coreutils-2.0.jar:/home/phuc-khang/.m2/repository/org/jboss/resteasy/resteasy-jaxb-provider/6.2.9.Final/resteasy-jaxb-provider-6.2.9.Final.jar:/home/phuc-khang/.m2/repository/org/glassfish/jaxb/codemodel/4.0.5/codemodel-4.0.5.jar:/home/phuc-khang/.m2/repository/org/glassfish/jaxb/jaxb-core/4.0.5/jaxb-core-4.0.5.jar:/home/phuc-khang/.m2/repository/org/glassfish/jaxb/jaxb-jxc/4.0.5/jaxb-jxc-4.0.5.jar:/home/phuc-khang/.m2/repository/org/glassfish/jaxb/txw2/4.0.5/txw2-4.0.5.jar:/home/phuc-khang/.m2/repository/org/glassfish/jaxb/jaxb-xjc/4.0.5/jaxb-xjc-4.0.5.jar:/home/phuc-khang/.m2/repository/org/glassfish/jaxb/xsom/4.0.5/xsom-4.0.5.jar:/home/phuc-khang/.m2/repository/com/sun/istack/istack-commons-runtime/4.1.2/istack-commons-runtime-4.1.2.jar:/home/phuc-khang/.m2/repository/com/sun/istack/istack-commons-tools/4.1.2/istack-commons-tools-4.1.2.jar:/home/phuc-khang/.m2/repository/com/sun/xml/bind/external/relaxng-datatype/4.0.3/relaxng-datatype-4.0.3.jar:/home/phuc-khang/.m2/repository/com/sun/xml/bind/external/rngom/4.0.3/rngom-4.0.3.jar:/home/phuc-khang/banking system/java-banking-phase2/backend/common-service/target/classes:/home/phuc-khang/.m2/repository/com/fasterxml/jackson/core/jackson-databind/2.17.3/jackson-databind-2.17.3.jar:/home/phuc-khang/.m2/repository/jakarta/validation/jakarta.validation-api/3.0.2/jakarta.validation-api-3.0.2.jar:/home/phuc-khang/.m2/repository/jakarta/persistence/jakarta.persistence-api/3.1.0/jakarta.persistence-api-3.1.0.jar:/home/phuc-khang/.m2/repository/org/apache/dubbo/dubbo-spring-boot-starter/3.3.2/dubbo-spring-boot-starter-3.3.2.jar:/home/phuc-khang/.m2/repository/org/apache/dubbo/dubbo-spring-boot-autoconfigure/3.3.2/dubbo-spring-boot-autoconfigure-3.3.2.jar:/home/phuc-khang/.m2/repository/org/apache/dubbo/dubbo-spring-boot-autoconfigure-compatible/3.3.2/dubbo-spring-boot-autoconfigure-compatible-3.3.2.jar:/home/phuc-khang/.m2/repository/org/apache/dubbo/dubbo/3.3.2/dubbo-3.3.2.jar:/home/phuc-khang/.m2/repository/org/javassist/javassist/3.30.2-GA/javassist-3.30.2-GA.jar:/home/phuc-khang/.m2/repository/io/netty/netty-all/4.1.119.Final/netty-all-4.1.119.Final.jar:/home/phuc-khang/.m2/repository/io/netty/netty-codec-haproxy/4.1.119.Final/netty-codec-haproxy-4.1.119.Final.jar:/home/phuc-khang/.m2/repository/io/netty/netty-codec-memcache/4.1.119.Final/netty-codec-memcache-4.1.119.Final.jar:/home/phuc-khang/.m2/repository/io/netty/netty-codec-mqtt/4.1.119.Final/netty-codec-mqtt-4.1.119.Final.jar:/home/phuc-khang/.m2/repository/io/netty/netty-codec-redis/4.1.119.Final/netty-codec-redis-4.1.119.Final.jar:/home/phuc-khang/.m2/repository/io/netty/netty-codec-smtp/4.1.119.Final/netty-codec-smtp-4.1.119.Final.jar:/home/phuc-khang/.m2/repository/io/netty/netty-codec-socks/4.1.119.Final/netty-codec-socks-4.1.119.Final.jar:/home/phuc-khang/.m2/repository/io/netty/netty-codec-stomp/4.1.119.Final/netty-codec-stomp-4.1.119.Final.jar:/home/phuc-khang/.m2/repository/io/netty/netty-codec-xml/4.1.119.Final/netty-codec-xml-4.1.119.Final.jar:/home/phuc-khang/.m2/repository/io/netty/netty-handler-ssl-ocsp/4.1.119.Final/netty-handler-ssl-ocsp-4.1.119.Final.jar:/home/phuc-khang/.m2/repository/io/netty/netty-transport-rxtx/4.1.119.Final/netty-transport-rxtx-4.1.119.Final.jar:/home/phuc-khang/.m2/repository/io/netty/netty-transport-sctp/4.1.119.Final/netty-transport-sctp-4.1.119.Final.jar:/home/phuc-khang/.m2/repository/io/netty/netty-transport-udt/4.1.119.Final/netty-transport-udt-4.1.119.Final.jar:/home/phuc-khang/.m2/repository/io/netty/netty-transport-classes-kqueue/4.1.119.Final/netty-transport-classes-kqueue-4.1.119.Final.jar:/home/phuc-khang/.m2/repository/io/netty/netty-transport-native-epoll/4.1.119.Final/netty-transport-native-epoll-4.1.119.Final-linux-aarch_64.jar:/home/phuc-khang/.m2/repository/io/netty/netty-transport-native-epoll/4.1.119.Final/netty-transport-native-epoll-4.1.119.Final-linux-riscv64.jar:/home/phuc-khang/.m2/repository/io/netty/netty-transport-native-kqueue/4.1.119.Final/netty-transport-native-kqueue-4.1.119.Final-osx-x86_64.jar:/home/phuc-khang/.m2/repository/io/netty/netty-transport-native-kqueue/4.1.119.Final/netty-transport-native-kqueue-4.1.119.Final-osx-aarch_64.jar:/home/phuc-khang/.m2/repository/io/netty/netty-resolver-dns-native-macos/4.1.119.Final/netty-resolver-dns-native-macos-4.1.119.Final-osx-aarch_64.jar:/home/phuc-khang/.m2/repository/org/apache/dubbo/hessian-lite/4.0.3/hessian-lite-4.0.3.jar:/home/phuc-khang/.m2/repository/com/alibaba/fastjson2/fastjson2/2.0.53/fastjson2-2.0.53.jar:/home/phuc-khang/.m2/repository/com/google/protobuf/protobuf-java/3.25.5/protobuf-java-3.25.5.jar:/home/phuc-khang/.m2/repository/org/apache/curator/curator-framework/5.1.0/curator-framework-5.1.0.jar:/home/phuc-khang/.m2/repository/org/apache/curator/curator-client/5.1.0/curator-client-5.1.0.jar:/home/phuc-khang/.m2/repository/com/google/guava/guava/27.0.1-jre/guava-27.0.1-jre.jar:/home/phuc-khang/.m2/repository/com/google/guava/failureaccess/1.0.1/failureaccess-1.0.1.jar:/home/phuc-khang/.m2/repository/com/google/guava/listenablefuture/9999.0-empty-to-avoid-conflict-with-guava/listenablefuture-9999.0-empty-to-avoid-conflict-with-guava.jar:/home/phuc-khang/.m2/repository/com/google/code/findbugs/jsr305/3.0.2/jsr305-3.0.2.jar:/home/phuc-khang/.m2/repository/org/checkerframework/checker-qual/2.5.2/checker-qual-2.5.2.jar:/home/phuc-khang/.m2/repository/com/google/errorprone/error_prone_annotations/2.2.0/error_prone_annotations-2.2.0.jar:/home/phuc-khang/.m2/repository/com/google/j2objc/j2objc-annotations/1.1/j2objc-annotations-1.1.jar:/home/phuc-khang/.m2/repository/org/codehaus/mojo/animal-sniffer-annotations/1.17/animal-sniffer-annotations-1.17.jar:/home/phuc-khang/.m2/repository/org/apache/zookeeper/zookeeper/3.7.1/zookeeper-3.7.1.jar:/home/phuc-khang/.m2/repository/org/apache/zookeeper/zookeeper-jute/3.7.1/zookeeper-jute-3.7.1.jar:/home/phuc-khang/.m2/repository/org/apache/yetus/audience-annotations/0.12.0/audience-annotations-0.12.0.jar:/home/phuc-khang/.m2/repository/io/netty/netty-handler/4.1.119.Final/netty-handler-4.1.119.Final.jar:/home/phuc-khang/.m2/repository/io/netty/netty-common/4.1.119.Final/netty-common-4.1.119.Final.jar:/home/phuc-khang/.m2/repository/io/netty/netty-resolver/4.1.119.Final/netty-resolver-4.1.119.Final.jar:/home/phuc-khang/.m2/repository/io/netty/netty-buffer/4.1.119.Final/netty-buffer-4.1.119.Final.jar:/home/phuc-khang/.m2/repository/io/netty/netty-transport/4.1.119.Final/netty-transport-4.1.119.Final.jar:/home/phuc-khang/.m2/repository/io/netty/netty-transport-native-unix-common/4.1.119.Final/netty-transport-native-unix-common-4.1.119.Final.jar:/home/phuc-khang/.m2/repository/io/netty/netty-codec/4.1.119.Final/netty-codec-4.1.119.Final.jar:/home/phuc-khang/.m2/repository/io/netty/netty-transport-native-epoll/4.1.119.Final/netty-transport-native-epoll-4.1.119.Final.jar:/home/phuc-khang/.m2/repository/io/netty/netty-transport-classes-epoll/4.1.119.Final/netty-transport-classes-epoll-4.1.119.Final.jar:/home/phuc-khang/.m2/repository/org/slf4j/slf4j-api/2.0.17/slf4j-api-2.0.17.jar:/home/phuc-khang/.m2/repository/org/apache/curator/curator-recipes/5.5.0/curator-recipes-5.5.0.jar:/home/phuc-khang/.m2/repository/org/apache/curator/curator-x-discovery/5.5.0/curator-x-discovery-5.5.0.jar:/home/phuc-khang/.m2/repository/org/springframework/cloud/spring-cloud-stream/4.1.1/spring-cloud-stream-4.1.1.jar:/home/phuc-khang/.m2/repository/org/springframework/spring-messaging/6.1.19/spring-messaging-6.1.19.jar:/home/phuc-khang/.m2/repository/org/springframework/integration/spring-integration-core/6.3.9/spring-integration-core-6.3.9.jar:/home/phuc-khang/.m2/repository/org/springframework/integration/spring-integration-jmx/6.3.9/spring-integration-jmx-6.3.9.jar:/home/phuc-khang/.m2/repository/org/springframework/retry/spring-retry/2.0.11/spring-retry-2.0.11.jar:/home/phuc-khang/.m2/repository/org/springframework/cloud/spring-cloud-function-context/4.1.1/spring-cloud-function-context-4.1.1.jar:/home/phuc-khang/.m2/repository/net/jodah/typetools/0.6.2/typetools-0.6.2.jar:/home/phuc-khang/.m2/repository/org/springframework/cloud/spring-cloud-function-core/4.1.1/spring-cloud-function-core-4.1.1.jar:/home/phuc-khang/.m2/repository/org/jetbrains/kotlin/kotlin-stdlib-jdk8/1.9.25/kotlin-stdlib-jdk8-1.9.25.jar:/home/phuc-khang/.m2/repository/org/jetbrains/kotlin/kotlin-stdlib/1.9.25/kotlin-stdlib-1.9.25.jar:/home/phuc-khang/.m2/repository/org/jetbrains/annotations/13.0/annotations-13.0.jar:/home/phuc-khang/.m2/repository/org/jetbrains/kotlin/kotlin-stdlib-jdk7/1.9.25/kotlin-stdlib-jdk7-1.9.25.jar:/home/phuc-khang/.m2/repository/org/springframework/cloud/spring-cloud-starter-stream-kafka/4.2.1/spring-cloud-starter-stream-kafka-4.2.1.jar:/home/phuc-khang/.m2/repository/org/springframework/cloud/spring-cloud-stream-binder-kafka/4.1.1/spring-cloud-stream-binder-kafka-4.1.1.jar:/home/phuc-khang/.m2/repository/org/springframework/cloud/spring-cloud-stream-binder-kafka-core/4.1.1/spring-cloud-stream-binder-kafka-core-4.1.1.jar:/home/phuc-khang/.m2/repository/org/springframework/integration/spring-integration-kafka/6.3.9/spring-integration-kafka-6.3.9.jar:/home/phuc-khang/.m2/repository/org/springframework/kafka/spring-kafka/3.2.8/spring-kafka-3.2.8.jar:/home/phuc-khang/.m2/repository/org/apache/kafka/kafka-clients/3.7.2/kafka-clients-3.7.2.jar:/home/phuc-khang/.m2/repository/com/github/luben/zstd-jni/1.5.6-4/zstd-jni-1.5.6-4.jar:/home/phuc-khang/.m2/repository/org/lz4/lz4-java/1.8.0/lz4-java-1.8.0.jar:/home/phuc-khang/.m2/repository/org/xerial/snappy/snappy-java/1.1.10.5/snappy-java-1.1.10.5.jar:/home/phuc-khang/.m2/repository/org/springframework/boot/spring-boot-starter-data-redis/3.3.11/spring-boot-starter-data-redis-3.3.11.jar:/home/phuc-khang/.m2/repository/io/lettuce/lettuce-core/6.3.2.RELEASE/lettuce-core-6.3.2.RELEASE.jar:/home/phuc-khang/.m2/repository/org/springframework/data/spring-data-redis/3.3.11/spring-data-redis-3.3.11.jar:/home/phuc-khang/.m2/repository/org/springframework/data/spring-data-keyvalue/3.3.11/spring-data-keyvalue-3.3.11.jar:/home/phuc-khang/.m2/repository/org/springframework/spring-oxm/6.1.19/spring-oxm-6.1.19.jar:/home/phuc-khang/.m2/repository/org/springframework/boot/spring-boot-starter-cache/3.3.11/spring-boot-starter-cache-3.3.11.jar:/home/phuc-khang/.m2/repository/org/springframework/spring-context-support/6.1.19/spring-context-support-6.1.19.jar:/home/phuc-khang/.m2/repository/org/springframework/cloud/spring-cloud-starter-vault-config/4.1.1/spring-cloud-starter-vault-config-4.1.1.jar:/home/phuc-khang/.m2/repository/org/apache/httpcomponents/client5/httpclient5/5.3.1/httpclient5-5.3.1.jar:/home/phuc-khang/.m2/repository/org/apache/httpcomponents/core5/httpcore5-h2/5.2.5/httpcore5-h2-5.2.5.jar:/home/phuc-khang/.m2/repository/org/apache/httpcomponents/core5/httpcore5/5.2.5/httpcore5-5.2.5.jar:/home/phuc-khang/.m2/repository/org/springframework/cloud/spring-cloud-starter/4.1.2/spring-cloud-starter-4.1.2.jar:/home/phuc-khang/.m2/repository/org/springframework/cloud/spring-cloud-context/4.1.2/spring-cloud-context-4.1.2.jar:/home/phuc-khang/.m2/repository/org/springframework/cloud/spring-cloud-commons/4.1.2/spring-cloud-commons-4.1.2.jar:/home/phuc-khang/.m2/repository/org/springframework/security/spring-security-rsa/1.1.2/spring-security-rsa-1.1.2.jar:/home/phuc-khang/.m2/repository/org/springframework/cloud/spring-cloud-vault-config/4.1.1/spring-cloud-vault-config-4.1.1.jar:/home/phuc-khang/.m2/repository/org/springframework/vault/spring-vault-core/3.1.1/spring-vault-core-3.1.1.jar
2025-08-27 10:00:34 INFO  [main] org.apache.zookeeper.ZooKeeper [,] - Client environment:java.library.path=/usr/java/packages/lib:/usr/lib/x86_64-linux-gnu/jni:/lib/x86_64-linux-gnu:/usr/lib/x86_64-linux-gnu:/usr/lib/jni:/lib:/usr/lib
2025-08-27 10:00:34 INFO  [main] org.apache.zookeeper.ZooKeeper [,] - Client environment:java.io.tmpdir=/tmp
2025-08-27 10:00:34 INFO  [main] org.apache.zookeeper.ZooKeeper [,] - Client environment:java.compiler=<NA>
2025-08-27 10:00:34 INFO  [main] org.apache.zookeeper.ZooKeeper [,] - Client environment:os.name=Linux
2025-08-27 10:00:34 INFO  [main] org.apache.zookeeper.ZooKeeper [,] - Client environment:os.arch=amd64
2025-08-27 10:00:34 INFO  [main] org.apache.zookeeper.ZooKeeper [,] - Client environment:os.version=6.14.0-28-generic
2025-08-27 10:00:34 INFO  [main] org.apache.zookeeper.ZooKeeper [,] - Client environment:user.name=phuc-khang
2025-08-27 10:00:34 INFO  [main] org.apache.zookeeper.ZooKeeper [,] - Client environment:user.home=/home/phuc-khang
2025-08-27 10:00:34 INFO  [main] org.apache.zookeeper.ZooKeeper [,] - Client environment:user.dir=/home/phuc-khang/banking system/java-banking-phase2
2025-08-27 10:00:34 INFO  [main] org.apache.zookeeper.ZooKeeper [,] - Client environment:os.memory.free=35MB
2025-08-27 10:00:34 INFO  [main] org.apache.zookeeper.ZooKeeper [,] - Client environment:os.memory.max=3920MB
2025-08-27 10:00:34 INFO  [main] org.apache.zookeeper.ZooKeeper [,] - Client environment:os.memory.total=130MB
2025-08-27 10:00:34 INFO  [main] org.apache.zookeeper.ZooKeeper [,] - Initiating client connection, connectString=localhost:2181 sessionTimeout=60000 watcher=org.apache.curator.ConnectionState@633328d3
2025-08-27 10:00:34 INFO  [main] o.apache.zookeeper.common.X509Util [,] - Setting -D jdk.tls.rejectClientInitiatedRenegotiation=true to disable client-initiated TLS renegotiation
2025-08-27 10:00:34 INFO  [main] o.apache.zookeeper.ClientCnxnSocket [,] - jute.maxbuffer value is 1048575 Bytes
2025-08-27 10:00:34 INFO  [main] org.apache.zookeeper.ClientCnxn [,] - zookeeper.request.timeout value is 0. feature enabled=false
2025-08-27 10:00:34 INFO  [main-SendThread(localhost:2181)] org.apache.zookeeper.ClientCnxn [,] - Opening socket connection to server localhost/127.0.0.1:2181.
2025-08-27 10:00:34 INFO  [main-SendThread(localhost:2181)] org.apache.zookeeper.ClientCnxn [,] - SASL config status: Will not attempt to authenticate using SASL (unknown error)
2025-08-27 10:00:34 INFO  [main] o.a.c.f.imps.CuratorFrameworkImpl [,] - Default schema
2025-08-27 10:00:34 INFO  [main-SendThread(localhost:2181)] org.apache.zookeeper.ClientCnxn [,] - Socket connection established, initiating session, client: /127.0.0.1:37262, server: localhost/127.0.0.1:2181
2025-08-27 10:00:34 INFO  [main-SendThread(localhost:2181)] org.apache.zookeeper.ClientCnxn [,] - Session establishment complete on server localhost/127.0.0.1:2181, session id = 0x10000039f500009, negotiated timeout = 40000
2025-08-27 10:00:34 INFO  [main-EventThread] o.a.c.f.state.ConnectionStateManager [,] - State change: CONNECTED
2025-08-27 10:00:34 INFO  [main] o.a.d.r.z.c.ZookeeperClientManager [,] -  [DUBBO] No valid zookeeper client found from cache, therefore create a new client for url. zookeeper://localhost:2181/org.apache.dubbo.config.ConfigCenterConfig?check=true&config-file=dubbo.properties&group=dubbo&highest-priority=false&namespace=dubbo&timeout=30000, dubbo version: 3.3.2, current host: 10.2.36.61
2025-08-27 10:00:34 INFO  [Curator-ConnectionStateManager-0] o.a.d.r.z.c.Curator5ZookeeperClient [,] -  [DUBBO] Curator zookeeper client instance initiated successfully, session id is 10000039f500009, dubbo version: 3.3.2, current host: 10.2.36.61
2025-08-27 10:00:34 INFO  [main-EventThread] o.a.c.framework.imps.EnsembleTracker [,] - New config event received: {}
2025-08-27 10:00:34 INFO  [main-EventThread] o.a.c.framework.imps.EnsembleTracker [,] - New config event received: {}
2025-08-27 10:00:34 INFO  [main] o.a.d.c.config.ConfigurationUtils [,] -  [DUBBO] Config center was specified, but no config item found., dubbo version: 3.3.2, current host: 10.2.36.61
2025-08-27 10:00:34 INFO  [main] o.a.d.c.config.ConfigurationUtils [,] -  [DUBBO] Config center was specified, but no config item found., dubbo version: 3.3.2, current host: 10.2.36.61
2025-08-27 10:00:34 INFO  [main] o.a.d.config.context.ConfigManager [,] -  [DUBBO] The current configurations or effective configurations are as follows:, dubbo version: 3.3.2, current host: 10.2.36.61
2025-08-27 10:00:34 INFO  [main] o.a.d.config.context.ConfigManager [,] -  [DUBBO] <dubbo:application enableFileCache="true" qosPort="33333" executorManagementMode="isolation" serializeCheckStatus="DISABLE" parameters="{dubbo.mapping.cache.file=C:/Users/thienvy/.dubbo/customer-service-cache}" name="customer_service" metadataType="remote" qosEnable="true" protocol="dubbo" />, dubbo version: 3.3.2, current host: 10.2.36.61
2025-08-27 10:00:34 INFO  [main] o.a.d.config.context.ConfigManager [,] -  [DUBBO] <dubbo:protocol preferSerialization="hessian2,fastjson2" port="20889" name="dubbo" />, dubbo version: 3.3.2, current host: 10.2.36.61
2025-08-27 10:00:34 INFO  [main] o.a.d.config.context.ConfigManager [,] -  [DUBBO] <dubbo:registry port="2181" address="zookeeper://localhost:2181" protocol="zookeeper" />, dubbo version: 3.3.2, current host: 10.2.36.61
2025-08-27 10:00:34 INFO  [main] o.a.d.config.context.ConfigManager [,] -  [DUBBO] <dubbo:ssl />, dubbo version: 3.3.2, current host: 10.2.36.61
2025-08-27 10:00:34 INFO  [main] o.a.d.c.deploy.DefaultModuleDeployer [,] -  [DUBBO] Dubbo Module[1.1.0] has been initialized!, dubbo version: 3.3.2, current host: 10.2.36.61
2025-08-27 10:00:34 INFO  [main] o.a.d.c.deploy.DefaultModuleDeployer [,] -  [DUBBO] Dubbo Module[1.1.1] has been initialized!, dubbo version: 3.3.2, current host: 10.2.36.61
2025-08-27 10:00:34 INFO  [main] o.a.d.c.d.DefaultApplicationDeployer [,] -  [DUBBO] No value is configured in the registry, the MetadataReportFactory extension[name : zookeeper] supports as the metadata center, dubbo version: 3.3.2, current host: 10.2.36.61
2025-08-27 10:00:34 INFO  [main] o.a.d.c.d.DefaultApplicationDeployer [,] -  [DUBBO] The registry[<dubbo:registry port="2181" address="zookeeper://localhost:2181" protocol="zookeeper" />] will be used as the metadata center, dubbo version: 3.3.2, current host: 10.2.36.61
2025-08-27 10:00:34 INFO  [main] o.a.d.c.d.DefaultApplicationDeployer [,] -  [DUBBO] use registry as metadata-center: <dubbo:metadata-report address="zookeeper://localhost:2181" protocol="zookeeper" port="2181" parameters="{client=null}" />, dubbo version: 3.3.2, current host: 10.2.36.61
2025-08-27 10:00:34 INFO  [main] o.a.d.r.z.c.ZookeeperClientManager [,] -  [DUBBO] find valid zookeeper client from the cache for address: zookeeper://localhost:2181/org.apache.dubbo.metadata.report.MetadataReport?application=customer_service&client=&file-cache=true&port=2181&protocol=zookeeper, dubbo version: 3.3.2, current host: 10.2.36.61
2025-08-27 10:00:34 INFO  [main] o.a.d.c.d.DefaultApplicationDeployer [,] -  [DUBBO] Dubbo Application[1.1](customer_service) has been initialized!, dubbo version: 3.3.2, current host: 10.2.36.61
2025-08-27 10:00:34 INFO  [main] o.h.jpa.internal.util.LogHelper [,] - HHH000204: Processing PersistenceUnitInfo [name: default]
2025-08-27 10:00:34 INFO  [main] org.hibernate.Version [,] - HHH000412: Hibernate ORM core version 6.5.3.Final
2025-08-27 10:00:34 INFO  [main] o.h.c.i.RegionFactoryInitiator [,] - HHH000026: Second-level cache disabled
2025-08-27 10:00:35 INFO  [main] o.s.o.j.p.SpringPersistenceUnitInfo [,] - No LoadTimeWeaver setup: ignoring JPA class transformer
2025-08-27 10:00:35 INFO  [main] com.zaxxer.hikari.HikariDataSource [,] - HikariPool-1 - Starting...
2025-08-27 10:00:35 INFO  [main] com.zaxxer.hikari.pool.HikariPool [,] - HikariPool-1 - Added connection com.mysql.cj.jdbc.ConnectionImpl@2324e26c
2025-08-27 10:00:35 INFO  [main] com.zaxxer.hikari.HikariDataSource [,] - HikariPool-1 - Start completed.
2025-08-27 10:00:35 INFO  [main] o.h.m.i.EntityInstantiatorPojoStandard [,] - HHH000182: No default (no-argument) constructor for class: com.example.customer_service.models.KycHistory (class must be instantiated by Interceptor)
2025-08-27 10:00:35 INFO  [main] o.h.e.t.j.p.i.JtaPlatformInitiator [,] - HHH000489: No JTA platform available (set 'hibernate.transaction.jta.platform' to enable JTA platform integration)
2025-08-27 10:00:35 INFO  [main] o.s.o.j.LocalContainerEntityManagerFactoryBean [,] - Initialized JPA EntityManagerFactory for persistence unit 'default'
2025-08-27 10:00:36 WARN  [main] o.s.b.a.o.j.JpaBaseConfiguration$JpaWebConfiguration [,] - spring.jpa.open-in-view is enabled by default. Therefore, database queries may be performed during view rendering. Explicitly configure spring.jpa.open-in-view to disable this warning
2025-08-27 10:00:36 INFO  [main] o.s.d.j.r.query.QueryEnhancerFactory [,] - Hibernate is in classpath; If applicable, HQL parser will be used.
2025-08-27 10:00:37 INFO  [main] o.a.d.c.s.reference.ReferenceCreator [,] -  [DUBBO] The configBean[type:ReferenceConfig<com.example.common_service.services.customer.CustomerCommonService>] has been built., dubbo version: 3.3.2, current host: 10.2.36.61
2025-08-27 10:00:37 INFO  [main] o.a.d.c.s.reference.ReferenceCreator [,] -  [DUBBO] The configBean[type:ReferenceConfig<com.example.common_service.services.customer.CustomerCommonService>] has been built., dubbo version: 3.3.2, current host: 10.2.36.61
2025-08-27 10:00:39 INFO  [main] o.s.cloud.commons.util.InetUtils [,] - Cannot determine local hostname
2025-08-27 10:00:39 INFO  [main] o.s.b.a.e.web.EndpointLinksResolver [,] - Exposing 3 endpoints beneath base path '/actuator'
2025-08-27 10:00:41 INFO  [main] o.s.cloud.commons.util.InetUtils [,] - Cannot determine local hostname
2025-08-27 10:00:41 INFO  [main] o.s.i.endpoint.EventDrivenConsumer [,] - Adding {logging-channel-adapter:_org.springframework.integration.errorLogger} as a subscriber to the 'errorChannel' channel
2025-08-27 10:00:41 INFO  [main] o.s.i.c.PublishSubscribeChannel [,] - Channel 'customer-service.errorChannel' has 1 subscriber(s).
2025-08-27 10:00:41 INFO  [main] o.s.i.endpoint.EventDrivenConsumer [,] - started bean '_org.springframework.integration.errorLogger'
2025-08-27 10:00:41 INFO  [main] o.a.coyote.http11.Http11NioProtocol [,] - Starting ProtocolHandler ["http-nio-8080"]
2025-08-27 10:00:41 INFO  [main] o.s.b.w.e.tomcat.TomcatWebServer [,] - Tomcat started on port 8080 (http) with context path '/'
2025-08-27 10:00:42 INFO  [main] o.s.cloud.commons.util.InetUtils [,] - Cannot determine local hostname
2025-08-27 10:00:43 INFO  [main] o.s.cloud.commons.util.InetUtils [,] - Cannot determine local hostname
2025-08-27 10:00:43 INFO  [main] o.a.d.c.deploy.DefaultModuleDeployer [,] -  [DUBBO] Dubbo Module[1.1.1] is starting., dubbo version: 3.3.2, current host: 10.2.36.61
2025-08-27 10:00:43 INFO  [main] o.a.d.c.d.DefaultApplicationDeployer [,] -  [DUBBO] Dubbo Application[1.1](customer_service) is starting., dubbo version: 3.3.2, current host: 10.2.36.61
2025-08-27 10:00:43 INFO  [main] o.a.d.c.u.SerializeSecurityManager [,] -  [DUBBO] Serialize check level: DISABLE, dubbo version: 3.3.2, current host: 10.2.36.61
2025-08-27 10:00:43 INFO  [main] org.apache.dubbo.qos.server.Server [,] -  [DUBBO] qos-server bind localhost:33333, dubbo version: 3.3.2, current host: 10.2.36.61
2025-08-27 10:00:43 INFO  [main] o.apache.dubbo.config.ServiceConfig [,] -  [DUBBO] Export dubbo service com.example.common_service.services.CommonService to local registry url : injvm://127.0.0.1/com.example.common_service.services.CommonService?anyhost=true&application=customer_service&background=false&bind.ip=10.2.36.61&bind.port=20889&deprecated=false&dubbo=2.0.2&dubbo.mapping.cache.file=C:/Users/thienvy/.dubbo/customer-service-cache&dynamic=true&executor-management-mode=isolation&exporter.listener=injvm&file-cache=true&generic=false&interface=com.example.common_service.services.CommonService&metadata-type=remote&methods=checkCustomer,getCurrentCustomer,getCurrentCustomer2,getCustomerByCifCode&pid=24468&prefer.serialization=hessian2,fastjson2&qos.enable=true&qos.port=33333&release=3.3.2&serialize.check.status=DISABLE&side=provider&timestamp=1756263643563, dubbo version: 3.3.2, current host: 10.2.36.61
2025-08-27 10:00:43 INFO  [main] o.apache.dubbo.config.ServiceConfig [,] -  [DUBBO] Register dubbo service com.example.common_service.services.CommonService url dubbo://10.2.36.61:20889/com.example.common_service.services.CommonService?anyhost=true&application=customer_service&background=false&bind.ip=10.2.36.61&bind.port=20889&deprecated=false&dubbo=2.0.2&dubbo.mapping.cache.file=C:/Users/thienvy/.dubbo/customer-service-cache&dynamic=true&executor-management-mode=isolation&file-cache=true&generic=false&interface=com.example.common_service.services.CommonService&metadata-type=remote&methods=checkCustomer,getCurrentCustomer,getCurrentCustomer2,getCustomerByCifCode&pid=24468&prefer.serialization=hessian2,fastjson2&qos.enable=true&qos.port=33333&release=3.3.2&serialize.check.status=DISABLE&service-name-mapping=true&side=provider&timestamp=1756263643563 to registry localhost:2181, dubbo version: 3.3.2, current host: 10.2.36.61
2025-08-27 10:00:43 INFO  [main] o.a.d.r.transport.AbstractServer [,] -  [DUBBO] Start NettyServer bind /0.0.0.0:20889, export /10.2.36.61:20889, dubbo version: 3.3.2, current host: 10.2.36.61
2025-08-27 10:00:43 INFO  [main] o.a.d.r.c.ServiceDiscoveryRegistry [,] -  [DUBBO] Loaded registry cache file /home/phuc-khang/.dubbo/dubbo-registry-customer_service-localhost-2181.cache, dubbo version: 3.3.2, current host: 10.2.36.61
2025-08-27 10:00:43 INFO  [main] o.a.c.f.imps.CuratorFrameworkImpl [,] - Starting
2025-08-27 10:00:43 INFO  [main] org.apache.zookeeper.ZooKeeper [,] - Initiating client connection, connectString=localhost:2181 sessionTimeout=60000 watcher=org.apache.curator.ConnectionState@6ac05035
2025-08-27 10:00:43 INFO  [main] o.apache.zookeeper.ClientCnxnSocket [,] - jute.maxbuffer value is 1048575 Bytes
2025-08-27 10:00:43 INFO  [main] org.apache.zookeeper.ClientCnxn [,] - zookeeper.request.timeout value is 0. feature enabled=false
2025-08-27 10:00:43 INFO  [main] o.a.c.f.imps.CuratorFrameworkImpl [,] - Default schema
2025-08-27 10:00:43 INFO  [main-SendThread(localhost:2181)] org.apache.zookeeper.ClientCnxn [,] - Opening socket connection to server localhost/127.0.0.1:2181.
2025-08-27 10:00:43 INFO  [main-SendThread(localhost:2181)] org.apache.zookeeper.ClientCnxn [,] - SASL config status: Will not attempt to authenticate using SASL (unknown error)
2025-08-27 10:00:43 INFO  [main-SendThread(localhost:2181)] org.apache.zookeeper.ClientCnxn [,] - Socket connection established, initiating session, client: /127.0.0.1:39080, server: localhost/127.0.0.1:2181
2025-08-27 10:00:43 INFO  [main-SendThread(localhost:2181)] org.apache.zookeeper.ClientCnxn [,] - Session establishment complete on server localhost/127.0.0.1:2181, session id = 0x10000039f50000b, negotiated timeout = 40000
2025-08-27 10:00:43 INFO  [main-EventThread] o.a.c.f.state.ConnectionStateManager [,] - State change: CONNECTED
2025-08-27 10:00:43 INFO  [main-EventThread] o.a.c.framework.imps.EnsembleTracker [,] - New config event received: {}
2025-08-27 10:00:43 INFO  [main-EventThread] o.a.c.framework.imps.EnsembleTracker [,] - New config event received: {}
2025-08-27 10:00:43 INFO  [main] o.a.d.r.c.m.MigrationRuleListener [,] -  [DUBBO] Listening for migration rules on dataId customer_service.migration, group DUBBO_SERVICEDISCOVERY_MIGRATION, dubbo version: 3.3.2, current host: 10.2.36.61
2025-08-27 10:00:43 INFO  [main] o.apache.dubbo.config.ServiceConfig [,] -  [DUBBO] Register dubbo service com.example.common_service.services.CommonService url dubbo://10.2.36.61:20889/com.example.common_service.services.CommonService?anyhost=true&application=customer_service&background=false&bind.ip=10.2.36.61&bind.port=20889&deprecated=false&dubbo=2.0.2&dubbo.mapping.cache.file=C:/Users/thienvy/.dubbo/customer-service-cache&dynamic=true&executor-management-mode=isolation&file-cache=true&generic=false&interface=com.example.common_service.services.CommonService&metadata-type=remote&methods=checkCustomer,getCurrentCustomer,getCurrentCustomer2,getCustomerByCifCode&pid=24468&prefer.serialization=hessian2,fastjson2&qos.enable=true&qos.port=33333&release=3.3.2&serialize.check.status=DISABLE&service-name-mapping=true&side=provider&timestamp=1756263643563 to registry localhost:2181, dubbo version: 3.3.2, current host: 10.2.36.61
2025-08-27 10:00:43 INFO  [main] o.a.d.r.zookeeper.ZookeeperRegistry [,] -  [DUBBO] Loaded registry cache file /home/phuc-khang/.dubbo/dubbo-registry-customer_service-localhost-2181.cache, dubbo version: 3.3.2, current host: 10.2.36.61
2025-08-27 10:00:43 INFO  [main] o.a.d.r.z.c.ZookeeperClientManager [,] -  [DUBBO] find valid zookeeper client from the cache for address: zookeeper://localhost:2181/org.apache.dubbo.registry.RegistryService?REGISTRY_CLUSTER=default&application=customer_service&dubbo=2.0.2&dubbo.mapping.cache.file=C:/Users/thienvy/.dubbo/customer-service-cache&executor-management-mode=isolation&file-cache=true&interface=org.apache.dubbo.registry.RegistryService&metadata-type=remote&pid=24468&qos.enable=true&qos.port=33333&register=false&release=3.3.2&serialize.check.status=DISABLE, dubbo version: 3.3.2, current host: 10.2.36.61
2025-08-27 10:00:43 INFO  [main] o.a.d.r.zookeeper.ZookeeperRegistry [,] -  [DUBBO] Subscribe: provider://10.2.36.61:20889/com.example.common_service.services.CommonService?anyhost=true&application=customer_service&background=false&bind.ip=10.2.36.61&bind.port=20889&category=configurators&check=false&deprecated=false&dubbo=2.0.2&dubbo.mapping.cache.file=C:/Users/thienvy/.dubbo/customer-service-cache&dynamic=true&executor-management-mode=isolation&file-cache=true&generic=false&interface=com.example.common_service.services.CommonService&metadata-type=remote&methods=checkCustomer,getCurrentCustomer,getCurrentCustomer2,getCustomerByCifCode&pid=24468&prefer.serialization=hessian2,fastjson2&qos.enable=true&qos.port=33333&release=3.3.2&serialize.check.status=DISABLE&service-name-mapping=true&side=provider&timestamp=1756263643563, dubbo version: 3.3.2, current host: 10.2.36.61
2025-08-27 10:00:43 INFO  [main] o.a.d.r.zookeeper.ZookeeperRegistry [,] -  [DUBBO] Notify urls for subscribe url provider://10.2.36.61:20889/com.example.common_service.services.CommonService?anyhost=true&application=customer_service&background=false&bind.ip=10.2.36.61&bind.port=20889&category=configurators&check=false&deprecated=false&dubbo=2.0.2&dubbo.mapping.cache.file=C:/Users/thienvy/.dubbo/customer-service-cache&dynamic=true&executor-management-mode=isolation&file-cache=true&generic=false&interface=com.example.common_service.services.CommonService&metadata-type=remote&methods=checkCustomer,getCurrentCustomer,getCurrentCustomer2,getCustomerByCifCode&pid=24468&prefer.serialization=hessian2,fastjson2&qos.enable=true&qos.port=33333&release=3.3.2&serialize.check.status=DISABLE&service-name-mapping=true&side=provider&timestamp=1756263643563, url size: 1, dubbo version: 3.3.2, current host: 10.2.36.61
2025-08-27 10:00:43 INFO  [DubboSaveMetadataReport-thread-1] o.a.d.m.s.z.ZookeeperMetadataReport [,] -  [DUBBO] store provider metadata. Identifier : MetadataIdentifier{application='customer_service', serviceInterface='com.example.common_service.services.CommonService', version='', group='', side='provider'}; definition: FullServiceDefinition{parameters={application=customer_service, interface=com.example.common_service.services.CommonService, dubbo=2.0.2, side=provider, release=3.3.2, pid=24468, metadata-type=remote, anyhost=true, executor-management-mode=isolation, file-cache=true, methods=checkCustomer,getCurrentCustomer,getCurrentCustomer2,getCustomerByCifCode, deprecated=false, qos.port=33333, dubbo.mapping.cache.file=C:/Users/thienvy/.dubbo/customer-service-cache, service-name-mapping=true, qos.enable=true, generic=false, bind.port=20889, serialize.check.status=DISABLE, bind.ip=10.2.36.61, prefer.serialization=hessian2,fastjson2, background=false, dynamic=true, timestamp=1756263643563}} ServiceDefinition [canonicalName=com.example.common_service.services.CommonService, codeSource=file:/home/phuc-khang/banking%20system/java-banking-phase2/backend/common-service/target/classes/, methods=[MethodDefinition [name=checkCustomer, parameterTypes=[java.lang.String], returnType=java.lang.Boolean], MethodDefinition [name=getCurrentCustomer, parameterTypes=[java.lang.String], returnType=com.example.common_service.dto.CustomerDTO], MethodDefinition [name=getCurrentCustomer2, parameterTypes=[java.lang.String], returnType=com.example.common_service.dto.CustomerDTO], MethodDefinition [name=getCustomerByCifCode, parameterTypes=[java.lang.String], returnType=com.example.common_service.dto.CustomerDTO]]], dubbo version: 3.3.2, current host: 10.2.36.61
2025-08-27 10:00:43 INFO  [main] o.apache.dubbo.config.ServiceConfig [,] -  [DUBBO] Try to register interface application mapping for service com.example.common_service.services.CommonService, dubbo version: 3.3.2, current host: 10.2.36.61
2025-08-27 10:00:43 INFO  [main] o.apache.dubbo.config.ServiceConfig [,] -  [DUBBO] Successfully registered interface application mapping for service com.example.common_service.services.CommonService, dubbo version: 3.3.2, current host: 10.2.36.61
2025-08-27 10:00:43 INFO  [main] o.apache.dubbo.config.ServiceConfig [,] -  [DUBBO] Export dubbo service com.example.common_service.services.customer.CustomerQueryService to local registry url : injvm://127.0.0.1/com.example.common_service.services.customer.CustomerQueryService?anyhost=true&application=customer_service&background=false&bind.ip=10.2.36.61&bind.port=20889&deprecated=false&dubbo=2.0.2&dubbo.mapping.cache.file=C:/Users/thienvy/.dubbo/customer-service-cache&dynamic=true&executor-management-mode=isolation&exporter.listener=injvm&file-cache=true&generic=false&interface=com.example.common_service.services.customer.CustomerQueryService&metadata-type=remote&methods=getCurrentCustomer,getCustomerByCifCode,getCustomerById,getCustomerByUserId&pid=24468&prefer.serialization=hessian2,fastjson2&qos.enable=true&qos.port=33333&release=3.3.2&serialize.check.status=DISABLE&side=provider&timestamp=1756263643840, dubbo version: 3.3.2, current host: 10.2.36.61
2025-08-27 10:00:43 INFO  [main] o.apache.dubbo.config.ServiceConfig [,] -  [DUBBO] Register dubbo service com.example.common_service.services.customer.CustomerQueryService url dubbo://10.2.36.61:20889/com.example.common_service.services.customer.CustomerQueryService?anyhost=true&application=customer_service&background=false&bind.ip=10.2.36.61&bind.port=20889&deprecated=false&dubbo=2.0.2&dubbo.mapping.cache.file=C:/Users/thienvy/.dubbo/customer-service-cache&dynamic=true&executor-management-mode=isolation&file-cache=true&generic=false&interface=com.example.common_service.services.customer.CustomerQueryService&metadata-type=remote&methods=getCurrentCustomer,getCustomerByCifCode,getCustomerById,getCustomerByUserId&pid=24468&prefer.serialization=hessian2,fastjson2&qos.enable=true&qos.port=33333&release=3.3.2&serialize.check.status=DISABLE&service-name-mapping=true&side=provider&timestamp=1756263643840 to registry localhost:2181, dubbo version: 3.3.2, current host: 10.2.36.61
2025-08-27 10:00:43 INFO  [main] o.apache.dubbo.config.ServiceConfig [,] -  [DUBBO] Register dubbo service com.example.common_service.services.customer.CustomerQueryService url dubbo://10.2.36.61:20889/com.example.common_service.services.customer.CustomerQueryService?anyhost=true&application=customer_service&background=false&bind.ip=10.2.36.61&bind.port=20889&deprecated=false&dubbo=2.0.2&dubbo.mapping.cache.file=C:/Users/thienvy/.dubbo/customer-service-cache&dynamic=true&executor-management-mode=isolation&file-cache=true&generic=false&interface=com.example.common_service.services.customer.CustomerQueryService&metadata-type=remote&methods=getCurrentCustomer,getCustomerByCifCode,getCustomerById,getCustomerByUserId&pid=24468&prefer.serialization=hessian2,fastjson2&qos.enable=true&qos.port=33333&release=3.3.2&serialize.check.status=DISABLE&service-name-mapping=true&side=provider&timestamp=1756263643840 to registry localhost:2181, dubbo version: 3.3.2, current host: 10.2.36.61
2025-08-27 10:00:43 INFO  [main] o.a.d.r.zookeeper.ZookeeperRegistry [,] -  [DUBBO] Subscribe: provider://10.2.36.61:20889/com.example.common_service.services.customer.CustomerQueryService?anyhost=true&application=customer_service&background=false&bind.ip=10.2.36.61&bind.port=20889&category=configurators&check=false&deprecated=false&dubbo=2.0.2&dubbo.mapping.cache.file=C:/Users/thienvy/.dubbo/customer-service-cache&dynamic=true&executor-management-mode=isolation&file-cache=true&generic=false&interface=com.example.common_service.services.customer.CustomerQueryService&metadata-type=remote&methods=getCurrentCustomer,getCustomerByCifCode,getCustomerById,getCustomerByUserId&pid=24468&prefer.serialization=hessian2,fastjson2&qos.enable=true&qos.port=33333&release=3.3.2&serialize.check.status=DISABLE&service-name-mapping=true&side=provider&timestamp=1756263643840, dubbo version: 3.3.2, current host: 10.2.36.61
2025-08-27 10:00:43 INFO  [main] o.a.d.r.zookeeper.ZookeeperRegistry [,] -  [DUBBO] Notify urls for subscribe url provider://10.2.36.61:20889/com.example.common_service.services.customer.CustomerQueryService?anyhost=true&application=customer_service&background=false&bind.ip=10.2.36.61&bind.port=20889&category=configurators&check=false&deprecated=false&dubbo=2.0.2&dubbo.mapping.cache.file=C:/Users/thienvy/.dubbo/customer-service-cache&dynamic=true&executor-management-mode=isolation&file-cache=true&generic=false&interface=com.example.common_service.services.customer.CustomerQueryService&metadata-type=remote&methods=getCurrentCustomer,getCustomerByCifCode,getCustomerById,getCustomerByUserId&pid=24468&prefer.serialization=hessian2,fastjson2&qos.enable=true&qos.port=33333&release=3.3.2&serialize.check.status=DISABLE&service-name-mapping=true&side=provider&timestamp=1756263643840, url size: 1, dubbo version: 3.3.2, current host: 10.2.36.61
2025-08-27 10:00:43 INFO  [main] o.apache.dubbo.config.ServiceConfig [,] -  [DUBBO] Try to register interface application mapping for service com.example.common_service.services.customer.CustomerQueryService, dubbo version: 3.3.2, current host: 10.2.36.61
2025-08-27 10:00:43 INFO  [DubboSaveMetadataReport-thread-1] o.a.d.m.s.z.ZookeeperMetadataReport [,] -  [DUBBO] store provider metadata. Identifier : MetadataIdentifier{application='customer_service', serviceInterface='com.example.common_service.services.customer.CustomerQueryService', version='', group='', side='provider'}; definition: FullServiceDefinition{parameters={application=customer_service, interface=com.example.common_service.services.customer.CustomerQueryService, dubbo=2.0.2, side=provider, release=3.3.2, pid=24468, metadata-type=remote, anyhost=true, executor-management-mode=isolation, file-cache=true, methods=getCurrentCustomer,getCustomerByCifCode,getCustomerById,getCustomerByUserId, deprecated=false, qos.port=33333, dubbo.mapping.cache.file=C:/Users/thienvy/.dubbo/customer-service-cache, service-name-mapping=true, qos.enable=true, generic=false, bind.port=20889, serialize.check.status=DISABLE, bind.ip=10.2.36.61, prefer.serialization=hessian2,fastjson2, background=false, dynamic=true, timestamp=1756263643840}} ServiceDefinition [canonicalName=com.example.common_service.services.customer.CustomerQueryService, codeSource=file:/home/phuc-khang/banking%20system/java-banking-phase2/backend/common-service/target/classes/, methods=[MethodDefinition [name=getCurrentCustomer, parameterTypes=[], returnType=com.example.common_service.dto.response.CustomerResponse], MethodDefinition [name=getCustomerByCifCode, parameterTypes=[java.lang.String], returnType=com.example.common_service.dto.CustomerDTO], MethodDefinition [name=getCustomerById, parameterTypes=[java.lang.Long], returnType=com.example.common_service.dto.CustomerResponseDTO], MethodDefinition [name=getCustomerByUserId, parameterTypes=[java.lang.String], returnType=com.example.common_service.dto.CustomerResponseDTO]]], dubbo version: 3.3.2, current host: 10.2.36.61
2025-08-27 10:00:43 INFO  [main] o.apache.dubbo.config.ServiceConfig [,] -  [DUBBO] Successfully registered interface application mapping for service com.example.common_service.services.customer.CustomerQueryService, dubbo version: 3.3.2, current host: 10.2.36.61
2025-08-27 10:00:43 INFO  [main] o.a.d.c.deploy.DefaultModuleDeployer [,] -  [DUBBO] Dubbo Module[1.1.0] is starting., dubbo version: 3.3.2, current host: 10.2.36.61
2025-08-27 10:00:43 INFO  [main] o.a.d.c.deploy.DefaultModuleDeployer [,] -  [DUBBO] Dubbo Module[1.1.0] has started., dubbo version: 3.3.2, current host: 10.2.36.61
2025-08-27 10:00:43 INFO  [main] o.a.d.c.deploy.DefaultModuleDeployer [,] -  [DUBBO] Dubbo Module[1.1.0] has completed., dubbo version: 3.3.2, current host: 10.2.36.61
2025-08-27 10:00:43 INFO  [main] o.a.d.r.zookeeper.ZookeeperRegistry [,] -  [DUBBO] Subscribe: consumer://10.2.36.61/com.example.common_service.services.customer.CustomerCommonService?application=customer_service&background=false&category=providers,configurators,routers&dubbo=2.0.2&dubbo.mapping.cache.file=C:/Users/thienvy/.dubbo/customer-service-cache&executor-management-mode=isolation&file-cache=true&interface=com.example.common_service.services.customer.CustomerCommonService&metadata-type=remote&methods=createPaymentInit,getAccountsByCifCode,getAllPaymentAccountsbyUserId&pid=24468&qos.enable=true&qos.port=33333&release=3.3.2&serialize.check.status=DISABLE&side=consumer&sticky=false&timeout=5000&timestamp=1756263643871&unloadClusterRelated=false, dubbo version: 3.3.2, current host: 10.2.36.61
2025-08-27 10:00:43 WARN  [main] o.a.d.r.s.CacheableFailbackRegistry [,] -  [DUBBO] Service com.example.common_service.services.customer.CustomerCommonService received empty address list and empty protection is disabled, will clear current available addresses, dubbo version: 3.3.2, current host: 10.2.36.61, error code: 1-4. This may be caused by , go to https://dubbo.apache.org/faq/1/4 to find instructions. 
2025-08-27 10:00:43 INFO  [main] o.a.d.r.zookeeper.ZookeeperRegistry [,] -  [DUBBO] Notify urls for subscribe url consumer://10.2.36.61/com.example.common_service.services.customer.CustomerCommonService?application=customer_service&background=false&category=providers,configurators,routers&dubbo=2.0.2&dubbo.mapping.cache.file=C:/Users/thienvy/.dubbo/customer-service-cache&executor-management-mode=isolation&file-cache=true&interface=com.example.common_service.services.customer.CustomerCommonService&metadata-type=remote&methods=createPaymentInit,getAccountsByCifCode,getAllPaymentAccountsbyUserId&pid=24468&qos.enable=true&qos.port=33333&release=3.3.2&serialize.check.status=DISABLE&side=consumer&sticky=false&timeout=5000&timestamp=1756263643871&unloadClusterRelated=false, url size: 3, dubbo version: 3.3.2, current host: 10.2.36.61
2025-08-27 10:00:43 INFO  [main] o.a.d.r.i.RegistryDirectory [,] -  [DUBBO] Received invokers changed event from registry. Registry type: interface. Service Key: com.example.common_service.services.customer.CustomerCommonService. Urls Size : 1. Invokers Size : 0. Available Size: 0. Available Invokers : empty, dubbo version: 3.3.2, current host: 10.2.36.61
2025-08-27 10:00:43 INFO  [main] o.a.d.r.c.ServiceDiscoveryRegistry [,] -  [DUBBO] Loaded registry cache file /home/phuc-khang/.dubbo/dubbo-registry-customer_service-localhost-2181.cache, dubbo version: 3.3.2, current host: 10.2.36.61
2025-08-27 10:00:43 INFO  [main] o.a.d.r.c.ServiceDiscoveryRegistry [,] -  [DUBBO] Trying to subscribe from apps account-service for service key com.example.common_service.services.customer.CustomerCommonService, , dubbo version: 3.3.2, current host: 10.2.36.61
2025-08-27 10:00:43 INFO  [Dubbo-framework-mapping-refreshing-scheduler-thread-1] o.a.d.r.c.ServiceDiscoveryRegistry$DefaultMappingListener [,] -  [DUBBO] Received mapping notification from meta server, {serviceKey: com.example.common_service.services.customer.CustomerCommonService, apps: [account-service]}, dubbo version: 3.3.2, current host: 10.2.36.61
2025-08-27 10:00:43 INFO  [main-EventThread] o.a.d.r.c.ServiceDiscoveryRegistry$DefaultMappingListener [,] -  [DUBBO] Received mapping notification from meta server, {serviceKey: com.example.common_service.services.customer.CustomerCommonService, apps: [account-service]}, dubbo version: 3.3.2, current host: 10.2.36.61
2025-08-27 10:00:43 INFO  [main] o.apache.curator.utils.Compatibility [,] - Using org.apache.zookeeper.server.quorum.MultipleAddresses
2025-08-27 10:00:44 INFO  [main] o.a.d.r.c.e.l.ServiceInstancesChangedListener [,] -  [DUBBO] Received instance notification, serviceName: account-service, instances: 0, dubbo version: 3.3.2, current host: 10.2.36.61
2025-08-27 10:00:44 INFO  [main] o.a.d.r.c.e.l.ServiceInstancesChangedListener [,] -  [DUBBO] 0 unique working revisions: , dubbo version: 3.3.2, current host: 10.2.36.61
2025-08-27 10:00:44 INFO  [main] o.a.d.r.c.e.l.ServiceInstancesChangedListener [,] -  [DUBBO] Notify service com.example.common_service.services.customer.CustomerCommonService:null with urls 1, dubbo version: 3.3.2, current host: 10.2.36.61
2025-08-27 10:00:44 WARN  [main] o.a.d.r.c.ServiceDiscoveryRegistryDirectory [,] -  [DUBBO] Received url with EMPTY protocol from registry ServiceDiscoveryRegistryDirectory(registry: localhost:2181, subscribed key: [account-service])-Directory(invokers: 0[], validInvokers: 0[], invokersToReconnect: 0[]), will clear all available addresses., dubbo version: 3.3.2, current host: 10.2.36.61, error code: 4-1. This may be caused by , go to https://dubbo.apache.org/faq/4/1 to find instructions. 
2025-08-27 10:00:44 INFO  [main] o.a.d.r.c.ServiceDiscoveryRegistryDirectory [,] -  [DUBBO] Received invokers changed event from registry. Registry type: instance. Service Key: com.example.common_service.services.customer.CustomerCommonService. Urls Size : 1. Invokers Size : 0. Available Size: 0. Available Invokers : empty, dubbo version: 3.3.2, current host: 10.2.36.61
2025-08-27 10:00:44 INFO  [main] o.a.d.r.c.m.DefaultMigrationAddressComparator [,] -  [DUBBO] No instance address available, stop compare., dubbo version: 3.3.2, current host: 10.2.36.61
2025-08-27 10:00:44 INFO  [main] o.a.d.r.c.m.MigrationRuleHandler [,] -  [DUBBO] Succeed Migrated to APPLICATION_FIRST mode. Service Name: com.example.common_service.services.customer.CustomerCommonService, dubbo version: 3.3.2, current host: 10.2.36.61
2025-08-27 10:00:44 INFO  [main] o.a.dubbo.config.ReferenceConfig [,] -  [DUBBO] Referred dubbo service: [com.example.common_service.services.customer.CustomerCommonService]. it's not GenericService reference, dubbo version: 3.3.2, current host: 10.2.36.61
2025-08-27 10:00:44 INFO  [DubboSaveMetadataReport-thread-1] o.a.d.m.s.z.ZookeeperMetadataReport [,] -  [DUBBO] store consumer metadata. Identifier : MetadataIdentifier{application='customer_service', serviceInterface='com.example.common_service.services.customer.CustomerCommonService', version='', group='', side='consumer'}; definition: {application=customer_service, interface=com.example.common_service.services.customer.CustomerCommonService, dubbo=2.0.2, side=consumer, release=3.3.2, pid=24468, metadata-type=remote, executor-management-mode=isolation, file-cache=true, register.ip=10.2.36.61, methods=createPaymentInit,getAccountsByCifCode,getAllPaymentAccountsbyUserId, qos.port=33333, dubbo.mapping.cache.file=C:/Users/thienvy/.dubbo/customer-service-cache, qos.enable=true, timeout=5000, unloadClusterRelated=false, serialize.check.status=DISABLE, background=false, sticky=false, timestamp=1756263643871}, dubbo version: 3.3.2, current host: 10.2.36.61
2025-08-27 10:00:44 INFO  [main] o.a.d.c.deploy.DefaultModuleDeployer [,] -  [DUBBO] Dubbo Module[1.1.1] has started., dubbo version: 3.3.2, current host: 10.2.36.61
2025-08-27 10:00:44 INFO  [main] o.a.d.c.d.DefaultMetricsServiceExporter [,] -  [DUBBO] The MetricsConfig not exist, will not export metrics service., dubbo version: 3.3.2, current host: 10.2.36.61
2025-08-27 10:00:44 INFO  [main] o.a.d.r.c.m.ServiceInstanceMetadataUtils [,] -  [DUBBO] Start registering instance address to registry., dubbo version: 3.3.2, current host: 10.2.36.61
2025-08-27 10:00:44 INFO  [main] o.a.d.c.d.DefaultApplicationDeployer [,] -  [DUBBO] Dubbo Application[1.1](customer_service) is ready., dubbo version: 3.3.2, current host: 10.2.36.61
2025-08-27 10:00:44 INFO  [main] o.a.d.r.integration.RegistryProtocol [,] -  [DUBBO] Registered dubbo service com.example.common_service.services.CommonService url dubbo://10.2.36.61:20889/com.example.common_service.services.CommonService?application=customer_service&deprecated=false&dubbo=2.0.2&dubbo.mapping.cache.file=C:/Users/thienvy/.dubbo/customer-service-cache&dynamic=true&generic=false&interface=com.example.common_service.services.CommonService&metadata-type=remote&methods=checkCustomer,getCurrentCustomer,getCurrentCustomer2,getCustomerByCifCode&prefer.serialization=hessian2,fastjson2&release=3.3.2&serialize.check.status=DISABLE&service-name-mapping=true&side=provider&timestamp=1756263643563 to registry service-discovery-registry://localhost:2181/org.apache.dubbo.registry.RegistryService?REGISTRY_CLUSTER=default&application=customer_service&dubbo=2.0.2&dubbo.mapping.cache.file=C:/Users/thienvy/.dubbo/customer-service-cache&executor-management-mode=isolation&file-cache=true&metadata-type=remote&pid=24468&qos.enable=true&qos.port=33333&register=false&registry=zookeeper&release=3.3.2&serialize.check.status=DISABLE&timestamp=1756263643441, dubbo version: 3.3.2, current host: 10.2.36.61
2025-08-27 10:00:44 INFO  [main] o.a.d.r.zookeeper.ZookeeperRegistry [,] -  [DUBBO] Register: dubbo://10.2.36.61:20889/com.example.common_service.services.CommonService?application=customer_service&deprecated=false&dubbo=2.0.2&dubbo.mapping.cache.file=C:/Users/thienvy/.dubbo/customer-service-cache&dynamic=true&generic=false&interface=com.example.common_service.services.CommonService&metadata-type=remote&methods=checkCustomer,getCurrentCustomer,getCurrentCustomer2,getCustomerByCifCode&prefer.serialization=hessian2,fastjson2&release=3.3.2&serialize.check.status=DISABLE&service-name-mapping=true&side=provider&timestamp=1756263643563, dubbo version: 3.3.2, current host: 10.2.36.61
2025-08-27 10:00:44 INFO  [main] o.a.d.r.integration.RegistryProtocol [,] -  [DUBBO] Registered dubbo service com.example.common_service.services.CommonService url dubbo://10.2.36.61:20889/com.example.common_service.services.CommonService?application=customer_service&deprecated=false&dubbo=2.0.2&dubbo.mapping.cache.file=C:/Users/thienvy/.dubbo/customer-service-cache&dynamic=true&generic=false&interface=com.example.common_service.services.CommonService&metadata-type=remote&methods=checkCustomer,getCurrentCustomer,getCurrentCustomer2,getCustomerByCifCode&prefer.serialization=hessian2,fastjson2&release=3.3.2&serialize.check.status=DISABLE&service-name-mapping=true&side=provider&timestamp=1756263643563 to registry zookeeper://localhost:2181/org.apache.dubbo.registry.RegistryService?REGISTRY_CLUSTER=default&application=customer_service&dubbo=2.0.2&dubbo.mapping.cache.file=C:/Users/thienvy/.dubbo/customer-service-cache&executor-management-mode=isolation&file-cache=true&metadata-type=remote&pid=24468&qos.enable=true&qos.port=33333&register=false&release=3.3.2&serialize.check.status=DISABLE&timestamp=1756263643441, dubbo version: 3.3.2, current host: 10.2.36.61
2025-08-27 10:00:44 INFO  [main] o.a.d.r.integration.RegistryProtocol [,] -  [DUBBO] Registered dubbo service com.example.common_service.services.customer.CustomerQueryService url dubbo://10.2.36.61:20889/com.example.common_service.services.customer.CustomerQueryService?application=customer_service&deprecated=false&dubbo=2.0.2&dubbo.mapping.cache.file=C:/Users/thienvy/.dubbo/customer-service-cache&dynamic=true&generic=false&interface=com.example.common_service.services.customer.CustomerQueryService&metadata-type=remote&methods=getCurrentCustomer,getCustomerByCifCode,getCustomerById,getCustomerByUserId&prefer.serialization=hessian2,fastjson2&release=3.3.2&serialize.check.status=DISABLE&service-name-mapping=true&side=provider&timestamp=1756263643840 to registry service-discovery-registry://localhost:2181/org.apache.dubbo.registry.RegistryService?REGISTRY_CLUSTER=default&application=customer_service&dubbo=2.0.2&dubbo.mapping.cache.file=C:/Users/thienvy/.dubbo/customer-service-cache&executor-management-mode=isolation&file-cache=true&metadata-type=remote&pid=24468&qos.enable=true&qos.port=33333&register=false&registry=zookeeper&release=3.3.2&serialize.check.status=DISABLE&timestamp=1756263643840, dubbo version: 3.3.2, current host: 10.2.36.61
2025-08-27 10:00:44 INFO  [main] o.a.d.r.zookeeper.ZookeeperRegistry [,] -  [DUBBO] Register: dubbo://10.2.36.61:20889/com.example.common_service.services.customer.CustomerQueryService?application=customer_service&deprecated=false&dubbo=2.0.2&dubbo.mapping.cache.file=C:/Users/thienvy/.dubbo/customer-service-cache&dynamic=true&generic=false&interface=com.example.common_service.services.customer.CustomerQueryService&metadata-type=remote&methods=getCurrentCustomer,getCustomerByCifCode,getCustomerById,getCustomerByUserId&prefer.serialization=hessian2,fastjson2&release=3.3.2&serialize.check.status=DISABLE&service-name-mapping=true&side=provider&timestamp=1756263643840, dubbo version: 3.3.2, current host: 10.2.36.61
2025-08-27 10:00:44 INFO  [main] o.a.d.r.integration.RegistryProtocol [,] -  [DUBBO] Registered dubbo service com.example.common_service.services.customer.CustomerQueryService url dubbo://10.2.36.61:20889/com.example.common_service.services.customer.CustomerQueryService?application=customer_service&deprecated=false&dubbo=2.0.2&dubbo.mapping.cache.file=C:/Users/thienvy/.dubbo/customer-service-cache&dynamic=true&generic=false&interface=com.example.common_service.services.customer.CustomerQueryService&metadata-type=remote&methods=getCurrentCustomer,getCustomerByCifCode,getCustomerById,getCustomerByUserId&prefer.serialization=hessian2,fastjson2&release=3.3.2&serialize.check.status=DISABLE&service-name-mapping=true&side=provider&timestamp=1756263643840 to registry zookeeper://localhost:2181/org.apache.dubbo.registry.RegistryService?REGISTRY_CLUSTER=default&application=customer_service&dubbo=2.0.2&dubbo.mapping.cache.file=C:/Users/thienvy/.dubbo/customer-service-cache&executor-management-mode=isolation&file-cache=true&metadata-type=remote&pid=24468&qos.enable=true&qos.port=33333&register=false&release=3.3.2&serialize.check.status=DISABLE&timestamp=1756263643840, dubbo version: 3.3.2, current host: 10.2.36.61
2025-08-27 10:00:44 INFO  [main] o.apache.dubbo.metadata.MetadataInfo [,] -  [DUBBO] metadata revision changed: null -> 9d7fb009214eac8d0eafb645c63839db, app: customer_service, services: 2, dubbo version: 3.3.2, current host: 10.2.36.61
2025-08-27 10:00:44 INFO  [NettyServerWorker-7-1] o.a.d.r.t.netty4.NettyServerHandler [,] -  [DUBBO] The connection [id: 0x803c83aa, L:/10.2.36.61:20889 - R:/10.2.36.61:36150] of 10.2.36.61:36150 -> 10.2.36.61:20889 is established., dubbo version: 3.3.2, current host: 10.2.36.61
2025-08-27 10:00:45 INFO  [NettyServerWorker-7-2] o.a.d.r.t.netty4.NettyServerHandler [,] -  [DUBBO] The connection [id: 0x2c041652, L:/10.2.36.61:20889 - R:/10.2.36.61:36156] of 10.2.36.61:36156 -> 10.2.36.61:20889 is established., dubbo version: 3.3.2, current host: 10.2.36.61
2025-08-27 10:00:45 INFO  [main-EventThread] o.a.d.r.zookeeper.ZookeeperRegistry [,] -  [DUBBO] Notify urls for subscribe url consumer://10.2.36.61/com.example.common_service.services.customer.CustomerCommonService?application=customer_service&background=false&category=providers,configurators,routers&dubbo=2.0.2&dubbo.mapping.cache.file=C:/Users/thienvy/.dubbo/customer-service-cache&executor-management-mode=isolation&file-cache=true&interface=com.example.common_service.services.customer.CustomerCommonService&metadata-type=remote&methods=createPaymentInit,getAccountsByCifCode,getAllPaymentAccountsbyUserId&pid=24468&qos.enable=true&qos.port=33333&release=3.3.2&serialize.check.status=DISABLE&side=consumer&sticky=false&timeout=5000&timestamp=1756263643871&unloadClusterRelated=false, url size: 1, dubbo version: 3.3.2, current host: 10.2.36.61
2025-08-27 10:00:45 INFO  [main-EventThread] o.a.d.r.transport.AbstractClient [,] -  [DUBBO] Successfully connect to server /10.2.36.61:20882 from NettyClient 10.2.36.61 using dubbo version 3.3.2, channel is NettyChannel [channel=[id: 0xfac45fc0, L:/10.2.36.61:46798 - R:/10.2.36.61:20882]], dubbo version: 3.3.2, current host: 10.2.36.61
2025-08-27 10:00:45 INFO  [main-EventThread] o.a.d.r.transport.AbstractClient [,] -  [DUBBO] Start NettyClient /10.2.36.61 connect to the server /10.2.36.61:20882, dubbo version: 3.3.2, current host: 10.2.36.61
2025-08-27 10:00:45 INFO  [NettyClientWorker-8-1] o.a.d.r.t.netty4.NettyClientHandler [,] -  [DUBBO] The connection [id: 0xfac45fc0, L:/10.2.36.61:46798 - R:/10.2.36.61:20882] of 10.2.36.61:46798 -> 10.2.36.61:20882 is established., dubbo version: 3.3.2, current host: 10.2.36.61
2025-08-27 10:00:45 INFO  [main-EventThread] o.a.d.r.c.m.DefaultMigrationAddressComparator [,] -  [DUBBO] No instance address available, stop compare., dubbo version: 3.3.2, current host: 10.2.36.61
2025-08-27 10:00:45 INFO  [main-EventThread] o.a.d.r.i.RegistryDirectory [,] -  [DUBBO] Received invokers changed event from registry. Registry type: interface. Service Key: com.example.common_service.services.customer.CustomerCommonService. Urls Size : 1. Invokers Size : 1. Available Size: 1. Available Invokers : 10.2.36.61:20882, dubbo version: 3.3.2, current host: 10.2.36.61
2025-08-27 10:00:45 WARN  [main] o.a.dubbo.config.ReferenceConfig [,] -  [DUBBO] Check reference of [com.example.common_service.services.customer.CustomerCommonService] failed very beginning. After 1201ms reties, finally succeed., dubbo version: 3.3.2, current host: 10.2.36.61, error code: 1-4. This may be caused by , go to https://dubbo.apache.org/faq/1/4 to find instructions. 
2025-08-27 10:00:45 INFO  [main] o.a.d.c.deploy.DefaultModuleDeployer [,] -  [DUBBO] Dubbo Module[1.1.1] has completed., dubbo version: 3.3.2, current host: 10.2.36.61
2025-08-27 10:00:45 INFO  [main] o.a.d.c.d.DefaultApplicationDeployer [,] -  [DUBBO] Dubbo Application[1.1](customer_service) has completed., dubbo version: 3.3.2, current host: 10.2.36.61
2025-08-27 10:00:45 INFO  [main] c.e.c.CustomerServiceApplication [,] - Started CustomerServiceApplication in 16.117 seconds (process running for 16.487)
2025-08-27 10:00:45 INFO  [Dubbo-framework-SD-address-refresh-0-thread-1] o.a.d.r.c.e.l.ServiceInstancesChangedListener [,] -  [DUBBO] Received instance notification, serviceName: account-service, instances: 1, dubbo version: 3.3.2, current host: 10.2.36.61
2025-08-27 10:00:45 INFO  [Dubbo-framework-SD-address-refresh-0-thread-1] o.a.d.r.c.e.l.ServiceInstancesChangedListener [,] -  [DUBBO] 1 unique working revisions: 3eaef69bf7f883cb4179b2bb9ce21678 , dubbo version: 3.3.2, current host: 10.2.36.61
2025-08-27 10:00:45 INFO  [Dubbo-framework-SD-address-refresh-0-thread-1] o.a.d.r.c.e.l.ServiceInstancesChangedListener [,] -  [DUBBO] Notify service com.example.common_service.services.customer.CustomerCommonService:null with urls 1, dubbo version: 3.3.2, current host: 10.2.36.61
2025-08-27 10:00:45 INFO  [Dubbo-framework-SD-address-refresh-0-thread-1] o.a.d.r.c.ServiceDiscoveryRegistryDirectory [,] -  [DUBBO] Refreshed invoker size 1 from registry ServiceDiscoveryRegistryDirectory(registry: localhost:2181, subscribed key: [account-service])-Directory(invokers: 0[], validInvokers: 0[], invokersToReconnect: 0[]), dubbo version: 3.3.2, current host: 10.2.36.61
2025-08-27 10:00:45 INFO  [Dubbo-framework-SD-address-refresh-0-thread-1] o.a.d.r.c.m.DefaultMigrationAddressComparator [,] -  [DUBBO] serviceKey:com.example.common_service.services.customer.CustomerCommonService Instance address size 1, interface address size 1, threshold 0.0, dubbo version: 3.3.2, current host: 10.2.36.61
2025-08-27 10:00:45 INFO  [Dubbo-framework-SD-address-refresh-0-thread-1] o.a.d.r.c.ServiceDiscoveryRegistryDirectory [,] -  [DUBBO] Received invokers changed event from registry. Registry type: instance. Service Key: com.example.common_service.services.customer.CustomerCommonService. Urls Size : 1. Invokers Size : 1. Available Size: 1. Available Invokers : 10.2.36.61:20882, dubbo version: 3.3.2, current host: 10.2.36.61
2025-08-27 10:01:39 WARN  [metrics-collector-sync-job-thread-1] i.m.core.instrument.MeterRegistry [,] - This FunctionCounter has been already registered (MeterId{name='dubbo.application.info.total', tags=[tag(application.module.id=1.1),tag(application.name=customer_service),tag(application.version=3.3.2),tag(git.commit.id=3438707d452468e04ebadfccb7314cfedd389c32),tag(hostname=phuc-khang-HP-Pro-Tower-280-G9-E-PCI-Desktop-PC),tag(ip=10.2.36.61)]}), the registration will be ignored. Note that subsequent logs will be logged at debug level.
2025-08-27 17:19:02 WARN  [main-SendThread(localhost:2181)] org.apache.zookeeper.ClientCnxn [,] - Session 0x10000039f50000b for server localhost/127.0.0.1:2181, Closing socket connection. Attempting reconnect except it is a SessionExpiredException.
org.apache.zookeeper.ClientCnxn$EndOfStreamException: Unable to read additional data from server sessionid 0x10000039f50000b, likely server has closed socket
	at org.apache.zookeeper.ClientCnxnSocketNIO.doIO(ClientCnxnSocketNIO.java:77)
	at org.apache.zookeeper.ClientCnxnSocketNIO.doTransport(ClientCnxnSocketNIO.java:350)
	at org.apache.zookeeper.ClientCnxn$SendThread.run(ClientCnxn.java:1283)
2025-08-27 17:19:02 WARN  [main-SendThread(localhost:2181)] org.apache.zookeeper.ClientCnxn [,] - Session 0x10000039f500009 for server localhost/127.0.0.1:2181, Closing socket connection. Attempting reconnect except it is a SessionExpiredException.
org.apache.zookeeper.ClientCnxn$EndOfStreamException: Unable to read additional data from server sessionid 0x10000039f500009, likely server has closed socket
	at org.apache.zookeeper.ClientCnxnSocketNIO.doIO(ClientCnxnSocketNIO.java:77)
	at org.apache.zookeeper.ClientCnxnSocketNIO.doTransport(ClientCnxnSocketNIO.java:350)
	at org.apache.zookeeper.ClientCnxn$SendThread.run(ClientCnxn.java:1283)
2025-08-27 17:19:03 INFO  [main-EventThread] o.a.c.f.state.ConnectionStateManager [,] - State change: SUSPENDED
2025-08-27 17:19:03 INFO  [main-EventThread] o.a.c.f.state.ConnectionStateManager [,] - State change: SUSPENDED
2025-08-27 17:19:03 WARN  [Curator-ConnectionStateManager-0] o.a.d.r.z.c.Curator5ZookeeperClient [,] -  [DUBBO] Curator zookeeper connection of session 10000039f500009 timed out. connection timeout value is 30000, session expire timeout value is 60000, dubbo version: 3.3.2, current host: 10.2.36.61, error code: 1-35. This may be caused by , go to https://dubbo.apache.org/faq/1/35 to find instructions. 
2025-08-27 17:19:03 INFO  [DubboShutdownHook] o.a.dubbo.config.DubboShutdownHook [,] -  [DUBBO] Run shutdown hook now., dubbo version: 3.3.2, current host: 10.2.36.61
2025-08-27 17:19:03 INFO  [SpringContextShutdownHook] o.a.d.c.deploy.DefaultModuleDeployer [,] -  [DUBBO] Dubbo Module[1.1.1] is stopping., dubbo version: 3.3.2, current host: 10.2.36.61
2025-08-27 17:19:03 INFO  [SpringContextShutdownHook] o.a.d.c.d.DefaultApplicationDeployer [,] -  [DUBBO] Dubbo Application[1.1](customer_service) has completed., dubbo version: 3.3.2, current host: 10.2.36.61
2025-08-27 17:19:03 INFO  [SpringContextShutdownHook] o.a.d.r.zookeeper.ZookeeperRegistry [,] -  [DUBBO] Unregister: dubbo://10.2.36.61:20889/com.example.common_service.services.CommonService?application=customer_service&deprecated=false&dubbo=2.0.2&dubbo.mapping.cache.file=C:/Users/thienvy/.dubbo/customer-service-cache&dynamic=true&generic=false&interface=com.example.common_service.services.CommonService&metadata-type=remote&methods=checkCustomer,getCurrentCustomer,getCurrentCustomer2,getCustomerByCifCode&prefer.serialization=hessian2,fastjson2&release=3.3.2&serialize.check.status=DISABLE&service-name-mapping=true&side=provider&timestamp=1756263643563, dubbo version: 3.3.2, current host: 10.2.36.61
2025-08-27 17:19:03 INFO  [DubboShutdownHook] o.a.dubbo.config.DubboShutdownHook [,] -  [DUBBO] Dubbo shutdown hooks execute now. Dubbo Application[1.1](customer_service), dubbo version: 3.3.2, current host: 10.2.36.61
2025-08-27 17:19:03 INFO  [DubboClientHandler-thread-2] o.a.d.r.e.s.h.HeaderExchangeHandler [,] -  [DUBBO] ChannelReadOnly set true for channel: NettyChannel [channel=[id: 0xfac45fc0, L:/10.2.36.61:46798 - R:/10.2.36.61:20882]], dubbo version: 3.3.2, current host: 10.2.36.61
2025-08-27 17:19:04 INFO  [Dubbo-framework-shared-scheduler-thread-4] o.apache.dubbo.metadata.MetadataInfo [,] -  [DUBBO] metadata revision changed: 9d7fb009214eac8d0eafb645c63839db -> 14fe4c4132b0ce65649629de086add92, app: customer_service, services: 1, dubbo version: 3.3.2, current host: 10.2.36.61
2025-08-27 17:19:04 INFO  [Dubbo-framework-shared-scheduler-thread-4] o.a.d.r.c.AbstractServiceDiscovery [,] -  [DUBBO] Metadata of instance changed, updating instance with revision 14fe4c4132b0ce65649629de086add92., dubbo version: 3.3.2, current host: 10.2.36.61
2025-08-27 17:19:04 INFO  [main-SendThread(localhost:2181)] org.apache.zookeeper.ClientCnxn [,] - Opening socket connection to server localhost/127.0.0.1:2181.
2025-08-27 17:19:04 INFO  [main-SendThread(localhost:2181)] org.apache.zookeeper.ClientCnxn [,] - SASL config status: Will not attempt to authenticate using SASL (unknown error)
2025-08-27 17:19:04 WARN  [main-SendThread(localhost:2181)] org.apache.zookeeper.ClientCnxn [,] - Session 0x10000039f50000b for server localhost/127.0.0.1:2181, Closing socket connection. Attempting reconnect except it is a SessionExpiredException.
java.net.ConnectException: Connection refused
	at java.base/sun.nio.ch.Net.pollConnect(Native Method)
	at java.base/sun.nio.ch.Net.pollConnectNow(Net.java:672)
	at java.base/sun.nio.ch.SocketChannelImpl.finishConnect(SocketChannelImpl.java:946)
	at org.apache.zookeeper.ClientCnxnSocketNIO.doTransport(ClientCnxnSocketNIO.java:344)
	at org.apache.zookeeper.ClientCnxn$SendThread.run(ClientCnxn.java:1283)
2025-08-27 17:19:04 INFO  [main-SendThread(localhost:2181)] org.apache.zookeeper.ClientCnxn [,] - Opening socket connection to server localhost/127.0.0.1:2181.
2025-08-27 17:19:04 INFO  [main-SendThread(localhost:2181)] org.apache.zookeeper.ClientCnxn [,] - SASL config status: Will not attempt to authenticate using SASL (unknown error)
2025-08-27 17:19:04 WARN  [main-SendThread(localhost:2181)] org.apache.zookeeper.ClientCnxn [,] - Session 0x10000039f500009 for server localhost/127.0.0.1:2181, Closing socket connection. Attempting reconnect except it is a SessionExpiredException.
java.net.ConnectException: Connection refused
	at java.base/sun.nio.ch.Net.pollConnect(Native Method)
	at java.base/sun.nio.ch.Net.pollConnectNow(Net.java:672)
	at java.base/sun.nio.ch.SocketChannelImpl.finishConnect(SocketChannelImpl.java:946)
	at org.apache.zookeeper.ClientCnxnSocketNIO.doTransport(ClientCnxnSocketNIO.java:344)
	at org.apache.zookeeper.ClientCnxn$SendThread.run(ClientCnxn.java:1283)
2025-08-27 17:19:05 INFO  [main-SendThread(localhost:2181)] org.apache.zookeeper.ClientCnxn [,] - Opening socket connection to server localhost/127.0.0.1:2181.
2025-08-27 17:19:05 INFO  [main-SendThread(localhost:2181)] org.apache.zookeeper.ClientCnxn [,] - SASL config status: Will not attempt to authenticate using SASL (unknown error)
2025-08-27 17:19:05 WARN  [main-SendThread(localhost:2181)] org.apache.zookeeper.ClientCnxn [,] - Session 0x10000039f50000b for server localhost/127.0.0.1:2181, Closing socket connection. Attempting reconnect except it is a SessionExpiredException.
java.net.ConnectException: Connection refused
	at java.base/sun.nio.ch.Net.pollConnect(Native Method)
	at java.base/sun.nio.ch.Net.pollConnectNow(Net.java:672)
	at java.base/sun.nio.ch.SocketChannelImpl.finishConnect(SocketChannelImpl.java:946)
	at org.apache.zookeeper.ClientCnxnSocketNIO.doTransport(ClientCnxnSocketNIO.java:344)
	at org.apache.zookeeper.ClientCnxn$SendThread.run(ClientCnxn.java:1283)
2025-08-27 17:19:06 INFO  [main-SendThread(localhost:2181)] org.apache.zookeeper.ClientCnxn [,] - Opening socket connection to server localhost/127.0.0.1:2181.
2025-08-27 17:19:06 INFO  [main-SendThread(localhost:2181)] org.apache.zookeeper.ClientCnxn [,] - SASL config status: Will not attempt to authenticate using SASL (unknown error)
2025-08-27 17:19:06 WARN  [main-SendThread(localhost:2181)] org.apache.zookeeper.ClientCnxn [,] - Session 0x10000039f500009 for server localhost/127.0.0.1:2181, Closing socket connection. Attempting reconnect except it is a SessionExpiredException.
java.net.ConnectException: Connection refused
	at java.base/sun.nio.ch.Net.pollConnect(Native Method)
	at java.base/sun.nio.ch.Net.pollConnectNow(Net.java:672)
	at java.base/sun.nio.ch.SocketChannelImpl.finishConnect(SocketChannelImpl.java:946)
	at org.apache.zookeeper.ClientCnxnSocketNIO.doTransport(ClientCnxnSocketNIO.java:344)
	at org.apache.zookeeper.ClientCnxn$SendThread.run(ClientCnxn.java:1283)
2025-08-27 17:19:06 INFO  [main-SendThread(localhost:2181)] org.apache.zookeeper.ClientCnxn [,] - Opening socket connection to server localhost/127.0.0.1:2181.
2025-08-27 17:19:06 INFO  [main-SendThread(localhost:2181)] org.apache.zookeeper.ClientCnxn [,] - SASL config status: Will not attempt to authenticate using SASL (unknown error)
2025-08-27 17:19:06 WARN  [main-SendThread(localhost:2181)] org.apache.zookeeper.ClientCnxn [,] - Session 0x10000039f50000b for server localhost/127.0.0.1:2181, Closing socket connection. Attempting reconnect except it is a SessionExpiredException.
java.net.ConnectException: Connection refused
	at java.base/sun.nio.ch.Net.pollConnect(Native Method)
	at java.base/sun.nio.ch.Net.pollConnectNow(Net.java:672)
	at java.base/sun.nio.ch.SocketChannelImpl.finishConnect(SocketChannelImpl.java:946)
	at org.apache.zookeeper.ClientCnxnSocketNIO.doTransport(ClientCnxnSocketNIO.java:344)
	at org.apache.zookeeper.ClientCnxn$SendThread.run(ClientCnxn.java:1283)
2025-08-27 17:19:08 INFO  [main-SendThread(localhost:2181)] org.apache.zookeeper.ClientCnxn [,] - Opening socket connection to server localhost/127.0.0.1:2181.
2025-08-27 17:19:08 INFO  [main-SendThread(localhost:2181)] org.apache.zookeeper.ClientCnxn [,] - SASL config status: Will not attempt to authenticate using SASL (unknown error)
2025-08-27 17:19:08 WARN  [main-SendThread(localhost:2181)] org.apache.zookeeper.ClientCnxn [,] - Session 0x10000039f500009 for server localhost/127.0.0.1:2181, Closing socket connection. Attempting reconnect except it is a SessionExpiredException.
java.net.ConnectException: Connection refused
	at java.base/sun.nio.ch.Net.pollConnect(Native Method)
	at java.base/sun.nio.ch.Net.pollConnectNow(Net.java:672)
	at java.base/sun.nio.ch.SocketChannelImpl.finishConnect(SocketChannelImpl.java:946)
	at org.apache.zookeeper.ClientCnxnSocketNIO.doTransport(ClientCnxnSocketNIO.java:344)
	at org.apache.zookeeper.ClientCnxn$SendThread.run(ClientCnxn.java:1283)
